datetime,load,temp,feels_like,pressure,humidity,wind_speed,wind_deg,rain,snow,clouds,public_holiday
2022-10-06 00:15:00,7879,14.3375,13.8925,1022.25,79,6.3025,250,0,0,15,0
2022-10-06 00:30:00,7887,14.085,13.615,1022.5,79,5.915,250,0,0,10,0
2022-10-06 00:45:00,7745,13.8325,13.3375,1022.75,79,5.5275,250,0,0,5,0
2022-10-06 01:00:00,7912,13.58,13.06,1023,79,5.14,250,0,0,0,0
2022-10-06 01:15:00,7746,13.375,12.815,1023.25,78.25,5.27,250,0,0,0,0
2022-10-06 01:30:00,7749,13.17,12.57,1023.5,77.5,5.4,250,0,0,0,0
2022-10-06 01:45:00,7701,12.965,12.325,1023.75,76.75,5.53,250,0,0,0,0
2022-10-06 02:00:00,7715,12.76,12.08,1024,76,5.66,250,0,0,0,0
2022-10-06 02:15:00,7573,12.5975,11.9075,1024.25,76.25,5.66,250,0,0,0,0
2022-10-06 02:30:00,7549,12.435,11.735,1024.5,76.5,5.66,250,0,0,0,0
2022-10-06 02:45:00,7658,12.2725,11.5625,1024.75,76.75,5.66,250,0,0,0,0
2022-10-06 03:00:00,7794,12.11,11.39,1025,77,5.66,250,0,0,0,0
2022-10-06 03:15:00,7793,11.955,11.225,1025.25,77.25,5.53,247.5,0,0,0,0
2022-10-06 03:30:00,8015,11.8,11.06,1025.5,77.5,5.4,245,0,0,0,0
2022-10-06 03:45:00,7979,11.645,10.895,1025.75,77.75,5.27,242.5,0,0,0,0
2022-10-06 04:00:00,8153,11.49,10.73,1026,78,5.14,240,0,0,0,0
2022-10-06 04:15:00,8266,11.3075,10.55,1026,78.75,5.0125,240,0,0,0,0
2022-10-06 04:30:00,8135,11.125,10.37,1026,79.5,4.885,240,0,0,0,0
2022-10-06 04:45:00,8287,10.9425,10.19,1026,80.25,4.7575,240,0,0,0,0
2022-10-06 05:00:00,8513,10.76,10.01,1026,81,4.63,240,0,0,0,0
2022-10-06 05:15:00,8824,10.67,9.9225,1026.25,81.5,4.5025,240,0,0,0,0
2022-10-06 05:30:00,9130,10.58,9.835,1026.5,82,4.375,240,0,0,0,0
2022-10-06 05:45:00,9273,10.49,9.7475,1026.75,82.5,4.2475,240,0,0,0,0
2022-10-06 06:00:00,9571,10.4,9.66,1027,83,4.12,240,0,0,0,0
2022-10-06 06:15:00,9743,10.2225,9.1375,1027.25,83.5,4.12,240,0,0,0,0
2022-10-06 06:30:00,9926,10.045,8.615,1027.5,84,4.12,240,0,0,0,0
2022-10-06 06:45:00,9913,9.8675,8.0925,1027.75,84.5,4.12,240,0,0,0,0
2022-10-06 07:00:00,9864,9.69,7.57,1028,85,4.12,240,0,0,0,0
2022-10-06 07:15:00,10014,9.875,8.12,1028.25,85.25,3.99,235,0,0,0,0
2022-10-06 07:30:00,9983,10.06,8.67,1028.5,85.5,3.86,230,0,0,0,0
2022-10-06 07:45:00,10043,10.245,9.22,1028.75,85.75,3.73,225,0,0,0,0
2022-10-06 08:00:00,10055,10.43,9.77,1029,86,3.6,220,0,0,0,0
2022-10-06 08:15:00,10107,10.795,10.14,1029.25,84.75,3.8575,225,0,0,0,0
2022-10-06 08:30:00,10205,11.16,10.51,1029.5,83.5,4.115,230,0,0,0,0
2022-10-06 08:45:00,10283,11.525,10.88,1029.75,82.25,4.3725,235,0,0,0,0
2022-10-06 09:00:00,10175,11.89,11.25,1030,81,4.63,240,0,0,0,0
2022-10-06 09:15:00,10153,12.33,11.6875,1030,79.25,4.5025,242.5,0,0,0,0
2022-10-06 09:30:00,10204,12.77,12.125,1030,77.5,4.375,245,0,0,0,0
2022-10-06 09:45:00,10260,13.21,12.5625,1030,75.75,4.2475,247.5,0,0,0,0
2022-10-06 10:00:00,10187,13.65,13,1030,74,4.12,250,0,0,0,0
2022-10-06 10:15:00,10105,14.0375,13.3625,1030.25,71.5,4.2475,252.5,0,0,0,0
2022-10-06 10:30:00,10112,14.425,13.725,1030.5,69,4.375,255,0,0,0,0
2022-10-06 10:45:00,10252,14.8125,14.0875,1030.75,66.5,4.5025,257.5,0,0,0,0
2022-10-06 11:00:00,10172,15.2,14.45,1031,64,4.63,260,0,0,0,0
2022-10-06 11:15:00,9935,15.3525,14.605,1031,63.5,4.63,262.5,0,0,5,0
2022-10-06 11:30:00,9820,15.505,14.76,1031,63,4.63,265,0,0,10,0
2022-10-06 11:45:00,9990,15.6575,14.915,1031,62.5,4.63,267.5,0,0,15,0
2022-10-06 12:00:00,9963,15.81,15.07,1031,62,4.63,270,0,0,20,0
2022-10-06 12:15:00,9992,15.9525,15.1925,1031,60.75,5.015,270,0,0,20,0
2022-10-06 12:30:00,9813,16.095,15.315,1031,59.5,5.4,270,0,0,20,0
2022-10-06 12:45:00,9821,16.2375,15.4375,1031,58.25,5.785,270,0,0,20,0
2022-10-06 13:00:00,9755,16.38,15.56,1031,57,6.17,270,0,0,20,0
2022-10-06 13:15:00,9618,16.5,15.68,1031,56.5,5.6575,262.5,0,0,20,0
2022-10-06 13:30:00,9763,16.62,15.8,1031,56,5.145,255,0,0,20,0
2022-10-06 13:45:00,9781,16.74,15.92,1031,55.5,4.6325,247.5,0,0,20,0
2022-10-06 14:00:00,9738,16.86,16.04,1031,55,4.12,240,0,0,20,0
2022-10-06 14:15:00,9636,16.9275,16.12,1030.75,55.25,4.505,242.5,0,0,20,0
2022-10-06 14:30:00,9671,16.995,16.2,1030.5,55.5,4.89,245,0,0,20,0
2022-10-06 14:45:00,9586,17.0625,16.28,1030.25,55.75,5.275,247.5,0,0,20,0
2022-10-06 15:00:00,9614,17.13,16.36,1030,56,5.66,250,0,0,20,0
2022-10-06 15:15:00,9715,17.1275,16.3775,1030,56.75,5.4025,247.5,0,0,20,0
2022-10-06 15:30:00,9738,17.125,16.395,1030,57.5,5.145,245,0,0,20,0
2022-10-06 15:45:00,9723,17.1225,16.4125,1030,58.25,4.8875,242.5,0,0,20,0
2022-10-06 16:00:00,9648,17.12,16.43,1030,59,4.63,240,0,0,20,0
2022-10-06 16:15:00,9709,16.9625,16.27,1030,59.5,4.5025,237.5,0,0,20,0
2022-10-06 16:30:00,9813,16.805,16.11,1030,60,4.375,235,0,0,20,0
2022-10-06 16:45:00,9954,16.6475,15.95,1030,60.5,4.2475,232.5,0,0,20,0
2022-10-06 17:00:00,9844,16.49,15.79,1030,61,4.12,230,0,0,20,0
2022-10-06 17:15:00,10075,16.155,15.4475,1030,62,3.7325,230,0,0,20,0
2022-10-06 17:30:00,10139,15.82,15.105,1030,63,3.345,230,0,0,20,0
2022-10-06 17:45:00,10247,15.485,14.7625,1030,64,2.9575,230,0,0,20,0
2022-10-06 18:00:00,10261,15.15,14.42,1030,65,2.57,230,0,0,20,0
2022-10-06 18:15:00,10220,14.4575,13.73,1030,67.75,2.4425,220,0,0,15,0
2022-10-06 18:30:00,10524,13.765,13.04,1030,70.5,2.315,210,0,0,10,0
2022-10-06 18:45:00,10453,13.0725,12.35,1030,73.25,2.1875,200,0,0,5,0
2022-10-06 19:00:00,10306,12.38,11.66,1030,76,2.06,190,0,0,0,0
2022-10-06 19:15:00,10102,12.07,11.3575,1029.75,77.5,2.1875,190,0,0,0,0
2022-10-06 19:30:00,9865,11.76,11.055,1029.5,79,2.315,190,0,0,0,0
2022-10-06 19:45:00,9742,11.45,10.7525,1029.25,80.5,2.4425,190,0,0,0,0
2022-10-06 20:00:00,9624,11.14,10.45,1029,82,2.57,190,0,0,0,0
2022-10-06 20:15:00,9407,11.165,10.49,1029,82.5,2.7,190,0,0,0,0
2022-10-06 20:30:00,9221,11.19,10.53,1029,83,2.83,190,0,0,0,0
2022-10-06 20:45:00,9154,11.215,10.57,1029,83.5,2.96,190,0,0,0,0
2022-10-06 21:00:00,9082,11.24,10.61,1029,84,3.09,190,0,0,0,0
2022-10-06 21:15:00,9109,10.9925,10.345,1029,84.25,3.09,192.5,0,0,0,0
2022-10-06 21:30:00,8913,10.745,10.08,1029,84.5,3.09,195,0,0,0,0
2022-10-06 21:45:00,8902,10.4975,9.815,1029,84.75,3.09,197.5,0,0,0,0
2022-10-06 22:00:00,8721,10.25,9.55,1029,85,3.09,200,0,0,0,0
2022-10-06 22:15:00,8685,9.9875,9.0375,1029,85.75,3.09,197.5,0,0,0,0
2022-10-06 22:30:00,8568,9.725,8.525,1029,86.5,3.09,195,0,0,0,0
2022-10-06 22:45:00,8394,9.4625,8.0125,1029,87.25,3.09,192.5,0,0,0,0
2022-10-06 23:00:00,8404,9.2,7.5,1029,88,3.09,190,0,0,0,0
2022-10-06 23:15:00,8154,9.1725,7.465,1029,88.5,3.09,192.5,0,0,0,0
2022-10-06 23:30:00,8061,9.145,7.43,1029,89,3.09,195,0,0,0,0
2022-10-06 23:45:00,7960,9.1175,7.395,1029,89.5,3.09,197.5,0,0,0,0
2022-10-07 00:00:00,7927,9.09,7.36,1029,90,3.09,200,0,0,0,0
2022-10-07 00:15:00,7706,9.045,7.3075,1028.75,90.25,3.09,197.5,0,0,0,0
2022-10-07 00:30:00,7684,9,7.255,1028.5,90.5,3.09,195,0,0,0,0
2022-10-07 00:45:00,7701,8.955,7.2025,1028.25,90.75,3.09,192.5,0,0,0,0
2022-10-07 01:00:00,7606,8.91,7.15,1028,91,3.09,190,0,0,0,0
2022-10-07 01:15:00,7509,8.855,7.0825,1028,91,3.09,190,0,0,0,0
2022-10-07 01:30:00,7647,8.8,7.015,1028,91,3.09,190,0,0,0,0
2022-10-07 01:45:00,7610,8.745,6.9475,1028,91,3.09,190,0,0,0,0
2022-10-07 02:00:00,7633,8.69,6.88,1028,91,3.09,190,0,0,0,0
2022-10-07 02:15:00,7758,8.5425,6.63,1027.75,91.25,3.2175,187.5,0,0,0,0
2022-10-07 02:30:00,7597,8.395,6.38,1027.5,91.5,3.345,185,0,0,0,0
2022-10-07 02:45:00,7578,8.2475,6.13,1027.25,91.75,3.4725,182.5,0,0,0,0
2022-10-07 03:00:00,7602,8.1,5.88,1027,92,3.6,180,0,0,0,0
2022-10-07 03:15:00,7713,8.0525,5.82,1026.75,92,3.6,182.5,0,0,0,0
2022-10-07 03:30:00,7617,8.005,5.76,1026.5,92,3.6,185,0,0,0,0
2022-10-07 03:45:00,7622,7.9575,5.7,1026.25,92,3.6,187.5,0,0,0,0
2022-10-07 04:00:00,7832,7.91,5.64,1026,92,3.6,190,0,0,0,0
2022-10-07 04:15:00,7839,7.9375,5.675,1026,91.75,3.6,190,0,0,0,0
2022-10-07 04:30:00,8035,7.965,5.71,1026,91.5,3.6,190,0,0,0,0
2022-10-07 04:45:00,8167,7.9925,5.745,1026,91.25,3.6,190,0,0,0,0
2022-10-07 05:00:00,8399,8.02,5.78,1026,91,3.6,190,0,0,0,0
2022-10-07 05:15:00,8477,8.0025,5.7575,1025.75,91,3.6,187.5,0,0,0,0
2022-10-07 05:30:00,8679,7.985,5.735,1025.5,91,3.6,185,0,0,0,0
2022-10-07 05:45:00,8931,7.9675,5.7125,1025.25,91,3.6,182.5,0,0,0,0
2022-10-07 06:00:00,9212,7.95,5.69,1025,91,3.6,180,0,0,0,0
2022-10-07 06:15:00,9452,7.9375,5.675,1025,91.25,3.6,182.5,0,0,0,0
2022-10-07 06:30:00,9671,7.925,5.66,1025,91.5,3.6,185,0,0,0,0
2022-10-07 06:45:00,9711,7.9125,5.645,1025,91.75,3.6,187.5,0,0,0,0
2022-10-07 07:00:00,9608,7.9,5.63,1025,92,3.6,190,0,0,0,0
2022-10-07 07:15:00,9787,8.15,5.935,1025,91.75,3.6,190,0,0,0,0
2022-10-07 07:30:00,9894,8.4,6.24,1025,91.5,3.6,190,0,0,0,0
2022-10-07 07:45:00,9977,8.65,6.545,1025,91.25,3.6,190,0,0,0,0
2022-10-07 08:00:00,10066,8.9,6.85,1025,91,3.6,190,0,0,0,0
2022-10-07 08:15:00,9998,9.625,7.9375,1025,89,3.6,190,0,0,0,0
2022-10-07 08:30:00,10049,10.35,9.025,1025,87,3.6,190,0,0,0,0
2022-10-07 08:45:00,10108,11.075,10.1125,1025,85,3.6,190,0,0,0,0
2022-10-07 09:00:00,10082,11.8,11.2,1025,83,3.6,190,0,0,0,0
2022-10-07 09:15:00,10025,12.2425,11.655,1024.75,81.75,3.8575,195,0,0,0,0
2022-10-07 09:30:00,10106,12.685,12.11,1024.5,80.5,4.115,200,0,0,0,0
2022-10-07 09:45:00,10134,13.1275,12.565,1024.25,79.25,4.3725,205,0,0,0,0
2022-10-07 10:00:00,10034,13.57,13.02,1024,78,4.63,210,0,0,0,0
2022-10-07 10:15:00,10003,14.13,13.5775,1024,75.75,4.5025,210,0,0,0,0
2022-10-07 10:30:00,10022,14.69,14.135,1024,73.5,4.375,210,0,0,0,0
2022-10-07 10:45:00,10022,15.25,14.6925,1024,71.25,4.2475,210,0,0,0,0
2022-10-07 11:00:00,9979,15.81,15.25,1024,69,4.12,210,0,0,0,0
2022-10-07 11:15:00,9807,15.99,15.4225,1023.75,68,4.6325,212.5,0,0,5,0
2022-10-07 11:30:00,9938,16.17,15.595,1023.5,67,5.145,215,0,0,10,0
2022-10-07 11:45:00,9798,16.35,15.7675,1023.25,66,5.6575,217.5,0,0,15,0
2022-10-07 12:00:00,9653,16.53,15.94,1023,65,6.17,220,0,0,20,0
2022-10-07 12:15:00,9375,16.7625,16.175,1022.75,64.25,6.0425,220,0,0,20,0
2022-10-07 12:30:00,9379,16.995,16.41,1022.5,63.5,5.915,220,0,0,20,0
2022-10-07 12:45:00,9540,17.2275,16.645,1022.25,62.75,5.7875,220,0,0,20,0
2022-10-07 13:00:00,9382,17.46,16.88,1022,62,5.66,220,0,0,20,0
2022-10-07 13:15:00,9546,17.565,16.975,1021.75,61.25,5.4025,222.5,0,0,20,0
2022-10-07 13:30:00,9415,17.67,17.07,1021.5,60.5,5.145,225,0,0,20,0
2022-10-07 13:45:00,9362,17.775,17.165,1021.25,59.75,4.8875,227.5,0,0,20,0
2022-10-07 14:00:00,9238,17.88,17.26,1021,59,4.63,230,0,0,20,0
2022-10-07 14:15:00,9171,17.8725,17.24,1021,58.5,4.3725,225,0,0,15,0
2022-10-07 14:30:00,9104,17.865,17.22,1021,58,4.115,220,0,0,10,0
2022-10-07 14:45:00,9237,17.8575,17.2,1021,57.5,3.8575,215,0,0,5,0
2022-10-07 15:00:00,9166,17.85,17.18,1021,57,3.6,210,0,0,0,0
2022-10-07 15:15:00,9129,17.83,17.165,1020.75,57.25,3.985,210,0,0,0,0
2022-10-07 15:30:00,9162,17.81,17.15,1020.5,57.5,4.37,210,0,0,0,0
2022-10-07 15:45:00,9272,17.79,17.135,1020.25,57.75,4.755,210,0,0,0,0
2022-10-07 16:00:00,9466,17.77,17.12,1020,58,5.14,210,0,0,0,0
2022-10-07 16:15:00,9493,17.5975,16.9425,1019.75,58.5,5.14,210,0,0,0,0
2022-10-07 16:30:00,9472,17.425,16.765,1019.5,59,5.14,210,0,0,0,0
2022-10-07 16:45:00,9522,17.2525,16.5875,1019.25,59.5,5.14,210,0,0,0,0
2022-10-07 17:00:00,9596,17.08,16.41,1019,60,5.14,210,0,0,0,0
2022-10-07 17:15:00,9673,16.455,15.7825,1019,62.25,4.6275,212.5,0,0,5,0
2022-10-07 17:30:00,9601,15.83,15.155,1019,64.5,4.115,215,0,0,10,0
2022-10-07 17:45:00,9639,15.205,14.5275,1019,66.75,3.6025,217.5,0,0,15,0
2022-10-07 18:00:00,9695,14.58,13.9,1019,69,3.09,220,0,0,20,0
2022-10-07 18:15:00,9773,14.1625,13.4725,1019,70.25,2.96,215,0,0,20,0
2022-10-07 18:30:00,10017,13.745,13.045,1019,71.5,2.83,210,0,0,20,0
2022-10-07 18:45:00,9954,13.3275,12.6175,1019,72.75,2.7,205,0,0,20,0
2022-10-07 19:00:00,9746,12.91,12.19,1019,74,2.57,200,0,0,20,0
2022-10-07 19:15:00,9674,12.7775,12.07,1019,75,2.8275,197.5,0,0,20,0
2022-10-07 19:30:00,9674,12.645,11.95,1019,76,3.085,195,0,0,20,0
2022-10-07 19:45:00,9351,12.5125,11.83,1019,77,3.3425,192.5,0,0,20,0
2022-10-07 20:00:00,9186,12.38,11.71,1019,78,3.6,190,0,0,20,0
2022-10-07 20:15:00,8912,12.3375,11.6625,1019,78,3.6,192.5,0,0,20,0
2022-10-07 20:30:00,8996,12.295,11.615,1019,78,3.6,195,0,0,20,0
2022-10-07 20:45:00,8866,12.2525,11.5675,1019,78,3.6,197.5,0,0,20,0
2022-10-07 21:00:00,9033,12.21,11.52,1019,78,3.6,200,0,0,20,0
2022-10-07 21:15:00,8841,12.145,11.455,1019,78.25,3.6,200,0,0,15,0
2022-10-07 21:30:00,8874,12.08,11.39,1019,78.5,3.6,200,0,0,10,0
2022-10-07 21:45:00,8796,12.015,11.325,1019,78.75,3.6,200,0,0,5,0
2022-10-07 22:00:00,8742,11.95,11.26,1019,79,3.6,200,0,0,0,0
2022-10-07 22:15:00,8471,11.8675,11.19,1018.75,79.75,3.6,200,0,0,5,0
2022-10-07 22:30:00,8273,11.785,11.12,1018.5,80.5,3.6,200,0,0,10,0
2022-10-07 22:45:00,8256,11.7025,11.05,1018.25,81.25,3.6,200,0,0,15,0
2022-10-07 23:00:00,7912,11.62,10.98,1018,82,3.6,200,0,0,20,0
2022-10-07 23:15:00,7808,11.6125,10.9725,1018,82,3.73,200,0,0,15,0
2022-10-07 23:30:00,7747,11.605,10.965,1018,82,3.86,200,0,0,10,0
2022-10-07 23:45:00,7771,11.5975,10.9575,1018,82,3.99,200,0,0,5,0
2022-10-08 00:00:00,7703,11.59,10.95,1018,82,4.12,200,0,0,0,0
2022-10-08 00:15:00,7510,11.735,11.1075,1018,82,4.505,207.5,0,0,10,0
2022-10-08 00:30:00,7575,11.88,11.265,1018,82,4.89,215,0,0,20,0
2022-10-08 00:45:00,7483,12.025,11.4225,1018,82,5.275,222.5,0,0,30,0
2022-10-08 01:00:00,7362,12.17,11.58,1018,82,5.66,230,0,0,40,0
2022-10-08 01:15:00,7223,12.3075,11.7325,1017.75,82,5.53,227.5,0,0,35,0
2022-10-08 01:30:00,7342,12.445,11.885,1017.5,82,5.4,225,0,0,30,0
2022-10-08 01:45:00,7349,12.5825,12.0375,1017.25,82,5.27,222.5,0,0,25,0
2022-10-08 02:00:00,7327,12.72,12.19,1017,82,5.14,220,0,0,20,0
2022-10-08 02:15:00,7299,12.605,12.095,1017.25,83.25,5.655,225,0,0,33.75,0
2022-10-08 02:30:00,7276,12.49,12,1017.5,84.5,6.17,230,0,0,47.5,0
2022-10-08 02:45:00,7260,12.375,11.905,1017.75,85.75,6.685,235,0,0,61.25,0
2022-10-08 03:00:00,7194,12.26,11.81,1018,87,7.2,240,0,0,75,0
2022-10-08 03:15:00,7082,12.2075,11.765,1018,87.5,6.685,245,0,0,75,0
2022-10-08 03:30:00,7097,12.155,11.72,1018,88,6.17,250,0,0,75,0
2022-10-08 03:45:00,7100,12.1025,11.675,1018,88.5,5.655,255,0,0,75,0
2022-10-08 04:00:00,7181,12.05,11.63,1018,89,5.14,260,0,0,75,0
2022-10-08 04:15:00,7238,11.9775,11.565,1018,89.5,4.885,257.5,0,0,66.25,0
2022-10-08 04:30:00,7262,11.905,11.5,1018,90,4.63,255,0,0,57.5,0
2022-10-08 04:45:00,7252,11.8325,11.435,1018,90.5,4.375,252.5,0,0,48.75,0
2022-10-08 05:00:00,7431,11.76,11.37,1018,91,4.12,250,0,0,40,0
2022-10-08 05:15:00,7602,11.6175,11.225,1018.25,91.5,4.2475,247.5,0,0,35,0
2022-10-08 05:30:00,7623,11.475,11.08,1018.5,92,4.375,245,0,0,30,0
2022-10-08 05:45:00,7798,11.3325,10.935,1018.75,92.5,4.5025,242.5,0,0,25,0
2022-10-08 06:00:00,7957,11.19,10.79,1019,93,4.63,240,0,0,20,0
2022-10-08 06:15:00,8024,11.125,10.7125,1019,92.75,4.5025,240,0,0,20,0
2022-10-08 06:30:00,8121,11.06,10.635,1019,92.5,4.375,240,0,0,20,0
2022-10-08 06:45:00,8055,10.995,10.5575,1019,92.25,4.2475,240,0,0,20,0
2022-10-08 07:00:00,8248,10.93,10.48,1019,92,4.12,240,0,0,20,0
2022-10-08 07:15:00,8243,11.0425,10.61,1019.25,92.25,4.12,242.5,0,0,20,0
2022-10-08 07:30:00,8404,11.155,10.74,1019.5,92.5,4.12,245,0,0,20,0
2022-10-08 07:45:00,8442,11.2675,10.87,1019.75,92.75,4.12,247.5,0,0,20,0
2022-10-08 08:00:00,8501,11.38,11,1020,93,4.12,250,0,0,20,0
2022-10-08 08:15:00,8691,11.6125,11.23,1020.25,92,4.2475,255,0,0,20,0
2022-10-08 08:30:00,8889,11.845,11.46,1020.5,91,4.375,260,0,0,20,0
2022-10-08 08:45:00,8881,12.0775,11.69,1020.75,90,4.5025,265,0,0,20,0
2022-10-08 09:00:00,9135,12.31,11.92,1021,89,4.63,270,0,0,20,0
2022-10-08 09:15:00,8924,12.645,12.21,1021.25,86,4.8875,272.5,0,0,20,0
2022-10-08 09:30:00,8990,12.98,12.5,1021.5,83,5.145,275,0,0,20,0
2022-10-08 09:45:00,9038,13.315,12.79,1021.75,80,5.4025,277.5,0,0,20,0
2022-10-08 10:00:00,9080,13.65,13.08,1022,77,5.66,280,0,0,20,0
2022-10-08 10:15:00,8862,13.755,13.15,1022.25,75.25,5.66,285,0,0,25,0
2022-10-08 10:30:00,9124,13.86,13.22,1022.5,73.5,5.66,290,0,0,30,0
2022-10-08 10:45:00,8987,13.965,13.29,1022.75,71.75,5.66,295,0,0,35,0
2022-10-08 11:00:00,8932,14.07,13.36,1023,70,5.66,300,0,0,40,0
2022-10-08 11:15:00,8784,14.295,13.575,1023,68.75,5.66,295,0,0,40,0
2022-10-08 11:30:00,8725,14.52,13.79,1023,67.5,5.66,290,0,0,40,0
2022-10-08 11:45:00,8603,14.745,14.005,1023,66.25,5.66,285,0,0,40,0
2022-10-08 12:00:00,8554,14.97,14.22,1023,65,5.66,280,0,0,40,0
2022-10-08 12:15:00,8620,14.975,14.2,1023.25,64,5.66,282.5,0,0,40,0
2022-10-08 12:30:00,8675,14.98,14.18,1023.5,63,5.66,285,0,0,40,0
2022-10-08 12:45:00,8388,14.985,14.16,1023.75,62,5.66,287.5,0,0,40,0
2022-10-08 13:00:00,8490,14.99,14.14,1024,61,5.66,290,0,0,40,0
2022-10-08 13:15:00,8074,15.145,14.2975,1024,60.5,5.4025,292.5,0,0,40,0
2022-10-08 13:30:00,8337,15.3,14.455,1024,60,5.145,295,0,0,40,0
2022-10-08 13:45:00,8330,15.455,14.6125,1024,59.5,4.8875,297.5,0,0,40,0
2022-10-08 14:00:00,8497,15.61,14.77,1024,59,4.63,300,0,0,40,0
2022-10-08 14:15:00,8373,15.695,14.8625,1024,59,4.7575,297.5,0,0,40,0
2022-10-08 14:30:00,8239,15.78,14.955,1024,59,4.885,295,0,0,40,0
2022-10-08 14:45:00,8186,15.865,15.0475,1024,59,5.0125,292.5,0,0,40,0
2022-10-08 15:00:00,8285,15.95,15.14,1024,59,5.14,290,0,0,40,0
2022-10-08 15:15:00,8274,15.93,15.105,1024,58.5,4.885,287.5,0,0,40,0
2022-10-08 15:30:00,8206,15.91,15.07,1024,58,4.63,285,0,0,40,0
2022-10-08 15:45:00,8305,15.89,15.035,1024,57.5,4.375,282.5,0,0,40,0
2022-10-08 16:00:00,8430,15.87,15,1024,57,4.12,280,0,0,40,0
2022-10-08 16:15:00,8406,15.6125,14.73,1024,57.5,4.12,285,0,0,35,0
2022-10-08 16:30:00,8507,15.355,14.46,1024,58,4.12,290,0,0,30,0
2022-10-08 16:45:00,8576,15.0975,14.19,1024,58.5,4.12,295,0,0,25,0
2022-10-08 17:00:00,8626,14.84,13.92,1024,59,4.12,300,0,0,20,0
2022-10-08 17:15:00,8585,14.3425,13.405,1024,60.25,3.8625,300,0,0,20,0
2022-10-08 17:30:00,8755,13.845,12.89,1024,61.5,3.605,300,0,0,20,0
2022-10-08 17:45:00,8873,13.3475,12.375,1024,62.75,3.3475,300,0,0,20,0
2022-10-08 18:00:00,8953,12.85,11.86,1024,64,3.09,300,0,0,20,0
2022-10-08 18:15:00,9175,12.3475,11.3725,1024.25,66.5,2.8325,305,0,0,15,0
2022-10-08 18:30:00,9154,11.845,10.885,1024.5,69,2.575,310,0,0,10,0
2022-10-08 18:45:00,9200,11.3425,10.3975,1024.75,71.5,2.3175,315,0,0,5,0
2022-10-08 19:00:00,8972,10.84,9.91,1025,74,2.06,320,0,0,0,0
2022-10-08 19:15:00,8889,10.4075,9.71,1025,75.5,1.8025,240,0,0,0,0
2022-10-08 19:30:00,8727,9.975,9.51,1025,77,1.545,160,0,0,0,0
2022-10-08 19:45:00,8676,9.5425,9.31,1025,78.5,1.2875,80,0,0,0,0
2022-10-08 20:00:00,8485,9.11,9.11,1025,80,1.03,0,0,0,0,0
2022-10-08 20:15:00,8462,8.67,8.67,1025.25,81.75,0.9,65,0,0,0,0
2022-10-08 20:30:00,8199,8.23,8.23,1025.5,83.5,0.77,130,0,0,0,0
2022-10-08 20:45:00,8136,7.79,7.79,1025.75,85.25,0.64,195,0,0,0,0
2022-10-08 21:00:00,8176,7.35,7.35,1026,87,0.51,260,0,0,0,0
2022-10-08 21:15:00,8110,7.225,7.225,1026,87.5,0.51,240,0,0,0,0
2022-10-08 21:30:00,8167,7.1,7.1,1026,88,0.51,220,0,0,0,0
2022-10-08 21:45:00,8197,6.975,6.975,1026,88.5,0.51,200,0,0,0,0
2022-10-08 22:00:00,8130,6.85,6.85,1026,89,0.51,180,0,0,0,0
2022-10-08 22:15:00,8083,6.675,6.675,1026,89.5,0.64,177.5,0,0,0,0
2022-10-08 22:30:00,8003,6.5,6.5,1026,90,0.77,175,0,0,0,0
2022-10-08 22:45:00,7915,6.325,6.325,1026,90.5,0.9,172.5,0,0,0,0
2022-10-08 23:00:00,7726,6.15,6.15,1026,91,1.03,170,0,0,0,0
2022-10-08 23:15:00,7635,6.095,5.71,1026,91.5,1.2875,170,0,0,0,0
2022-10-08 23:30:00,7603,6.04,5.27,1026,92,1.545,170,0,0,0,0
2022-10-08 23:45:00,7505,5.985,4.83,1026,92.5,1.8025,170,0,0,0,0
2022-10-09 00:00:00,7502,5.93,4.39,1026,93,2.06,170,0,0,0,0
2022-10-09 00:15:00,7385,5.965,4.4325,1025.75,91.5,2.06,172.5,0,0,0,0
2022-10-09 00:30:00,7429,6,4.475,1025.5,90,2.06,175,0,0,0,0
2022-10-09 00:45:00,7194,6.035,4.5175,1025.25,88.5,2.06,177.5,0,0,0,0
2022-10-09 01:00:00,7149,6.07,4.56,1025,87,2.06,180,0,0,0,0
2022-10-09 01:15:00,7042,6.0675,4.555,1025,87,2.06,180,0,0,0,0
2022-10-09 01:30:00,7089,6.065,4.55,1025,87,2.06,180,0,0,0,0
2022-10-09 01:45:00,6948,6.0625,4.545,1025,87,2.06,180,0,0,0,0
2022-10-09 02:00:00,6979,6.06,4.54,1025,87,2.06,180,0,0,0,0
2022-10-09 02:15:00,7034,6.06,4.6825,1025,87,1.93,177.5,0,0,0,0
2022-10-09 02:30:00,7041,6.06,4.825,1025,87,1.8,175,0,0,0,0
2022-10-09 02:45:00,6897,6.06,4.9675,1025,87,1.67,172.5,0,0,0,0
2022-10-09 03:00:00,6932,6.06,5.11,1025,87,1.54,170,0,0,0,0
2022-10-09 03:15:00,6991,6.065,5.115,1024.75,87,1.54,170,0,0,0,0
2022-10-09 03:30:00,6928,6.07,5.12,1024.5,87,1.54,170,0,0,0,0
2022-10-09 03:45:00,6944,6.075,5.125,1024.25,87,1.54,170,0,0,0,0
2022-10-09 04:00:00,7056,6.08,5.13,1024,87,1.54,170,0,0,0,0
2022-10-09 04:15:00,6982,6.08,5.3675,1024,87,1.2825,162.5,0,0,0,0
2022-10-09 04:30:00,6980,6.08,5.605,1024,87,1.025,155,0,0,0,0
2022-10-09 04:45:00,7056,6.08,5.8425,1024,87,0.7675,147.5,0,0,0,0
2022-10-09 05:00:00,7225,6.08,6.08,1024,87,0.51,140,0,0,0,0
2022-10-09 05:15:00,7180,5.83,5.83,1024,87,0.64,137.5,0,0,0,0
2022-10-09 05:30:00,7186,5.58,5.58,1024,87,0.77,135,0,0,0,0
2022-10-09 05:45:00,7329,5.33,5.33,1024,87,0.9,132.5,0,0,0,0
2022-10-09 06:00:00,7527,5.08,5.08,1024,87,1.03,130,0,0,0,0
2022-10-09 06:15:00,7466,5,5,1023.75,87.75,1.03,132.5,0,0,0,0
2022-10-09 06:30:00,7609,4.92,4.92,1023.5,88.5,1.03,135,0,0,0,0
2022-10-09 06:45:00,7581,4.84,4.84,1023.25,89.25,1.03,137.5,0,0,0,0
2022-10-09 07:00:00,7592,4.76,4.76,1023,90,1.03,140,0,0,0,0
2022-10-09 07:15:00,7631,5.0525,5.0525,1023,90,0.9,130,0,0,0,0
2022-10-09 07:30:00,7766,5.345,5.345,1023,90,0.77,120,0,0,0,0
2022-10-09 07:45:00,7852,5.6375,5.6375,1023,90,0.64,110,0,0,0,0
2022-10-09 08:00:00,7827,5.93,5.93,1023,90,0.51,100,0,0,0,0
2022-10-09 08:15:00,7869,6.7,6.5675,1023,89.5,0.7675,115,0,0,0,0
2022-10-09 08:30:00,8012,7.47,7.205,1023,89,1.025,130,0,0,0,0
2022-10-09 08:45:00,8053,8.24,7.8425,1023,88.5,1.2825,145,0,0,0,0
2022-10-09 09:00:00,8111,9.01,8.48,1023,88,1.54,160,0,0,0,0
2022-10-09 09:15:00,8189,9.605,9.055,1023,87,1.7975,152.5,0,0,0,0
2022-10-09 09:30:00,8274,10.2,9.63,1023,86,2.055,145,0,0,0,0
2022-10-09 09:45:00,8308,10.795,10.205,1023,85,2.3125,137.5,0,0,0,0
2022-10-09 10:00:00,8350,11.39,10.78,1023,84,2.57,130,0,0,0,0
2022-10-09 10:15:00,8387,11.9625,11.33,1023,81,2.8275,135,0,0,0,0
2022-10-09 10:30:00,8325,12.535,11.88,1023,78,3.085,140,0,0,0,0
2022-10-09 10:45:00,8404,13.1075,12.43,1023,75,3.3425,145,0,0,0,0
2022-10-09 11:00:00,8436,13.68,12.98,1023,72,3.6,150,0,0,0,0
2022-10-09 11:15:00,8270,14.165,13.475,1022.75,70.5,3.3425,150,0,0,0,0
2022-10-09 11:30:00,8299,14.65,13.97,1022.5,69,3.085,150,0,0,0,0
2022-10-09 11:45:00,8179,15.135,14.465,1022.25,67.5,2.8275,150,0,0,0,0
2022-10-09 12:00:00,8161,15.62,14.96,1022,66,2.57,150,0,0,0,0
2022-10-09 12:15:00,7930,15.9175,15.2425,1021.75,64.25,2.57,150,0,0,5,0
2022-10-09 12:30:00,7957,16.215,15.525,1021.5,62.5,2.57,150,0,0,10,0
2022-10-09 12:45:00,7829,16.5125,15.8075,1021.25,60.75,2.57,150,0,0,15,0
2022-10-09 13:00:00,7819,16.81,16.09,1021,59,2.57,150,0,0,20,0
2022-10-09 13:15:00,7624,17.0725,16.345,1020.75,57.75,2.7,147.5,0,0,20,0
2022-10-09 13:30:00,7636,17.335,16.6,1020.5,56.5,2.83,145,0,0,20,0
2022-10-09 13:45:00,7594,17.5975,16.855,1020.25,55.25,2.96,142.5,0,0,20,0
2022-10-09 14:00:00,7562,17.86,17.11,1020,54,3.09,140,0,0,20,0
2022-10-09 14:15:00,7489,17.895,17.1425,1019.75,53.75,3.3475,142.5,0,0,15,0
2022-10-09 14:30:00,7476,17.93,17.175,1019.5,53.5,3.605,145,0,0,10,0
2022-10-09 14:45:00,7461,17.965,17.2075,1019.25,53.25,3.8625,147.5,0,0,5,0
2022-10-09 15:00:00,7444,18,17.24,1019,53,4.12,150,0,0,0,0
2022-10-09 15:15:00,7382,18.03,17.2675,1018.75,52.75,4.2475,147.5,0,0,0,0
2022-10-09 15:30:00,7477,18.06,17.295,1018.5,52.5,4.375,145,0,0,0,0
2022-10-09 15:45:00,7596,18.09,17.3225,1018.25,52.25,4.5025,142.5,0,0,0,0
2022-10-09 16:00:00,7597,18.12,17.35,1018,52,4.63,140,0,0,0,0
2022-10-09 16:15:00,7644,17.88,17.0775,1017.75,51.75,4.245,137.5,0,0,0,0
2022-10-09 16:30:00,7905,17.64,16.805,1017.5,51.5,3.86,135,0,0,0,0
2022-10-09 16:45:00,7992,17.4,16.5325,1017.25,51.25,3.475,132.5,0,0,0,0
2022-10-09 17:00:00,8178,17.16,16.26,1017,51,3.09,130,0,0,0,0
2022-10-09 17:15:00,8429,16.5825,15.6775,1017,53,2.7025,130,0,0,0,0
2022-10-09 17:30:00,8535,16.005,15.095,1017,55,2.315,130,0,0,0,0
2022-10-09 17:45:00,8635,15.4275,14.5125,1017,57,1.9275,130,0,0,0,0
2022-10-09 18:00:00,8752,14.85,13.93,1017,59,1.54,130,0,0,0,0
2022-10-09 18:15:00,8912,14.1825,13.28,1016.75,62.25,1.67,130,0,0,0,0
2022-10-09 18:30:00,9053,13.515,12.63,1016.5,65.5,1.8,130,0,0,0,0
2022-10-09 18:45:00,8913,12.8475,11.98,1016.25,68.75,1.93,130,0,0,0,0
2022-10-09 19:00:00,8871,12.18,11.33,1016,72,2.06,130,0,0,0,0
2022-10-09 19:15:00,8797,11.8275,10.975,1016,73.25,2.1875,130,0,0,0,0
2022-10-09 19:30:00,8627,11.475,10.62,1016,74.5,2.315,130,0,0,0,0
2022-10-09 19:45:00,8474,11.1225,10.265,1016,75.75,2.4425,130,0,0,0,0
2022-10-09 20:00:00,8326,10.77,9.91,1016,77,2.57,130,0,0,0,0
2022-10-09 20:15:00,8265,10.5475,9.59,1016,77.75,2.57,132.5,0,0,0,0
2022-10-09 20:30:00,8092,10.325,9.27,1016,78.5,2.57,135,0,0,0,0
2022-10-09 20:45:00,8046,10.1025,8.95,1016,79.25,2.57,137.5,0,0,0,0
2022-10-09 21:00:00,7847,9.88,8.63,1016,80,2.57,140,0,0,0,0
2022-10-09 21:15:00,7829,9.68,8.3925,1015.75,80.75,2.57,140,0,0,0,0
2022-10-09 21:30:00,7901,9.48,8.155,1015.5,81.5,2.57,140,0,0,0,0
2022-10-09 21:45:00,7959,9.28,7.9175,1015.25,82.25,2.57,140,0,0,0,0
2022-10-09 22:00:00,7864,9.08,7.68,1015,83,2.57,140,0,0,0,0
2022-10-09 22:15:00,7706,8.855,7.2425,1015,84,2.8475,147.5,0,0,1.5,0
2022-10-09 22:30:00,7530,8.63,6.805,1015,85,3.125,155,0,0,3,0
2022-10-09 22:45:00,7422,8.405,6.3675,1015,86,3.4025,162.5,0,0,4.5,0
2022-10-09 23:00:00,7330,8.18,5.93,1015,87,3.68,170,0,0,6,0
2022-10-09 23:15:00,7286,8.59,6.44,1014.75,85.75,3.66,167.5,0,0,4.5,0
2022-10-09 23:30:00,7182,9,6.95,1014.5,84.5,3.64,165,0,0,3,0
2022-10-09 23:45:00,6931,9.41,7.46,1014.25,83.25,3.62,162.5,0,0,1.5,0
2022-10-10 00:00:00,7018,9.82,7.97,1014,82,3.6,160,0,0,0,0
2022-10-10 00:15:00,6954,9.6275,7.615,1014,83,3.8575,162.5,0,0,0,0
2022-10-10 00:30:00,6782,9.435,7.26,1014,84,4.115,165,0,0,0,0
2022-10-10 00:45:00,6848,9.2425,6.905,1014,85,4.3725,167.5,0,0,0,0
2022-10-10 01:00:00,6897,9.05,6.55,1014,86,4.63,170,0,0,0,0
2022-10-10 01:15:00,6924,9.19,6.91,1014,86,4.245,175,0,0,0,0
2022-10-10 01:30:00,6846,9.33,7.27,1014,86,3.86,180,0,0,0,0
2022-10-10 01:45:00,6848,9.47,7.63,1014,86,3.475,185,0,0,0,0
2022-10-10 02:00:00,6858,9.61,7.99,1014,86,3.09,190,0,0,0,0
2022-10-10 02:15:00,6516,9.445,7.72,1014,86.75,3.2175,187.5,0,0,0,0
2022-10-10 02:30:00,6815,9.28,7.45,1014,87.5,3.345,185,0,0,0,0
2022-10-10 02:45:00,6761,9.115,7.18,1014,88.25,3.4725,182.5,0,0,0,0
2022-10-10 03:00:00,6652,8.95,6.91,1014,89,3.6,180,0,0,0,0
2022-10-10 03:15:00,6833,8.875,6.755,1013.75,89.5,3.73,180,0,0,0,0
2022-10-10 03:30:00,6835,8.8,6.6,1013.5,90,3.86,180,0,0,0,0
2022-10-10 03:45:00,6774,8.725,6.445,1013.25,90.5,3.99,180,0,0,0,0
2022-10-10 04:00:00,6854,8.65,6.29,1013,91,4.12,180,0,0,0,0
2022-10-10 04:15:00,7090,8.75,6.4125,1013,90.5,4.12,180,0,0,0,0
2022-10-10 04:30:00,7273,8.85,6.535,1013,90,4.12,180,0,0,0,0
2022-10-10 04:45:00,7517,8.95,6.6575,1013,89.5,4.12,180,0,0,0,0
2022-10-10 05:00:00,7872,9.05,6.78,1013,89,4.12,180,0,0,0,0
2022-10-10 05:15:00,8072,8.955,6.7275,1013,89.75,3.99,182.5,0,0,0,0
2022-10-10 05:30:00,8312,8.86,6.675,1013,90.5,3.86,185,0,0,0,0
2022-10-10 05:45:00,8635,8.765,6.6225,1013,91.25,3.73,187.5,0,0,0,0
2022-10-10 06:00:00,8903,8.67,6.57,1013,92,3.6,190,0,0,0,0
2022-10-10 06:15:00,9184,8.6825,6.585,1013,92,3.6,187.5,0,0,0,0
2022-10-10 06:30:00,9330,8.695,6.6,1013,92,3.6,185,0,0,0,0
2022-10-10 06:45:00,9317,8.7075,6.615,1013,92,3.6,182.5,0,0,0,0
2022-10-10 07:00:00,9328,8.72,6.63,1013,92,3.6,180,0,0,0,0
2022-10-10 07:15:00,9505,8.895,6.9125,1013.25,92,3.4725,182.5,0,0,0,0
2022-10-10 07:30:00,9680,9.07,7.195,1013.5,92,3.345,185,0,0,0,0
2022-10-10 07:45:00,9764,9.245,7.4775,1013.75,92,3.2175,187.5,0,0,0,0
2022-10-10 08:00:00,9847,9.42,7.76,1014,92,3.09,190,0,0,0,0
2022-10-10 08:15:00,9768,10.1125,8.76,1014,91,3.2175,190,0,0,0,0
2022-10-10 08:30:00,9825,10.805,9.76,1014,90,3.345,190,0,0,0,0
2022-10-10 08:45:00,9883,11.4975,10.76,1014,89,3.4725,190,0,0,0,0
2022-10-10 09:00:00,9854,12.19,11.76,1014,88,3.6,190,0,0,0,0
2022-10-10 09:15:00,9905,12.865,12.45,1014,86,3.6,197.5,0,0,0,0
2022-10-10 09:30:00,9844,13.54,13.14,1014,84,3.6,205,0,0,0,0
2022-10-10 09:45:00,9912,14.215,13.83,1014,82,3.6,212.5,0,0,0,0
2022-10-10 10:00:00,9857,14.89,14.52,1014,80,3.6,220,0,0,0,0
2022-10-10 10:15:00,9908,15.235,14.875,1014.25,79,3.4725,225,0,0,0,0
2022-10-10 10:30:00,10186,15.58,15.23,1014.5,78,3.345,230,0,0,0,0
2022-10-10 10:45:00,10197,15.925,15.585,1014.75,77,3.2175,235,0,0,0,0
2022-10-10 11:00:00,9929,16.27,15.94,1015,76,3.09,240,0,0,0,0
2022-10-10 11:15:00,9780,16.65,16.305,1015,74,2.96,240,0,0,0,0
2022-10-10 11:30:00,9845,17.03,16.67,1015,72,2.83,240,0,0,0,0
2022-10-10 11:45:00,9864,17.41,17.035,1015,70,2.7,240,0,0,0,0
2022-10-10 12:00:00,10167,17.79,17.4,1015,68,2.57,240,0,0,0,0
2022-10-10 12:15:00,10251,17.81,17.415,1015.25,67.75,2.8275,245,0,0,0,0
2022-10-10 12:30:00,10227,17.83,17.43,1015.5,67.5,3.085,250,0,0,0,0
2022-10-10 12:45:00,10067,17.85,17.445,1015.75,67.25,3.3425,255,0,0,0,0
2022-10-10 13:00:00,10097,17.87,17.46,1016,67,3.6,260,0,0,0,0
2022-10-10 13:15:00,9975,17.7325,17.33,1016,67.75,3.4725,265,0,0,0,0
2022-10-10 13:30:00,9842,17.595,17.2,1016,68.5,3.345,270,0,0,0,0
2022-10-10 13:45:00,9609,17.4575,17.07,1016,69.25,3.2175,275,0,0,0,0
2022-10-10 14:00:00,9823,17.32,16.94,1016,70,3.09,280,0,0,0,0
2022-10-10 14:15:00,9849,17.3775,17.015,1016.25,70.5,3.2175,282.5,0,0,0,0
2022-10-10 14:30:00,9771,17.435,17.09,1016.5,71,3.345,285,0,0,0,0
2022-10-10 14:45:00,9801,17.4925,17.165,1016.75,71.5,3.4725,287.5,0,0,0,0
2022-10-10 15:00:00,9808,17.55,17.24,1017,72,3.6,290,0,0,0,0
2022-10-10 15:15:00,9730,17.165,16.87,1017.25,74,3.8575,302.5,0,0,10,0
2022-10-10 15:30:00,9755,16.78,16.5,1017.5,76,4.115,315,0,0,20,0
2022-10-10 15:45:00,9848,16.395,16.13,1017.75,78,4.3725,327.5,0,0,30,0
2022-10-10 16:00:00,9971,16.01,15.76,1018,80,4.63,340,0,0,40,0
2022-10-10 16:15:00,9893,15.455,15.1875,1018.25,81.5,5.145,340,0,0,48.75,0
2022-10-10 16:30:00,10100,14.9,14.615,1018.5,83,5.66,340,0,0,57.5,0
2022-10-10 16:45:00,10201,14.345,14.0425,1018.75,84.5,6.175,340,0,0,66.25,0
2022-10-10 17:00:00,10171,13.79,13.47,1019,86,6.69,340,0,0,75,0
2022-10-10 17:15:00,10174,13.6275,13.305,1019.25,86.5,5.9175,345,0,0,75,0
2022-10-10 17:30:00,10305,13.465,13.14,1019.5,87,5.145,350,0,0,75,0
2022-10-10 17:45:00,10334,13.3025,12.975,1019.75,87.5,4.3725,355,0,0,75,0
2022-10-10 18:00:00,10374,13.14,12.81,1020,88,3.6,360,0,0,75,0
2022-10-10 18:15:00,10405,12.8825,12.5125,1020.25,87.5,3.215,360,0,0,61.25,0
2022-10-10 18:30:00,10400,12.625,12.215,1020.5,87,2.83,360,0,0,47.5,0
2022-10-10 18:45:00,10170,12.3675,11.9175,1020.75,86.5,2.445,360,0,0,33.75,0
2022-10-10 19:00:00,10184,12.11,11.62,1021,86,2.06,360,0,0,20,0
2022-10-10 19:15:00,10140,11.77,11.2475,1021.25,86,2.06,355,0,0,15,0
2022-10-10 19:30:00,9973,11.43,10.875,1021.5,86,2.06,350,0,0,10,0
2022-10-10 19:45:00,9783,11.09,10.5025,1021.75,86,2.06,345,0,0,5,0
2022-10-10 20:00:00,9602,10.75,10.13,1022,86,2.06,340,0,0,0,0
2022-10-10 20:15:00,9605,10.3575,9.765,1022.25,86.25,1.93,337.5,0,0,0,0
2022-10-10 20:30:00,9228,9.965,9.4,1022.5,86.5,1.8,335,0,0,0,0
2022-10-10 20:45:00,9117,9.5725,9.035,1022.75,86.75,1.67,332.5,0,0,0,0
2022-10-10 21:00:00,9187,9.18,8.67,1023,87,1.54,330,0,0,0,0
2022-10-10 21:15:00,9128,8.75,8.12,1023.25,88,1.595,248.25,0,0,0.75,0
2022-10-10 21:30:00,9193,8.32,7.57,1023.5,89,1.65,166.5,0,0,1.5,0
2022-10-10 21:45:00,9000,7.89,7.02,1023.75,90,1.705,84.75,0,0,2.25,0
2022-10-10 22:00:00,9080,7.46,6.47,1024,91,1.76,3,0,0,3,0
2022-10-10 22:15:00,8773,7.26,6.5175,1024,91,1.5775,52.25,0,0,2.25,0
2022-10-10 22:30:00,8740,7.06,6.565,1024,91,1.395,101.5,0,0,1.5,0
2022-10-10 22:45:00,8589,6.86,6.6125,1024,91,1.2125,150.75,0,0,0.75,0
2022-10-10 23:00:00,8519,6.66,6.66,1024,91,1.03,200,0,0,0,0
2022-10-10 23:15:00,8307,6.475,6.2325,1024,91.5,1.1575,205,0,0,0,0
2022-10-10 23:30:00,8178,6.29,5.805,1024,92,1.285,210,0,0,0,0
2022-10-10 23:45:00,8151,6.105,5.3775,1024,92.5,1.4125,215,0,0,0,0
2022-10-11 00:00:00,8070,5.92,4.95,1024,93,1.54,220,0,0,0,0
2022-10-11 00:15:00,7817,5.845,4.8625,1024.25,93.5,1.54,225,0,0,0,0
2022-10-11 00:30:00,7868,5.77,4.775,1024.5,94,1.54,230,0,0,0,0
2022-10-11 00:45:00,7648,5.695,4.6875,1024.75,94.5,1.54,235,0,0,0,0
2022-10-11 01:00:00,7639,5.62,4.6,1025,95,1.54,240,0,0,0,0
2022-10-11 01:15:00,7597,5.5825,4.5575,1025,94.5,1.54,237.5,0,0,0,0
2022-10-11 01:30:00,7736,5.545,4.515,1025,94,1.54,235,0,0,0,0
2022-10-11 01:45:00,7697,5.5075,4.4725,1025,93.5,1.54,232.5,0,0,0,0
2022-10-11 02:00:00,7614,5.47,4.43,1025,93,1.54,230,0,0,0,0
2022-10-11 02:15:00,7585,5.35,4.1475,1025,93,1.67,222.5,0,0,0,0
2022-10-11 02:30:00,7689,5.23,3.865,1025,93,1.8,215,0,0,0,0
2022-10-11 02:45:00,7698,5.11,3.5825,1025,93,1.93,207.5,0,0,0,0
2022-10-11 03:00:00,7594,4.99,3.3,1025,93,2.06,200,0,0,0,0
2022-10-11 03:15:00,7627,4.9475,3.68,1025,93,1.8025,150,0,0,0,0
2022-10-11 03:30:00,7773,4.905,4.06,1025,93,1.545,100,0,0,0,0
2022-10-11 03:45:00,7797,4.8625,4.44,1025,93,1.2875,50,0,0,0,0
2022-10-11 04:00:00,7917,4.82,4.82,1025,93,1.03,0,0,0,0,0
2022-10-11 04:15:00,8133,4.635,4.325,1025,93,1.1575,50,0,0,0,0
2022-10-11 04:30:00,8246,4.45,3.83,1025,93,1.285,100,0,0,0,0
2022-10-11 04:45:00,8373,4.265,3.335,1025,93,1.4125,150,0,0,0,0
2022-10-11 05:00:00,8702,4.08,2.84,1025,93,1.54,200,0,0,0,0
2022-10-11 05:15:00,9077,4.33,3.4,1025.25,93,1.4125,210,0,0,0,0
2022-10-11 05:30:00,9382,4.58,3.96,1025.5,93,1.285,220,0,0,0,0
2022-10-11 05:45:00,9577,4.83,4.52,1025.75,93,1.1575,230,0,0,0,0
2022-10-11 06:00:00,9823,5.08,5.08,1026,93,1.03,240,0,0,0,0
2022-10-11 06:15:00,10130,5.08,5.08,1026,93,0.9,180,0,0,5,0
2022-10-11 06:30:00,10382,5.08,5.08,1026,93,0.77,120,0,0,10,0
2022-10-11 06:45:00,10212,5.08,5.08,1026,93,0.64,60,0,0,15,0
2022-10-11 07:00:00,10293,5.08,5.08,1026,93,0.51,0,0,0,20,0
2022-10-11 07:15:00,10369,5.3225,5.3225,1026.25,91.5,0.51,52.5,0,0,20,0
2022-10-11 07:30:00,10387,5.565,5.565,1026.5,90,0.51,105,0,0,20,0
2022-10-11 07:45:00,10394,5.8075,5.8075,1026.75,88.5,0.51,157.5,0,0,20,0
2022-10-11 08:00:00,10437,6.05,6.05,1027,87,0.51,210,0,0,20,0
2022-10-11 08:15:00,10492,6.6725,6.6725,1027,88.75,0.51,157.5,0,0,20,0
2022-10-11 08:30:00,10388,7.295,7.295,1027,90.5,0.51,105,0,0,20,0
2022-10-11 08:45:00,10379,7.9175,7.9175,1027,92.25,0.51,52.5,0,0,20,0
2022-10-11 09:00:00,10337,8.54,8.54,1027,94,0.51,0,0,0,20,0
2022-10-11 09:15:00,10408,9.3375,9.2375,1027,93.25,0.3825,0,0,0,20,0
2022-10-11 09:30:00,10263,10.135,9.935,1027,92.5,0.255,0,0,0,20,0
2022-10-11 09:45:00,10316,10.9325,10.6325,1027,91.75,0.1275,0,0,0,20,0
2022-10-11 10:00:00,10282,11.73,11.33,1027,91,0,0,0,0,20,0
2022-10-11 10:15:00,10284,12.145,11.67,1027.25,86.5,0.2575,0,0,0,20,0
2022-10-11 10:30:00,10204,12.56,12.01,1027.5,82,0.515,0,0,0,20,0
2022-10-11 10:45:00,10227,12.975,12.35,1027.75,77.5,0.7725,0,0,0,20,0
2022-10-11 11:00:00,10137,13.39,12.69,1028,73,1.03,0,0,0,20,0
2022-10-11 11:15:00,9923,13.7575,13.035,1028,70.75,0.9,0,0,0,20,0
2022-10-11 11:30:00,9895,14.125,13.38,1028,68.5,0.77,0,0,0,20,0
2022-10-11 11:45:00,9826,14.4925,13.725,1028,66.25,0.64,0,0,0,20,0
2022-10-11 12:00:00,9868,14.86,14.07,1028,64,0.51,0,0,0,20,0
2022-10-11 12:15:00,9727,14.9,14.1075,1027.75,63.75,0.8975,22.5,0,0,20,0
2022-10-11 12:30:00,9745,14.94,14.145,1027.5,63.5,1.285,45,0,0,20,0
2022-10-11 12:45:00,9598,14.98,14.1825,1027.25,63.25,1.6725,67.5,0,0,20,0
2022-10-11 13:00:00,9757,15.02,14.22,1027,63,2.06,90,0,0,20,0
2022-10-11 13:15:00,9675,15.1625,14.345,1027,61.75,1.93,85,0,0,20,0
2022-10-11 13:30:00,9608,15.305,14.47,1027,60.5,1.8,80,0,0,20,0
2022-10-11 13:45:00,9505,15.4475,14.595,1027,59.25,1.67,75,0,0,20,0
2022-10-11 14:00:00,9516,15.59,14.72,1027,58,1.54,70,0,0,20,0
2022-10-11 14:15:00,9454,15.6475,14.7825,1026.75,58,1.54,67.5,0,0,20,0
2022-10-11 14:30:00,8592,15.705,14.845,1026.5,58,1.54,65,0,0,20,0
2022-10-11 14:45:00,9403,15.7625,14.9075,1026.25,58,1.54,62.5,0,0,20,0
2022-10-11 15:00:00,9250,15.82,14.97,1026,58,1.54,60,0,0,20,0
2022-10-11 15:15:00,9248,15.81,14.96,1026,58,1.54,67.5,0,0,20,0
2022-10-11 15:30:00,9485,15.8,14.95,1026,58,1.54,75,0,0,20,0
2022-10-11 15:45:00,9500,15.79,14.94,1026,58,1.54,82.5,0,0,20,0
2022-10-11 16:00:00,9532,15.78,14.93,1026,58,1.54,90,0,0,20,0
2022-10-11 16:15:00,9353,15.4775,14.61,1026,58.5,1.54,92.5,0,0,20,0
2022-10-11 16:30:00,9535,15.175,14.29,1026,59,1.54,95,0,0,20,0
2022-10-11 16:45:00,9754,14.8725,13.97,1026,59.5,1.54,97.5,0,0,20,0
2022-10-11 17:00:00,9942,14.57,13.65,1026,60,1.54,100,0,0,20,0
2022-10-11 17:15:00,9888,14.1075,13.1925,1026,62,1.2825,102.5,0,0,15,0
2022-10-11 17:30:00,10013,13.645,12.735,1026,64,1.025,105,0,0,10,0
2022-10-11 17:45:00,10076,13.1825,12.2775,1026,66,0.7675,107.5,0,0,5,0
2022-10-11 18:00:00,10116,12.72,11.82,1026,68,0.51,110,0,0,0,0
2022-10-11 18:15:00,10269,12.065,11.16,1026,70.25,0.51,117.5,0,0,0,0
2022-10-11 18:30:00,10239,11.41,10.5,1026,72.5,0.51,125,0,0,0,0
2022-10-11 18:45:00,10283,10.755,9.84,1026,74.75,0.51,132.5,0,0,0,0
2022-10-11 19:00:00,9999,10.1,9.18,1026,77,0.51,140,0,0,0,0
2022-10-11 19:15:00,9934,9.5225,8.555,1026,79.25,0.865,129.5,0,0,2,0
2022-10-11 19:30:00,9777,8.945,7.93,1026,81.5,1.22,119,0,0,4,0
2022-10-11 19:45:00,9730,8.3675,7.305,1026,83.75,1.575,108.5,0,0,6,0
2022-10-11 20:00:00,9567,7.79,6.68,1026,86,1.93,98,0,0,8,0
2022-10-11 20:15:00,9482,7.4825,6.2825,1026,86.5,1.9725,101.25,0,0,8.5,0
2022-10-11 20:30:00,9292,7.175,5.885,1026,87,2.015,104.5,0,0,9,0
2022-10-11 20:45:00,9107,6.8675,5.4875,1026,87.5,2.0575,107.75,0,0,9.5,0
2022-10-11 21:00:00,9133,6.56,5.09,1026,88,2.1,111,0,0,10,0
2022-10-11 21:15:00,9176,6.4025,4.9275,1026,89,2.0775,113,0,0,10.25,0
2022-10-11 21:30:00,9034,6.245,4.765,1026,90,2.055,115,0,0,10.5,0
2022-10-11 21:45:00,8917,6.0875,4.6025,1026,91,2.0325,117,0,0,10.75,0
2022-10-11 22:00:00,8929,5.93,4.44,1026,92,2.01,119,0,0,11,0
2022-10-11 22:15:00,8786,5.695,4.1625,1025.75,92.25,2.015,119.25,0,0,12,0
2022-10-11 22:30:00,8549,5.46,3.885,1025.5,92.5,2.02,119.5,0,0,13,0
2022-10-11 22:45:00,8426,5.225,3.6075,1025.25,92.75,2.025,119.75,0,0,14,0
2022-10-11 23:00:00,8215,4.99,3.33,1025,93,2.03,120,0,0,15,0
2022-10-11 23:15:00,8084,5.5875,4.3425,1025,91.25,1.78,120,0,0,11.25,0
2022-10-11 23:30:00,7967,6.185,5.355,1025,89.5,1.53,120,0,0,7.5,0
2022-10-11 23:45:00,7881,6.7825,6.3675,1025,87.75,1.28,120,0,0,3.75,0
2022-10-12 00:00:00,7860,7.38,7.38,1025,86,1.03,120,0,0,0,0
2022-10-12 00:15:00,7753,7.055,7.055,1025,86.25,1.03,117.5,0,0,0,0
2022-10-12 00:30:00,7770,6.73,6.73,1025,86.5,1.03,115,0,0,0,0
2022-10-12 00:45:00,7704,6.405,6.405,1025,86.75,1.03,112.5,0,0,0,0
2022-10-12 01:00:00,7565,6.08,6.08,1025,87,1.03,110,0,0,0,0
2022-10-12 01:15:00,7546,5.83,5.83,1025,87,1.03,107.5,0,0,0,0
2022-10-12 01:30:00,7473,5.58,5.58,1025,87,1.03,105,0,0,0,0
2022-10-12 01:45:00,7537,5.33,5.33,1025,87,1.03,102.5,0,0,0,0
2022-10-12 02:00:00,7402,5.08,5.08,1025,87,1.03,100,0,0,0,0
2022-10-12 02:15:00,7511,4.83,4.83,1024.75,88.5,0.9,107.5,0,0,0,0
2022-10-12 02:30:00,7464,4.58,4.58,1024.5,90,0.77,115,0,0,0,0
2022-10-12 02:45:00,7468,4.33,4.33,1024.25,91.5,0.64,122.5,0,0,0,0
2022-10-12 03:00:00,7600,4.08,4.08,1024,93,0.51,130,0,0,0,0
2022-10-12 03:15:00,7535,4.08,4.08,1024,91.5,0.64,130,0,0,0,0
2022-10-12 03:30:00,7551,4.08,4.08,1024,90,0.77,130,0,0,0,0
2022-10-12 03:45:00,7613,4.08,4.08,1024,88.5,0.9,130,0,0,0,0
2022-10-12 04:00:00,7725,4.08,4.08,1024,87,1.03,130,0,0,0,0
2022-10-12 04:15:00,7875,4.0475,4.0475,1024,89,1.03,137.5,0,0,0,0
2022-10-12 04:30:00,7962,4.015,4.015,1024,91,1.03,145,0,0,0,0
2022-10-12 04:45:00,8157,3.9825,3.9825,1024,93,1.03,152.5,0,0,0,0
2022-10-12 05:00:00,8369,3.95,3.95,1024,95,1.03,160,0,0,0,0
2022-10-12 05:15:00,8743,3.74,3.74,1024,94,1.03,162.5,0,0,0,0
2022-10-12 05:30:00,9032,3.53,3.53,1024,93,1.03,165,0,0,0,0
2022-10-12 05:45:00,9262,3.32,3.32,1024,92,1.03,167.5,0,0,0,0
2022-10-12 06:00:00,9582,3.11,3.11,1024,91,1.03,170,0,0,0,0
2022-10-12 06:15:00,9840,3.1125,2.77,1023.75,90.75,1.1575,160,0,0,0,0
2022-10-12 06:30:00,10093,3.115,2.43,1023.5,90.5,1.285,150,0,0,0,0
2022-10-12 06:45:00,10099,3.1175,2.09,1023.25,90.25,1.4125,140,0,0,0,0
2022-10-12 07:00:00,10150,3.12,1.75,1023,90,1.54,130,0,0,0,0
2022-10-12 07:15:00,10220,3.385,2.3575,1023,91,1.4125,142.5,0,0,0,0
2022-10-12 07:30:00,10318,3.65,2.965,1023,92,1.285,155,0,0,0,0
2022-10-12 07:45:00,10279,3.915,3.5725,1023,93,1.1575,167.5,0,0,0,0
2022-10-12 08:00:00,10260,4.18,4.18,1023,94,1.03,180,0,0,0,0
2022-10-12 08:15:00,10270,5.0125,4.59,1023,93.25,1.415,180,0,0,0,0
2022-10-12 08:30:00,10324,5.845,5,1023,92.5,1.8,180,0,0,0,0
2022-10-12 08:45:00,10217,6.6775,5.41,1023,91.75,2.185,180,0,0,0,0
2022-10-12 09:00:00,10213,7.51,5.82,1023,91,2.57,180,0,0,0,0
2022-10-12 09:15:00,10200,8.05,6.6725,1023.25,90.75,2.3125,185,0,0,0,0
2022-10-12 09:30:00,10273,8.59,7.525,1023.5,90.5,2.055,190,0,0,0,0
2022-10-12 09:45:00,10190,9.13,8.3775,1023.75,90.25,1.7975,195,0,0,0,0
2022-10-12 10:00:00,10232,9.67,9.23,1024,90,1.54,200,0,0,0,0
2022-10-12 10:15:00,10223,10.2975,9.8075,1024,87.5,1.4125,150,0,0,0,0
2022-10-12 10:30:00,10267,10.925,10.385,1024,85,1.285,100,0,0,0,0
2022-10-12 10:45:00,10135,11.5525,10.9625,1024,82.5,1.1575,50,0,0,0,0
2022-10-12 11:00:00,9966,12.18,11.54,1024,80,1.03,0,0,0,0,0
2022-10-12 11:15:00,9902,12.725,12.075,1023.75,77.5,1.03,0,0,0,0,0
2022-10-12 11:30:00,9811,13.27,12.61,1023.5,75,1.03,0,0,0,0,0
2022-10-12 11:45:00,9862,13.815,13.145,1023.25,72.5,1.03,0,0,0,0,0
2022-10-12 12:00:00,9825,14.36,13.68,1023,70,1.03,0,0,0,0,0
2022-10-12 12:15:00,9843,14.6525,13.9825,1023,69.25,1.415,52.5,0,0,5,0
2022-10-12 12:30:00,9653,14.945,14.285,1023,68.5,1.8,105,0,0,10,0
2022-10-12 12:45:00,9599,15.2375,14.5875,1023,67.75,2.185,157.5,0,0,15,0
2022-10-12 13:00:00,9519,15.53,14.89,1023,67,2.57,210,0,0,20,0
2022-10-12 13:15:00,9577,15.535,14.9025,1023,67.25,3.085,212.5,0,0,20,0
2022-10-12 13:30:00,9500,15.54,14.915,1023,67.5,3.6,215,0,0,20,0
2022-10-12 13:45:00,9593,15.545,14.9275,1023,67.75,4.115,217.5,0,0,20,0
2022-10-12 14:00:00,9525,15.55,14.94,1023,68,4.63,220,0,0,20,0
2022-10-12 14:15:00,9492,15.735,15.11,1022.75,66.75,4.63,225,0,0,20,0
2022-10-12 14:30:00,9323,15.92,15.28,1022.5,65.5,4.63,230,0,0,20,0
2022-10-12 14:45:00,9422,16.105,15.45,1022.25,64.25,4.63,235,0,0,20,0
2022-10-12 15:00:00,9424,16.29,15.62,1022,63,4.63,240,0,0,20,0
2022-10-12 15:15:00,9518,16.1625,15.5,1021.75,63.75,4.245,237.5,0,0,20,0
2022-10-12 15:30:00,9339,16.035,15.38,1021.5,64.5,3.86,235,0,0,20,0
2022-10-12 15:45:00,9434,15.9075,15.26,1021.25,65.25,3.475,232.5,0,0,20,0
2022-10-12 16:00:00,9494,15.78,15.14,1021,66,3.09,230,0,0,20,0
2022-10-12 16:15:00,9550,15.63,14.9875,1021,66.5,2.96,232.5,0,0,15,0
2022-10-12 16:30:00,9692,15.48,14.835,1021,67,2.83,235,0,0,10,0
2022-10-12 16:45:00,9847,15.33,14.6825,1021,67.5,2.7,237.5,0,0,5,0
2022-10-12 17:00:00,9922,15.18,14.53,1021,68,2.57,240,0,0,0,0
2022-10-12 17:15:00,9839,14.5425,13.895,1021,70.5,2.185,180,0,0,0,0
2022-10-12 17:30:00,9986,13.905,13.26,1021,73,1.8,120,0,0,0,0
2022-10-12 17:45:00,10094,13.2675,12.625,1021,75.5,1.415,60,0,0,0,0
2022-10-12 18:00:00,10118,12.63,11.99,1021,78,1.03,0,0,0,0,0
2022-10-12 18:15:00,10134,12.3925,11.7525,1021,79,1.1575,42.5,0,0,0,0
2022-10-12 18:30:00,10111,12.155,11.515,1021,80,1.285,85,0,0,0,0
2022-10-12 18:45:00,10046,11.9175,11.2775,1021,81,1.4125,127.5,0,0,0,0
2022-10-12 19:00:00,9878,11.68,11.04,1021,82,1.54,170,0,0,0,0
2022-10-12 19:15:00,9657,11.65,11.0275,1021,82.75,1.7975,172.5,0,0,0,0
2022-10-12 19:30:00,9524,11.62,11.015,1021,83.5,2.055,175,0,0,0,0
2022-10-12 19:45:00,9412,11.59,11.0025,1021,84.25,2.3125,177.5,0,0,0,0
2022-10-12 20:00:00,9314,11.56,10.99,1021,85,2.57,180,0,0,0,0
2022-10-12 20:15:00,9103,11.6025,11.0375,1021,85,2.8275,182.5,0,0,5,0
2022-10-12 20:30:00,8959,11.645,11.085,1021,85,3.085,185,0,0,10,0
2022-10-12 20:45:00,8882,11.6875,11.1325,1021,85,3.3425,187.5,0,0,15,0
2022-10-12 21:00:00,8931,11.73,11.18,1021,85,3.6,190,0,0,20,0
2022-10-12 21:15:00,8750,11.73,11.185,1020.75,85.25,3.6,190,0,0,15,0
2022-10-12 21:30:00,8823,11.73,11.19,1020.5,85.5,3.6,190,0,0,10,0
2022-10-12 21:45:00,8704,11.73,11.195,1020.25,85.75,3.6,190,0,0,5,0
2022-10-12 22:00:00,8512,11.73,11.2,1020,86,3.6,190,0,0,0,0
2022-10-12 22:15:00,8458,11.76,11.235,1020,86,3.6,187.5,0,0,5,0
2022-10-12 22:30:00,8458,11.79,11.27,1020,86,3.6,185,0,0,10,0
2022-10-12 22:45:00,8388,11.82,11.305,1020,86,3.6,182.5,0,0,15,0
2022-10-12 23:00:00,8017,11.85,11.34,1020,86,3.6,180,0,0,20,0
2022-10-12 23:15:00,7831,11.91,11.3975,1020,85.75,3.6,182.5,0,0,20,0
2022-10-12 23:30:00,7671,11.97,11.455,1020,85.5,3.6,185,0,0,20,0
2022-10-12 23:45:00,7784,12.03,11.5125,1020,85.25,3.6,187.5,0,0,20,0
2022-10-13 00:00:00,7816,12.09,11.57,1020,85,3.6,190,0,0,20,0
2022-10-13 00:15:00,7786,12.1125,11.595,1020,85,3.73,190,0,0,20,0
2022-10-13 00:30:00,7567,12.135,11.62,1020,85,3.86,190,0,0,20,0
2022-10-13 00:45:00,7539,12.1575,11.645,1020,85,3.99,190,0,0,20,0
2022-10-13 01:00:00,7437,12.18,11.67,1020,85,4.12,190,0,0,20,0
2022-10-13 01:15:00,7448,12.165,11.66,1019.75,85.25,4.2475,190,0,0,20,0
2022-10-13 01:30:00,7363,12.15,11.65,1019.5,85.5,4.375,190,0,0,20,0
2022-10-13 01:45:00,7385,12.135,11.64,1019.25,85.75,4.5025,190,0,0,20,0
2022-10-13 02:00:00,7299,12.12,11.63,1019,86,4.63,190,0,0,20,0
2022-10-13 02:15:00,7263,12.0675,11.5725,1019,86,4.3725,192.5,0,0,20,0
2022-10-13 02:30:00,7205,12.015,11.515,1019,86,4.115,195,0,0,20,0
2022-10-13 02:45:00,7231,11.9625,11.4575,1019,86,3.8575,197.5,0,0,20,0
2022-10-13 03:00:00,7322,11.91,11.4,1019,86,3.6,200,0,0,20,0
2022-10-13 03:15:00,7306,11.9175,11.41,1019,86,3.6,197.5,0,0,20,0
2022-10-13 03:30:00,7345,11.925,11.42,1019,86,3.6,195,0,0,20,0
2022-10-13 03:45:00,7333,11.9325,11.43,1019,86,3.6,192.5,0,0,20,0
2022-10-13 04:00:00,7468,11.94,11.44,1019,86,3.6,190,0,0,20,0
2022-10-13 04:15:00,7554,11.875,11.375,1018.75,86.25,3.6,190,0,0,20,0
2022-10-13 04:30:00,7677,11.81,11.31,1018.5,86.5,3.6,190,0,0,20,0
2022-10-13 04:45:00,7698,11.745,11.245,1018.25,86.75,3.6,190,0,0,20,0
2022-10-13 05:00:00,8161,11.68,11.18,1018,87,3.6,190,0,0,20,0
2022-10-13 05:15:00,8653,11.6175,11.1175,1018,87.25,3.4725,187.5,0,0,20,0
2022-10-13 05:30:00,8896,11.555,11.055,1018,87.5,3.345,185,0,0,20,0
2022-10-13 05:45:00,9155,11.4925,10.9925,1018,87.75,3.2175,182.5,0,0,20,0
2022-10-13 06:00:00,9395,11.43,10.93,1018,88,3.09,180,0,0,20,0
2022-10-13 06:15:00,9635,11.435,10.935,1018,88,3.09,182.5,0,0,20,0
2022-10-13 06:30:00,9879,11.44,10.94,1018,88,3.09,185,0,0,20,0
2022-10-13 06:45:00,10026,11.445,10.945,1018,88,3.09,187.5,0,0,20,0
2022-10-13 07:00:00,10013,11.45,10.95,1018,88,3.09,190,0,0,20,0
2022-10-13 07:15:00,10168,11.59,11.0975,1017.75,87.75,2.96,190,0,0,25,0
2022-10-13 07:30:00,10159,11.73,11.245,1017.5,87.5,2.83,190,0,0,30,0
2022-10-13 07:45:00,10406,11.87,11.3925,1017.25,87.25,2.7,190,0,0,35,0
2022-10-13 08:00:00,10383,12.01,11.54,1017,87,2.57,190,0,0,40,0
2022-10-13 08:15:00,10537,12.095,11.6325,1017,87,2.7,190,0,0,40,0
2022-10-13 08:30:00,10517,12.18,11.725,1017,87,2.83,190,0,0,40,0
2022-10-13 08:45:00,10419,12.265,11.8175,1017,87,2.96,190,0,0,40,0
2022-10-13 09:00:00,10354,12.35,11.91,1017,87,3.09,190,0,0,40,0
2022-10-13 09:15:00,10497,12.5475,12.115,1017,86.5,3.3475,187.5,0,0,40,0
2022-10-13 09:30:00,10585,12.745,12.32,1017,86,3.605,185,0,0,40,0
2022-10-13 09:45:00,10590,12.9425,12.525,1017,85.5,3.8625,182.5,0,0,40,0
2022-10-13 10:00:00,10481,13.14,12.73,1017,85,4.12,180,0,0,40,0
2022-10-13 10:15:00,10540,13.3175,12.9175,1017,84.75,3.99,182.5,0,0,40,0
2022-10-13 10:30:00,10623,13.495,13.105,1017,84.5,3.86,185,0,0,40,0
2022-10-13 10:45:00,10583,13.6725,13.2925,1017,84.25,3.73,187.5,0,0,40,0
2022-10-13 11:00:00,10438,13.85,13.48,1017,84,3.6,190,0,0,40,0
2022-10-13 11:15:00,10327,13.8225,13.4775,1017,85,3.6,195,0,0,48.75,0
2022-10-13 11:30:00,10310,13.795,13.475,1017,86,3.6,200,0,0,57.5,0
2022-10-13 11:45:00,10380,13.7675,13.4725,1017,87,3.6,205,0,0,66.25,0
2022-10-13 12:00:00,10332,13.74,13.47,1017,88,3.6,210,0,0,75,0
2022-10-13 12:15:00,10381,13.7025,13.455,1017,89,3.4725,212.5,0,0,75,0
2022-10-13 12:30:00,10321,13.665,13.44,1017,90,3.345,215,0,0,75,0
2022-10-13 12:45:00,10347,13.6275,13.425,1017,91,3.2175,217.5,0,0,75,0
2022-10-13 13:00:00,10311,13.59,13.41,1017,92,3.09,220,0,0,75,0
2022-10-13 13:15:00,10222,13.685,13.5075,1016.75,91.75,3.2175,222.5,0,0,75,0
2022-10-13 13:30:00,10306,13.78,13.605,1016.5,91.5,3.345,225,0,0,75,0
2022-10-13 13:45:00,10250,13.875,13.7025,1016.25,91.25,3.4725,227.5,0,0,75,0
2022-10-13 14:00:00,10177,13.97,13.8,1016,91,3.6,230,0,0,75,0
2022-10-13 14:15:00,10132,13.8925,13.715,1016,91,3.6,235,0,0,75,0
2022-10-13 14:30:00,10117,13.815,13.63,1016,91,3.6,240,0,0,75,0
2022-10-13 14:45:00,10022,13.7375,13.545,1016,91,3.6,245,0,0,75,0
2022-10-13 15:00:00,10063,13.66,13.46,1016,91,3.6,250,0,0,75,0
2022-10-13 15:15:00,10111,13.7325,13.54,1016,91,3.6,242.5,0,0,75,0
2022-10-13 15:30:00,10178,13.805,13.62,1016,91,3.6,235,0,0,75,0
2022-10-13 15:45:00,10073,13.8775,13.7,1016,91,3.6,227.5,0,0,75,0
2022-10-13 16:00:00,10190,13.95,13.78,1016,91,3.6,220,0,0,75,0
2022-10-13 16:15:00,10233,13.7925,13.6,1016,90.75,3.6,217.5,0,0,75,0
2022-10-13 16:30:00,10313,13.635,13.42,1016,90.5,3.6,215,0,0,75,0
2022-10-13 16:45:00,10308,13.4775,13.24,1016,90.25,3.6,212.5,0,0,75,0
2022-10-13 17:00:00,10348,13.32,13.06,1016,90,3.6,210,0,0,75,0
2022-10-13 17:15:00,10365,13.275,13.0175,1016,90.25,3.73,210,0,0,75,0
2022-10-13 17:30:00,10411,13.23,12.975,1016,90.5,3.86,210,0,0,75,0
2022-10-13 17:45:00,10376,13.185,12.9325,1016,90.75,3.99,210,0,0,75,0
2022-10-13 18:00:00,10533,13.14,12.89,1016,91,4.12,210,0,0,75,0
2022-10-13 18:15:00,10529,13.145,12.9,1016,91.25,3.99,207.5,0,0,75,0
2022-10-13 18:30:00,10490,13.15,12.91,1016,91.5,3.86,205,0,0,75,0
2022-10-13 18:45:00,10330,13.155,12.92,1016,91.75,3.73,202.5,0,0,75,0
2022-10-13 19:00:00,10045,13.16,12.93,1016,92,3.6,200,0,0,75,0
2022-10-13 19:15:00,9998,13.1775,12.95,1016,92,3.215,200,0,0,75,0
2022-10-13 19:30:00,9851,13.195,12.97,1016,92,2.83,200,0,0,75,0
2022-10-13 19:45:00,9660,13.2125,12.99,1016,92,2.445,200,0,0,75,0
2022-10-13 20:00:00,9530,13.23,13.01,1016,92,2.06,200,0,0,75,0
2022-10-13 20:15:00,9453,13.23,13.0175,1016,92.25,2.06,200,0,0,75,0
2022-10-13 20:30:00,9209,13.23,13.025,1016,92.5,2.06,200,0,0,75,0
2022-10-13 20:45:00,9112,13.23,13.0325,1016,92.75,2.06,200,0,0,75,0
2022-10-13 21:00:00,9186,13.23,13.04,1016,93,2.06,200,0,0,75,0
2022-10-13 21:15:00,9129,13.2375,13.055,1016,93.25,1.93,195,0,0,75,0
2022-10-13 21:30:00,9036,13.245,13.07,1016,93.5,1.8,190,0,0,75,0
2022-10-13 21:45:00,8982,13.2525,13.085,1016,93.75,1.67,185,0,0,75,0
2022-10-13 22:00:00,8852,13.26,13.1,1016,94,1.54,180,0,0,75,0
2022-10-13 22:15:00,8742,13.275,13.1225,1016,94.25,1.54,182.5,0,0,75,0
2022-10-13 22:30:00,8669,13.29,13.145,1016,94.5,1.54,185,0,0,75,0
2022-10-13 22:45:00,8498,13.305,13.1675,1016,94.75,1.54,187.5,0,0,75,0
2022-10-13 23:00:00,8363,13.32,13.19,1016,95,1.54,190,0,0,75,0
2022-10-13 23:15:00,8180,13.3325,13.2025,1016,95,1.54,187.5,0,0,75,0
2022-10-13 23:30:00,8220,13.345,13.215,1016,95,1.54,185,0,0,75,0
2022-10-13 23:45:00,8052,13.3575,13.2275,1016,95,1.54,182.5,0,0,75,0
2022-10-14 00:00:00,7974,13.37,13.24,1016,95,1.54,180,0,0,75,0
2022-10-14 00:15:00,7813,13.4325,13.2975,1015.75,94.5,1.67,182.5,0,0,75,0
2022-10-14 00:30:00,7675,13.495,13.355,1015.5,94,1.8,185,0,0,75,0
2022-10-14 00:45:00,7706,13.5575,13.4125,1015.25,93.5,1.93,187.5,0,0,75,0
2022-10-14 01:00:00,7621,13.62,13.47,1015,93,2.06,190,0,0,75,0
2022-10-14 01:15:00,7659,13.6375,13.495,1015,93.25,2.06,185,0,0,75,0
2022-10-14 01:30:00,7559,13.655,13.52,1015,93.5,2.06,180,0,0,75,0
2022-10-14 01:45:00,7509,13.6725,13.545,1015,93.75,2.06,175,0,0,75,0
2022-10-14 02:00:00,7473,13.69,13.57,1015,94,2.06,170,0,0,75,0
2022-10-14 02:15:00,7507,13.6975,13.5775,1014.75,94,2.1875,175,0,0,75,0
2022-10-14 02:30:00,7509,13.705,13.585,1014.5,94,2.315,180,0,0,75,0
2022-10-14 02:45:00,7389,13.7125,13.5925,1014.25,94,2.4425,185,0,0,75,0
2022-10-14 03:00:00,7403,13.72,13.6,1014,94,2.57,190,0,0,75,0
2022-10-14 03:15:00,7420,13.6575,13.5375,1013.75,94.25,2.4425,185,0,0,75,0
2022-10-14 03:30:00,7417,13.595,13.475,1013.5,94.5,2.315,180,0,0,75,0
2022-10-14 03:45:00,7427,13.5325,13.4125,1013.25,94.75,2.1875,175,0,0,75,0
2022-10-14 04:00:00,7610,13.47,13.35,1013,95,2.06,170,0,0,75,0
2022-10-14 04:15:00,7643,13.525,13.405,1013,94.75,2.1875,172.5,0,0,75,0
2022-10-14 04:30:00,7897,13.58,13.46,1013,94.5,2.315,175,0,0,75,0
2022-10-14 04:45:00,8058,13.635,13.515,1013,94.25,2.4425,177.5,0,0,75,0
2022-10-14 05:00:00,8413,13.69,13.57,1013,94,2.57,180,0,0,75,0
2022-10-14 05:15:00,8760,13.7,13.58,1013,94,2.57,180,0,0,75,0
2022-10-14 05:30:00,9001,13.71,13.59,1013,94,2.57,180,0,0,75,0
2022-10-14 05:45:00,9170,13.72,13.6,1013,94,2.57,180,0,0,75,0
2022-10-14 06:00:00,9522,13.73,13.61,1013,94,2.57,180,0,0,75,0
2022-10-14 06:15:00,9831,13.665,13.545,1012.75,94.25,2.57,180,0,0,81.25,0
2022-10-14 06:30:00,9908,13.6,13.48,1012.5,94.5,2.57,180,0,0,87.5,0
2022-10-14 06:45:00,10006,13.535,13.415,1012.25,94.75,2.57,180,0,0,93.75,0
2022-10-14 07:00:00,10168,13.47,13.35,1012,95,2.57,180,0,0,100,0
2022-10-14 07:15:00,10070,13.5675,13.4525,1012,94.75,2.57,177.5,0,0,100,0
2022-10-14 07:30:00,10242,13.665,13.555,1012,94.5,2.57,175,0,0,100,0
2022-10-14 07:45:00,10292,13.7625,13.6575,1012,94.25,2.57,172.5,0,0,100,0
2022-10-14 08:00:00,10384,13.86,13.76,1012,94,2.57,170,0,0,100,0
2022-10-14 08:15:00,10466,13.9225,13.84,1012,94.5,2.57,172.5,0,0,93.75,0
2022-10-14 08:30:00,10388,13.985,13.92,1012,95,2.57,175,0,0,87.5,0
2022-10-14 08:45:00,10475,14.0475,14,1012,95.5,2.57,177.5,0,0,81.25,0
2022-10-14 09:00:00,10465,14.11,14.08,1012,96,2.57,180,0,0,75,0
2022-10-14 09:15:00,10583,14.2725,14.2475,1011.75,95.5,2.8275,182.5,0,0,81.25,0
2022-10-14 09:30:00,10493,14.435,14.415,1011.5,95,3.085,185,0,0,87.5,0
2022-10-14 09:45:00,10526,14.5975,14.5825,1011.25,94.5,3.3425,187.5,0,0,93.75,0
2022-10-14 10:00:00,10597,14.76,14.75,1011,94,3.6,190,0,0,100,0
2022-10-14 10:15:00,10628,14.845,14.8425,1011,94,3.3425,192.5,0,0,100,0
2022-10-14 10:30:00,10547,14.93,14.935,1011,94,3.085,195,0,0,100,0
2022-10-14 10:45:00,10629,15.015,15.0275,1011,94,2.8275,197.5,0,0,100,0
2022-10-14 11:00:00,10529,15.1,15.12,1011,94,2.57,200,0,0,100,0
2022-10-14 11:15:00,10379,15.09,15.11,1011,94,3.085,210,0,0,100,0
2022-10-14 11:30:00,10364,15.08,15.1,1011,94,3.6,220,0,0,100,0
2022-10-14 11:45:00,10358,15.07,15.09,1011,94,4.115,230,0,0,100,0
2022-10-14 12:00:00,10393,15.06,15.08,1011,94,4.63,240,0,0,100,0
2022-10-14 12:15:00,10178,15.2175,15.245,1011,93.75,4.5025,240,0,0,93.75,0
2022-10-14 12:30:00,10060,15.375,15.41,1011,93.5,4.375,240,0,0,87.5,0
2022-10-14 12:45:00,10022,15.5325,15.575,1011,93.25,4.2475,240,0,0,81.25,0
2022-10-14 13:00:00,9995,15.69,15.74,1011,93,4.12,240,0,0,75,0
2022-10-14 13:15:00,9897,15.86,15.9075,1010.75,92.25,3.8625,237.5,0,0,75,0
2022-10-14 13:30:00,9842,16.03,16.075,1010.5,91.5,3.605,235,0,0,75,0
2022-10-14 13:45:00,9768,16.2,16.2425,1010.25,90.75,3.3475,232.5,0,0,75,0
2022-10-14 14:00:00,9770,16.37,16.41,1010,90,3.09,230,0,0,75,0
2022-10-14 14:15:00,9814,16.46,16.47,1010,88.5,3.2175,235,0,0,75,0
2022-10-14 14:30:00,9702,16.55,16.53,1010,87,3.345,240,0,0,75,0
2022-10-14 14:45:00,9732,16.64,16.59,1010,85.5,3.4725,245,0,0,75,0
2022-10-14 15:00:00,9680,16.73,16.65,1010,84,3.6,250,0,0,75,0
2022-10-14 15:15:00,9742,16.65,16.555,1010,83.75,3.3425,247.5,0,0,75,0
2022-10-14 15:30:00,9685,16.57,16.46,1010,83.5,3.085,245,0,0,75,0
2022-10-14 15:45:00,9796,16.49,16.365,1010,83.25,2.8275,242.5,0,0,75,0
2022-10-14 16:00:00,9773,16.41,16.27,1010,83,2.57,240,0,0,75,0
2022-10-14 16:15:00,9806,16.3175,16.1625,1009.75,82.75,2.7,242.5,0,0,75,0
2022-10-14 16:30:00,9830,16.225,16.055,1009.5,82.5,2.83,245,0,0,75,0
2022-10-14 16:45:00,9975,16.1325,15.9475,1009.25,82.25,2.96,247.5,0,0,75,0
2022-10-14 17:00:00,9915,16.04,15.84,1009,82,3.09,250,0,0,75,0
2022-10-14 17:15:00,9915,15.745,15.5275,1009,82.5,2.8325,245,0,0,75,0
2022-10-14 17:30:00,9925,15.45,15.215,1009,83,2.575,240,0,0,75,0
2022-10-14 17:45:00,9924,15.155,14.9025,1009,83.5,2.3175,235,0,0,75,0
2022-10-14 18:00:00,10159,14.86,14.59,1009,84,2.06,230,0,0,75,0
2022-10-14 18:15:00,10152,14.4725,14.1975,1009,85.25,1.93,220,0,0,61.25,0
2022-10-14 18:30:00,9984,14.085,13.805,1009,86.5,1.8,210,0,0,47.5,0
2022-10-14 18:45:00,9909,13.6975,13.4125,1009,87.75,1.67,200,0,0,33.75,0
2022-10-14 19:00:00,9825,13.31,13.02,1009,89,1.54,190,0,0,20,0
2022-10-14 19:15:00,9630,13.3225,13.04,1009,89.25,1.67,195,0,0,25,0
2022-10-14 19:30:00,9613,13.335,13.06,1009,89.5,1.8,200,0,0,30,0
2022-10-14 19:45:00,9317,13.3475,13.08,1009,89.75,1.93,205,0,0,35,0
2022-10-14 20:00:00,9272,13.36,13.1,1009,90,2.06,210,0,0,40,0
2022-10-14 20:15:00,9009,13.42,13.18,1008.75,90.5,2.1875,202.5,0,0,48.75,0
2022-10-14 20:30:00,8926,13.48,13.26,1008.5,91,2.315,195,0,0,57.5,0
2022-10-14 20:45:00,8834,13.54,13.34,1008.25,91.5,2.4425,187.5,0,0,66.25,0
2022-10-14 21:00:00,8760,13.6,13.42,1008,92,2.57,180,0,0,75,0
2022-10-14 21:15:00,8734,13.6225,13.445,1008,92,2.4425,187.5,0,0,75,0
2022-10-14 21:30:00,8777,13.645,13.47,1008,92,2.315,195,0,0,75,0
2022-10-14 21:45:00,8646,13.6675,13.495,1008,92,2.1875,202.5,0,0,75,0
2022-10-14 22:00:00,8579,13.69,13.52,1008,92,2.06,210,0,0,75,0
2022-10-14 22:15:00,8556,13.59,13.4225,1008,92.5,1.6725,215,0,0,75,0
2022-10-14 22:30:00,8294,13.49,13.325,1008,93,1.285,220,0,0,75,0
2022-10-14 22:45:00,8237,13.39,13.2275,1008,93.5,0.8975,225,0,0,75,0
2022-10-14 23:00:00,8164,13.29,13.13,1008,94,0.51,230,0,0,75,0
2022-10-14 23:15:00,7935,13.28,13.12,1008,94,1.025,222.5,0,0,75,0
2022-10-14 23:30:00,7782,13.27,13.11,1008,94,1.54,215,0,0,75,0
2022-10-14 23:45:00,7615,13.26,13.1,1008,94,2.055,207.5,0,0,75,0
2022-10-15 00:00:00,7562,13.25,13.09,1008,94,2.57,200,0,0,75,0
2022-10-15 00:15:00,7486,13.23,13.06,1008,93.75,2.4425,200,0,0,61.25,0
2022-10-15 00:30:00,7452,13.21,13.03,1008,93.5,2.315,200,0,0,47.5,0
2022-10-15 00:45:00,7384,13.19,13,1008,93.25,2.1875,200,0,0,33.75,0
2022-10-15 01:00:00,7235,13.17,12.97,1008,93,2.06,200,0,0,20,0
2022-10-15 01:15:00,7233,13.19,13.005,1008,93.5,2.1875,210,0,0,33.75,0
2022-10-15 01:30:00,7139,13.21,13.04,1008,94,2.315,220,0,0,47.5,0
2022-10-15 01:45:00,7170,13.23,13.075,1008,94.5,2.4425,230,0,0,61.25,0
2022-10-15 02:00:00,7076,13.25,13.11,1008,95,2.57,240,0,0,75,0
2022-10-15 02:15:00,6967,13.2475,13.1075,1008,95,2.57,235,0,0,75,0
2022-10-15 02:30:00,7019,13.245,13.105,1008,95,2.57,230,0,0,75,0
2022-10-15 02:45:00,6989,13.2425,13.1025,1008,95,2.57,225,0,0,75,0
2022-10-15 03:00:00,7092,13.24,13.1,1008,95,2.57,220,0,0,75,0
2022-10-15 03:15:00,6996,13.2075,13.065,1007.75,95,2.57,217.5,0,0,75,0
2022-10-15 03:30:00,7036,13.175,13.03,1007.5,95,2.57,215,0,0,75,0
2022-10-15 03:45:00,7100,13.1425,12.995,1007.25,95,2.57,212.5,0,0,75,0
2022-10-15 04:00:00,7054,13.11,12.96,1007,95,2.57,210,0,0,75,0
2022-10-15 04:15:00,7053,13.0275,12.855,1007,94.5,2.7,207.5,0,0,75,0
2022-10-15 04:30:00,7105,12.945,12.75,1007,94,2.83,205,0,0,75,0
2022-10-15 04:45:00,7181,12.8625,12.645,1007,93.5,2.96,202.5,0,0,75,0
2022-10-15 05:00:00,7197,12.78,12.54,1007,93,3.09,200,0,0,75,0
2022-10-15 05:15:00,7318,12.72,12.495,1006.75,93.75,2.96,197.5,0,0,61.25,0
2022-10-15 05:30:00,7338,12.66,12.45,1006.5,94.5,2.83,195,0,0,47.5,0
2022-10-15 05:45:00,7614,12.6,12.405,1006.25,95.25,2.7,192.5,0,0,33.75,0
2022-10-15 06:00:00,7689,12.54,12.36,1006,96,2.57,190,0,0,20,0
2022-10-15 06:15:00,7911,12.6475,12.465,1006,95.5,2.8275,190,0,0,20,0
2022-10-15 06:30:00,7952,12.755,12.57,1006,95,3.085,190,0,0,20,0
2022-10-15 06:45:00,8011,12.8625,12.675,1006,94.5,3.3425,190,0,0,20,0
2022-10-15 07:00:00,8072,12.97,12.78,1006,94,3.6,190,0,0,20,0
2022-10-15 07:15:00,8196,13.0275,12.85,1006,94.25,3.73,187.5,0,0,20,0
2022-10-15 07:30:00,8255,13.085,12.92,1006,94.5,3.86,185,0,0,20,0
2022-10-15 07:45:00,8506,13.1425,12.99,1006,94.75,3.99,182.5,0,0,20,0
2022-10-15 08:00:00,8753,13.2,13.06,1006,95,4.12,180,0,0,20,0
2022-10-15 08:15:00,8912,13.4525,13.3375,1005.75,95,4.2475,177.5,0,0,25,0
2022-10-15 08:30:00,9011,13.705,13.615,1005.5,95,4.375,175,0,0,30,0
2022-10-15 08:45:00,9014,13.9575,13.8925,1005.25,95,4.5025,172.5,0,0,35,0
2022-10-15 09:00:00,9253,14.21,14.17,1005,95,4.63,170,0,0,40,0
2022-10-15 09:15:00,9180,14.4775,14.45,1005,94.5,4.8875,172.5,0,0,48.75,0
2022-10-15 09:30:00,9114,14.745,14.73,1005,94,5.145,175,0,0,57.5,0
2022-10-15 09:45:00,9191,15.0125,15.01,1005,93.5,5.4025,177.5,0,0,66.25,0
2022-10-15 10:00:00,9229,15.28,15.29,1005,93,5.66,180,0,0,75,0
2022-10-15 10:15:00,9175,15.54,15.5775,1005,93,5.4025,185,0,0,75,0
2022-10-15 10:30:00,9114,15.8,15.865,1005,93,5.145,190,0,0,75,0
2022-10-15 10:45:00,9157,16.06,16.1525,1005,93,4.8875,195,0,0,75,0
2022-10-15 11:00:00,9197,16.32,16.44,1005,93,4.63,200,0,0,75,0
2022-10-15 11:15:00,9240,16.595,16.735,1005,92.75,4.8875,205,0,0,75,0
2022-10-15 11:30:00,8872,16.87,17.03,1005,92.5,5.145,210,0,0,75,0
2022-10-15 11:45:00,8736,17.145,17.325,1005,92.25,5.4025,215,0,0,75,0
2022-10-15 12:00:00,8707,17.42,17.62,1005,92,5.66,220,0,0,75,0
2022-10-15 12:15:00,8753,17.5725,17.7625,1005,91,6.0275,222.75,0,0,81.25,0
2022-10-15 12:30:00,8969,17.725,17.905,1005,90,6.395,225.5,0,0,87.5,0
2022-10-15 12:45:00,8862,17.8775,18.0475,1005,89,6.7625,228.25,0,0,93.75,0
2022-10-15 13:00:00,8957,18.03,18.19,1005,88,7.13,231,0,0,100,0
2022-10-15 13:15:00,8761,17.8475,17.9425,1005.25,86.25,7.2775,240.75,0,0,93.75,0
2022-10-15 13:30:00,8659,17.665,17.695,1005.5,84.5,7.425,250.5,0,0,87.5,0
2022-10-15 13:45:00,8580,17.4825,17.4475,1005.75,82.75,7.5725,260.25,0,0,81.25,0
2022-10-15 14:00:00,8447,17.3,17.2,1006,81,7.72,270,0,0,75,0
2022-10-15 14:15:00,8676,17.3875,17.25,1006,79.25,7.3325,270,0,0,61.25,0
2022-10-15 14:30:00,8519,17.475,17.3,1006,77.5,6.945,270,0,0,47.5,0
2022-10-15 14:45:00,8458,17.5625,17.35,1006,75.75,6.5575,270,0,0,33.75,0
2022-10-15 15:00:00,8425,17.65,17.4,1006,74,6.17,270,0,0,20,0
2022-10-15 15:15:00,8419,17.74,17.4675,1006.25,72.75,5.9125,267.5,0,0,20,0
2022-10-15 15:30:00,8549,17.83,17.535,1006.5,71.5,5.655,265,0,0,20,0
2022-10-15 15:45:00,8580,17.92,17.6025,1006.75,70.25,5.3975,262.5,0,0,20,0
2022-10-15 16:00:00,8636,18.01,17.67,1007,69,5.14,260,0,0,20,0
2022-10-15 16:15:00,8535,17.775,17.425,1007,69.5,5.655,257.5,0,0,25,0
2022-10-15 16:30:00,8739,17.54,17.18,1007,70,6.17,255,0,0,30,0
2022-10-15 16:45:00,8810,17.305,16.935,1007,70.5,6.685,252.5,0,0,35,0
2022-10-15 17:00:00,8903,17.07,16.69,1007,71,7.2,250,0,0,40,0
2022-10-15 17:15:00,9001,16.695,16.31,1007.25,72.25,6.5575,245,0,0,35,0
2022-10-15 17:30:00,8936,16.32,15.93,1007.5,73.5,5.915,240,0,0,30,0
2022-10-15 17:45:00,9073,15.945,15.55,1007.75,74.75,5.2725,235,0,0,25,0
2022-10-15 18:00:00,9136,15.57,15.17,1008,76,4.63,230,0,0,20,0
2022-10-15 18:15:00,9215,15.2725,14.855,1008.25,76.5,4.245,227.5,0,0,20,0
2022-10-15 18:30:00,9015,14.975,14.54,1008.5,77,3.86,225,0,0,20,0
2022-10-15 18:45:00,8988,14.6775,14.225,1008.75,77.5,3.475,222.5,0,0,20,0
2022-10-15 19:00:00,8823,14.38,13.91,1009,78,3.09,220,0,0,20,0
2022-10-15 19:15:00,8702,14.0825,13.61,1009,79,2.96,217.5,0,0,15,0
2022-10-15 19:30:00,8577,13.785,13.31,1009,80,2.83,215,0,0,10,0
2022-10-15 19:45:00,8455,13.4875,13.01,1009,81,2.7,212.5,0,0,5,0
2022-10-15 20:00:00,8435,13.19,12.71,1009,82,2.57,210,0,0,0,0
2022-10-15 20:15:00,8415,13.16,12.695,1009,82.75,2.7,205,0,0,0,0
2022-10-15 20:30:00,8269,13.13,12.68,1009,83.5,2.83,200,0,0,0,0
2022-10-15 20:45:00,8184,13.1,12.665,1009,84.25,2.96,195,0,0,0,0
2022-10-15 21:00:00,8231,13.07,12.65,1009,85,3.09,190,0,0,0,0
2022-10-15 21:15:00,8187,13.08,12.6675,1009.25,85.25,3.2175,190,0,0,0,0
2022-10-15 21:30:00,8051,13.09,12.685,1009.5,85.5,3.345,190,0,0,0,0
2022-10-15 21:45:00,8064,13.1,12.7025,1009.75,85.75,3.4725,190,0,0,0,0
2022-10-15 22:00:00,8001,13.11,12.72,1010,86,3.6,190,0,0,0,0
2022-10-15 22:15:00,7862,13.13,12.7425,1010,86,3.73,190,0,0,0,0
2022-10-15 22:30:00,7654,13.15,12.765,1010,86,3.86,190,0,0,0,0
2022-10-15 22:45:00,7760,13.17,12.7875,1010,86,3.99,190,0,0,0,0
2022-10-15 23:00:00,7680,13.19,12.81,1010,86,4.12,190,0,0,0,0
2022-10-15 23:15:00,7579,13.195,12.815,1010,86,3.99,190,0,0,0,0
2022-10-15 23:30:00,7444,13.2,12.82,1010,86,3.86,190,0,0,0,0
2022-10-15 23:45:00,7363,13.205,12.825,1010,86,3.73,190,0,0,0,0
2022-10-16 00:00:00,7308,13.21,12.83,1010,86,3.6,190,0,0,0,0
2022-10-16 00:15:00,7125,13.185,12.8025,1010,86,3.6,190,0,0,0,0
2022-10-16 00:30:00,7124,13.16,12.775,1010,86,3.6,190,0,0,0,0
2022-10-16 00:45:00,6984,13.135,12.7475,1010,86,3.6,190,0,0,0,0
2022-10-16 01:00:00,6935,13.11,12.72,1010,86,3.6,190,0,0,0,0
2022-10-16 01:15:00,6763,13.08,12.6875,1010,86,3.73,195,0,0,0,0
2022-10-16 01:30:00,6857,13.05,12.655,1010,86,3.86,200,0,0,0,0
2022-10-16 01:45:00,6783,13.02,12.6225,1010,86,3.99,205,0,0,0,0
2022-10-16 02:00:00,6908,12.99,12.59,1010,86,4.12,210,0,0,0,0
2022-10-16 02:15:00,6652,12.975,12.58,1010,86.25,3.99,210,0,0,0,0
2022-10-16 02:30:00,6725,12.96,12.57,1010,86.5,3.86,210,0,0,0,0
2022-10-16 02:45:00,6712,12.945,12.56,1010,86.75,3.73,210,0,0,0,0
2022-10-16 03:00:00,6653,12.93,12.55,1010,87,3.6,210,0,0,0,0
2022-10-16 03:15:00,6495,12.9275,12.555,1010.25,87.25,3.8575,210,0,0,0,0
2022-10-16 03:30:00,6526,12.925,12.56,1010.5,87.5,4.115,210,0,0,0,0
2022-10-16 03:45:00,6707,12.9225,12.565,1010.75,87.75,4.3725,210,0,0,0,0
2022-10-16 04:00:00,6541,12.92,12.57,1011,88,4.63,210,0,0,0,0
2022-10-16 04:15:00,6647,12.9075,12.5625,1011,88.25,4.5025,207.5,0,0,0,0
2022-10-16 04:30:00,6652,12.895,12.555,1011,88.5,4.375,205,0,0,0,0
2022-10-16 04:45:00,6829,12.8825,12.5475,1011,88.75,4.2475,202.5,0,0,0,0
2022-10-16 05:00:00,6932,12.87,12.54,1011,89,4.12,200,0,0,0,0
2022-10-16 05:15:00,7177,12.8525,12.52,1011.25,89,4.12,200,0,0,0,0
2022-10-16 05:30:00,7167,12.835,12.5,1011.5,89,4.12,200,0,0,0,0
2022-10-16 05:45:00,7158,12.8175,12.48,1011.75,89,4.12,200,0,0,0,0
2022-10-16 06:00:00,7100,12.8,12.46,1012,89,4.12,200,0,0,0,0
2022-10-16 06:15:00,7200,12.6625,12.3225,1012,89.5,4.2475,200,0,0,0,0
2022-10-16 06:30:00,7250,12.525,12.185,1012,90,4.375,200,0,0,0,0
2022-10-16 06:45:00,7458,12.3875,12.0475,1012,90.5,4.5025,200,0,0,0,0
2022-10-16 07:00:00,7560,12.25,11.91,1012,91,4.63,200,0,0,0,0
2022-10-16 07:15:00,7537,12.395,12.0675,1012.25,91,4.63,200,0,0,0,0
2022-10-16 07:30:00,7781,12.54,12.225,1012.5,91,4.63,200,0,0,0,0
2022-10-16 07:45:00,7934,12.685,12.3825,1012.75,91,4.63,200,0,0,0,0
2022-10-16 08:00:00,7994,12.83,12.54,1013,91,4.63,200,0,0,0,0
2022-10-16 08:15:00,8096,13.1325,12.855,1013.25,90.25,4.7575,205,0,0,0,0
2022-10-16 08:30:00,8224,13.435,13.17,1013.5,89.5,4.885,210,0,0,0,0
2022-10-16 08:45:00,8345,13.7375,13.485,1013.75,88.75,5.0125,215,0,0,0,0
2022-10-16 09:00:00,8208,14.04,13.8,1014,88,5.14,220,0,0,0,0
2022-10-16 09:15:00,8450,14.4875,14.245,1014.25,86.25,5.27,220,0,0,5,0
2022-10-16 09:30:00,8628,14.935,14.69,1014.5,84.5,5.4,220,0,0,10,0
2022-10-16 09:45:00,8601,15.3825,15.135,1014.75,82.75,5.53,220,0,0,15,0
2022-10-16 10:00:00,8622,15.83,15.58,1015,81,5.66,220,0,0,20,0
2022-10-16 10:15:00,8666,16.115,15.8675,1015,80,5.145,225,0,0,20,0
2022-10-16 10:30:00,8806,16.4,16.155,1015,79,4.63,230,0,0,20,0
2022-10-16 10:45:00,8703,16.685,16.4425,1015,78,4.115,235,0,0,20,0
2022-10-16 11:00:00,8756,16.97,16.73,1015,77,3.6,240,0,0,20,0
2022-10-16 11:15:00,8696,17.125,16.8675,1015.25,75.75,3.6,237.5,0,0,20,0
2022-10-16 11:30:00,8617,17.28,17.005,1015.5,74.5,3.6,235,0,0,20,0
2022-10-16 11:45:00,8358,17.435,17.1425,1015.75,73.25,3.6,232.5,0,0,20,0
2022-10-16 12:00:00,8257,17.59,17.28,1016,72,3.6,230,0,0,20,0
2022-10-16 12:15:00,8336,17.8025,17.49,1016,71,3.3425,220,0.5125,0,20,0
2022-10-16 12:30:00,8282,18.015,17.7,1016,70,3.085,210,1.025,0,20,0
2022-10-16 12:45:00,8000,18.2275,17.91,1016,69,2.8275,200,1.5375,0,20,0
2022-10-16 13:00:00,8085,18.44,18.12,1016,68,2.57,190,2.05,0,20,0
2022-10-16 13:15:00,8282,18.385,18.0525,1016,67.75,2.7,192.5,1.5375,0,20,0
2022-10-16 13:30:00,8083,18.33,17.985,1016,67.5,2.83,195,1.025,0,20,0
2022-10-16 13:45:00,8149,18.275,17.9175,1016,67.25,2.96,197.5,0.5125,0,20,0
2022-10-16 14:00:00,7954,18.22,17.85,1016,67,3.09,200,0,0,20,0
2022-10-16 14:15:00,8042,18.2575,17.9025,1016,67.5,2.8325,187.5,0,0,20,0
2022-10-16 14:30:00,8103,18.295,17.955,1016,68,2.575,175,0,0,20,0
2022-10-16 14:45:00,7931,18.3325,18.0075,1016,68.5,2.3175,162.5,0,0,20,0
2022-10-16 15:00:00,8038,18.37,18.06,1016,69,2.06,150,0,0,20,0
2022-10-16 15:15:00,8061,18.325,18.0175,1015.75,69.25,1.93,142.5,0,0,20,0
2022-10-16 15:30:00,8114,18.28,17.975,1015.5,69.5,1.8,135,0,0,20,0
2022-10-16 15:45:00,8020,18.235,17.9325,1015.25,69.75,1.67,127.5,0,0,20,0
2022-10-16 16:00:00,8259,18.19,17.89,1015,70,1.54,120,0,0,20,0
2022-10-16 16:15:00,8189,17.9675,17.6775,1015,71.25,1.4125,115,0,0,15,0
2022-10-16 16:30:00,8402,17.745,17.465,1015,72.5,1.285,110,0,0,10,0
2022-10-16 16:45:00,8494,17.5225,17.2525,1015,73.75,1.1575,105,0,0,5,0
2022-10-16 17:00:00,8677,17.3,17.04,1015,75,1.03,100,0,0,0,0
2022-10-16 17:15:00,8632,17.005,16.755,1015,76.5,1.03,102.5,0.06,0,0,0
2022-10-16 17:30:00,8711,16.71,16.47,1015,78,1.03,105,0.12,0,0,0
2022-10-16 17:45:00,8975,16.415,16.185,1015,79.5,1.03,107.5,0.18,0,0,0
2022-10-16 18:00:00,9243,16.12,15.9,1015,81,1.03,110,0.24,0,0,0
2022-10-16 18:15:00,9152,15.8725,15.68,1015.25,83,0.9,82.5,0.18,0,5,0
2022-10-16 18:30:00,9055,15.625,15.46,1015.5,85,0.77,55,0.12,0,10,0
2022-10-16 18:45:00,9050,15.3775,15.24,1015.75,87,0.64,27.5,0.06,0,15,0
2022-10-16 19:00:00,8952,15.13,15.02,1016,89,0.51,0,0,0,20,0
2022-10-16 19:15:00,8656,14.995,14.8925,1016,89.75,0.64,0,0,0,15,0
2022-10-16 19:30:00,8484,14.86,14.765,1016,90.5,0.77,0,0,0,10,0
2022-10-16 19:45:00,8377,14.725,14.6375,1016,91.25,0.9,0,0,0,5,0
2022-10-16 20:00:00,8534,14.59,14.51,1016,92,1.03,0,0,0,0,0
2022-10-16 20:15:00,8321,14.525,14.445,1016,92.25,1.03,17.5,0,0,0,0
2022-10-16 20:30:00,8291,14.46,14.38,1016,92.5,1.03,35,0,0,0,0
2022-10-16 20:45:00,8144,14.395,14.315,1016,92.75,1.03,52.5,0,0,0,0
2022-10-16 21:00:00,8244,14.33,14.25,1016,93,1.03,70,0,0,0,0
2022-10-16 21:15:00,8186,14.3075,14.23,1016,93.25,1.1575,75,0,0,10,0
2022-10-16 21:30:00,8027,14.285,14.21,1016,93.5,1.285,80,0,0,20,0
2022-10-16 21:45:00,7981,14.2625,14.19,1016,93.75,1.4125,85,0,0,30,0
2022-10-16 22:00:00,7846,14.24,14.17,1016,94,1.54,90,0,0,40,0
2022-10-16 22:15:00,7723,14.2625,14.195,1015.75,94,1.67,97.5,0,0,40,0
2022-10-16 22:30:00,7535,14.285,14.22,1015.5,94,1.8,105,0,0,40,0
2022-10-16 22:45:00,7467,14.3075,14.245,1015.25,94,1.93,112.5,0,0,40,0
2022-10-16 23:00:00,7442,14.33,14.27,1015,94,2.06,120,0,0,40,0
2022-10-16 23:15:00,7190,14.1975,14.125,1015,94,2.1875,122.5,0,0,35,0
2022-10-16 23:30:00,7243,14.065,13.98,1015,94,2.315,125,0,0,30,0
2022-10-16 23:45:00,7103,13.9325,13.835,1015,94,2.4425,127.5,0,0,25,0
2022-10-17 00:00:00,7019,13.8,13.69,1015,94,2.57,130,0,0,20,0
2022-10-17 00:15:00,6890,13.935,13.845,1015,94.25,2.8275,137.5,0,0,20,0
2022-10-17 00:30:00,6632,14.07,14,1015,94.5,3.085,145,0,0,20,0
2022-10-17 00:45:00,6668,14.205,14.155,1015,94.75,3.3425,152.5,0,0,20,0
2022-10-17 01:00:00,6603,14.34,14.31,1015,95,3.6,160,0,0,20,0
2022-10-17 01:15:00,6550,14.51,14.49,1015,94.75,4.2425,162.5,0,0,15,0
2022-10-17 01:30:00,6424,14.68,14.67,1015,94.5,4.885,165,0,0,10,0
2022-10-17 01:45:00,6347,14.85,14.85,1015,94.25,5.5275,167.5,0,0,5,0
2022-10-17 02:00:00,6387,15.02,15.03,1015,94,6.17,170,0,0,0,0
2022-10-17 02:15:00,6272,15.105,15.125,1015,94,6.0425,172.5,0,0,0,0
2022-10-17 02:30:00,6273,15.19,15.22,1015,94,5.915,175,0,0,0,0
2022-10-17 02:45:00,6301,15.275,15.315,1015,94,5.7875,177.5,0,0,0,0
2022-10-17 03:00:00,6479,15.36,15.41,1015,94,5.66,180,0,0,0,0
2022-10-17 03:15:00,6550,15.65,15.7225,1015,93.75,5.66,180,0,0,0,0
2022-10-17 03:30:00,6645,15.94,16.035,1015,93.5,5.66,180,0,0,0,0
2022-10-17 03:45:00,6841,16.23,16.3475,1015,93.25,5.66,180,0,0,0,0
2022-10-17 04:00:00,7083,16.52,16.66,1015,93,5.66,180,0,0,0,0
2022-10-17 04:15:00,7207,16.6075,16.7475,1015,92.75,5.66,180,0,0,0,0
2022-10-17 04:30:00,7349,16.695,16.835,1015,92.5,5.66,180,0,0,0,0
2022-10-17 04:45:00,7485,16.7825,16.9225,1015,92.25,5.66,180,0,0,0,0
2022-10-17 05:00:00,7974,16.87,17.01,1015,92,5.66,180,0,0,0,0
2022-10-17 05:15:00,8068,16.875,17.01,1015,91.75,5.4025,180,0,0,0,0
2022-10-17 05:30:00,8343,16.88,17.01,1015,91.5,5.145,180,0,0,0,0
2022-10-17 05:45:00,8674,16.885,17.01,1015,91.25,4.8875,180,0,0,0,0
2022-10-17 06:00:00,8970,16.89,17.01,1015,91,4.63,180,0,0,0,0
2022-10-17 06:15:00,9276,16.9175,17.035,1015.25,90.75,4.7575,180,0,0,0,0
2022-10-17 06:30:00,9298,16.945,17.06,1015.5,90.5,4.885,180,0,0,0,0
2022-10-17 06:45:00,9459,16.9725,17.085,1015.75,90.25,5.0125,180,0,0,0,0
2022-10-17 07:00:00,9430,17,17.11,1016,90,5.14,180,0,0,0,0
2022-10-17 07:15:00,9547,17.155,17.26,1016.25,89.25,5.27,185,0,0,5,0
2022-10-17 07:30:00,9696,17.31,17.41,1016.5,88.5,5.4,190,0,0,10,0
2022-10-17 07:45:00,9949,17.465,17.56,1016.75,87.75,5.53,195,0,0,15,0
2022-10-17 08:00:00,10027,17.62,17.71,1017,87,5.66,200,0,0,20,0
2022-10-17 08:15:00,10089,17.49,17.5925,1017.5,88,5.4025,212.5,0.08,0,33.75,0
2022-10-17 08:30:00,10085,17.36,17.475,1018,89,5.145,225,0.16,0,47.5,0
2022-10-17 08:45:00,10151,17.23,17.3575,1018.5,90,4.8875,237.5,0.24,0,61.25,0
2022-10-17 09:00:00,10064,17.1,17.24,1019,91,4.63,250,0.32,0,75,0
2022-10-17 09:15:00,10007,17.02,17.165,1018.75,91.5,3.9875,232.5,0.24,0,75,0
2022-10-17 09:30:00,10077,16.94,17.09,1018.5,92,3.345,215,0.16,0,75,0
2022-10-17 09:45:00,10170,16.86,17.015,1018.25,92.5,2.7025,197.5,0.08,0,75,0
2022-10-17 10:00:00,10379,16.78,16.94,1018,93,2.06,180,0,0,75,0
2022-10-17 10:15:00,10495,16.785,16.94,1018.25,92.75,2.06,192.5,0,0,66.25,0
2022-10-17 10:30:00,10462,16.79,16.94,1018.5,92.5,2.06,205,0,0,57.5,0
2022-10-17 10:45:00,10440,16.795,16.94,1018.75,92.25,2.06,217.5,0,0,48.75,0
2022-10-17 11:00:00,10356,16.8,16.94,1019,92,2.06,230,0,0,40,0
2022-10-17 11:15:00,10234,16.85,16.995,1019.25,92,1.93,220,0,0,48.75,0
2022-10-17 11:30:00,10221,16.9,17.05,1019.5,92,1.8,210,0,0,57.5,0
2022-10-17 11:45:00,10186,16.95,17.105,1019.75,92,1.67,200,0,0,66.25,0
2022-10-17 12:00:00,10226,17,17.16,1020,92,1.54,190,0,0,75,0
2022-10-17 12:15:00,10231,17.195,17.3675,1020.25,91.75,2.185,202.5,0,0,75,0
2022-10-17 12:30:00,10121,17.39,17.575,1020.5,91.5,2.83,215,0,0,75,0
2022-10-17 12:45:00,10112,17.585,17.7825,1020.75,91.25,3.475,227.5,0,0,75,0
2022-10-17 13:00:00,10117,17.78,17.99,1021,91,4.12,240,0,0,75,0
2022-10-17 13:15:00,9967,17.76,17.9625,1021.25,90.75,4.12,240,0.0375,0,75,0
2022-10-17 13:30:00,9805,17.74,17.935,1021.5,90.5,4.12,240,0.075,0,75,0
2022-10-17 13:45:00,9697,17.72,17.9075,1021.75,90.25,4.12,240,0.1125,0,75,0
2022-10-17 14:00:00,9856,17.7,17.88,1022,90,4.12,240,0.15,0,75,0
2022-10-17 14:15:00,9860,17.785,17.96,1022,89.5,4.12,240,0.1125,0,61.25,0
2022-10-17 14:30:00,9770,17.87,18.04,1022,89,4.12,240,0.075,0,47.5,0
2022-10-17 14:45:00,9796,17.955,18.12,1022,88.5,4.12,240,0.0375,0,33.75,0
2022-10-17 15:00:00,9804,18.04,18.2,1022,88,4.12,240,0,0,20,0
2022-10-17 15:15:00,9784,18.04,18.1925,1022.25,87.75,3.99,237.5,0,0,15,0
2022-10-17 15:30:00,9715,18.04,18.185,1022.5,87.5,3.86,235,0,0,10,0
2022-10-17 15:45:00,9753,18.04,18.1775,1022.75,87.25,3.73,232.5,0,0,5,0
2022-10-17 16:00:00,9793,18.04,18.17,1023,87,3.6,230,0,0,0,0
2022-10-17 16:15:00,9843,17.865,17.985,1023,87.25,3.3425,220,0,0,5,0
2022-10-17 16:30:00,9970,17.69,17.8,1023,87.5,3.085,210,0,0,10,0
2022-10-17 16:45:00,10056,17.515,17.615,1023,87.75,2.8275,200,0,0,15,0
2022-10-17 17:00:00,10158,17.34,17.43,1023,88,2.57,190,0,0,20,0
2022-10-17 17:15:00,10174,17.1575,17.235,1023.25,88.25,2.3125,187.5,0,0,20,0
2022-10-17 17:30:00,10241,16.975,17.04,1023.5,88.5,2.055,185,0,0,20,0
2022-10-17 17:45:00,10312,16.7925,16.845,1023.75,88.75,1.7975,182.5,0,0,20,0
2022-10-17 18:00:00,10348,16.61,16.65,1024,89,1.54,180,0,0,20,0
2022-10-17 18:15:00,10205,16.5375,16.5775,1024,89.25,2.055,180,0,0,25,0
2022-10-17 18:30:00,10095,16.465,16.505,1024,89.5,2.57,180,0,0,30,0
2022-10-17 18:45:00,9989,16.3925,16.4325,1024,89.75,3.085,180,0,0,35,0
2022-10-17 19:00:00,10017,16.32,16.36,1024,90,3.6,180,0,0,40,0
2022-10-17 19:15:00,9785,16.2825,16.325,1024,90.25,3.73,182.5,0,0,30,0
2022-10-17 19:30:00,9644,16.245,16.29,1024,90.5,3.86,185,0,0,20,0
2022-10-17 19:45:00,9480,16.2075,16.255,1024,90.75,3.99,187.5,0,0,10,0
2022-10-17 20:00:00,9320,16.17,16.22,1024,91,4.12,190,0,0,0,0
2022-10-17 20:15:00,9156,16.1175,16.155,1024,90.75,3.605,192.5,0,0,5,0
2022-10-17 20:30:00,9028,16.065,16.09,1024,90.5,3.09,195,0,0,10,0
2022-10-17 20:45:00,8869,16.0125,16.025,1024,90.25,2.575,197.5,0,0,15,0
2022-10-17 21:00:00,8760,15.96,15.96,1024,90,2.06,200,0,0,20,0
2022-10-17 21:15:00,8748,15.855,15.8575,1024.25,90.5,1.8025,207.5,0,0,20,0
2022-10-17 21:30:00,8757,15.75,15.755,1024.5,91,1.545,215,0,0,20,0
2022-10-17 21:45:00,8727,15.645,15.6525,1024.75,91.5,1.2875,222.5,0,0,20,0
2022-10-17 22:00:00,8510,15.54,15.55,1025,92,1.03,230,0,0,20,0
2022-10-17 22:15:00,8489,15.4675,15.47,1025,92,1.1575,220,0,0,40,0
2022-10-17 22:30:00,8234,15.395,15.39,1025,92,1.285,210,0,0,60,0
2022-10-17 22:45:00,8103,15.3225,15.31,1025,92,1.4125,200,0,0,80,0
2022-10-17 23:00:00,8076,15.25,15.23,1025,92,1.54,190,0,0,100,0
2022-10-17 23:15:00,7919,15.175,15.1425,1025,91.75,1.54,190,0,0,93.75,0
2022-10-17 23:30:00,7746,15.1,15.055,1025,91.5,1.54,190,0,0,87.5,0
2022-10-17 23:45:00,7729,15.025,14.9675,1025,91.25,1.54,190,0,0,81.25,0
2022-10-18 00:00:00,7601,14.95,14.88,1025,91,1.54,190,0,0,75,0
2022-10-18 00:15:00,7498,14.96,14.9025,1025,91.5,1.4125,187.5,0,0,75,0
2022-10-18 00:30:00,7495,14.97,14.925,1025,92,1.285,185,0,0,75,0
2022-10-18 00:45:00,7423,14.98,14.9475,1025,92.5,1.1575,182.5,0,0,75,0
2022-10-18 01:00:00,7501,14.99,14.97,1025,93,1.03,180,0,0,75,0
2022-10-18 01:15:00,7360,14.9775,14.9575,1025,93,0.9,135,0,0,75,0
2022-10-18 01:30:00,7327,14.965,14.945,1025,93,0.77,90,0,0,75,0
2022-10-18 01:45:00,7291,14.9525,14.9325,1025,93,0.64,45,0,0,75,0
2022-10-18 02:00:00,7286,14.94,14.92,1025,93,0.51,0,0,0,75,0
2022-10-18 02:15:00,7286,14.795,14.7675,1025.25,93.25,0.51,55,0,0,75,0
2022-10-18 02:30:00,7301,14.65,14.615,1025.5,93.5,0.51,110,0,0,75,0
2022-10-18 02:45:00,7328,14.505,14.4625,1025.75,93.75,0.51,165,0,0,75,0
2022-10-18 03:00:00,7308,14.36,14.31,1026,94,0.51,220,0,0,75,0
2022-10-18 03:15:00,7343,14.35,14.305,1026,94.25,0.51,165,0,0,75,0
2022-10-18 03:30:00,7389,14.34,14.3,1026,94.5,0.51,110,0,0,75,0
2022-10-18 03:45:00,7502,14.33,14.295,1026,94.75,0.51,55,0,0,75,0
2022-10-18 04:00:00,7632,14.32,14.29,1026,95,0.51,0,0,0,75,0
2022-10-18 04:15:00,7701,14.4025,14.3675,1026,94.5,0.51,72.5,0,0,75,0
2022-10-18 04:30:00,7741,14.485,14.445,1026,94,0.51,145,0,0,75,0
2022-10-18 04:45:00,7985,14.5675,14.5225,1026,93.5,0.51,217.5,0,0,75,0
2022-10-18 05:00:00,8379,14.65,14.6,1026,93,0.51,290,0,0,75,0
2022-10-18 05:15:00,8526,14.6375,14.5925,1026,93.25,0.51,217.5,0,0,75,0
2022-10-18 05:30:00,8893,14.625,14.585,1026,93.5,0.51,145,0,0,75,0
2022-10-18 05:45:00,9250,14.6125,14.5775,1026,93.75,0.51,72.5,0,0,75,0
2022-10-18 06:00:00,9627,14.6,14.57,1026,94,0.51,0,0,0,75,0
2022-10-18 06:15:00,9753,14.54,14.505,1026,94,0.64,0,0,0,66.25,0
2022-10-18 06:30:00,9891,14.48,14.44,1026,94,0.77,0,0,0,57.5,0
2022-10-18 06:45:00,9967,14.42,14.375,1026,94,0.9,0,0,0,48.75,0
2022-10-18 07:00:00,9959,14.36,14.31,1026,94,1.03,0,0,0,40,0
2022-10-18 07:15:00,9891,14.1775,14.1025,1026.25,93.75,0.7725,0,0,0,35,0
2022-10-18 07:30:00,10018,13.995,13.895,1026.5,93.5,0.515,0,0,0,30,0
2022-10-18 07:45:00,10002,13.8125,13.6875,1026.75,93.25,0.2575,0,0,0,25,0
2022-10-18 08:00:00,10063,13.63,13.48,1027,93,0,0,0,0,20,0
2022-10-18 08:15:00,10106,13.95,13.8375,1027,93.25,0,0,0,0,20,0
2022-10-18 08:30:00,10242,14.27,14.195,1027,93.5,0,0,0,0,20,0
2022-10-18 08:45:00,10269,14.59,14.5525,1027,93.75,0,0,0,0,20,0
2022-10-18 09:00:00,10289,14.91,14.91,1027,94,0,0,0,0,20,0
2022-10-18 09:15:00,10201,15.1575,15.1625,1027.25,93.25,0.385,7.5,0,0,20,0
2022-10-18 09:30:00,10256,15.405,15.415,1027.5,92.5,0.77,15,0,0,20,0
2022-10-18 09:45:00,10250,15.6525,15.6675,1027.75,91.75,1.155,22.5,0,0,20,0
2022-10-18 10:00:00,10197,15.9,15.92,1028,91,1.54,30,0,0,20,0
2022-10-18 10:15:00,10152,16.24,16.255,1028,89.5,1.67,27.5,0,0,20,0
2022-10-18 10:30:00,10226,16.58,16.59,1028,88,1.8,25,0,0,20,0
2022-10-18 10:45:00,10212,16.92,16.925,1028,86.5,1.93,22.5,0,0,20,0
2022-10-18 11:00:00,9937,17.26,17.26,1028,85,2.06,20,0,0,20,0
2022-10-18 11:15:00,9773,17.4025,17.3725,1028.25,83.25,1.93,27.5,0,0,20,0
2022-10-18 11:30:00,9791,17.545,17.485,1028.5,81.5,1.8,35,0,0,20,0
2022-10-18 11:45:00,9775,17.6875,17.5975,1028.75,79.75,1.67,42.5,0,0,20,0
2022-10-18 12:00:00,9806,17.83,17.71,1029,78,1.54,50,0,0,20,0
2022-10-18 12:15:00,9788,18.085,17.9425,1028.75,76.25,1.2825,37.5,0,0,20,0
2022-10-18 12:30:00,9692,18.34,18.175,1028.5,74.5,1.025,25,0,0,20,0
2022-10-18 12:45:00,9664,18.595,18.4075,1028.25,72.75,0.7675,12.5,0,0,20,0
2022-10-18 13:00:00,9492,18.85,18.64,1028,71,0.51,0,0,0,20,0
2022-10-18 13:15:00,9612,19.075,18.8625,1028,70,0.7675,2.5,0,0,20,0
2022-10-18 13:30:00,9432,19.3,19.085,1028,69,1.025,5,0,0,20,0
2022-10-18 13:45:00,9461,19.525,19.3075,1028,68,1.2825,7.5,0,0,20,0
2022-10-18 14:00:00,9489,19.75,19.53,1028,67,1.54,10,0,0,20,0
2022-10-18 14:15:00,9373,19.61,19.375,1028,67,1.67,97.5,0,0,20,0
2022-10-18 14:30:00,9351,19.47,19.22,1028,67,1.8,185,0,0,20,0
2022-10-18 14:45:00,9257,19.33,19.065,1028,67,1.93,272.5,0,0,20,0
2022-10-18 15:00:00,9243,19.19,18.91,1028,67,2.06,360,0,0,20,0
2022-10-18 15:15:00,9289,19.2825,19,1028,66.5,2.06,280,0,0,20,0
2022-10-18 15:30:00,9372,19.375,19.09,1028,66,2.06,200,0,0,20,0
2022-10-18 15:45:00,9335,19.4675,19.18,1028,65.5,2.06,120,0,0,20,0
2022-10-18 16:00:00,9447,19.56,19.27,1028,65,2.06,40,0,0,20,0
2022-10-18 16:15:00,9593,19.2175,18.925,1028,66.25,2.06,35,0,0,20,0
2022-10-18 16:30:00,9637,18.875,18.58,1028,67.5,2.06,30,0,0,20,0
2022-10-18 16:45:00,9730,18.5325,18.235,1028,68.75,2.06,25,0,0,20,0
2022-10-18 17:00:00,9799,18.19,17.89,1028,70,2.06,20,0,0,20,0
2022-10-18 17:15:00,9978,17.5475,17.23,1028,71.75,2.1875,25,0,0,15,0
2022-10-18 17:30:00,10066,16.905,16.57,1028,73.5,2.315,30,0,0,10,0
2022-10-18 17:45:00,10051,16.2625,15.91,1028,75.25,2.4425,35,0,0,5,0
2022-10-18 18:00:00,10235,15.62,15.25,1028,77,2.57,40,0,0,0,0
2022-10-18 18:15:00,10089,15.29,14.9125,1028,78,2.57,42.5,0,0,0,0
2022-10-18 18:30:00,10110,14.96,14.575,1028,79,2.57,45,0,0,0,0
2022-10-18 18:45:00,9925,14.63,14.2375,1028,80,2.57,47.5,0,0,0,0
2022-10-18 19:00:00,9879,14.3,13.9,1028,81,2.57,50,0,0,0,0
2022-10-18 19:15:00,9687,13.905,13.4925,1028.25,82,2.3125,52.5,0,0,0,0
2022-10-18 19:30:00,9592,13.51,13.085,1028.5,83,2.055,55,0,0,0,0
2022-10-18 19:45:00,9392,13.115,12.6775,1028.75,84,1.7975,57.5,0,0,0,0
2022-10-18 20:00:00,9258,12.72,12.27,1029,85,1.54,60,0,0,0,0
2022-10-18 20:15:00,9059,12.5325,12.0625,1028.75,85,1.54,60,0,0,0,0
2022-10-18 20:30:00,8886,12.345,11.855,1028.5,85,1.54,60,0,0,0,0
2022-10-18 20:45:00,8634,12.1575,11.6475,1028.25,85,1.54,60,0,0,0,0
2022-10-18 21:00:00,8743,11.97,11.44,1028,85,1.54,60,0,0,0,0
2022-10-18 21:15:00,8709,11.805,11.2725,1028,85.5,1.4125,62.5,0,0,0,0
2022-10-18 21:30:00,8694,11.64,11.105,1028,86,1.285,65,0,0,0,0
2022-10-18 21:45:00,8546,11.475,10.9375,1028,86.5,1.1575,67.5,0,0,0,0
2022-10-18 22:00:00,8579,11.31,10.77,1028,87,1.03,70,0,0,0,0
2022-10-18 22:15:00,8431,11.085,10.535,1028,87.5,0.9,52.5,0,0,0,0
2022-10-18 22:30:00,8125,10.86,10.3,1028,88,0.77,35,0,0,0,0
2022-10-18 22:45:00,7949,10.635,10.065,1028,88.5,0.64,17.5,0,0,0,0
2022-10-18 23:00:00,7885,10.41,9.83,1028,89,0.51,0,0,0,0,0
2022-10-18 23:15:00,7712,10.34,9.765,1028,89.5,0.64,17.5,0,0,0,0
2022-10-18 23:30:00,7661,10.27,9.7,1028,90,0.77,35,0,0,0,0
2022-10-18 23:45:00,7475,10.2,9.635,1028,90.5,0.9,52.5,0,0,0,0
2022-10-19 00:00:00,7621,10.13,9.57,1028,91,1.03,70,0,0,0,0
2022-10-19 00:15:00,7404,10.0575,9.6375,1028,91,1.03,77.5,0,0,0,0
2022-10-19 00:30:00,7329,9.985,9.705,1028,91,1.03,85,0,0,0,0
2022-10-19 00:45:00,7248,9.9125,9.7725,1028,91,1.03,92.5,0,0,0,0
2022-10-19 01:00:00,7255,9.84,9.84,1028,91,1.03,100,0,0,0,0
2022-10-19 01:15:00,7250,9.7575,9.6425,1027.75,91.5,1.1575,95,0,0,0,0
2022-10-19 01:30:00,7249,9.675,9.445,1027.5,92,1.285,90,0,0,0,0
2022-10-19 01:45:00,7139,9.5925,9.2475,1027.25,92.5,1.4125,85,0,0,0,0
2022-10-19 02:00:00,7253,9.51,9.05,1027,93,1.54,80,0,0,0,0
2022-10-19 02:15:00,7205,9.4675,9.1225,1027,92.75,1.4125,77.5,0,0,0,0
2022-10-19 02:30:00,7139,9.425,9.195,1027,92.5,1.285,75,0,0,0,0
2022-10-19 02:45:00,7071,9.3825,9.2675,1027,92.25,1.1575,72.5,0,0,0,0
2022-10-19 03:00:00,7123,9.34,9.34,1027,92,1.03,70,0,0,0,0
2022-10-19 03:15:00,7147,9.205,9.065,1027,92.5,1.1575,70,0,0,0,0
2022-10-19 03:30:00,7276,9.07,8.79,1027,93,1.285,70,0,0,0,0
2022-10-19 03:45:00,7404,8.935,8.515,1027,93.5,1.4125,70,0,0,0,0
2022-10-19 04:00:00,7448,8.8,8.24,1027,94,1.54,70,0,0,0,0
2022-10-19 04:15:00,7532,8.7325,8.1625,1026.75,94,1.54,72.5,0,0,23.75,0
2022-10-19 04:30:00,7598,8.665,8.085,1026.5,94,1.54,75,0,0,47.5,0
2022-10-19 04:45:00,7820,8.5975,8.0075,1026.25,94,1.54,77.5,0,0,71.25,0
2022-10-19 05:00:00,8124,8.53,7.93,1026,94,1.54,80,0,0,95,0
2022-10-19 05:15:00,8578,8.4475,7.9975,1026,94,1.4125,60,0,0,95.25,0
2022-10-19 05:30:00,8711,8.365,8.065,1026,94,1.285,40,0,0,95.5,0
2022-10-19 05:45:00,9033,8.2825,8.1325,1026,94,1.1575,20,0,0,95.75,0
2022-10-19 06:00:00,9140,8.2,8.2,1026,94,1.03,0,0,0,96,0
2022-10-19 06:15:00,9466,8.0575,8.0575,1026,94,1.03,17.5,0,0,79.75,0
2022-10-19 06:30:00,9649,7.915,7.915,1026,94,1.03,35,0,0,63.5,0
2022-10-19 06:45:00,9672,7.7725,7.7725,1026,94,1.03,52.5,0,0,47.25,0
2022-10-19 07:00:00,9808,7.63,7.63,1026,94,1.03,70,0,0,31,0
2022-10-19 07:15:00,9833,7.775,7.6125,1026,93.75,1.1575,72.5,0,0,33.75,0
2022-10-19 07:30:00,9995,7.92,7.595,1026,93.5,1.285,75,0,0,36.5,0
2022-10-19 07:45:00,9988,8.065,7.5775,1026,93.25,1.4125,77.5,0,0,39.25,0
2022-10-19 08:00:00,10104,8.21,7.56,1026,93,1.54,80,0,0,42,0
2022-10-19 08:15:00,9976,8.6025,7.8,1026,93.5,1.7975,82.5,0,0,45,0
2022-10-19 08:30:00,10078,8.995,8.04,1026,94,2.055,85,0,0,48,0
2022-10-19 08:45:00,10141,9.3875,8.28,1026,94.5,2.3125,87.5,0,0,51,0
2022-10-19 09:00:00,10178,9.78,8.52,1026,95,2.57,90,0,0,54,0
2022-10-19 09:15:00,10160,10.235,9.1675,1025.75,93.25,2.8275,87.5,0,0,40.5,0
2022-10-19 09:30:00,10226,10.69,9.815,1025.5,91.5,3.085,85,0,0,27,0
2022-10-19 09:45:00,10212,11.145,10.4625,1025.25,89.75,3.3425,82.5,0,0,13.5,0
2022-10-19 10:00:00,10159,11.6,11.11,1025,88,3.6,80,0,0,0,0
2022-10-19 10:15:00,10087,12.125,11.6425,1025,86.25,3.73,80,0,0,0,0
2022-10-19 10:30:00,10201,12.65,12.175,1025,84.5,3.86,80,0,0,0,0
2022-10-19 10:45:00,10138,13.175,12.7075,1025,82.75,3.99,80,0,0,0,0
2022-10-19 11:00:00,9999,13.7,13.24,1025,81,4.12,80,0,0,0,0
2022-10-19 11:15:00,9828,14.0325,13.5725,1024.75,79.75,4.375,80,0,0,0,0
2022-10-19 11:30:00,9724,14.365,13.905,1024.5,78.5,4.63,80,0,0,0,0
2022-10-19 11:45:00,9630,14.6975,14.2375,1024.25,77.25,4.885,80,0,0,0,0
2022-10-19 12:00:00,9614,15.03,14.57,1024,76,5.14,80,0,0,0,0
2022-10-19 12:15:00,9568,15.2975,14.8525,1023.75,75.5,5.0125,82.5,0,0,0,0
2022-10-19 12:30:00,9671,15.565,15.135,1023.5,75,4.885,85,0,0,0,0
2022-10-19 12:45:00,9578,15.8325,15.4175,1023.25,74.5,4.7575,87.5,0,0,0,0
2022-10-19 13:00:00,9625,16.1,15.7,1023,74,4.63,90,0,0,0,0
2022-10-19 13:15:00,9505,16.34,15.945,1022.75,73.25,4.63,90,0,0,0,0
2022-10-19 13:30:00,9318,16.58,16.19,1022.5,72.5,4.63,90,0,0,0,0
2022-10-19 13:45:00,9287,16.82,16.435,1022.25,71.75,4.63,90,0,0,0,0
2022-10-19 14:00:00,9516,17.06,16.68,1022,71,4.63,90,0,0,0,0
2022-10-19 14:15:00,9664,17.07,16.6825,1022,70.75,4.63,87.5,0,0,0,0
2022-10-19 14:30:00,9470,17.08,16.685,1022,70.5,4.63,85,0,0,0,0
2022-10-19 14:45:00,9352,17.09,16.6875,1022,70.25,4.63,82.5,0,0,0,0
2022-10-19 15:00:00,9396,17.1,16.69,1022,70,4.63,80,0,0,0,0
2022-10-19 15:15:00,9335,16.9075,16.4925,1021.75,70.5,4.5025,80,0,0,0,0
2022-10-19 15:30:00,9461,16.715,16.295,1021.5,71,4.375,80,0,0,0,0
2022-10-19 15:45:00,9532,16.5225,16.0975,1021.25,71.5,4.2475,80,0,0,0,0
2022-10-19 16:00:00,9639,16.33,15.9,1021,72,4.12,80,0,0,0,0
2022-10-19 16:15:00,9683,16.0575,15.625,1020.75,73,4.12,82.5,0,0,0,0
2022-10-19 16:30:00,9746,15.785,15.35,1020.5,74,4.12,85,0,0,0,0
2022-10-19 16:45:00,9907,15.5125,15.075,1020.25,75,4.12,87.5,0,0,0,0
2022-10-19 17:00:00,9867,15.24,14.8,1020,76,4.12,90,0,0,0,0
2022-10-19 17:15:00,10068,14.955,14.5275,1019.75,77.5,4.12,90,0,0,0,0
2022-10-19 17:30:00,10024,14.67,14.255,1019.5,79,4.12,90,0,0,0,0
2022-10-19 17:45:00,10178,14.385,13.9825,1019.25,80.5,4.12,90,0,0,0,0
2022-10-19 18:00:00,10230,14.1,13.71,1019,82,4.12,90,0,0,0,0
2022-10-19 18:15:00,10149,13.92,13.545,1019,83.25,3.8625,90,0,0,0,0
2022-10-19 18:30:00,10045,13.74,13.38,1019,84.5,3.605,90,0,0,0,0
2022-10-19 18:45:00,9918,13.56,13.215,1019,85.75,3.3475,90,0,0,0,0
2022-10-19 19:00:00,9805,13.38,13.05,1019,87,3.09,90,0,0,0,0
2022-10-19 19:15:00,9607,13.2625,12.94,1018.75,87.75,3.09,90,0,0,0,0
2022-10-19 19:30:00,9564,13.145,12.83,1018.5,88.5,3.09,90,0,0,0,0
2022-10-19 19:45:00,9303,13.0275,12.72,1018.25,89.25,3.09,90,0,0,0,0
2022-10-19 20:00:00,9183,12.91,12.61,1018,90,3.09,90,0,0,0,0
2022-10-19 20:15:00,9054,12.8525,12.54,1018,89.75,3.09,90,0,0,0,0
2022-10-19 20:30:00,8835,12.795,12.47,1018,89.5,3.09,90,0,0,0,0
2022-10-19 20:45:00,8822,12.7375,12.4,1018,89.25,3.09,90,0,0,0,0
2022-10-19 21:00:00,8909,12.68,12.33,1018,89,3.09,90,0,0,0,0
2022-10-19 21:15:00,8806,12.5775,12.2225,1017.75,89.25,2.96,92.5,0,0,0,0
2022-10-19 21:30:00,8642,12.475,12.115,1017.5,89.5,2.83,95,0,0,0,0
2022-10-19 21:45:00,8668,12.3725,12.0075,1017.25,89.75,2.7,97.5,0,0,0,0
2022-10-19 22:00:00,8583,12.27,11.9,1017,90,2.57,100,0,0,0,0
2022-10-19 22:15:00,8299,12.225,11.85,1017,90,2.8275,102.5,0,0,0,0
2022-10-19 22:30:00,8183,12.18,11.8,1017,90,3.085,105,0,0,0,0
2022-10-19 22:45:00,8127,12.135,11.75,1017,90,3.3425,107.5,0,0,0,0
2022-10-19 23:00:00,7991,12.09,11.7,1017,90,3.6,110,0,0,0,0
2022-10-19 23:15:00,7961,12.0175,11.6275,1016.75,90.25,3.215,107.5,0,0,0,0
2022-10-19 23:30:00,7776,11.945,11.555,1016.5,90.5,2.83,105,0,0,0,0
2022-10-19 23:45:00,7785,11.8725,11.4825,1016.25,90.75,2.445,102.5,0,0,0,0
2022-10-20 00:00:00,7702,11.8,11.41,1016,91,2.06,100,0,0,0,0
2022-10-20 00:15:00,7703,11.605,11.21,1015.75,91.5,1.93,102.5,0,0,0,0
2022-10-20 00:30:00,7530,11.41,11.01,1015.5,92,1.8,105,0,0,0,0
2022-10-20 00:45:00,7509,11.215,10.81,1015.25,92.5,1.67,107.5,0,0,0,0
2022-10-20 01:00:00,7336,11.02,10.61,1015,93,1.54,110,0,0,0,0
2022-10-20 01:15:00,7363,10.95,10.5375,1015,93.25,1.54,105,0,0,0,0
2022-10-20 01:30:00,7344,10.88,10.465,1015,93.5,1.54,100,0,0,0,0
2022-10-20 01:45:00,7294,10.81,10.3925,1015,93.75,1.54,95,0,0,0,0
2022-10-20 02:00:00,7367,10.74,10.32,1015,94,1.54,90,0,0,0,0
2022-10-20 02:15:00,7298,10.7975,10.3775,1014.75,93.75,1.54,90,0,0,0,0
2022-10-20 02:30:00,7274,10.855,10.435,1014.5,93.5,1.54,90,0,0,0,0
2022-10-20 02:45:00,7239,10.9125,10.4925,1014.25,93.25,1.54,90,0,0,0,0
2022-10-20 03:00:00,7325,10.97,10.55,1014,93,1.54,90,0,0,0,0
2022-10-20 03:15:00,7396,10.97,10.55,1013.75,93,1.4125,67.5,0,0,0,0
2022-10-20 03:30:00,7215,10.97,10.55,1013.5,93,1.285,45,0,0,0,0
2022-10-20 03:45:00,7345,10.97,10.55,1013.25,93,1.1575,22.5,0,0,0,0
2022-10-20 04:00:00,7548,10.97,10.55,1013,93,1.03,0,0,0,0,0
2022-10-20 04:15:00,7644,10.925,10.5,1013,93,1.1575,37.5,0,0,0,0
2022-10-20 04:30:00,7691,10.88,10.45,1013,93,1.285,75,0,0,0,0
2022-10-20 04:45:00,7838,10.835,10.4,1013,93,1.4125,112.5,0,0,0,0
2022-10-20 05:00:00,8180,10.79,10.35,1013,93,1.54,150,0,0,0,0
2022-10-20 05:15:00,8595,10.76,10.3175,1012.75,93,1.67,142.5,0,0,0,0
2022-10-20 05:30:00,8789,10.73,10.285,1012.5,93,1.8,135,0,0,0,0
2022-10-20 05:45:00,9183,10.7,10.2525,1012.25,93,1.93,127.5,0,0,0,0
2022-10-20 06:00:00,9348,10.67,10.22,1012,93,2.06,120,0,0,0,0
2022-10-20 06:15:00,9768,10.8325,10.405,1011.75,93.25,2.06,117.5,0,0,0,0
2022-10-20 06:30:00,9923,10.995,10.59,1011.5,93.5,2.06,115,0,0,0,0
2022-10-20 06:45:00,10059,11.1575,10.775,1011.25,93.75,2.06,112.5,0,0,0,0
2022-10-20 07:00:00,9996,11.32,10.96,1011,94,2.06,110,0,0,0,0
2022-10-20 07:15:00,10020,11.56,11.225,1011,94,2.3175,122.5,0,0,0,0
2022-10-20 07:30:00,9999,11.8,11.49,1011,94,2.575,135,0,0,0,0
2022-10-20 07:45:00,10150,12.04,11.755,1011,94,2.8325,147.5,0,0,0,0
2022-10-20 08:00:00,10212,12.28,12.02,1011,94,3.09,160,0,0,0,0
2022-10-20 08:15:00,10335,12.61,12.3825,1011.25,94,3.2175,165,0,0,0,0
2022-10-20 08:30:00,10201,12.94,12.745,1011.5,94,3.345,170,0,0,0,0
2022-10-20 08:45:00,10343,13.27,13.1075,1011.75,94,3.4725,175,0,0,0,0
2022-10-20 09:00:00,10358,13.6,13.47,1012,94,3.6,180,0,0,0,0
2022-10-20 09:15:00,10332,13.785,13.6675,1011.75,93.75,3.4725,182.5,0.0525,0,5,0
2022-10-20 09:30:00,10462,13.97,13.865,1011.5,93.5,3.345,185,0.105,0,10,0
2022-10-20 09:45:00,10520,14.155,14.0625,1011.25,93.25,3.2175,187.5,0.1575,0,15,0
2022-10-20 10:00:00,10413,14.34,14.26,1011,93,3.09,190,0.21,0,20,0
2022-10-20 10:15:00,10488,14.4925,14.435,1011,93.25,3.3475,180,0.1575,0,40,0
2022-10-20 10:30:00,10434,14.645,14.61,1011,93.5,3.605,170,0.105,0,60,0
2022-10-20 10:45:00,10589,14.7975,14.785,1011,93.75,3.8625,160,0.0525,0,80,0
2022-10-20 11:00:00,10264,14.95,14.96,1011,94,4.12,150,0,0,100,0
2022-10-20 11:15:00,10146,15.23,15.2675,1011,94,4.2475,157.5,0,0,85,0
2022-10-20 11:30:00,9998,15.51,15.575,1011,94,4.375,165,0,0,70,0
2022-10-20 11:45:00,9927,15.79,15.8825,1011,94,4.5025,172.5,0,0,55,0
2022-10-20 12:00:00,9884,16.07,16.19,1011,94,4.63,180,0,0,40,0
2022-10-20 12:15:00,9889,16.635,16.7775,1011,92.75,4.63,180,0,0,35,0
2022-10-20 12:30:00,9840,17.2,17.365,1011,91.5,4.63,180,0,0,30,0
2022-10-20 12:45:00,9812,17.765,17.9525,1011,90.25,4.63,180,0,0,25,0
2022-10-20 13:00:00,9781,18.33,18.54,1011,89,4.63,180,0,0,20,0
2022-10-20 13:15:00,9553,18.75,18.9375,1010.75,86.5,4.7575,185,0,0,20,0
2022-10-20 13:30:00,9541,19.17,19.335,1010.5,84,4.885,190,0,0,20,0
2022-10-20 13:45:00,9384,19.59,19.7325,1010.25,81.5,5.0125,195,0,0,20,0
2022-10-20 14:00:00,9487,20.01,20.13,1010,79,5.14,200,0,0,20,0
2022-10-20 14:15:00,9632,20.1375,20.225,1010,77.25,4.755,200,0,0,20,0
2022-10-20 14:30:00,9461,20.265,20.32,1010,75.5,4.37,200,0,0,20,0
2022-10-20 14:45:00,9306,20.3925,20.415,1010,73.75,3.985,200,0,0,20,0
2022-10-20 15:00:00,9265,20.52,20.51,1010,72,3.6,200,0,0,20,0
2022-10-20 15:15:00,9266,20.595,20.5975,1009.75,72.25,3.3425,197.5,0,0,20,0
2022-10-20 15:30:00,9214,20.67,20.685,1009.5,72.5,3.085,195,0,0,20,0
2022-10-20 15:45:00,9304,20.745,20.7725,1009.25,72.75,2.8275,192.5,0,0,20,0
2022-10-20 16:00:00,9453,20.82,20.86,1009,73,2.57,190,0,0,20,0
2022-10-20 16:15:00,9618,20.48,20.5125,1009,74,2.7,182.5,0,0,20,0
2022-10-20 16:30:00,9800,20.14,20.165,1009,75,2.83,175,0,0,20,0
2022-10-20 16:45:00,9929,19.8,19.8175,1009,76,2.96,167.5,0,0,20,0
2022-10-20 17:00:00,10003,19.46,19.47,1009,77,3.09,160,0,0,20,0
2022-10-20 17:15:00,10043,19.0975,19.105,1009,78.25,3.2175,160,0,0,15,0
2022-10-20 17:30:00,10126,18.735,18.74,1009,79.5,3.345,160,0,0,10,0
2022-10-20 17:45:00,10338,18.3725,18.375,1009,80.75,3.4725,160,0,0,5,0
2022-10-20 18:00:00,10379,18.01,18.01,1009,82,3.6,160,0,0,0,0
2022-10-20 18:15:00,10448,17.995,18.0125,1008.75,82.75,3.8575,157.5,0,0,0,0
2022-10-20 18:30:00,10347,17.98,18.015,1008.5,83.5,4.115,155,0,0,0,0
2022-10-20 18:45:00,10242,17.965,18.0175,1008.25,84.25,4.3725,152.5,0,0,0,0
2022-10-20 19:00:00,10051,17.95,18.02,1008,85,4.63,150,0,0,0,0
2022-10-20 19:15:00,9855,17.81,17.865,1008,85,4.245,152.5,0,0,0,0
2022-10-20 19:30:00,9723,17.67,17.71,1008,85,3.86,155,0,0,0,0
2022-10-20 19:45:00,9720,17.53,17.555,1008,85,3.475,157.5,0,0,0,0
2022-10-20 20:00:00,9560,17.39,17.4,1008,85,3.09,160,0,0,0,0
2022-10-20 20:15:00,9352,17.32,17.33,1007.75,85.25,3.2175,160,0,0,0,0
2022-10-20 20:30:00,9345,17.25,17.26,1007.5,85.5,3.345,160,0,0,0,0
2022-10-20 20:45:00,9182,17.18,17.19,1007.25,85.75,3.4725,160,0,0,0,0
2022-10-20 21:00:00,9171,17.11,17.12,1007,86,3.6,160,0,0,0,0
2022-10-20 21:15:00,9146,17.125,17.1425,1007.25,86.25,3.6,162.5,0,0,0,0
2022-10-20 21:30:00,9139,17.14,17.165,1007.5,86.5,3.6,165,0,0,0,0
2022-10-20 21:45:00,8971,17.155,17.1875,1007.75,86.75,3.6,167.5,0,0,0,0
2022-10-20 22:00:00,8948,17.17,17.21,1008,87,3.6,170,0,0,0,0
2022-10-20 22:15:00,8636,17.1425,17.1875,1007.75,87.25,3.73,167.5,0,0,0,0
2022-10-20 22:30:00,8506,17.115,17.165,1007.5,87.5,3.86,165,0,0,0,0
2022-10-20 22:45:00,8433,17.0875,17.1425,1007.25,87.75,3.99,162.5,0,0,0,0
2022-10-20 23:00:00,8299,17.06,17.12,1007,88,4.12,160,0,0,0,0
2022-10-20 23:15:00,8205,17.0025,17.05,1007,87.75,4.505,162.5,0,0,0,0
2022-10-20 23:30:00,8225,16.945,16.98,1007,87.5,4.89,165,0,0,0,0
2022-10-20 23:45:00,7973,16.8875,16.91,1007,87.25,5.275,167.5,0,0,0,0
2022-10-21 00:00:00,7808,16.83,16.84,1007,87,5.66,170,0,0,0,0
2022-10-21 00:15:00,7904,16.6125,16.595,1007.25,86.75,5.53,177.5,0,0,0,0
2022-10-21 00:30:00,7844,16.395,16.35,1007.5,86.5,5.4,185,0,0,0,0
2022-10-21 00:45:00,7471,16.1775,16.105,1007.75,86.25,5.27,192.5,0,0,0,0
2022-10-21 01:00:00,7519,15.96,15.86,1008,86,5.14,200,0,0,0,0
2022-10-21 01:15:00,7427,15.775,15.65,1007.75,85.75,4.885,197.5,0,0,0,0
2022-10-21 01:30:00,7487,15.59,15.44,1007.5,85.5,4.63,195,0,0,0,0
2022-10-21 01:45:00,7480,15.405,15.23,1007.25,85.25,4.375,192.5,0,0,0,0
2022-10-21 02:00:00,7542,15.22,15.02,1007,85,4.12,190,0,0,0,0
2022-10-21 02:15:00,7488,15.025,14.8125,1006.75,85.25,3.99,190,0,0,0,0
2022-10-21 02:30:00,7563,14.83,14.605,1006.5,85.5,3.86,190,0,0,0,0
2022-10-21 02:45:00,7448,14.635,14.3975,1006.25,85.75,3.73,190,0,0,0,0
2022-10-21 03:00:00,7503,14.44,14.19,1006,86,3.6,190,0,0,0,0
2022-10-21 03:15:00,7528,14.22,13.96,1006,86.5,3.3425,187.5,0,0,0,0
2022-10-21 03:30:00,7608,14,13.73,1006,87,3.085,185,0,0,0,0
2022-10-21 03:45:00,7698,13.78,13.5,1006,87.5,2.8275,182.5,0,0,0,0
2022-10-21 04:00:00,7889,13.56,13.27,1006,88,2.57,180,0,0,0,0
2022-10-21 04:15:00,7890,13.45,13.155,1006,88.25,2.57,182.5,0,0,0,0
2022-10-21 04:30:00,7923,13.34,13.04,1006,88.5,2.57,185,0,0,0,0
2022-10-21 04:45:00,8026,13.23,12.925,1006,88.75,2.57,187.5,0,0,0,0
2022-10-21 05:00:00,8433,13.12,12.81,1006,89,2.57,190,0,0,0,0
2022-10-21 05:15:00,8661,13.1875,12.89,1006,89.25,3.085,187.5,0,0,0,0
2022-10-21 05:30:00,8825,13.255,12.97,1006,89.5,3.6,185,0,0,0,0
2022-10-21 05:45:00,9242,13.3225,13.05,1006,89.75,4.115,182.5,0,0,0,0
2022-10-21 06:00:00,9611,13.39,13.13,1006,90,4.63,180,0,0,0,0
2022-10-21 06:15:00,9891,13.5175,13.2775,1005.75,90.25,4.5025,180,0,0,10,0
2022-10-21 06:30:00,9982,13.645,13.425,1005.5,90.5,4.375,180,0,0,20,0
2022-10-21 06:45:00,10034,13.7725,13.5725,1005.25,90.75,4.2475,180,0,0,30,0
2022-10-21 07:00:00,10081,13.9,13.72,1005,91,4.12,180,0,0,40,0
2022-10-21 07:15:00,10043,14.0125,13.85,1005.25,91.25,3.7325,182.5,0,0,35,0
2022-10-21 07:30:00,10050,14.125,13.98,1005.5,91.5,3.345,185,0,0,30,0
2022-10-21 07:45:00,10203,14.2375,14.11,1005.75,91.75,2.9575,187.5,0,0,25,0
2022-10-21 08:00:00,10194,14.35,14.24,1006,92,2.57,190,0,0,20,0
2022-10-21 08:15:00,10103,14.6425,14.55,1006.25,91.5,3.085,195,0,0,20,0
2022-10-21 08:30:00,10125,14.935,14.86,1006.5,91,3.6,200,0,0,20,0
2022-10-21 08:45:00,10185,15.2275,15.17,1006.75,90.5,4.115,205,0,0,20,0
2022-10-21 09:00:00,10367,15.52,15.48,1007,90,4.63,210,0,0,20,0
2022-10-21 09:15:00,10300,15.7125,15.665,1007,89,4.63,210,0,0,20,0
2022-10-21 09:30:00,10441,15.905,15.85,1007,88,4.63,210,0,0,20,0
2022-10-21 09:45:00,10260,16.0975,16.035,1007,87,4.63,210,0,0,20,0
2022-10-21 10:00:00,10328,16.29,16.22,1007,86,4.63,210,0,0,20,0
2022-10-21 10:15:00,10499,16.565,16.4825,1007,84.5,4.8875,207.5,0,0,15,0
2022-10-21 10:30:00,10436,16.84,16.745,1007,83,5.145,205,0,0,10,0
2022-10-21 10:45:00,10184,17.115,17.0075,1007,81.5,5.4025,202.5,0,0,5,0
2022-10-21 11:00:00,10019,17.39,17.27,1007,80,5.66,200,0,0,0,0
2022-10-21 11:15:00,10053,17.5925,17.5,1007,80.25,5.4025,200,0,0,5,0
2022-10-21 11:30:00,10052,17.795,17.73,1007,80.5,5.145,200,0,0,10,0
2022-10-21 11:45:00,9896,17.9975,17.96,1007,80.75,4.8875,200,0,0,15,0
2022-10-21 12:00:00,9792,18.2,18.19,1007,81,4.63,200,0,0,20,0
2022-10-21 12:15:00,9744,18.5325,18.5175,1007,79.5,4.7575,200,0,0,20,0
2022-10-21 12:30:00,9545,18.865,18.845,1007,78,4.885,200,0,0,20,0
2022-10-21 12:45:00,9567,19.1975,19.1725,1007,76.5,5.0125,200,0,0,20,0
2022-10-21 13:00:00,9538,19.53,19.5,1007,75,5.14,200,0,0,20,0
2022-10-21 13:15:00,9420,19.74,19.6975,1007,73.75,5.27,197.5,0,0,20,0
2022-10-21 13:30:00,9270,19.95,19.895,1007,72.5,5.4,195,0,0,20,0
2022-10-21 13:45:00,9209,20.16,20.0925,1007,71.25,5.53,192.5,0,0,20,0
2022-10-21 14:00:00,9092,20.37,20.29,1007,70,5.66,190,0,0,20,0
2022-10-21 14:15:00,9062,20.4625,20.3725,1007,69.25,5.53,190,0,0,20,0
2022-10-21 14:30:00,9064,20.555,20.455,1007,68.5,5.4,190,0,0,20,0
2022-10-21 14:45:00,9209,20.6475,20.5375,1007,67.75,5.27,190,0,0,20,0
2022-10-21 15:00:00,9129,20.74,20.62,1007,67,5.14,190,0,0,20,0
2022-10-21 15:15:00,9273,20.585,20.4625,1007,67.5,5.0125,192.5,0,0,20,0
2022-10-21 15:30:00,9313,20.43,20.305,1007,68,4.885,195,0,0,20,0
2022-10-21 15:45:00,9276,20.275,20.1475,1007,68.5,4.7575,197.5,0,0,20,0
2022-10-21 16:00:00,9369,20.12,19.99,1007,69,4.63,200,0,0,20,0
2022-10-21 16:15:00,9450,19.825,19.685,1007,69.75,4.3725,200,0,0,15,0
2022-10-21 16:30:00,9422,19.53,19.38,1007,70.5,4.115,200,0,0,10,0
2022-10-21 16:45:00,9658,19.235,19.075,1007,71.25,3.8575,200,0,0,5,0
2022-10-21 17:00:00,9653,18.94,18.77,1007,72,3.6,200,0,0,0,0
2022-10-21 17:15:00,9582,18.565,18.3975,1007,73.5,3.8575,200,0,0,0,0
2022-10-21 17:30:00,9728,18.19,18.025,1007,75,4.115,200,0,0,0,0
2022-10-21 17:45:00,10056,17.815,17.6525,1007,76.5,4.3725,200,0,0,0,0
2022-10-21 18:00:00,10076,17.44,17.28,1007,78,4.63,200,0,0,0,0
2022-10-21 18:15:00,9992,17.325,17.165,1007.25,78.5,4.7575,197.5,0,0,0,0
2022-10-21 18:30:00,9778,17.21,17.05,1007.5,79,4.885,195,0,0,0,0
2022-10-21 18:45:00,9851,17.095,16.935,1007.75,79.5,5.0125,192.5,0,0,0,0
2022-10-21 19:00:00,9761,16.98,16.82,1008,80,5.14,190,0,0,0,0
2022-10-21 19:15:00,9706,16.945,16.795,1008,80.5,5.27,190,0,0,0,0
2022-10-21 19:30:00,9561,16.91,16.77,1008,81,5.4,190,0,0,0,0
2022-10-21 19:45:00,9443,16.875,16.745,1008,81.5,5.53,190,0,0,0,0
2022-10-21 20:00:00,9166,16.84,16.72,1008,82,5.66,190,0,0,0,0
2022-10-21 20:15:00,9288,16.685,16.57,1008,82.75,5.53,190,0,0,0,0
2022-10-21 20:30:00,9051,16.53,16.42,1008,83.5,5.4,190,0,0,0,0
2022-10-21 20:45:00,8951,16.375,16.27,1008,84.25,5.27,190,0,0,0,0
2022-10-21 21:00:00,8931,16.22,16.12,1008,85,5.14,190,0,0,0,0
2022-10-21 21:15:00,8876,16.105,15.9925,1008,85,5.14,187.5,0,0,0,0
2022-10-21 21:30:00,8931,15.99,15.865,1008,85,5.14,185,0,0,0,0
2022-10-21 21:45:00,8760,15.875,15.7375,1008,85,5.14,182.5,0,0,0,0
2022-10-21 22:00:00,8700,15.76,15.61,1008,85,5.14,180,0,0,0,0
2022-10-21 22:15:00,8662,15.605,15.46,1008.25,85.75,5.0125,182.5,0,0,0,0
2022-10-21 22:30:00,8529,15.45,15.31,1008.5,86.5,4.885,185,0,0,0,0
2022-10-21 22:45:00,8370,15.295,15.16,1008.75,87.25,4.7575,187.5,0,0,0,0
2022-10-21 23:00:00,8281,15.14,15.01,1009,88,4.63,190,0,0,0,0
2022-10-21 23:15:00,8098,15.0575,14.905,1008.75,87.5,4.5025,185,0,0,0,0
2022-10-21 23:30:00,7982,14.975,14.8,1008.5,87,4.375,180,0,0,0,0
2022-10-21 23:45:00,7715,14.8925,14.695,1008.25,86.5,4.2475,175,0,0,0,0
2022-10-22 00:00:00,7883,14.81,14.59,1008,86,4.12,170,0,0,0,0
2022-10-22 00:15:00,7879,14.7475,14.5425,1008,86.75,4.375,170,0,0,0,0
2022-10-22 00:30:00,7700,14.685,14.495,1008,87.5,4.63,170,0,0,0,0
2022-10-22 00:45:00,7434,14.6225,14.4475,1008,88.25,4.885,170,0,0,0,0
2022-10-22 01:00:00,7495,14.56,14.4,1008,89,5.14,170,0,0,0,0
2022-10-22 01:15:00,7470,14.57,14.3975,1008.25,88.5,5.14,172.5,0,0,0,0
2022-10-22 01:30:00,7509,14.58,14.395,1008.5,88,5.14,175,0,0,0,0
2022-10-22 01:45:00,7418,14.59,14.3925,1008.75,87.5,5.14,177.5,0,0,0,0
2022-10-22 02:00:00,7522,14.6,14.39,1009,87,5.14,180,0,0,0,0
2022-10-22 02:15:00,7500,14.54,14.3375,1009,87.5,5.0125,182.5,0,0,0,0
2022-10-22 02:30:00,7420,14.48,14.285,1009,88,4.885,185,0,0,0,0
2022-10-22 02:45:00,7118,14.42,14.2325,1009,88.5,4.7575,187.5,0,0,0,0
2022-10-22 03:00:00,7013,14.36,14.18,1009,89,4.63,190,0,0,0,0
2022-10-22 03:15:00,7225,14.29,14.1025,1009,89,4.7575,190,0,0,0,0
2022-10-22 03:30:00,7158,14.22,14.025,1009,89,4.885,190,0,0,0,0
2022-10-22 03:45:00,7249,14.15,13.9475,1009,89,5.0125,190,0,0,0,0
2022-10-22 04:00:00,7225,14.08,13.87,1009,89,5.14,190,0,0,0,0
2022-10-22 04:15:00,7318,14.085,13.8675,1009.25,88.75,4.885,190,0,0,0,0
2022-10-22 04:30:00,7401,14.09,13.865,1009.5,88.5,4.63,190,0,0,0,0
2022-10-22 04:45:00,7362,14.095,13.8625,1009.75,88.25,4.375,190,0,0,0,0
2022-10-22 05:00:00,7416,14.1,13.86,1010,88,4.12,190,0,0,0,0
2022-10-22 05:15:00,7391,14.075,13.8275,1010,87.75,4.12,192.5,0,0,0,0
2022-10-22 05:30:00,7649,14.05,13.795,1010,87.5,4.12,195,0,0,0,0
2022-10-22 05:45:00,7665,14.025,13.7625,1010,87.25,4.12,197.5,0,0,0,0
2022-10-22 06:00:00,7975,14,13.73,1010,87,4.12,200,0,0,0,0
2022-10-22 06:15:00,7914,14.16,13.8925,1010,86.5,4.375,202.5,0,0,18.75,0
2022-10-22 06:30:00,8135,14.32,14.055,1010,86,4.63,205,0,0,37.5,0
2022-10-22 06:45:00,8275,14.48,14.2175,1010,85.5,4.885,207.5,0,0,56.25,0
2022-10-22 07:00:00,8367,14.64,14.38,1010,85,5.14,210,0,0,75,0
2022-10-22 07:15:00,8269,14.6825,14.42,1010.25,84.75,5.27,210,0,0,75,0
2022-10-22 07:30:00,8378,14.725,14.46,1010.5,84.5,5.4,210,0,0,75,0
2022-10-22 07:45:00,8518,14.7675,14.5,1010.75,84.25,5.53,210,0,0,75,0
2022-10-22 08:00:00,8689,14.81,14.54,1011,84,5.66,210,0,0,75,0
2022-10-22 08:15:00,8847,14.9,14.64,1011.25,84,5.66,212.5,0,0,75,0
2022-10-22 08:30:00,8939,14.99,14.74,1011.5,84,5.66,215,0,0,75,0
2022-10-22 08:45:00,8982,15.08,14.84,1011.75,84,5.66,217.5,0,0,75,0
2022-10-22 09:00:00,9078,15.17,14.94,1012,84,5.66,220,0,0,75,0
2022-10-22 09:15:00,8998,15.4025,15.1825,1012.25,83.5,5.9175,222.5,0,0,66.25,0
2022-10-22 09:30:00,9149,15.635,15.425,1012.5,83,6.175,225,0,0,57.5,0
2022-10-22 09:45:00,9209,15.8675,15.6675,1012.75,82.5,6.4325,227.5,0,0,48.75,0
2022-10-22 10:00:00,9202,16.1,15.91,1013,82,6.69,230,0,0,40,0
2022-10-22 10:15:00,9110,16.2025,16.01,1013.25,81.5,6.69,232.5,0,0,40,0
2022-10-22 10:30:00,9145,16.305,16.11,1013.5,81,6.69,235,0,0,40,0
2022-10-22 10:45:00,9297,16.4075,16.21,1013.75,80.5,6.69,237.5,0,0,40,0
2022-10-22 11:00:00,9131,16.51,16.31,1014,80,6.69,240,0,0,40,0
2022-10-22 11:15:00,9039,16.73,16.5375,1014,79.5,6.175,235,0,0,40,0
2022-10-22 11:30:00,9079,16.95,16.765,1014,79,5.66,230,0,0,40,0
2022-10-22 11:45:00,9053,17.17,16.9925,1014,78.5,5.145,225,0,0,40,0
2022-10-22 12:00:00,8970,17.39,17.22,1014,78,4.63,220,0,0,40,0
2022-10-22 12:15:00,8938,17.5075,17.33,1014,77.25,4.7575,220,0,0,40,0
2022-10-22 12:30:00,8903,17.625,17.44,1014,76.5,4.885,220,0,0,40,0
2022-10-22 12:45:00,8791,17.7425,17.55,1014,75.75,5.0125,220,0,0,40,0
2022-10-22 13:00:00,8510,17.86,17.66,1014,75,5.14,220,0,0,40,0
2022-10-22 13:15:00,8673,18.0275,17.8175,1014,74,5.14,220,0,0,40,0
2022-10-22 13:30:00,8624,18.195,17.975,1014,73,5.14,220,0,0,40,0
2022-10-22 13:45:00,8549,18.3625,18.1325,1014,72,5.14,220,0,0,40,0
2022-10-22 14:00:00,8577,18.53,18.29,1014,71,5.14,220,0,0,40,0
2022-10-22 14:15:00,8515,18.6525,18.405,1014,70.25,5.14,217.5,0,0,40,0
2022-10-22 14:30:00,8548,18.775,18.52,1014,69.5,5.14,215,0,0,40,0
2022-10-22 14:45:00,8433,18.8975,18.635,1014,68.75,5.14,212.5,0,0,40,0
2022-10-22 15:00:00,8427,19.02,18.75,1014,68,5.14,210,0,0,40,0
2022-10-22 15:15:00,8533,18.92,18.66,1014,68.75,4.4975,212.5,0,0,35,0
2022-10-22 15:30:00,8607,18.82,18.57,1014,69.5,3.855,215,0,0,30,0
2022-10-22 15:45:00,8558,18.72,18.48,1014,70.25,3.2125,217.5,0,0,25,0
2022-10-22 16:00:00,8586,18.62,18.39,1014,71,2.57,220,0,0,20,0
2022-10-22 16:15:00,8655,18.4125,18.1875,1014,72,2.3125,212.5,0,0,20,0
2022-10-22 16:30:00,8650,18.205,17.985,1014,73,2.055,205,0,0,20,0
2022-10-22 16:45:00,8771,17.9975,17.7825,1014,74,1.7975,197.5,0,0,20,0
2022-10-22 17:00:00,8808,17.79,17.58,1014,75,1.54,190,0,0,20,0
2022-10-22 17:15:00,9022,17.3575,17.145,1014,76.5,1.54,185,0,0,20,0
2022-10-22 17:30:00,9142,16.925,16.71,1014,78,1.54,180,0,0,20,0
2022-10-22 17:45:00,9255,16.4925,16.275,1014,79.5,1.54,175,0,0,20,0
2022-10-22 18:00:00,9352,16.06,15.84,1014,81,1.54,170,0,0,20,0
2022-10-22 18:15:00,9279,15.765,15.54,1014,82,1.54,170,0,0,25,0
2022-10-22 18:30:00,9210,15.47,15.24,1014,83,1.54,170,0,0,30,0
2022-10-22 18:45:00,9003,15.175,14.94,1014,84,1.54,170,0,0,35,0
2022-10-22 19:00:00,9016,14.88,14.64,1014,85,1.54,170,0,0,40,0
2022-10-22 19:15:00,8946,14.7,14.4625,1014,85.75,1.54,160,0,0,35,0
2022-10-22 19:30:00,8807,14.52,14.285,1014,86.5,1.54,150,0,0,30,0
2022-10-22 19:45:00,8647,14.34,14.1075,1014,87.25,1.54,140,0,0,25,0
2022-10-22 20:00:00,8651,14.16,13.93,1014,88,1.54,130,0,0,20,0
2022-10-22 20:15:00,8595,13.9825,13.7475,1014,88.5,1.54,127.5,0,0,20,0
2022-10-22 20:30:00,8572,13.805,13.565,1014,89,1.54,125,0,0,20,0
2022-10-22 20:45:00,8422,13.6275,13.3825,1014,89.5,1.54,122.5,0,0,20,0
2022-10-22 21:00:00,8468,13.45,13.2,1014,90,1.54,120,0,0,20,0
2022-10-22 21:15:00,8447,13.4125,13.165,1014,90.25,1.4125,130,0,0,15,0
2022-10-22 21:30:00,8459,13.375,13.13,1014,90.5,1.285,140,0,0,10,0
2022-10-22 21:45:00,8352,13.3375,13.095,1014,90.75,1.1575,150,0,0,5,0
2022-10-22 22:00:00,8184,13.3,13.06,1014,91,1.03,160,0,0,0,0
2022-10-22 22:15:00,8095,13.225,12.985,1014,91.25,1.5125,161.75,0,0,25,0
2022-10-22 22:30:00,8018,13.15,12.91,1014,91.5,1.995,163.5,0,0,50,0
2022-10-22 22:45:00,7971,13.075,12.835,1014,91.75,2.4775,165.25,0,0,75,0
2022-10-22 23:00:00,7905,13,12.76,1014,92,2.96,167,0,0,100,0
2022-10-22 23:15:00,7631,12.9975,12.7575,1014,92,2.9925,170.25,0,0,75,0
2022-10-22 23:30:00,7680,12.995,12.755,1014,92,3.025,173.5,0,0,50,0
2022-10-22 23:45:00,7578,12.9925,12.7525,1014,92,3.0575,176.75,0,0,25,0
2022-10-23 00:00:00,7513,12.99,12.75,1014,92,3.09,180,0,0,0,0
2022-10-23 00:15:00,7415,12.9,12.65,1013.75,92,3.09,180,0,0,0,0
2022-10-23 00:30:00,7317,12.81,12.55,1013.5,92,3.09,180,0,0,0,0
2022-10-23 00:45:00,7171,12.72,12.45,1013.25,92,3.09,180,0,0,0,0
2022-10-23 01:00:00,7009,12.63,12.35,1013,92,3.09,180,0,0,0,0
2022-10-23 01:15:00,7034,12.7025,12.43,1013,92,2.96,172.5,0,0,0,0
2022-10-23 01:30:00,7018,12.775,12.51,1013,92,2.83,165,0,0,0,0
2022-10-23 01:45:00,7013,12.8475,12.59,1013,92,2.7,157.5,0,0,0,0
2022-10-23 02:00:00,6992,12.92,12.67,1013,92,2.57,150,0,0,0,0
2022-10-23 02:15:00,6851,12.8275,12.5825,1012.75,92.5,2.77,150.25,0,0,25,0
2022-10-23 02:30:00,6829,12.735,12.495,1012.5,93,2.97,150.5,0,0,50,0
2022-10-23 02:45:00,6899,12.6425,12.4075,1012.25,93.5,3.17,150.75,0,0,75,0
2022-10-23 03:00:00,7018,12.55,12.32,1012,94,3.37,151,0,0,100,0
2022-10-23 03:15:00,6902,12.77,12.54,1011.75,93.25,3.3,153.25,0,0,75,0
2022-10-23 03:30:00,6936,12.99,12.76,1011.5,92.5,3.23,155.5,0,0,50,0
2022-10-23 03:45:00,6845,13.21,12.98,1011.25,91.75,3.16,157.75,0,0,25,0
2022-10-23 04:00:00,6925,13.43,13.2,1011,91,3.09,160,0,0,0,0
2022-10-23 04:15:00,6938,13.4325,13.205,1010.75,91,3.09,157.5,0,0,0,0
2022-10-23 04:30:00,6882,13.435,13.21,1010.5,91,3.09,155,0,0,0,0
2022-10-23 04:45:00,6877,13.4375,13.215,1010.25,91,3.09,152.5,0,0,0,0
2022-10-23 05:00:00,7064,13.44,13.22,1010,91,3.09,150,0,0,0,0
2022-10-23 05:15:00,7121,13.4625,13.2425,1010,91,3.2175,150,0,0,0,0
2022-10-23 05:30:00,7127,13.485,13.265,1010,91,3.345,150,0,0,0,0
2022-10-23 05:45:00,7191,13.5075,13.2875,1010,91,3.4725,150,0,0,0,0
2022-10-23 06:00:00,7344,13.53,13.31,1010,91,3.6,150,0,0,0,0
2022-10-23 06:15:00,7391,13.615,13.405,1009.75,91,3.73,150,0,0,0,0
2022-10-23 06:30:00,7410,13.7,13.5,1009.5,91,3.86,150,0,0,0,0
2022-10-23 06:45:00,7503,13.785,13.595,1009.25,91,3.99,150,0,0,0,0
2022-10-23 07:00:00,7632,13.87,13.69,1009,91,4.12,150,0,0,0,0
2022-10-23 07:15:00,7706,13.9575,13.78,1009,90.75,3.8625,147.5,0,0,0,0
2022-10-23 07:30:00,7689,14.045,13.87,1009,90.5,3.605,145,0,0,0,0
2022-10-23 07:45:00,7774,14.1325,13.96,1009,90.25,3.3475,142.5,0,0,0,0
2022-10-23 08:00:00,7972,14.22,14.05,1009,90,3.09,140,0,0,0,0
2022-10-23 08:15:00,7858,14.35,14.1925,1009,90,3.475,140,0,0,0,0
2022-10-23 08:30:00,7969,14.48,14.335,1009,90,3.86,140,0,0,0,0
2022-10-23 08:45:00,8020,14.61,14.4775,1009,90,4.245,140,0,0,0,0
2022-10-23 09:00:00,8229,14.74,14.62,1009,90,4.63,140,0,0,0,0
2022-10-23 09:15:00,8317,14.965,14.8475,1008.75,89.25,4.245,140,0,0,0,0
2022-10-23 09:30:00,8366,15.19,15.075,1008.5,88.5,3.86,140,0,0,0,0
2022-10-23 09:45:00,8574,15.415,15.3025,1008.25,87.75,3.475,140,0,0,0,0
2022-10-23 10:00:00,8552,15.64,15.53,1008,87,3.09,140,0,0,0,0
2022-10-23 10:15:00,8632,15.695,15.5975,1007.75,87.25,3.2175,142.5,0,0,0,0
2022-10-23 10:30:00,8742,15.75,15.665,1007.5,87.5,3.345,145,0,0,0,0
2022-10-23 10:45:00,8723,15.805,15.7325,1007.25,87.75,3.4725,147.5,0,0,0,0
2022-10-23 11:00:00,8732,15.86,15.8,1007,88,3.6,150,0,0,0,0
2022-10-23 11:15:00,8767,16.3475,16.29,1007,86.25,3.8575,152.5,0,0,0,0
2022-10-23 11:30:00,8686,16.835,16.78,1007,84.5,4.115,155,0,0,0,0
2022-10-23 11:45:00,8391,17.3225,17.27,1007,82.75,4.3725,157.5,0,0,0,0
2022-10-23 12:00:00,8418,17.81,17.76,1007,81,4.63,160,0,0,0,0
2022-10-23 12:15:00,8250,18.105,18.0525,1006.75,79.75,4.8875,162.5,0,0,0,0
2022-10-23 12:30:00,8292,18.4,18.345,1006.5,78.5,5.145,165,0,0,0,0
2022-10-23 12:45:00,8445,18.695,18.6375,1006.25,77.25,5.4025,167.5,0,0,0,0
2022-10-23 13:00:00,8264,18.99,18.93,1006,76,5.66,170,0,0,0,0
2022-10-23 13:15:00,8116,19.285,19.235,1005.75,75.25,5.145,167.5,0,0,0,0
2022-10-23 13:30:00,8097,19.58,19.54,1005.5,74.5,4.63,165,0,0,0,0
2022-10-23 13:45:00,8192,19.875,19.845,1005.25,73.75,4.115,162.5,0,0,0,0
2022-10-23 14:00:00,8315,20.17,20.15,1005,73,3.6,160,0,0,0,0
2022-10-23 14:15:00,8232,20.13,20.105,1005,73,3.73,162.5,0,0,0,0
2022-10-23 14:30:00,7978,20.09,20.06,1005,73,3.86,165,0,0,0,0
2022-10-23 14:45:00,8037,20.05,20.015,1005,73,3.99,167.5,0,0,0,0
2022-10-23 15:00:00,8109,20.01,19.97,1005,73,4.12,170,0,0,0,0
2022-10-23 15:15:00,8283,19.935,19.895,1004.75,73.25,3.99,170,0,0,0,0
2022-10-23 15:30:00,8127,19.86,19.82,1004.5,73.5,3.86,170,0,0,0,0
2022-10-23 15:45:00,8171,19.785,19.745,1004.25,73.75,3.73,170,0,0,0,0
2022-10-23 16:00:00,8160,19.71,19.67,1004,74,3.6,170,0,0,0,0
2022-10-23 16:15:00,8321,19.615,19.5775,1003.75,74.5,4.2425,170,0,0,0,0
2022-10-23 16:30:00,8412,19.52,19.485,1003.5,75,4.885,170,0,0,0,0
2022-10-23 16:45:00,8579,19.425,19.3925,1003.25,75.5,5.5275,170,0,0,0,0
2022-10-23 17:00:00,8698,19.33,19.3,1003,76,6.17,170,0,0,0,0
2022-10-23 17:15:00,8798,19.19,19.1525,1003,76.25,6.17,170,0,0,0,0
2022-10-23 17:30:00,9024,19.05,19.005,1003,76.5,6.17,170,0,0,0,0
2022-10-23 17:45:00,9170,18.91,18.8575,1003,76.75,6.17,170,0,0,0,0
2022-10-23 18:00:00,9449,18.77,18.71,1003,77,6.17,170,0,0,0,0
2022-10-23 18:15:00,9445,18.615,18.54,1003,77,6.3,167.5,0,0,0,0
2022-10-23 18:30:00,9328,18.46,18.37,1003,77,6.43,165,0,0,0,0
2022-10-23 18:45:00,9119,18.305,18.2,1003,77,6.56,162.5,0,0,0,0
2022-10-23 19:00:00,8910,18.15,18.03,1003,77,6.69,160,0,0,0,0
2022-10-23 19:15:00,8816,17.5625,17.455,1003.25,79.75,5.9175,172.5,0,0,5,0
2022-10-23 19:30:00,8865,16.975,16.88,1003.5,82.5,5.145,185,0,0,10,0
2022-10-23 19:45:00,8792,16.3875,16.305,1003.75,85.25,4.3725,197.5,0,0,15,0
2022-10-23 20:00:00,8669,15.8,15.73,1004,88,3.6,210,0,0,20,0
2022-10-23 20:15:00,8573,15.6525,15.5625,1004,87.75,3.3425,202.5,0,0,25,0
2022-10-23 20:30:00,8514,15.505,15.395,1004,87.5,3.085,195,0,0,30,0
2022-10-23 20:45:00,8488,15.3575,15.2275,1004,87.25,2.8275,187.5,0,0,35,0
2022-10-23 21:00:00,8254,15.21,15.06,1004,87,2.57,180,0,0,40,0
2022-10-23 21:15:00,8139,15.4475,15.32,1004,87,2.9575,180,0,0,30,0
2022-10-23 21:30:00,8038,15.685,15.58,1004,87,3.345,180,0,0,20,0
2022-10-23 21:45:00,8019,15.9225,15.84,1004,87,3.7325,180,0,0,10,0
2022-10-23 22:00:00,8044,16.16,16.1,1004,87,4.12,180,0,0,0,0
2022-10-23 22:15:00,8096,16.1825,16.1125,1004,86.5,4.12,180,0,0,0,0
2022-10-23 22:30:00,8169,16.205,16.125,1004,86,4.12,180,0,0,0,0
2022-10-23 22:45:00,7948,16.2275,16.1375,1004,85.5,4.12,180,0,0,0,0
2022-10-23 23:00:00,7708,16.25,16.15,1004,85,4.12,180,0,0,0,0
2022-10-23 23:15:00,7432,16.3325,16.215,1004,84,4.6325,180,0,0,0,0
2022-10-23 23:30:00,7508,16.415,16.28,1004,83,5.145,180,0,0,0,0
2022-10-23 23:45:00,7331,16.4975,16.345,1004,82,5.6575,180,0,0,0,0
2022-10-24 00:00:00,7268,16.58,16.41,1004,81,6.17,180,0,0,0,0
2022-10-24 00:15:00,7039,16.65,16.435,1003.75,79,6.4275,185,0,0,0,0
2022-10-24 00:30:00,6996,16.72,16.46,1003.5,77,6.685,190,0,0,0,0
2022-10-24 00:45:00,7088,16.79,16.485,1003.25,75,6.9425,195,0,0,0,0
2022-10-24 01:00:00,7030,16.86,16.51,1003,73,7.2,200,0,0,0,0
2022-10-24 01:15:00,7163,17.0225,16.6675,1003,72.25,7.5875,202.5,0,0,0,0
2022-10-24 01:30:00,6878,17.185,16.825,1003,71.5,7.975,205,0,0,0,0
2022-10-24 01:45:00,6902,17.3475,16.9825,1003,70.75,8.3625,207.5,0,0,0,0
2022-10-24 02:00:00,6867,17.51,17.14,1003,70,8.75,210,0,0,0,0
2022-10-24 02:15:00,6928,17.375,16.9925,1003.25,70,9.005,210,0,0,0,0
2022-10-24 02:30:00,6803,17.24,16.845,1003.5,70,9.26,210,0,0,0,0
2022-10-24 02:45:00,6745,17.105,16.6975,1003.75,70,9.515,210,0,0,0,0
2022-10-24 03:00:00,6827,16.97,16.55,1004,70,9.77,210,0,0,0,0
2022-10-24 03:15:00,6934,16.815,16.3925,1004,70.5,9.385,207.5,0,0,10,0
2022-10-24 03:30:00,6983,16.66,16.235,1004,71,9,205,0,0,20,0
2022-10-24 03:45:00,6997,16.505,16.0775,1004,71.5,8.615,202.5,0,0,30,0
2022-10-24 04:00:00,7349,16.35,15.92,1004,72,8.23,200,0,0,40,0
2022-10-24 04:15:00,7429,16.335,15.9175,1003.75,72.5,8.23,200,0,0,40,0
2022-10-24 04:30:00,7540,16.32,15.915,1003.5,73,8.23,200,0,0,40,0
2022-10-24 04:45:00,7699,16.305,15.9125,1003.25,73.5,8.23,200,0,0,40,0
2022-10-24 05:00:00,8189,16.29,15.91,1003,74,8.23,200,0,0,40,0
2022-10-24 05:15:00,8419,16.29,15.915,1003.25,74.25,8.615,200,0,0,40,0
2022-10-24 05:30:00,8542,16.29,15.92,1003.5,74.5,9,200,0,0,40,0
2022-10-24 05:45:00,8816,16.29,15.925,1003.75,74.75,9.385,200,0,0,40,0
2022-10-24 06:00:00,9089,16.29,15.93,1004,75,9.77,200,0,0,40,0
2022-10-24 06:15:00,9336,16.2675,15.9125,1004,75.25,9.6425,202.5,0,0,35,0
2022-10-24 06:30:00,9537,16.245,15.895,1004,75.5,9.515,205,0,0,30,0
2022-10-24 06:45:00,9556,16.2225,15.8775,1004,75.75,9.3875,207.5,0,0,25,0
2022-10-24 07:00:00,9788,16.2,15.86,1004,76,9.26,210,0,0,20,0
2022-10-24 07:15:00,9789,15.8525,15.53,1004.25,78,8.36,217.5,0,0,20,0
2022-10-24 07:30:00,10011,15.505,15.2,1004.5,80,7.46,225,0,0,20,0
2022-10-24 07:45:00,9952,15.1575,14.87,1004.75,82,6.56,232.5,0,0,20,0
2022-10-24 08:00:00,10014,14.81,14.54,1005,84,5.66,240,0,0,20,0
2022-10-24 08:15:00,10119,15.0875,14.82,1005.25,83,6.3025,235,0,0,20,0
2022-10-24 08:30:00,10121,15.365,15.1,1005.5,82,6.945,230,0,0,20,0
2022-10-24 08:45:00,10202,15.6425,15.38,1005.75,81,7.5875,225,0,0,20,0
2022-10-24 09:00:00,10066,15.92,15.66,1006,80,8.23,220,0,0,20,0
2022-10-24 09:15:00,10152,16.0675,15.8075,1006,79.5,8.745,220,0,0,25,0
2022-10-24 09:30:00,10238,16.215,15.955,1006,79,9.26,220,0,0,30,0
2022-10-24 09:45:00,10098,16.3625,16.1025,1006,78.5,9.775,220,0,0,35,0
2022-10-24 10:00:00,10103,16.51,16.25,1006,78,10.29,220,0,0,40,0
2022-10-24 10:15:00,10180,16.64,16.36,1006.25,76.75,10.4175,222.5,0,0,40,0
2022-10-24 10:30:00,10242,16.77,16.47,1006.5,75.5,10.545,225,0,0,40,0
2022-10-24 10:45:00,10259,16.9,16.58,1006.75,74.25,10.6725,227.5,0,0,40,0
2022-10-24 11:00:00,10229,17.03,16.69,1007,73,10.8,230,0,0,40,0
2022-10-24 11:15:00,10193,17.1725,16.8475,1007,73,10.5425,230,0,0,40,0
2022-10-24 11:30:00,10157,17.315,17.005,1007,73,10.285,230,0,0,40,0
2022-10-24 11:45:00,9981,17.4575,17.1625,1007,73,10.0275,230,0,0,40,0
2022-10-24 12:00:00,9927,17.6,17.32,1007,73,9.77,230,0,0,40,0
2022-10-24 12:15:00,9944,17.3575,17.0925,1007.25,74.5,9.1275,230,0,0,40,0
2022-10-24 12:30:00,9937,17.115,16.865,1007.5,76,8.485,230,0,0,40,0
2022-10-24 12:45:00,9928,16.8725,16.6375,1007.75,77.5,7.8425,230,0,0,40,0
2022-10-24 13:00:00,10010,16.63,16.41,1008,79,7.2,230,0,0,40,0
2022-10-24 13:15:00,9692,16.5425,16.3275,1008,79.5,6.685,230,0.0375,0,40,0
2022-10-24 13:30:00,9730,16.455,16.245,1008,80,6.17,230,0.075,0,40,0
2022-10-24 13:45:00,9827,16.3675,16.1625,1008,80.5,5.655,230,0.1125,0,40,0
2022-10-24 14:00:00,9887,16.28,16.08,1008,81,5.14,230,0.15,0,40,0
2022-10-24 14:15:00,9840,16.5025,16.3125,1008,80.5,5.3975,232.5,0.1125,0,40,0
2022-10-24 14:30:00,10036,16.725,16.545,1008,80,5.655,235,0.075,0,40,0
2022-10-24 14:45:00,9735,16.9475,16.7775,1008,79.5,5.9125,237.5,0.0375,0,40,0
2022-10-24 15:00:00,9839,17.17,17.01,1008,79,6.17,240,0,0,40,0
2022-10-24 15:15:00,9774,17.0575,16.8775,1008,78.75,5.6575,235,0,0,35,0
2022-10-24 15:30:00,9824,16.945,16.745,1008,78.5,5.145,230,0,0,30,0
2022-10-24 15:45:00,9861,16.8325,16.6125,1008,78.25,4.6325,225,0,0,25,0
2022-10-24 16:00:00,10094,16.72,16.48,1008,78,4.12,220,0,0,20,0
2022-10-24 16:15:00,9944,16.5175,16.2775,1008,78.75,4.2475,217.5,0,0,20,0
2022-10-24 16:30:00,9984,16.315,16.075,1008,79.5,4.375,215,0,0,20,0
2022-10-24 16:45:00,10055,16.1125,15.8725,1008,80.25,4.5025,212.5,0,0,20,0
2022-10-24 17:00:00,10307,15.91,15.67,1008,81,4.63,210,0,0,20,0
2022-10-24 17:15:00,10272,15.705,15.465,1008.25,81.75,4.5025,207.5,0,0,15,0
2022-10-24 17:30:00,10468,15.5,15.26,1008.5,82.5,4.375,205,0,0,10,0
2022-10-24 17:45:00,10614,15.295,15.055,1008.75,83.25,4.2475,202.5,0,0,5,0
2022-10-24 18:00:00,10595,15.09,14.85,1009,84,4.12,200,0,0,0,0
2022-10-24 18:15:00,10436,14.8575,14.6075,1009.25,84.5,4.6325,220,0.5925,0,18.75,0
2022-10-24 18:30:00,10337,14.625,14.365,1009.5,85,5.145,240,1.185,0,37.5,0
2022-10-24 18:45:00,10202,14.3925,14.1225,1009.75,85.5,5.6575,260,1.7775,0,56.25,0
2022-10-24 19:00:00,10113,14.16,13.88,1010,86,6.17,280,2.37,0,75,0
2022-10-24 19:15:00,9973,13.9975,13.7325,1010,87.25,5.6575,262.5,1.7775,0,56.25,0
2022-10-24 19:30:00,9661,13.835,13.585,1010,88.5,5.145,245,1.185,0,37.5,0
2022-10-24 19:45:00,9524,13.6725,13.4375,1010,89.75,4.6325,227.5,0.5925,0,18.75,0
2022-10-24 20:00:00,9295,13.51,13.29,1010,91,4.12,210,0,0,0,0
2022-10-24 20:15:00,9243,13.625,13.405,1010,90.5,4.12,212.5,0.03,0,5,0
2022-10-24 20:30:00,9040,13.74,13.52,1010,90,4.12,215,0.06,0,10,0
2022-10-24 20:45:00,9062,13.855,13.635,1010,89.5,4.12,217.5,0.09,0,15,0
2022-10-24 21:00:00,9020,13.97,13.75,1010,89,4.12,220,0.12,0,20,0
2022-10-24 21:15:00,8903,14.0275,13.82,1010.25,89.25,4.2475,217.5,0.09,0,25,0
2022-10-24 21:30:00,8915,14.085,13.89,1010.5,89.5,4.375,215,0.06,0,30,0
2022-10-24 21:45:00,8798,14.1425,13.96,1010.75,89.75,4.5025,212.5,0.03,0,35,0
2022-10-24 22:00:00,8635,14.2,14.03,1011,90,4.63,210,0,0,40,0
2022-10-24 22:15:00,8466,14.1825,14.0025,1011,89.75,5.015,212.5,0,0,35,0
2022-10-24 22:30:00,8167,14.165,13.975,1011,89.5,5.4,215,0,0,30,0
2022-10-24 22:45:00,8037,14.1475,13.9475,1011,89.25,5.785,217.5,0,0,25,0
2022-10-24 23:00:00,7975,14.13,13.92,1011,89,6.17,220,0,0,20,0
2022-10-24 23:15:00,7850,14.0525,13.83,1011.25,88.75,6.3,222.5,0,0,15,0
2022-10-24 23:30:00,7895,13.975,13.74,1011.5,88.5,6.43,225,0,0,10,0
2022-10-24 23:45:00,7822,13.8975,13.65,1011.75,88.25,6.56,227.5,0,0,5,0
2022-10-25 00:00:00,7693,13.82,13.56,1012,88,6.69,230,0,0,0,0
2022-10-25 00:15:00,7565,13.815,13.56,1012.25,88.25,6.3025,227.5,0,0,0,0
2022-10-25 00:30:00,7551,13.81,13.56,1012.5,88.5,5.915,225,0,0,0,0
2022-10-25 00:45:00,7417,13.805,13.56,1012.75,88.75,5.5275,222.5,0,0,0,0
2022-10-25 01:00:00,7389,13.8,13.56,1013,89,5.14,220,0,0,0,0
2022-10-25 01:15:00,7304,13.8,13.56,1013,89,5.27,220,0,0,0,0
2022-10-25 01:30:00,7429,13.8,13.56,1013,89,5.4,220,0,0,0,0
2022-10-25 01:45:00,7442,13.8,13.56,1013,89,5.53,220,0,0,0,0
2022-10-25 02:00:00,7371,13.8,13.56,1013,89,5.66,220,0,0,0,0
2022-10-25 02:15:00,7332,13.7825,13.535,1013,88.75,5.7875,220,0,0,5,0
2022-10-25 02:30:00,7409,13.765,13.51,1013,88.5,5.915,220,0,0,10,0
2022-10-25 02:45:00,7450,13.7475,13.485,1013,88.25,6.0425,220,0,0,15,0
2022-10-25 03:00:00,7272,13.73,13.46,1013,88,6.17,220,0,0,20,0
2022-10-25 03:15:00,7357,13.6875,13.42,1013,88.25,6.17,220,0,0,20,0
2022-10-25 03:30:00,7356,13.645,13.38,1013,88.5,6.17,220,0,0,20,0
2022-10-25 03:45:00,7383,13.6025,13.34,1013,88.75,6.17,220,0,0,20,0
2022-10-25 04:00:00,7458,13.56,13.3,1013,89,6.17,220,0,0,20,0
2022-10-25 04:15:00,7681,13.46,13.195,1013.25,89.25,6.4275,220,0,0,20,0
2022-10-25 04:30:00,7892,13.36,13.09,1013.5,89.5,6.685,220,0,0,20,0
2022-10-25 04:45:00,8038,13.26,12.985,1013.75,89.75,6.9425,220,0,0,20,0
2022-10-25 05:00:00,8354,13.16,12.88,1014,90,7.2,220,0,0,20,0
2022-10-25 05:15:00,8596,13.125,12.8475,1014,90.25,6.685,220,0,0,33.75,0
2022-10-25 05:30:00,8817,13.09,12.815,1014,90.5,6.17,220,0,0,47.5,0
2022-10-25 05:45:00,8954,13.055,12.7825,1014,90.75,5.655,220,0,0,61.25,0
2022-10-25 06:00:00,9299,13.02,12.75,1014,91,5.14,220,0,0,75,0
2022-10-25 06:15:00,9652,12.9375,12.66,1014.25,91,5.14,222.5,0,0,75,0
2022-10-25 06:30:00,9879,12.855,12.57,1014.5,91,5.14,225,0,0,75,0
2022-10-25 06:45:00,10042,12.7725,12.48,1014.75,91,5.14,227.5,0,0,75,0
2022-10-25 07:00:00,10032,12.69,12.39,1015,91,5.14,230,0,0,75,0
2022-10-25 07:15:00,9957,12.7075,12.41,1015,91,5.0125,230,0,0,66.25,0
2022-10-25 07:30:00,9962,12.725,12.43,1015,91,4.885,230,0,0,57.5,0
2022-10-25 07:45:00,10077,12.7425,12.45,1015,91,4.7575,230,0,0,48.75,0
2022-10-25 08:00:00,10009,12.76,12.47,1015,91,4.63,230,0,0,40,0
2022-10-25 08:15:00,10173,12.84,12.5575,1015.25,91,4.5025,222.5,0,0,30,0
2022-10-25 08:30:00,10220,12.92,12.645,1015.5,91,4.375,215,0,0,20,0
2022-10-25 08:45:00,10222,13,12.7325,1015.75,91,4.2475,207.5,0,0,10,0
2022-10-25 09:00:00,10062,13.08,12.82,1016,91,4.12,200,0,0,0,0
2022-10-25 09:15:00,10067,13.3575,13.1,1016,90,4.505,205,0,0,0,0
2022-10-25 09:30:00,10226,13.635,13.38,1016,89,4.89,210,0,0,0,0
2022-10-25 09:45:00,10366,13.9125,13.66,1016,88,5.275,215,0,0,0,0
2022-10-25 10:00:00,10364,14.19,13.94,1016,87,5.66,220,0,0,0,0
2022-10-25 10:15:00,10319,14.4075,14.1525,1016,86,5.66,220,0,0,10,0
2022-10-25 10:30:00,10382,14.625,14.365,1016,85,5.66,220,0,0,20,0
2022-10-25 10:45:00,10395,14.8425,14.5775,1016,84,5.66,220,0,0,30,0
2022-10-25 11:00:00,10413,15.06,14.79,1016,83,5.66,220,0,0,40,0
2022-10-25 11:15:00,10199,15.3125,15.0475,1016.25,82.25,5.275,220,0,0,40,0
2022-10-25 11:30:00,10339,15.565,15.305,1016.5,81.5,4.89,220,0,0,40,0
2022-10-25 11:45:00,10254,15.8175,15.5625,1016.75,80.75,4.505,220,0,0,40,0
2022-10-25 12:00:00,10235,16.07,15.82,1017,80,4.12,220,0,0,40,0
2022-10-25 12:15:00,10109,16.1175,15.8525,1016.75,79.25,4.2475,217.5,0,0,40,0
2022-10-25 12:30:00,10062,16.165,15.885,1016.5,78.5,4.375,215,0,0,40,0
2022-10-25 12:45:00,9954,16.2125,15.9175,1016.25,77.75,4.5025,212.5,0,0,40,0
2022-10-25 13:00:00,9817,16.26,15.95,1016,77,4.63,210,0,0,40,0
2022-10-25 13:15:00,9814,16.45,16.14,1016,76.25,4.5025,212.5,0,0,40,0
2022-10-25 13:30:00,9610,16.64,16.33,1016,75.5,4.375,215,0,0,40,0
2022-10-25 13:45:00,9582,16.83,16.52,1016,74.75,4.2475,217.5,0,0,40,0
2022-10-25 14:00:00,9645,17.02,16.71,1016,74,4.12,220,0,0,40,0
2022-10-25 14:15:00,9605,17.1375,16.8325,1015.75,73.75,4.1725,214.25,0,0,44.75,0
2022-10-25 14:30:00,9412,17.255,16.955,1015.5,73.5,4.225,208.5,0,0,49.5,0
2022-10-25 14:45:00,9658,17.3725,17.0775,1015.25,73.25,4.2775,202.75,0,0,54.25,0
2022-10-25 15:00:00,9555,17.49,17.2,1015,73,4.33,197,0,0,59,0
2022-10-25 15:15:00,9563,17.4175,17.1,1015.25,72.25,4.2775,197.75,0,0,49.25,0
2022-10-25 15:30:00,9579,17.345,17,1015.5,71.5,4.225,198.5,0,0,39.5,0
2022-10-25 15:45:00,9625,17.2725,16.9,1015.75,70.75,4.1725,199.25,0,0,29.75,0
2022-10-25 16:00:00,9747,17.2,16.8,1016,70,4.12,200,0,0,20,0
2022-10-25 16:15:00,9776,16.86,16.4525,1015.75,71,3.8625,197.5,0,0,20,0
2022-10-25 16:30:00,9877,16.52,16.105,1015.5,72,3.605,195,0,0,20,0
2022-10-25 16:45:00,9971,16.18,15.7575,1015.25,73,3.3475,192.5,0,0,20,0
2022-10-25 17:00:00,10094,15.84,15.41,1015,74,3.09,190,0,0,20,0
2022-10-25 17:15:00,10085,15.3375,14.8975,1015,75.5,2.96,182.5,0,0,15,0
2022-10-25 17:30:00,10286,14.835,14.385,1015,77,2.83,175,0,0,10,0
2022-10-25 17:45:00,10452,14.3325,13.8725,1015,78.5,2.7,167.5,0,0,5,0
2022-10-25 18:00:00,10459,13.83,13.36,1015,80,2.57,160,0,0,0,0
2022-10-25 18:15:00,10333,13.4825,13.0175,1015,81.5,2.57,157.5,0,0,0,0
2022-10-25 18:30:00,10245,13.135,12.675,1015,83,2.57,155,0,0,0,0
2022-10-25 18:45:00,10053,12.7875,12.3325,1015,84.5,2.57,152.5,0,0,0,0
2022-10-25 19:00:00,9902,12.44,11.99,1015,86,2.57,150,0,0,0,0
2022-10-25 19:15:00,9715,12.34,11.8925,1015,86.5,2.57,147.5,0,0,0,0
2022-10-25 19:30:00,9691,12.24,11.795,1015,87,2.57,145,0,0,0,0
2022-10-25 19:45:00,9499,12.14,11.6975,1015,87.5,2.57,142.5,0,0,0,0
2022-10-25 20:00:00,9348,12.04,11.6,1015,88,2.57,140,0,0,0,0
2022-10-25 20:15:00,9281,12,11.5625,1014.75,88.25,2.4425,137.5,0,0,0,0
2022-10-25 20:30:00,9157,11.96,11.525,1014.5,88.5,2.315,135,0,0,0,0
2022-10-25 20:45:00,9007,11.92,11.4875,1014.25,88.75,2.1875,132.5,0,0,0,0
2022-10-25 21:00:00,8947,11.88,11.45,1014,89,2.06,130,0,0,0,0
2022-10-25 21:15:00,9000,11.895,11.4725,1013.75,89.25,2.1875,130,0,0,0,0
2022-10-25 21:30:00,8861,11.91,11.495,1013.5,89.5,2.315,130,0,0,0,0
2022-10-25 21:45:00,8819,11.925,11.5175,1013.25,89.75,2.4425,130,0,0,0,0
2022-10-25 22:00:00,8710,11.94,11.54,1013,90,2.57,130,0,0,0,0
2022-10-25 22:15:00,8546,12.075,11.6825,1013.25,89.75,2.4425,130,0.03,0,0,0
2022-10-25 22:30:00,8505,12.21,11.825,1013.5,89.5,2.315,130,0.06,0,0,0
2022-10-25 22:45:00,8347,12.345,11.9675,1013.75,89.25,2.1875,130,0.09,0,0,0
2022-10-25 23:00:00,8064,12.48,12.11,1014,89,2.06,130,0.12,0,0,0
2022-10-25 23:15:00,8148,12.57,12.2025,1013.75,88.75,2.3175,137.5,0.09,0,0,0
2022-10-25 23:30:00,7933,12.66,12.295,1013.5,88.5,2.575,145,0.06,0,0,0
2022-10-25 23:45:00,7907,12.75,12.3875,1013.25,88.25,2.8325,152.5,0.03,0,0,0
2022-10-26 00:00:00,7823,12.84,12.48,1013,88,3.09,160,0,0,0,0
2022-10-26 00:15:00,7906,12.795,12.4375,1012.75,88.25,3.3475,155,0,0,0,0
2022-10-26 00:30:00,7758,12.75,12.395,1012.5,88.5,3.605,150,0,0,0,0
2022-10-26 00:45:00,7743,12.705,12.3525,1012.25,88.75,3.8625,145,0,0,0,0
2022-10-26 01:00:00,7560,12.66,12.31,1012,89,4.12,140,0,0,0,0
2022-10-26 01:15:00,7489,12.735,12.385,1012,88.75,3.99,140,0,0,0,0
2022-10-26 01:30:00,7410,12.81,12.46,1012,88.5,3.86,140,0,0,0,0
2022-10-26 01:45:00,7393,12.885,12.535,1012,88.25,3.73,140,0,0,0,0
2022-10-26 02:00:00,7229,12.96,12.61,1012,88,3.6,140,0,0,0,0
2022-10-26 02:15:00,7184,13.0125,12.6675,1012,88,3.6,142.5,0,0,0,0
2022-10-26 02:30:00,7209,13.065,12.725,1012,88,3.6,145,0,0,0,0
2022-10-26 02:45:00,7231,13.1175,12.7825,1012,88,3.6,147.5,0,0,0,0
2022-10-26 03:00:00,7258,13.17,12.84,1012,88,3.6,150,0,0,0,0
2022-10-26 03:15:00,7209,13.3675,13.0375,1011.75,87.25,3.8575,152.5,0,0,0,0
2022-10-26 03:30:00,7404,13.565,13.235,1011.5,86.5,4.115,155,0,0,0,0
2022-10-26 03:45:00,7328,13.7625,13.4325,1011.25,85.75,4.3725,157.5,0,0,0,0
2022-10-26 04:00:00,7385,13.96,13.63,1011,85,4.63,160,0,0,0,0
2022-10-26 04:15:00,7501,14.0325,13.71,1011,85,4.63,162.5,0,0,0,0
2022-10-26 04:30:00,7640,14.105,13.79,1011,85,4.63,165,0,0,0,0
2022-10-26 04:45:00,7812,14.1775,13.87,1011,85,4.63,167.5,0,0,0,0
2022-10-26 05:00:00,8146,14.25,13.95,1011,85,4.63,170,0,0,0,0
2022-10-26 05:15:00,8409,14.215,13.93,1011,85.75,4.7575,172.5,0,0,0,0
2022-10-26 05:30:00,8517,14.18,13.91,1011,86.5,4.885,175,0,0,0,0
2022-10-26 05:45:00,8744,14.145,13.89,1011,87.25,5.0125,177.5,0,0,0,0
2022-10-26 06:00:00,9107,14.11,13.87,1011,88,5.14,180,0,0,0,0
2022-10-26 06:15:00,9214,14.22,13.98,1011.25,87.5,5.14,175,0,0,0,0
2022-10-26 06:30:00,9495,14.33,14.09,1011.5,87,5.14,170,0,0,0,0
2022-10-26 06:45:00,9699,14.44,14.2,1011.75,86.5,5.14,165,0,0,0,0
2022-10-26 07:00:00,9959,14.55,14.31,1012,86,5.14,160,0,0,0,0
2022-10-26 07:15:00,9883,14.54,14.2975,1012.25,86,4.755,167.5,0,0,0,0
2022-10-26 07:30:00,9943,14.53,14.285,1012.5,86,4.37,175,0,0,0,0
2022-10-26 07:45:00,9964,14.52,14.2725,1012.75,86,3.985,182.5,0,0,0,0
2022-10-26 08:00:00,9752,14.51,14.26,1013,86,3.6,190,0,0,0,0
2022-10-26 08:15:00,9650,14.8125,14.58,1013,85.5,3.73,195,0,0,0,0
2022-10-26 08:30:00,9820,15.115,14.9,1013,85,3.86,200,0,0,0,0
2022-10-26 08:45:00,9852,15.4175,15.22,1013,84.5,3.99,205,0,0,0,0
2022-10-26 09:00:00,9717,15.72,15.54,1013,84,4.12,210,0,0,0,0
2022-10-26 09:15:00,9670,16.1075,15.9475,1013.25,83.25,4.6325,215,0,0,0,0
2022-10-26 09:30:00,9693,16.495,16.355,1013.5,82.5,5.145,220,0,0,0,0
2022-10-26 09:45:00,9805,16.8825,16.7625,1013.75,81.75,5.6575,225,0,0,0,0
2022-10-26 10:00:00,9844,17.27,17.17,1014,81,6.17,230,0,0,0,0
2022-10-26 10:15:00,9776,17.55,17.4575,1014.25,80.25,6.3,230,0,0,5,0
2022-10-26 10:30:00,9914,17.83,17.745,1014.5,79.5,6.43,230,0,0,10,0
2022-10-26 10:45:00,9923,18.11,18.0325,1014.75,78.75,6.56,230,0,0,15,0
2022-10-26 11:00:00,9831,18.39,18.32,1015,78,6.69,230,0,0,20,0
2022-10-26 11:15:00,9755,18.5725,18.495,1015.25,77,6.4325,227.5,0,0,20,0
2022-10-26 11:30:00,9767,18.755,18.67,1015.5,76,6.175,225,0,0,20,0
2022-10-26 11:45:00,9744,18.9375,18.845,1015.75,75,5.9175,222.5,0,0,20,0
2022-10-26 12:00:00,9714,19.12,19.02,1016,74,5.66,220,0,0,20,0
2022-10-26 12:15:00,9671,19.1525,19.0425,1016,73.5,5.66,225,0,0,20,0
2022-10-26 12:30:00,9687,19.185,19.065,1016,73,5.66,230,0,0,20,0
2022-10-26 12:45:00,9639,19.2175,19.0875,1016,72.5,5.66,235,0,0,20,0
2022-10-26 13:00:00,9638,19.25,19.11,1016,72,5.66,240,0,0,20,0
2022-10-26 13:15:00,9559,19.41,19.28,1016.25,71.75,5.9175,235,0,0,20,0
2022-10-26 13:30:00,9398,19.57,19.45,1016.5,71.5,6.175,230,0,0,20,0
2022-10-26 13:45:00,9504,19.73,19.62,1016.75,71.25,6.4325,225,0,0,20,0
2022-10-26 14:00:00,9477,19.89,19.79,1017,71,6.69,220,0,0,20,0
2022-10-26 14:15:00,9416,19.915,19.8175,1017,71,6.3025,220,0,0,20,0
2022-10-26 14:30:00,9471,19.94,19.845,1017,71,5.915,220,0,0,20,0
2022-10-26 14:45:00,9403,19.965,19.8725,1017,71,5.5275,220,0,0,20,0
2022-10-26 15:00:00,9394,19.99,19.9,1017,71,5.14,220,0,0,20,0
2022-10-26 15:15:00,9516,19.9475,19.86,1017.25,71.25,5.3975,225,0,0,33.75,0
2022-10-26 15:30:00,9499,19.905,19.82,1017.5,71.5,5.655,230,0,0,47.5,0
2022-10-26 15:45:00,9639,19.8625,19.78,1017.75,71.75,5.9125,235,0,0,61.25,0
2022-10-26 16:00:00,9737,19.82,19.74,1018,72,6.17,240,0,0,75,0
2022-10-26 16:15:00,9745,19.685,19.605,1018,72.5,5.785,237.5,0,0,61.25,0
2022-10-26 16:30:00,9749,19.55,19.47,1018,73,5.4,235,0,0,47.5,0
2022-10-26 16:45:00,9855,19.415,19.335,1018,73.5,5.015,232.5,0,0,33.75,0
2022-10-26 17:00:00,9869,19.28,19.2,1018,74,4.63,230,0,0,20,0
2022-10-26 17:15:00,10033,18.9225,18.8325,1018.25,75,4.245,222.5,0,0,20,0
2022-10-26 17:30:00,10183,18.565,18.465,1018.5,76,3.86,215,0,0,20,0
2022-10-26 17:45:00,10318,18.2075,18.0975,1018.75,77,3.475,207.5,0,0,20,0
2022-10-26 18:00:00,10204,17.85,17.73,1019,78,3.09,200,0,0,20,0
2022-10-26 18:15:00,10048,17.7075,17.585,1019.25,78.5,3.09,205,0,0,20,0
2022-10-26 18:30:00,9830,17.565,17.44,1019.5,79,3.09,210,0,0,20,0
2022-10-26 18:45:00,9815,17.4225,17.295,1019.75,79.5,3.09,215,0,0,20,0
2022-10-26 19:00:00,9746,17.28,17.15,1020,80,3.09,220,0,0,20,0
2022-10-26 19:15:00,9572,17.0275,16.885,1020,80.5,3.09,212.5,0,0,15,0
2022-10-26 19:30:00,9377,16.775,16.62,1020,81,3.09,205,0,0,10,0
2022-10-26 19:45:00,9357,16.5225,16.355,1020,81.5,3.09,197.5,0,0,5,0
2022-10-26 20:00:00,9218,16.27,16.09,1020,82,3.09,190,0,0,0,0
2022-10-26 20:15:00,9202,16.055,15.875,1020.25,82.75,3.09,190,0,0,0,0
2022-10-26 20:30:00,8995,15.84,15.66,1020.5,83.5,3.09,190,0,0,0,0
2022-10-26 20:45:00,8867,15.625,15.445,1020.75,84.25,3.09,190,0,0,0,0
2022-10-26 21:00:00,8861,15.41,15.23,1021,85,3.09,190,0,0,0,0
2022-10-26 21:15:00,8701,15.415,15.24,1021,85.25,3.2175,190,0,0,5,0
2022-10-26 21:30:00,8542,15.42,15.25,1021,85.5,3.345,190,0,0,10,0
2022-10-26 21:45:00,8435,15.425,15.26,1021,85.75,3.4725,190,0,0,15,0
2022-10-26 22:00:00,8419,15.43,15.27,1021,86,3.6,190,0,0,20,0
2022-10-26 22:15:00,8106,15.31,15.145,1021,86.25,3.6,190,0,0,15,0
2022-10-26 22:30:00,8025,15.19,15.02,1021,86.5,3.6,190,0,0,10,0
2022-10-26 22:45:00,7895,15.07,14.895,1021,86.75,3.6,190,0,0,5,0
2022-10-26 23:00:00,7970,14.95,14.77,1021,87,3.6,190,0,0,0,0
2022-10-26 23:15:00,7755,14.855,14.665,1021,87,3.73,187.5,0,0,0,0
2022-10-26 23:30:00,7811,14.76,14.56,1021,87,3.86,185,0,0,0,0
2022-10-26 23:45:00,7770,14.665,14.455,1021,87,3.99,182.5,0,0,0,0
2022-10-27 00:00:00,7771,14.57,14.35,1021,87,4.12,180,0,0,0,0
2022-10-27 00:15:00,7809,14.48,14.2575,1021,87.25,4.12,180,0,0,0,0
2022-10-27 00:30:00,7625,14.39,14.165,1021,87.5,4.12,180,0,0,0,0
2022-10-27 00:45:00,7244,14.3,14.0725,1021,87.75,4.12,180,0,0,0,0
2022-10-27 01:00:00,7094,14.21,13.98,1021,88,4.12,180,0,0,0,0
2022-10-27 01:15:00,7200,14.2,13.9775,1021,88.25,3.99,177.5,0,0,0,0
2022-10-27 01:30:00,7119,14.19,13.975,1021,88.5,3.86,175,0,0,0,0
2022-10-27 01:45:00,7223,14.18,13.9725,1021,88.75,3.73,172.5,0,0,0,0
2022-10-27 02:00:00,7192,14.17,13.97,1021,89,3.6,170,0,0,0,0
2022-10-27 02:15:00,7265,14,13.795,1021,89.5,3.64,168.5,0,0,25,0
2022-10-27 02:30:00,7163,13.83,13.62,1021,90,3.68,167,0,0,50,0
2022-10-27 02:45:00,7063,13.66,13.445,1021,90.5,3.72,165.5,0,0,75,0
2022-10-27 03:00:00,6776,13.49,13.27,1021,91,3.76,164,0,0,100,0
2022-10-27 03:15:00,7062,13.62,13.4,1020.75,90.5,3.9775,163,0,0,75,0
2022-10-27 03:30:00,7156,13.75,13.53,1020.5,90,4.195,162,0,0,50,0
2022-10-27 03:45:00,7346,13.88,13.66,1020.25,89.5,4.4125,161,0,0,25,0
2022-10-27 04:00:00,7434,14.01,13.79,1020,89,4.63,160,0,0,0,0
2022-10-27 04:15:00,7704,13.955,13.7175,1020,88.5,4.7575,160,0,0,0,0
2022-10-27 04:30:00,7982,13.9,13.645,1020,88,4.885,160,0,0,0,0
2022-10-27 04:45:00,8176,13.845,13.5725,1020,87.5,5.0125,160,0,0,0,0
2022-10-27 05:00:00,8298,13.79,13.5,1020,87,5.14,160,0,0,0,0
2022-10-27 05:15:00,8278,13.5875,13.295,1020,87.75,5.08,158.5,0,0,25,0
2022-10-27 05:30:00,8484,13.385,13.09,1020,88.5,5.02,157,0,0,50,0
2022-10-27 05:45:00,8862,13.1825,12.885,1020,89.25,4.96,155.5,0,0,75,0
2022-10-27 06:00:00,9196,12.98,12.68,1020,90,4.9,154,0,0,100,0
2022-10-27 06:15:00,9270,13.2725,12.9775,1020,89,5.2175,155.5,0,0,75,0
2022-10-27 06:30:00,9561,13.565,13.275,1020,88,5.535,157,0,0,50,0
2022-10-27 06:45:00,9551,13.8575,13.5725,1020,87,5.8525,158.5,0,0,25,0
2022-10-27 07:00:00,9686,14.15,13.87,1020,86,6.17,160,0,0,0,0
2022-10-27 07:15:00,9701,14.3675,14.0625,1020,84.25,6.4275,160,0,0,0,0
2022-10-27 07:30:00,9847,14.585,14.255,1020,82.5,6.685,160,0,0,0,0
2022-10-27 07:45:00,9748,14.8025,14.4475,1020,80.75,6.9425,160,0,0,0,0
2022-10-27 08:00:00,9713,15.02,14.64,1020,79,7.2,160,0,0,0,0
2022-10-27 08:15:00,9728,15.37,15.0125,1020,78.5,7.33,160,0,0,0,0
2022-10-27 08:30:00,9599,15.72,15.385,1020,78,7.46,160,0,0,0,0
2022-10-27 08:45:00,9703,16.07,15.7575,1020,77.5,7.59,160,0,0,0,0
2022-10-27 09:00:00,9564,16.42,16.13,1020,77,7.72,160,0,0,0,0
2022-10-27 09:15:00,9657,16.81,16.545,1019.75,76.5,7.205,160,0,0,0,0
2022-10-27 09:30:00,9725,17.2,16.96,1019.5,76,6.69,160,0,0,0,0
2022-10-27 09:45:00,9674,17.59,17.375,1019.25,75.5,6.175,160,0,0,0,0
2022-10-27 10:00:00,9874,17.98,17.79,1019,75,5.66,160,0,0,0,0
2022-10-27 10:15:00,9745,18.33,18.155,1019,74.25,5.66,162.5,0,0,0,0
2022-10-27 10:30:00,9753,18.68,18.52,1019,73.5,5.66,165,0,0,0,0
2022-10-27 10:45:00,9825,19.03,18.885,1019,72.75,5.66,167.5,0,0,0,0
2022-10-27 11:00:00,9659,19.38,19.25,1019,72,5.66,170,0,0,0,0
2022-10-27 11:15:00,9659,19.6075,19.495,1019,71.75,5.53,167.5,0,0,0,0
2022-10-27 11:30:00,9575,19.835,19.74,1019,71.5,5.4,165,0,0,0,0
2022-10-27 11:45:00,9523,20.0625,19.985,1019,71.25,5.27,162.5,0,0,0,0
2022-10-27 12:00:00,9603,20.29,20.23,1019,71,5.14,160,0,0,0,0
2022-10-27 12:15:00,9621,20.535,20.4725,1018.75,70,4.885,162.5,0,0,0,0
2022-10-27 12:30:00,9661,20.78,20.715,1018.5,69,4.63,165,0,0,0,0
2022-10-27 12:45:00,9690,21.025,20.9575,1018.25,68,4.375,167.5,0,0,0,0
2022-10-27 13:00:00,9866,21.27,21.2,1018,67,4.12,170,0,0,0,0
2022-10-27 13:15:00,9833,21.435,21.37,1018,66.5,4.375,177.5,0,0,0,0
2022-10-27 13:30:00,9743,21.6,21.54,1018,66,4.63,185,0,0,0,0
2022-10-27 13:45:00,9691,21.765,21.71,1018,65.5,4.885,192.5,0,0,0,0
2022-10-27 14:00:00,9734,21.93,21.88,1018,65,5.14,200,0,0,0,0
2022-10-27 14:15:00,9665,21.7775,21.725,1018,65.5,5.14,197.5,0,0,0,0
2022-10-27 14:30:00,9479,21.625,21.57,1018,66,5.14,195,0,0,0,0
2022-10-27 14:45:00,9467,21.4725,21.415,1018,66.5,5.14,192.5,0,0,0,0
2022-10-27 15:00:00,9496,21.32,21.26,1018,67,5.14,190,0,0,0,0
2022-10-27 15:15:00,9327,21.2775,21.22,1018,67.25,5.0125,192.5,0,0,0,0
2022-10-27 15:30:00,9336,21.235,21.18,1018,67.5,4.885,195,0,0,0,0
2022-10-27 15:45:00,9369,21.1925,21.14,1018,67.75,4.7575,197.5,0,0,0,0
2022-10-27 16:00:00,9416,21.15,21.1,1018,68,4.63,200,0,0,0,0
2022-10-27 16:15:00,9601,20.8775,20.825,1018,69,4.5025,197.5,0,0,0,0
2022-10-27 16:30:00,9635,20.605,20.55,1018,70,4.375,195,0,0,0,0
2022-10-27 16:45:00,9805,20.3325,20.275,1018,71,4.2475,192.5,0,0,0,0
2022-10-27 17:00:00,9796,20.06,20,1018,72,4.12,190,0,0,0,0
2022-10-27 17:15:00,9792,19.52,19.445,1018,73.5,3.99,187.5,0,0,0,0
2022-10-27 17:30:00,9968,18.98,18.89,1018,75,3.86,185,0,0,0,0
2022-10-27 17:45:00,10226,18.44,18.335,1018,76.5,3.73,182.5,0,0,0,0
2022-10-27 18:00:00,10291,17.9,17.78,1018,78,3.6,180,0,0,0,0
2022-10-27 18:15:00,10117,17.8725,17.77,1018,78.75,3.8575,177.5,0,0,0,0
2022-10-27 18:30:00,10068,17.845,17.76,1018,79.5,4.115,175,0,0,0,0
2022-10-27 18:45:00,9938,17.8175,17.75,1018,80.25,4.3725,172.5,0,0,0,0
2022-10-27 19:00:00,9776,17.79,17.74,1018,81,4.63,170,0,0,0,0
2022-10-27 19:15:00,9514,17.865,17.8225,1018,81,5.145,170,0,0,0,0
2022-10-27 19:30:00,9438,17.94,17.905,1018,81,5.66,170,0,0,0,0
2022-10-27 19:45:00,9249,18.015,17.9875,1018,81,6.175,170,0,0,0,0
2022-10-27 20:00:00,9003,18.09,18.07,1018,81,6.69,170,0,0,0,0
2022-10-27 20:15:00,8953,18.1925,18.1625,1018,80.25,6.69,172.5,0,0,0,0
2022-10-27 20:30:00,8913,18.295,18.255,1018,79.5,6.69,175,0,0,0,0
2022-10-27 20:45:00,8796,18.3975,18.3475,1018,78.75,6.69,177.5,0,0,0,0
2022-10-27 21:00:00,8890,18.5,18.44,1018,78,6.69,180,0,0,0,0
2022-10-27 21:15:00,8815,18.5775,18.505,1017.75,77.25,6.56,180,0,0,0,0
2022-10-27 21:30:00,8779,18.655,18.57,1017.5,76.5,6.43,180,0,0,0,0
2022-10-27 21:45:00,8735,18.7325,18.635,1017.25,75.75,6.3,180,0,0,0,0
2022-10-27 22:00:00,8668,18.81,18.7,1017,75,6.17,180,0,0,0,0
2022-10-27 22:15:00,8551,18.815,18.7075,1017,75,6.0425,177.5,0,0,0,0
2022-10-27 22:30:00,8389,18.82,18.715,1017,75,5.915,175,0,0,0,0
2022-10-27 22:45:00,8212,18.825,18.7225,1017,75,5.7875,172.5,0,0,0,0
2022-10-27 23:00:00,8217,18.83,18.73,1017,75,5.66,170,0,0,0,0
2022-10-27 23:15:00,8002,18.64,18.5325,1017,75.5,5.66,172.5,0,0,0,0
2022-10-27 23:30:00,7874,18.45,18.335,1017,76,5.66,175,0,0,0,0
2022-10-27 23:45:00,7877,18.26,18.1375,1017,76.5,5.66,177.5,0,0,0,0
2022-10-28 00:00:00,7730,18.07,17.94,1017,77,5.66,180,0,0,0,0
2022-10-28 00:15:00,7623,17.9925,17.8625,1017,77.25,5.275,182.5,0,0,0,0
2022-10-28 00:30:00,7536,17.915,17.785,1017,77.5,4.89,185,0,0,0,0
2022-10-28 00:45:00,7289,17.8375,17.7075,1017,77.75,4.505,187.5,0,0,0,0
2022-10-28 01:00:00,7249,17.76,17.63,1017,78,4.12,190,0,0,0,0
2022-10-28 01:15:00,7098,17.67,17.5375,1017,78.25,4.375,190,0,0,0,0
2022-10-28 01:30:00,7014,17.58,17.445,1017,78.5,4.63,190,0,0,0,0
2022-10-28 01:45:00,7026,17.49,17.3525,1017,78.75,4.885,190,0,0,0,0
2022-10-28 02:00:00,6986,17.4,17.26,1017,79,5.14,190,0,0,0,0
2022-10-28 02:15:00,7039,17.3225,17.175,1017,79,5.27,190,0,0,0,0
2022-10-28 02:30:00,7037,17.245,17.09,1017,79,5.4,190,0,0,0,0
2022-10-28 02:45:00,7018,17.1675,17.005,1017,79,5.53,190,0,0,0,0
2022-10-28 03:00:00,7129,17.09,16.92,1017,79,5.66,190,0,0,0,0
2022-10-28 03:15:00,7209,16.9825,16.82,1017,79.75,5.4025,190,0,0,0,0
2022-10-28 03:30:00,7181,16.875,16.72,1017,80.5,5.145,190,0,0,0,0
2022-10-28 03:45:00,7248,16.7675,16.62,1017,81.25,4.8875,190,0,0,0,0
2022-10-28 04:00:00,7414,16.66,16.52,1017,82,4.63,190,0,0,0,0
2022-10-28 04:15:00,7464,16.5475,16.3975,1016.75,82,4.63,190,0,0,0,0
2022-10-28 04:30:00,7541,16.435,16.275,1016.5,82,4.63,190,0,0,0,0
2022-10-28 04:45:00,7722,16.3225,16.1525,1016.25,82,4.63,190,0,0,0,0
2022-10-28 05:00:00,8003,16.21,16.03,1016,82,4.63,190,0,0,0,0
2022-10-28 05:15:00,8230,16.2275,16.0425,1016,81.75,4.63,187.5,0,0,0,0
2022-10-28 05:30:00,8414,16.245,16.055,1016,81.5,4.63,185,0,0,0,0
2022-10-28 05:45:00,8733,16.2625,16.0675,1016,81.25,4.63,182.5,0,0,0,0
2022-10-28 06:00:00,9002,16.28,16.08,1016,81,4.63,180,0,0,0,0
2022-10-28 06:15:00,9149,16.16,15.96,1016,81.5,4.3725,182.5,0,0,0,0
2022-10-28 06:30:00,9346,16.04,15.84,1016,82,4.115,185,0,0,0,0
2022-10-28 06:45:00,9489,15.92,15.72,1016,82.5,3.8575,187.5,0,0,0,0
2022-10-28 07:00:00,9674,15.8,15.6,1016,83,3.6,190,0,0,0,0
2022-10-28 07:15:00,9518,15.91,15.7225,1016,83,3.985,187.5,0,0,0,0
2022-10-28 07:30:00,9541,16.02,15.845,1016,83,4.37,185,0,0,0,0
2022-10-28 07:45:00,9455,16.13,15.9675,1016,83,4.755,182.5,0,0,0,0
2022-10-28 08:00:00,9482,16.24,16.09,1016,83,5.14,180,0,0,0,0
2022-10-28 08:15:00,9596,16.605,16.465,1016.25,82,5.0125,180,0,0,0,0
2022-10-28 08:30:00,9792,16.97,16.84,1016.5,81,4.885,180,0,0,0,0
2022-10-28 08:45:00,9826,17.335,17.215,1016.75,80,4.7575,180,0,0,0,0
2022-10-28 09:00:00,9894,17.7,17.59,1017,79,4.63,180,0,0,0,0
2022-10-28 09:15:00,9961,17.91,17.8075,1017,78.5,4.8875,182.5,0,0,0,0
2022-10-28 09:30:00,10059,18.12,18.025,1017,78,5.145,185,0,0,0,0
2022-10-28 09:45:00,10079,18.33,18.2425,1017,77.5,5.4025,187.5,0,0,0,0
2022-10-28 10:00:00,9937,18.54,18.46,1017,77,5.66,190,0,0,0,0
2022-10-28 10:15:00,9966,19.195,19.115,1017,74.5,5.9175,192.5,0,0,0,0
2022-10-28 10:30:00,9793,19.85,19.77,1017,72,6.175,195,0,0,0,0
2022-10-28 10:45:00,9783,20.505,20.425,1017,69.5,6.4325,197.5,0,0,0,0
2022-10-28 11:00:00,9691,21.16,21.08,1017,67,6.69,200,0,0,0,0
2022-10-28 11:15:00,9449,21.4175,21.3375,1017,66,6.69,205,0,0,0,0
2022-10-28 11:30:00,9327,21.675,21.595,1017,65,6.69,210,0,0,0,0
2022-10-28 11:45:00,9382,21.9325,21.8525,1017,64,6.69,215,0,0,0,0
2022-10-28 12:00:00,9589,22.19,22.11,1017,63,6.69,220,0,0,0,0
2022-10-28 12:15:00,9510,22.1275,22.055,1017.25,63.5,6.56,222.5,0,0,0,0
2022-10-28 12:30:00,9459,22.065,22,1017.5,64,6.43,225,0,0,0,0
2022-10-28 12:45:00,9539,22.0025,21.945,1017.75,64.5,6.3,227.5,0,0,0,0
2022-10-28 13:00:00,9624,21.94,21.89,1018,65,6.17,230,0,0,0,0
2022-10-28 13:15:00,9597,21.8825,21.84,1018,65.5,6.3,232.5,0,0,0,0
2022-10-28 13:30:00,9532,21.825,21.79,1018,66,6.43,235,0,0,0,0
2022-10-28 13:45:00,9494,21.7675,21.74,1018,66.5,6.56,237.5,0,0,0,0
2022-10-28 14:00:00,9529,21.71,21.69,1018,67,6.69,240,0,0,0,0
2022-10-28 14:15:00,9494,21.735,21.7225,1018,67.25,6.3025,237.5,0,0,0,0
2022-10-28 14:30:00,9463,21.76,21.755,1018,67.5,5.915,235,0,0,0,0
2022-10-28 14:45:00,9498,21.785,21.7875,1018,67.75,5.5275,232.5,0,0,0,0
2022-10-28 15:00:00,9506,21.81,21.82,1018,68,5.14,230,0,0,0,0
2022-10-28 15:15:00,9541,21.7475,21.7575,1018.25,68.25,4.755,225,0,0,0,0
2022-10-28 15:30:00,9657,21.685,21.695,1018.5,68.5,4.37,220,0,0,0,0
2022-10-28 15:45:00,9713,21.6225,21.6325,1018.75,68.75,3.985,215,0,0,0,0
2022-10-28 16:00:00,9823,21.56,21.57,1019,69,3.6,210,0,0,0,0
2022-10-28 16:15:00,9717,21.2175,21.22,1019,70,3.4725,210,0,0,0,0
2022-10-28 16:30:00,9864,20.875,20.87,1019,71,3.345,210,0,0,0,0
2022-10-28 16:45:00,9976,20.5325,20.52,1019,72,3.2175,210,0,0,0,0
2022-10-28 17:00:00,9881,20.19,20.17,1019,73,3.09,210,0,0,0,0
2022-10-28 17:15:00,9964,19.7675,19.745,1019,74.5,2.96,212.5,0,0,5,0
2022-10-28 17:30:00,10237,19.345,19.32,1019,76,2.83,215,0,0,10,0
2022-10-28 17:45:00,10376,18.9225,18.895,1019,77.5,2.7,217.5,0,0,15,0
2022-10-28 18:00:00,10220,18.5,18.47,1019,79,2.57,220,0,0,20,0
2022-10-28 18:15:00,10042,18.2625,18.235,1019.25,80,2.4425,217.5,0,0,25,0
2022-10-28 18:30:00,10005,18.025,18,1019.5,81,2.315,215,0,0,30,0
2022-10-28 18:45:00,9861,17.7875,17.765,1019.75,82,2.1875,212.5,0,0,35,0
2022-10-28 19:00:00,9626,17.55,17.53,1020,83,2.06,210,0,0,40,0
2022-10-28 19:15:00,9439,17.29,17.2575,1020,83.5,2.06,207.5,0,0,35,0
2022-10-28 19:30:00,9309,17.03,16.985,1020,84,2.06,205,0,0,30,0
2022-10-28 19:45:00,9212,16.77,16.7125,1020,84.5,2.06,202.5,0,0,25,0
2022-10-28 20:00:00,9052,16.51,16.44,1020,85,2.06,200,0,0,20,0
2022-10-28 20:15:00,8991,16.36,16.28,1020.25,85.25,2.1875,207.5,0,0,20,0
2022-10-28 20:30:00,8918,16.21,16.12,1020.5,85.5,2.315,215,0,0,20,0
2022-10-28 20:45:00,8822,16.06,15.96,1020.75,85.75,2.4425,222.5,0,0,20,0
2022-10-28 21:00:00,8868,15.91,15.8,1021,86,2.57,230,0,0,20,0
2022-10-28 21:15:00,8789,15.6825,15.57,1021,86.75,2.3125,225,0,0,15,0
2022-10-28 21:30:00,8701,15.455,15.34,1021,87.5,2.055,220,0,0,10,0
2022-10-28 21:45:00,8695,15.2275,15.11,1021,88.25,1.7975,215,0,0,5,0
2022-10-28 22:00:00,8642,15,14.88,1021,89,1.54,210,0,0,0,0
2022-10-28 22:15:00,8580,14.96,14.8425,1021,89.25,1.54,207.5,0,0,0,0
2022-10-28 22:30:00,8361,14.92,14.805,1021,89.5,1.54,205,0,0,0,0
2022-10-28 22:45:00,8259,14.88,14.7675,1021,89.75,1.54,202.5,0,0,0,0
2022-10-28 23:00:00,8083,14.84,14.73,1021,90,1.54,200,0,0,0,0
2022-10-28 23:15:00,8104,14.8,14.6925,1021,90.25,1.54,205,0,0,0,0
2022-10-28 23:30:00,7989,14.76,14.655,1021,90.5,1.54,210,0,0,0,0
2022-10-28 23:45:00,7788,14.72,14.6175,1021,90.75,1.54,215,0,0,0,0
2022-10-29 00:00:00,7684,14.68,14.58,1021,91,1.54,220,0,0,0,0
2022-10-29 00:15:00,7726,14.6525,14.55,1021,91,1.4125,210,0,0,0,0
2022-10-29 00:30:00,7673,14.625,14.52,1021,91,1.285,200,0,0,0,0
2022-10-29 00:45:00,7523,14.5975,14.49,1021,91,1.1575,190,0,0,0,0
2022-10-29 01:00:00,7478,14.57,14.46,1021,91,1.03,180,0,0,0,0
2022-10-29 01:15:00,7385,14.385,14.27,1021,91.5,1.2825,178.25,0,0,25,0
2022-10-29 01:30:00,7387,14.2,14.08,1021,92,1.535,176.5,0,0,50,0
2022-10-29 01:45:00,7319,14.015,13.89,1021,92.5,1.7875,174.75,0,0,75,0
2022-10-29 02:00:00,7191,13.83,13.7,1021,93,2.04,173,0,0,100,0
2022-10-29 02:15:00,7197,13.86,13.74,1021,93.25,2.045,159.75,0,0,75,0
2022-10-29 02:30:00,7202,13.89,13.78,1021,93.5,2.05,146.5,0,0,50,0
2022-10-29 02:45:00,7158,13.92,13.82,1021,93.75,2.055,133.25,0,0,25,0
2022-10-29 03:00:00,7120,13.95,13.86,1021,94,2.06,120,0,0,0,0
2022-10-29 03:15:00,7161,13.885,13.7875,1020.5,94,2.14,129.5,0,0,25,0
2022-10-29 03:30:00,7011,13.82,13.715,1020,94,2.22,139,0,0,50,0
2022-10-29 03:45:00,6940,13.755,13.6425,1019.5,94,2.3,148.5,0,0,75,0
2022-10-29 04:00:00,7093,13.69,13.57,1019,94,2.38,158,0,0,100,0
2022-10-29 04:15:00,7093,13.765,13.66,1019,94.25,2.4225,160.5,0,0,100,0
2022-10-29 04:30:00,7077,13.84,13.75,1019,94.5,2.465,163,0,0,100,0
2022-10-29 04:45:00,7172,13.915,13.84,1019,94.75,2.5075,165.5,0,0,100,0
2022-10-29 05:00:00,7321,13.99,13.93,1019,95,2.55,168,0,0,100,0
2022-10-29 05:15:00,7321,14.115,14.0525,1019,94.5,2.8125,161,0,0,75,0
2022-10-29 05:30:00,7304,14.24,14.175,1019,94,3.075,154,0,0,50,0
2022-10-29 05:45:00,7440,14.365,14.2975,1019,93.5,3.3375,147,0,0,25,0
2022-10-29 06:00:00,7580,14.49,14.42,1019,93,3.6,140,0,0,0,0
2022-10-29 06:15:00,7642,14.42,14.3425,1018.75,93,3.215,142.5,0,0,0,0
2022-10-29 06:30:00,7809,14.35,14.265,1018.5,93,2.83,145,0,0,0,0
2022-10-29 06:45:00,7823,14.28,14.1875,1018.25,93,2.445,147.5,0,0,0,0
2022-10-29 07:00:00,8059,14.21,14.11,1018,93,2.06,150,0,0,0,0
2022-10-29 07:15:00,8035,14.195,14.1025,1018,93.25,2.06,142.5,0,0,0,0
2022-10-29 07:30:00,8092,14.18,14.095,1018,93.5,2.06,135,0,0,0,0
2022-10-29 07:45:00,8219,14.165,14.0875,1018,93.75,2.06,127.5,0,0,0,0
2022-10-29 08:00:00,8447,14.15,14.08,1018,94,2.06,120,0,0,0,0
2022-10-29 08:15:00,8566,14.4775,14.425,1018,93.5,1.8025,90,0,0,0,0
2022-10-29 08:30:00,8628,14.805,14.77,1018,93,1.545,60,0,0,0,0
2022-10-29 08:45:00,8732,15.1325,15.115,1018,92.5,1.2875,30,0,0,0,0
2022-10-29 09:00:00,8824,15.46,15.46,1018,92,1.03,0,0,0,0,0
2022-10-29 09:15:00,8884,15.9575,15.97,1018,90.5,1.545,42.5,0,0,0,0
2022-10-29 09:30:00,8935,16.455,16.48,1018,89,2.06,85,0,0,0,0
2022-10-29 09:45:00,8749,16.9525,16.99,1018,87.5,2.575,127.5,0,0,0,0
2022-10-29 10:00:00,8678,17.45,17.5,1018,86,3.09,170,0,0,0,0
2022-10-29 10:15:00,8612,17.87,17.91,1018,84,3.09,170,0,0,0,0
2022-10-29 10:30:00,8698,18.29,18.32,1018,82,3.09,170,0,0,0,0
2022-10-29 10:45:00,8836,18.71,18.73,1018,80,3.09,170,0,0,0,0
2022-10-29 11:00:00,8719,19.13,19.14,1018,78,3.09,170,0,0,0,0
2022-10-29 11:15:00,8740,19.8375,19.8575,1018,75.75,3.09,170,0,0,0,0
2022-10-29 11:30:00,8542,20.545,20.575,1018,73.5,3.09,170,0,0,0,0
2022-10-29 11:45:00,8700,21.2525,21.2925,1018,71.25,3.09,170,0,0,0,0
2022-10-29 12:00:00,8659,21.96,22.01,1018,69,3.09,170,0,0,0,0
2022-10-29 12:15:00,8540,22.4825,22.5325,1017.75,67,3.09,165,0,0,0,0
2022-10-29 12:30:00,8607,23.005,23.055,1017.5,65,3.09,160,0,0,0,0
2022-10-29 12:45:00,8592,23.5275,23.5775,1017.25,63,3.09,155,0,0,0,0
2022-10-29 13:00:00,8636,24.05,24.1,1017,61,3.09,150,0,0,0,0
2022-10-29 13:15:00,8559,24.1325,24.185,1017,60.75,3.09,150,0,0,0,0
2022-10-29 13:30:00,8453,24.215,24.27,1017,60.5,3.09,150,0,0,0,0
2022-10-29 13:45:00,8312,24.2975,24.355,1017,60.25,3.09,150,0,0,0,0
2022-10-29 14:00:00,8329,24.38,24.44,1017,60,3.09,150,0,0,0,0
2022-10-29 14:15:00,8355,24.2775,24.295,1016.75,58.75,2.96,155,0,0,0,0
2022-10-29 14:30:00,8341,24.175,24.15,1016.5,57.5,2.83,160,0,0,0,0
2022-10-29 14:45:00,8385,24.0725,24.005,1016.25,56.25,2.7,165,0,0,0,0
2022-10-29 15:00:00,8316,23.97,23.86,1016,55,2.57,170,0,0,0,0
2022-10-29 15:15:00,8256,23.5125,23.39,1016,56.25,2.9575,170,0,0,0,0
2022-10-29 15:30:00,8184,23.055,22.92,1016,57.5,3.345,170,0,0,0,0
2022-10-29 15:45:00,8198,22.5975,22.45,1016,58.75,3.7325,170,0,0,0,0
2022-10-29 16:00:00,8277,22.14,21.98,1016,60,4.12,170,0,0,0,0
2022-10-29 16:15:00,8405,21.755,21.5875,1015.75,61.25,4.12,167.5,0,0,0,0
2022-10-29 16:30:00,8429,21.37,21.195,1015.5,62.5,4.12,165,0,0,0,0
2022-10-29 16:45:00,8477,20.985,20.8025,1015.25,63.75,4.12,162.5,0,0,0,0
2022-10-29 17:00:00,8570,20.6,20.41,1015,65,4.12,160,0,0,0,0
2022-10-29 17:15:00,8864,20.175,19.9825,1015.25,66.5,3.7325,170,0,0,0,0
2022-10-29 17:30:00,9017,19.75,19.555,1015.5,68,3.345,180,0,0,0,0
2022-10-29 17:45:00,8983,19.325,19.1275,1015.75,69.5,2.9575,190,0,0,0,0
2022-10-29 18:00:00,9155,18.9,18.7,1016,71,2.57,200,0,0,0,0
2022-10-29 18:15:00,8997,18.795,18.5975,1016,71.5,2.8275,195,0,0,0,0
2022-10-29 18:30:00,9097,18.69,18.495,1016,72,3.085,190,0,0,0,0
2022-10-29 18:45:00,8877,18.585,18.3925,1016,72.5,3.3425,185,0,0,0,0
2022-10-29 19:00:00,8649,18.48,18.29,1016,73,3.6,180,0,0,0,0
2022-10-29 19:15:00,8520,18.4025,18.205,1016,73,3.73,182.5,0,0,0,0
2022-10-29 19:30:00,8551,18.325,18.12,1016,73,3.86,185,0,0,0,0
2022-10-29 19:45:00,8420,18.2475,18.035,1016,73,3.99,187.5,0,0,0,0
2022-10-29 20:00:00,8303,18.17,17.95,1016,73,4.12,190,0,0,0,0
2022-10-29 20:15:00,8148,18.02,17.79,1016,73.25,4.12,187.5,0,0,0,0
2022-10-29 20:30:00,8160,17.87,17.63,1016,73.5,4.12,185,0,0,0,0
2022-10-29 20:45:00,7931,17.72,17.47,1016,73.75,4.12,182.5,0,0,0,0
2022-10-29 21:00:00,7815,17.57,17.31,1016,74,4.12,180,0,0,0,0
2022-10-29 21:15:00,7893,17.58,17.3225,1016,74,3.99,185,0,0,0,0
2022-10-29 21:30:00,7814,17.59,17.335,1016,74,3.86,190,0,0,0,0
2022-10-29 21:45:00,7876,17.6,17.3475,1016,74,3.73,195,0,0,0,0
2022-10-29 22:00:00,7852,17.61,17.36,1016,74,3.6,200,0,0,0,0
2022-10-29 22:15:00,7828,17.2625,17.01,1016.25,75.25,3.3425,197.5,0,0,0,0
2022-10-29 22:30:00,7737,16.915,16.66,1016.5,76.5,3.085,195,0,0,0,0
2022-10-29 22:45:00,7525,16.5675,16.31,1016.75,77.75,2.8275,192.5,0,0,0,0
2022-10-29 23:00:00,7425,16.22,15.96,1017,79,2.57,190,0,0,0,0
2022-10-29 23:15:00,7277,16.145,15.89,1017,79.5,2.57,190,0,0,0,0
2022-10-29 23:30:00,7157,16.07,15.82,1017,80,2.57,190,0,0,0,0
2022-10-29 23:45:00,7146,15.995,15.75,1017,80.5,2.57,190,0,0,0,0
2022-10-30 00:00:00,7184,15.92,15.68,1017,81,2.57,190,0,0,0,0
2022-10-30 00:15:00,7045,15.725,15.485,1017,81.75,2.57,192.5,0,0,0,0
2022-10-30 00:30:00,6895,15.53,15.29,1017,82.5,2.57,195,0,0,0,0
2022-10-30 00:45:00,6902,15.335,15.095,1017,83.25,2.57,197.5,0,0,0,0
2022-10-30 01:00:00,7130,15.14,14.9,1017,84,2.57,200,0,0,0,0
2022-10-30 01:15:00,7202,14.925,14.67,1017,84.25,2.57,202.5,0,0,0,0
2022-10-30 01:30:00,7099,14.71,14.44,1017,84.5,2.57,205,0,0,0,0
2022-10-30 01:45:00,7219,14.495,14.21,1017,84.75,2.57,207.5,0,0,0,0
2022-10-30 02:00:00,6725,14.28,13.98,1017,85,2.57,210,0,0,0,0
2022-10-30 02:15:00,6604,14.2975,14.0075,1017,85.25,2.8275,207.5,0,0,0,0
2022-10-30 02:30:00,6671,14.315,14.035,1017,85.5,3.085,205,0,0,0,0
2022-10-30 02:45:00,6639,14.3325,14.0625,1017,85.75,3.3425,202.5,0,0,0,0
2022-10-30 03:00:00,6737,14.35,14.09,1017,86,3.6,200,0,0,0,0
2022-10-30 03:15:00,6672,14.0725,13.8025,1017,86.75,3.3425,192.5,0,0,0,0
2022-10-30 03:30:00,6687,13.795,13.515,1017,87.5,3.085,185,0,0,0,0
2022-10-30 03:45:00,6654,13.5175,13.2275,1017,88.25,2.8275,177.5,0,0,0,0
2022-10-30 04:00:00,6716,13.24,12.94,1017,89,2.57,170,0,0,0,0
2022-10-30 04:15:00,6710,13.29,12.995,1017,89,2.7,172.5,0,0,0,0
2022-10-30 04:30:00,6661,13.34,13.05,1017,89,2.83,175,0,0,0,0
2022-10-30 04:45:00,6673,13.39,13.105,1017,89,2.96,177.5,0,0,0,0
2022-10-30 05:00:00,6670,13.44,13.16,1017,89,3.09,180,0,0,0,0
2022-10-30 05:15:00,6756,13.3375,13.0475,1017,89,3.09,177.5,0,0,0,0
2022-10-30 05:30:00,6845,13.235,12.935,1017,89,3.09,175,0,0,0,0
2022-10-30 05:45:00,6859,13.1325,12.8225,1017,89,3.09,172.5,0,0,0,0
2022-10-30 06:00:00,7002,13.03,12.71,1017,89,3.09,170,0,0,0,0
2022-10-30 06:15:00,7109,12.935,12.62,1017,89.5,3.09,172.5,0,0,0,0
2022-10-30 06:30:00,7117,12.84,12.53,1017,90,3.09,175,0,0,0,0
2022-10-30 06:45:00,7303,12.745,12.44,1017,90.5,3.09,177.5,0,0,0,0
2022-10-30 07:00:00,7291,12.65,12.35,1017,91,3.09,180,0,0,0,0
2022-10-30 07:15:00,7409,12.65,12.35,1016.75,91,2.8325,182.5,0,0,0,0
2022-10-30 07:30:00,7455,12.65,12.35,1016.5,91,2.575,185,0,0,0,0
2022-10-30 07:45:00,7470,12.65,12.35,1016.25,91,2.3175,187.5,0,0,0,0
2022-10-30 08:00:00,7620,12.65,12.35,1016,91,2.06,190,0,0,0,0
2022-10-30 08:15:00,7807,13.0775,12.8075,1016,90.5,2.06,190,0,0,0,0
2022-10-30 08:30:00,7892,13.505,13.265,1016,90,2.06,190,0,0,0,0
2022-10-30 08:45:00,7932,13.9325,13.7225,1016,89.5,2.06,190,0,0,0,0
2022-10-30 09:00:00,8047,14.36,14.18,1016,89,2.06,190,0,0,0,0
2022-10-30 09:15:00,7959,14.6675,14.505,1016.25,88.5,1.93,190,0,0,0,0
2022-10-30 09:30:00,8085,14.975,14.83,1016.5,88,1.8,190,0,0,0,0
2022-10-30 09:45:00,8148,15.2825,15.155,1016.75,87.5,1.67,190,0,0,0,0
2022-10-30 10:00:00,8253,15.59,15.48,1017,87,1.54,190,0,0,0,0
2022-10-30 10:15:00,8145,16.14,16.02,1017,84.5,1.4125,142.5,0,0,0,0
2022-10-30 10:30:00,8177,16.69,16.56,1017,82,1.285,95,0,0,0,0
2022-10-30 10:45:00,8121,17.24,17.1,1017,79.5,1.1575,47.5,0,0,0,0
2022-10-30 11:00:00,8186,17.79,17.64,1017,77,1.03,0,0,0,0,0
2022-10-30 11:15:00,8182,17.995,17.845,1017,76.25,0.9,0,0,0,0,0
2022-10-30 11:30:00,8207,18.2,18.05,1017,75.5,0.77,0,0,0,0,0
2022-10-30 11:45:00,8286,18.405,18.255,1017,74.75,0.64,0,0,0,0,0
2022-10-30 12:00:00,8238,18.61,18.46,1017,74,0.51,0,0,0,0,0
2022-10-30 12:15:00,8232,18.7275,18.57,1017,73.25,0.51,0,0,0,0,0
2022-10-30 12:30:00,8164,18.845,18.68,1017,72.5,0.51,0,0,0,0,0
2022-10-30 12:45:00,8235,18.9625,18.79,1017,71.75,0.51,0,0,0,0,0
2022-10-30 13:00:00,8033,19.08,18.9,1017,71,0.51,0,0,0,0,0
2022-10-30 13:15:00,8081,19.245,19.075,1016.75,70.75,0.8975,57.5,0,0,0,0
2022-10-30 13:30:00,7875,19.41,19.25,1016.5,70.5,1.285,115,0,0,0,0
2022-10-30 13:45:00,7830,19.575,19.425,1016.25,70.25,1.6725,172.5,0,0,0,0
2022-10-30 14:00:00,7764,19.74,19.6,1016,70,2.06,230,0,0,0,0
2022-10-30 14:15:00,7850,19.7675,19.61,1016,69.25,2.575,227.5,0,0,0,0
2022-10-30 14:30:00,7761,19.795,19.62,1016,68.5,3.09,225,0,0,0,0
2022-10-30 14:45:00,7921,19.8225,19.63,1016,67.75,3.605,222.5,0,0,0,0
2022-10-30 15:00:00,7788,19.85,19.64,1016,67,4.12,220,0,0,0,0
2022-10-30 15:15:00,7663,19.5525,19.3525,1016.25,68.5,4.12,227.5,0,0,0,0
2022-10-30 15:30:00,7817,19.255,19.065,1016.5,70,4.12,235,0,0,0,0
2022-10-30 15:45:00,7822,18.9575,18.7775,1016.75,71.5,4.12,242.5,0,0,0,0
2022-10-30 16:00:00,7873,18.66,18.49,1017,73,4.12,250,0,0,0,0
2022-10-30 16:15:00,8000,18.35,18.175,1017.25,74,3.99,255,0,0,5,0
2022-10-30 16:30:00,8007,18.04,17.86,1017.5,75,3.86,260,0,0,10,0
2022-10-30 16:45:00,8136,17.73,17.545,1017.75,76,3.73,265,0,0,15,0
2022-10-30 17:00:00,8257,17.42,17.23,1018,77,3.6,270,0,0,20,0
2022-10-30 17:15:00,8578,17.1325,16.9525,1018,78.5,3.215,265,0,0,15,0
2022-10-30 17:30:00,8758,16.845,16.675,1018,80,2.83,260,0,0,10,0
2022-10-30 17:45:00,8961,16.5575,16.3975,1018,81.5,2.445,255,0,0,5,0
2022-10-30 18:00:00,9131,16.27,16.12,1018,83,2.06,250,0,0,0,0
2022-10-30 18:15:00,9108,15.91,15.75,1018.25,84,1.93,240,0,0,0,0
2022-10-30 18:30:00,8984,15.55,15.38,1018.5,85,1.8,230,0,0,0,0
2022-10-30 18:45:00,8827,15.19,15.01,1018.75,86,1.67,220,0,0,0,0
2022-10-30 19:00:00,8734,14.83,14.64,1019,87,1.54,210,0,0,0,0
2022-10-30 19:15:00,8819,14.68,14.4875,1019.25,87.5,1.67,215,0,0,5,0
2022-10-30 19:30:00,8843,14.53,14.335,1019.5,88,1.8,220,0,0,10,0
2022-10-30 19:45:00,8789,14.38,14.1825,1019.75,88.5,1.93,225,0,0,15,0
2022-10-30 20:00:00,8505,14.23,14.03,1020,89,2.06,230,0,0,20,0
2022-10-30 20:15:00,8651,13.9425,13.72,1020,89.25,2.06,225,0,0,15,0
2022-10-30 20:30:00,8363,13.655,13.41,1020,89.5,2.06,220,0,0,10,0
2022-10-30 20:45:00,8288,13.3675,13.1,1020,89.75,2.06,215,0,0,5,0
2022-10-30 21:00:00,8322,13.08,12.79,1020,90,2.06,210,0,0,0,0
2022-10-30 21:15:00,8145,13.1425,12.865,1020,90.25,2.06,210,0,0,0,0
2022-10-30 21:30:00,8065,13.205,12.94,1020,90.5,2.06,210,0,0,0,0
2022-10-30 21:45:00,7982,13.2675,13.015,1020,90.75,2.06,210,0,0,0,0
2022-10-30 22:00:00,7961,13.33,13.09,1020,91,2.06,210,0,0,0,0
2022-10-30 22:15:00,7934,13.28,13.035,1020.25,91,2.06,207.5,0,0,0,0
2022-10-30 22:30:00,7885,13.23,12.98,1020.5,91,2.06,205,0,0,0,0
2022-10-30 22:45:00,7881,13.18,12.925,1020.75,91,2.06,202.5,0,0,0,0
2022-10-30 23:00:00,7706,13.13,12.87,1021,91,2.06,200,0,0,0,0
2022-10-30 23:15:00,7660,13.0325,12.77,1021,91.25,2.1875,197.5,0,0,0,0
2022-10-30 23:30:00,7377,12.935,12.67,1021,91.5,2.315,195,0,0,0,0
2022-10-30 23:45:00,7343,12.8375,12.57,1021,91.75,2.4425,192.5,0,0,0,0
2022-10-31 00:00:00,7415,12.74,12.47,1021,92,2.57,190,0,0,0,0
2022-10-31 00:15:00,7311,12.6825,12.4075,1021,92,2.4425,190,0,0,0,0
2022-10-31 00:30:00,7274,12.625,12.345,1021,92,2.315,190,0,0,0,0
2022-10-31 00:45:00,7168,12.5675,12.2825,1021,92,2.1875,190,0,0,0,0
2022-10-31 01:00:00,7087,12.51,12.22,1021,92,2.06,190,0,0,0,0
2022-10-31 01:15:00,6947,12.3275,12.02,1020.75,92,2.06,187.5,0,0,0,0
2022-10-31 01:30:00,6876,12.145,11.82,1020.5,92,2.06,185,0,0,0,0
2022-10-31 01:45:00,6856,11.9625,11.62,1020.25,92,2.06,182.5,0,0,0,0
2022-10-31 02:00:00,6950,11.78,11.42,1020,92,2.06,180,0,0,0,0
2022-10-31 02:15:00,6823,11.5775,11.2025,1020,92.25,2.06,180,0,0,0,0
2022-10-31 02:30:00,6799,11.375,10.985,1020,92.5,2.06,180,0,0,0,0
2022-10-31 02:45:00,6877,11.1725,10.7675,1020,92.75,2.06,180,0,0,0,0
2022-10-31 03:00:00,6800,10.97,10.55,1020,93,2.06,180,0,0,0,0
2022-10-31 03:15:00,6864,10.78,10.3475,1020,93.25,2.06,177.5,0,0,0,0
2022-10-31 03:30:00,6944,10.59,10.145,1020,93.5,2.06,175,0,0,0,0
2022-10-31 03:45:00,6866,10.4,9.9425,1020,93.75,2.06,172.5,0,0,0,0
2022-10-31 04:00:00,6927,10.21,9.74,1020,94,2.06,170,0,0,0,0
2022-10-31 04:15:00,6865,10.07,9.6075,1020,93.5,1.93,167.5,0,0,0,0
2022-10-31 04:30:00,7002,9.93,9.475,1020,93,1.8,165,0,0,0,0
2022-10-31 04:45:00,7028,9.79,9.3425,1020,92.5,1.67,162.5,0,0,0,0
2022-10-31 05:00:00,7173,9.65,9.21,1020,92,1.54,160,0,0,0,0
2022-10-31 05:15:00,7244,9.6475,9.2075,1020,92.75,1.54,157.5,0,0,0,0
2022-10-31 05:30:00,7388,9.645,9.205,1020,93.5,1.54,155,0,0,0,0
2022-10-31 05:45:00,7394,9.6425,9.2025,1020,94.25,1.54,152.5,0,0,0,0
2022-10-31 06:00:00,7658,9.64,9.2,1020,95,1.54,150,0,0,0,0
2022-10-31 06:15:00,7812,9.715,9.285,1019.75,94.75,1.54,150,0,0,0,0
2022-10-31 06:30:00,7978,9.79,9.37,1019.5,94.5,1.54,150,0,0,0,0
2022-10-31 06:45:00,8187,9.865,9.455,1019.25,94.25,1.54,150,0,0,0,0
2022-10-31 07:00:00,8203,9.94,9.54,1019,94,1.54,150,0,0,0,0
2022-10-31 07:15:00,8366,10.12,9.7075,1019,93.75,1.54,150,0,0,0,0
2022-10-31 07:30:00,8338,10.3,9.875,1019,93.5,1.54,150,0,0,0,0
2022-10-31 07:45:00,8459,10.48,10.0425,1019,93.25,1.54,150,0,0,0,0
2022-10-31 08:00:00,8533,10.66,10.21,1019,93,1.54,150,0,0,0,0
2022-10-31 08:15:00,8593,10.8625,10.4525,1019,93.75,1.725,145.25,0.06,0,20.75,0
2022-10-31 08:30:00,8859,11.065,10.695,1019,94.5,1.91,140.5,0.12,0,41.5,0
2022-10-31 08:45:00,8792,11.2675,10.9375,1019,95.25,2.095,135.75,0.18,0,62.25,0
2022-10-31 09:00:00,9019,11.47,11.18,1019,96,2.28,131,0.24,0,83,0
2022-10-31 09:15:00,9114,11.7625,11.4875,1018.75,95.5,1.8375,98.25,0.24,0,83.5,0
2022-10-31 09:30:00,9200,12.055,11.795,1018.5,95,1.395,65.5,0.24,0,84,0
2022-10-31 09:45:00,9222,12.3475,12.1025,1018.25,94.5,0.9525,32.75,0.24,0,84.5,0
2022-10-31 10:00:00,9022,12.64,12.41,1018,94,0.51,0,0.24,0,85,0
2022-10-31 10:15:00,8985,12.8875,12.6775,1018,93.75,0.7675,25,0.18,0,63.75,0
2022-10-31 10:30:00,8862,13.135,12.945,1018,93.5,1.025,50,0.12,0,42.5,0
2022-10-31 10:45:00,9078,13.3825,13.2125,1018,93.25,1.2825,75,0.06,0,21.25,0
2022-10-31 11:00:00,9077,13.63,13.48,1018,93,1.54,100,0,0,0,0
2022-10-31 11:15:00,9055,13.995,13.81,1017.75,90.25,1.54,92.5,0,0,22.5,0
2022-10-31 11:30:00,9226,14.36,14.14,1017.5,87.5,1.54,85,0,0,45,0
2022-10-31 11:45:00,9260,14.725,14.47,1017.25,84.75,1.54,77.5,0,0,67.5,0
2022-10-31 12:00:00,9214,15.09,14.8,1017,82,1.54,70,0,0,90,0
2022-10-31 12:15:00,9027,15.46,15.22,1016.75,82.5,1.67,80,0,0,67.5,0
2022-10-31 12:30:00,8921,15.83,15.64,1016.5,83,1.8,90,0,0,45,0
2022-10-31 12:45:00,9106,16.2,16.06,1016.25,83.5,1.93,100,0,0,22.5,0
2022-10-31 13:00:00,8776,16.57,16.48,1016,84,2.06,110,0,0,0,0
2022-10-31 13:15:00,8766,16.9275,16.84,1015.75,82.75,2.3175,112.5,0,0,0,0
2022-10-31 13:30:00,8844,17.285,17.2,1015.5,81.5,2.575,115,0,0,0,0
2022-10-31 13:45:00,8788,17.6425,17.56,1015.25,80.25,2.8325,117.5,0,0,0,0
2022-10-31 14:00:00,8670,18,17.92,1015,79,3.09,120,0,0,0,0
2022-10-31 14:15:00,8658,18.2325,18.135,1014.5,77.5,2.96,120,0,0,0,0
2022-10-31 14:30:00,8789,18.465,18.35,1014,76,2.83,120,0,0,0,0
2022-10-31 14:45:00,8793,18.6975,18.565,1013.5,74.5,2.7,120,0,0,0,0
2022-10-31 15:00:00,8642,18.93,18.78,1013,73,2.57,120,0,0,0,0
2022-10-31 15:15:00,8659,18.8025,18.6475,1013,73.25,2.8275,117.5,0,0,0,0
2022-10-31 15:30:00,8720,18.675,18.515,1013,73.5,3.085,115,0,0,0,0
2022-10-31 15:45:00,8758,18.5475,18.3825,1013,73.75,3.3425,112.5,0,0,0,0
2022-10-31 16:00:00,8688,18.42,18.25,1013,74,3.6,110,0,0,0,0
2022-10-31 16:15:00,8873,17.9175,17.75,1012.75,76,3.4725,112.5,0,0,0,0
2022-10-31 16:30:00,8973,17.415,17.25,1012.5,78,3.345,115,0,0,0,0
2022-10-31 16:45:00,9135,16.9125,16.75,1012.25,80,3.2175,117.5,0,0,0,0
2022-10-31 17:00:00,9092,16.41,16.25,1012,82,3.09,120,0,0,0,0
2022-10-31 17:15:00,9231,16.16,15.9875,1011.75,82.5,2.96,122.5,0,0,0,0
2022-10-31 17:30:00,9544,15.91,15.725,1011.5,83,2.83,125,0,0,0,0
2022-10-31 17:45:00,9779,15.66,15.4625,1011.25,83.5,2.7,127.5,0,0,0,0
2022-10-31 18:00:00,9667,15.41,15.2,1011,84,2.57,130,0,0,0,0
2022-10-31 18:15:00,9515,15.3575,15.135,1011,83.75,2.8275,137.5,0,0,0,0
2022-10-31 18:30:00,9432,15.305,15.07,1011,83.5,3.085,145,0,0,0,0
2022-10-31 18:45:00,9398,15.2525,15.005,1011,83.25,3.3425,152.5,0,0,0,0
2022-10-31 19:00:00,9243,15.2,14.94,1011,83,3.6,160,0,0,0,0
2022-10-31 19:15:00,9124,15.29,15.0275,1011,82.5,3.8575,162.5,0,0,0,0
2022-10-31 19:30:00,8878,15.38,15.115,1011,82,4.115,165,0,0,0,0
2022-10-31 19:45:00,8721,15.47,15.2025,1011,81.5,4.3725,167.5,0,0,0,0
2022-10-31 20:00:00,8565,15.56,15.29,1011,81,4.63,170,0,0,0,0
2022-10-31 20:15:00,8664,15.6125,15.335,1010.75,80.5,4.63,167.5,0,0,0,0
2022-10-31 20:30:00,8589,15.665,15.38,1010.5,80,4.63,165,0,0,0,0
2022-10-31 20:45:00,8468,15.7175,15.425,1010.25,79.5,4.63,162.5,0,0,0,0
2022-10-31 21:00:00,8349,15.77,15.47,1010,79,4.63,160,0,0,0,0
2022-10-31 21:15:00,8327,15.925,15.64,1010,79,4.63,162.5,0,0,0,0
2022-10-31 21:30:00,8334,16.08,15.81,1010,79,4.63,165,0,0,0,0
2022-10-31 21:45:00,8165,16.235,15.98,1010,79,4.63,167.5,0,0,0,0
2022-10-31 22:00:00,8275,16.39,16.15,1010,79,4.63,170,0,0,0,0
2022-10-31 22:15:00,8126,16.425,16.195,1009.75,79.25,4.63,170,0,0,25,0
2022-10-31 22:30:00,8198,16.46,16.24,1009.5,79.5,4.63,170,0,0,50,0
2022-10-31 22:45:00,8087,16.495,16.285,1009.25,79.75,4.63,170,0,0,75,0
2022-10-31 23:00:00,8001,16.53,16.33,1009,80,4.63,170,0,0,100,0
2022-10-31 23:15:00,7788,16.5775,16.4,1009,80.75,5.2725,172.5,0,0,80,0
2022-10-31 23:30:00,7627,16.625,16.47,1009,81.5,5.915,175,0,0,60,0
2022-10-31 23:45:00,7499,16.6725,16.54,1009,82.25,6.5575,177.5,0,0,40,0
2022-11-01 00:00:00,7507,16.72,16.61,1009,83,7.2,180,0,0,20,1
2022-11-01 00:15:00,7429,16.8225,16.7175,1008.75,82.75,7.0725,180,0,0,20,1
2022-11-01 00:30:00,7238,16.925,16.825,1008.5,82.5,6.945,180,0,0,20,1
2022-11-01 00:45:00,6988,17.0275,16.9325,1008.25,82.25,6.8175,180,0,0,20,1
2022-11-01 01:00:00,7023,17.13,17.04,1008,82,6.69,180,0,0,20,1
2022-11-01 01:15:00,6948,17.155,17.055,1008,81.5,6.8175,182.5,0,0,20,1
2022-11-01 01:30:00,6832,17.18,17.07,1008,81,6.945,185,0,0,20,1
2022-11-01 01:45:00,6617,17.205,17.085,1008,80.5,7.0725,187.5,0,0,20,1
2022-11-01 02:00:00,6598,17.23,17.1,1008,80,7.2,190,0,0,20,1
2022-11-01 02:15:00,6648,17.1575,17,1008,79.25,8.1,197.5,0,0,25,1
2022-11-01 02:30:00,6637,17.085,16.9,1008,78.5,9,205,0,0,30,1
2022-11-01 02:45:00,6672,17.0125,16.8,1008,77.75,9.9,212.5,0,0,35,1
2022-11-01 03:00:00,6425,16.94,16.7,1008,77,10.8,220,0,0,40,1
2022-11-01 03:15:00,6576,16.59,16.295,1008.5,76.25,9.515,222.5,0,0,40,1
2022-11-01 03:30:00,6457,16.24,15.89,1009,75.5,8.23,225,0,0,40,1
2022-11-01 03:45:00,6510,15.89,15.485,1009.5,74.75,6.945,227.5,0,0,40,1
2022-11-01 04:00:00,6574,15.54,15.08,1010,74,5.66,230,0,0,40,1
2022-11-01 04:15:00,6511,15.29,14.8,1010,73.75,6.175,230,0,0,35,1
2022-11-01 04:30:00,6412,15.04,14.52,1010,73.5,6.69,230,0,0,30,1
2022-11-01 04:45:00,6227,14.79,14.24,1010,73.25,7.205,230,0,0,25,1
2022-11-01 05:00:00,6537,14.54,13.96,1010,73,7.72,230,0,0,20,1
2022-11-01 05:15:00,6541,14.2875,13.68,1010.5,73,8.105,230,0,0,20,1
2022-11-01 05:30:00,6555,14.035,13.4,1011,73,8.49,230,0,0,20,1
2022-11-01 05:45:00,6498,13.7825,13.12,1011.5,73,8.875,230,0,0,20,1
2022-11-01 06:00:00,6519,13.53,12.84,1012,73,9.26,230,0,0,20,1
2022-11-01 06:15:00,6607,13.2975,12.5925,1012.25,73.25,8.875,225,0,0,15,1
2022-11-01 06:30:00,6672,13.065,12.345,1012.5,73.5,8.49,220,0,0,10,1
2022-11-01 06:45:00,6711,12.8325,12.0975,1012.75,73.75,8.105,215,0,0,5,1
2022-11-01 07:00:00,6995,12.6,11.85,1013,74,7.72,210,0,0,0,1
2022-11-01 07:15:00,7205,12.405,11.635,1013.25,74,7.72,210,0,0,0,1
2022-11-01 07:30:00,7241,12.21,11.42,1013.5,74,7.72,210,0,0,0,1
2022-11-01 07:45:00,7118,12.015,11.205,1013.75,74,7.72,210,0,0,0,1
2022-11-01 08:00:00,7206,11.82,10.99,1014,74,7.72,210,0,0,0,1
2022-11-01 08:15:00,7309,11.87,11.0575,1014,74.5,7.8475,210,0,0,0,1
2022-11-01 08:30:00,7389,11.92,11.125,1014,75,7.975,210,0,0,0,1
2022-11-01 08:45:00,7463,11.97,11.1925,1014,75.5,8.1025,210,0,0,0,1
2022-11-01 09:00:00,7483,12.02,11.26,1014,76,8.23,210,0,0,0,1
2022-11-01 09:15:00,7581,12.3075,11.5575,1014.25,75.25,8.615,212.5,0,0,0,1
2022-11-01 09:30:00,7580,12.595,11.855,1014.5,74.5,9,215,0,0,0,1
2022-11-01 09:45:00,7725,12.8825,12.1525,1014.75,73.75,9.385,217.5,0,0,0,1
2022-11-01 10:00:00,7735,13.17,12.45,1015,73,9.77,220,0,0,0,1
2022-11-01 10:15:00,7733,13.435,12.7275,1015,72.5,9.6425,220,0,0,0,1
2022-11-01 10:30:00,7635,13.7,13.005,1015,72,9.515,220,0,0,0,1
2022-11-01 10:45:00,7749,13.965,13.2825,1015,71.5,9.3875,220,0,0,0,1
2022-11-01 11:00:00,8047,14.23,13.56,1015,71,9.26,220,0,0,0,1
2022-11-01 11:15:00,8232,14.465,13.8,1015.25,70.25,8.875,220,0,0,0,1
2022-11-01 11:30:00,8124,14.7,14.04,1015.5,69.5,8.49,220,0,0,0,1
2022-11-01 11:45:00,8144,14.935,14.28,1015.75,68.75,8.105,220,0,0,0,1
2022-11-01 12:00:00,8088,15.17,14.52,1016,68,7.72,220,0,0,0,1
2022-11-01 12:15:00,7717,15.3675,14.7225,1016,67.5,7.72,220,0,0,5,1
2022-11-01 12:30:00,7756,15.565,14.925,1016,67,7.72,220,0,0,10,1
2022-11-01 12:45:00,7941,15.7625,15.1275,1016,66.5,7.72,220,0,0,15,1
2022-11-01 13:00:00,7929,15.96,15.33,1016,66,7.72,220,0,0,20,1
2022-11-01 13:15:00,7951,16.075,15.4375,1016,65.25,8.3625,217.5,0,0,20,1
2022-11-01 13:30:00,8031,16.19,15.545,1016,64.5,9.005,215,0,0,20,1
2022-11-01 13:45:00,7995,16.305,15.6525,1016,63.75,9.6475,212.5,0,0,20,1
2022-11-01 14:00:00,7660,16.42,15.76,1016,63,10.29,210,0,0,20,1
2022-11-01 14:15:00,7384,16.3625,15.6775,1015.75,62.25,9.775,210,0,0,20,1
2022-11-01 14:30:00,7375,16.305,15.595,1015.5,61.5,9.26,210,0,0,20,1
2022-11-01 14:45:00,7455,16.2475,15.5125,1015.25,60.75,8.745,210,0,0,20,1
2022-11-01 15:00:00,7476,16.19,15.43,1015,60,8.23,210,0,0,20,1
2022-11-01 15:15:00,7382,16.1175,15.3825,1015.25,61.25,8.4875,210,0,0,20,1
2022-11-01 15:30:00,7345,16.045,15.335,1015.5,62.5,8.745,210,0,0,20,1
2022-11-01 15:45:00,7426,15.9725,15.2875,1015.75,63.75,9.0025,210,0,0,20,1
2022-11-01 16:00:00,7581,15.9,15.24,1016,65,9.26,210,0,0,20,1
2022-11-01 16:15:00,7521,15.6775,15.015,1015.75,65.75,8.4875,207.5,0,0,20,1
2022-11-01 16:30:00,7668,15.455,14.79,1015.5,66.5,7.715,205,0,0,20,1
2022-11-01 16:45:00,7773,15.2325,14.565,1015.25,67.25,6.9425,202.5,0,0,20,1
2022-11-01 17:00:00,7963,15.01,14.34,1015,68,6.17,200,0,0,20,1
2022-11-01 17:15:00,8162,14.99,14.3175,1015,68,6.4275,200,0,0,15,1
2022-11-01 17:30:00,8590,14.97,14.295,1015,68,6.685,200,0,0,10,1
2022-11-01 17:45:00,8619,14.95,14.2725,1015,68,6.9425,200,0,0,5,1
2022-11-01 18:00:00,8661,14.93,14.25,1015,68,7.2,200,0,0,0,1
2022-11-01 18:15:00,8568,14.8175,14.14,1015,68.5,7.2,197.5,0,0,0,1
2022-11-01 18:30:00,8709,14.705,14.03,1015,69,7.2,195,0,0,0,1
2022-11-01 18:45:00,8793,14.5925,13.92,1015,69.5,7.2,192.5,0,0,0,1
2022-11-01 19:00:00,8774,14.48,13.81,1015,70,7.2,190,0,0,0,1
2022-11-01 19:15:00,8675,14.5475,13.8775,1015,69.75,7.4575,192.5,0,0,0,1
2022-11-01 19:30:00,8496,14.615,13.945,1015,69.5,7.715,195,0,0,0,1
2022-11-01 19:45:00,8371,14.6825,14.0125,1015,69.25,7.9725,197.5,0,0,0,1
2022-11-01 20:00:00,8217,14.75,14.08,1015,69,8.23,200,0,0,0,1
2022-11-01 20:15:00,8175,14.675,14.01,1015,69.5,8.23,200,0,0,18.75,1
2022-11-01 20:30:00,8126,14.6,13.94,1015,70,8.23,200,0,0,37.5,1
2022-11-01 20:45:00,8034,14.525,13.87,1015,70.5,8.23,200,0,0,56.25,1
2022-11-01 21:00:00,7994,14.45,13.8,1015,71,8.23,200,0,0,75,1
2022-11-01 21:15:00,7903,14.3,13.6625,1015,72,8.23,205,0,0,75,1
2022-11-01 21:30:00,7865,14.15,13.525,1015,73,8.23,210,0,0,75,1
2022-11-01 21:45:00,7833,14,13.3875,1015,74,8.23,215,0,0,75,1
2022-11-01 22:00:00,8027,13.85,13.25,1015,75,8.23,220,0,0,75,1
2022-11-01 22:15:00,8016,13.8225,13.24,1015,75.75,8.23,217.5,0,0,61.25,1
2022-11-01 22:30:00,8002,13.795,13.23,1015,76.5,8.23,215,0,0,47.5,1
2022-11-01 22:45:00,7825,13.7675,13.22,1015,77.25,8.23,212.5,0,0,33.75,1
2022-11-01 23:00:00,7610,13.74,13.21,1015,78,8.23,210,0,0,20,1
2022-11-01 23:15:00,7643,13.78,13.2275,1014.75,77,8.4875,210,0,0,25,1
2022-11-01 23:30:00,7471,13.82,13.245,1014.5,76,8.745,210,0,0,30,1
2022-11-01 23:45:00,7352,13.86,13.2625,1014.25,75,9.0025,210,0,0,35,1
2022-11-02 00:00:00,7202,13.9,13.28,1014,74,9.26,210,0,0,40,0
2022-11-02 00:15:00,7073,13.83,13.2025,1014.25,74,9.26,212.5,0,0,35,0
2022-11-02 00:30:00,6953,13.76,13.125,1014.5,74,9.26,215,0,0,30,0
2022-11-02 00:45:00,6887,13.69,13.0475,1014.75,74,9.26,217.5,0,0,25,0
2022-11-02 01:00:00,7025,13.62,12.97,1015,74,9.26,220,0,0,20,0
2022-11-02 01:15:00,6930,13.49,12.84,1015,74.5,9.3875,222.5,0,0,20,0
2022-11-02 01:30:00,6953,13.36,12.71,1015,75,9.515,225,0,0,20,0
2022-11-02 01:45:00,6983,13.23,12.58,1015,75.5,9.6425,227.5,0,0,20,0
2022-11-02 02:00:00,6910,13.1,12.45,1015,76,9.77,230,0,0,20,0
2022-11-02 02:15:00,6799,12.9975,12.325,1015.25,75.5,9.6425,230,0,0,20,0
2022-11-02 02:30:00,6837,12.895,12.2,1015.5,75,9.515,230,0,0,20,0
2022-11-02 02:45:00,6812,12.7925,12.075,1015.75,74.5,9.3875,230,0,0,20,0
2022-11-02 03:00:00,6815,12.69,11.95,1016,74,9.26,230,0,0,20,0
2022-11-02 03:15:00,6734,12.68,11.945,1016,74.25,9.26,230,0,0,20,0
2022-11-02 03:30:00,6611,12.67,11.94,1016,74.5,9.26,230,0,0,20,0
2022-11-02 03:45:00,6623,12.66,11.935,1016,74.75,9.26,230,0,0,20,0
2022-11-02 04:00:00,7040,12.65,11.93,1016,75,9.26,230,0,0,20,0
2022-11-02 04:15:00,7096,12.515,11.7875,1016.25,75.25,9.26,230,0,0,25,0
2022-11-02 04:30:00,7119,12.38,11.645,1016.5,75.5,9.26,230,0,0,30,0
2022-11-02 04:45:00,7153,12.245,11.5025,1016.75,75.75,9.26,230,0,0,35,0
2022-11-02 05:00:00,7452,12.11,11.36,1017,76,9.26,230,0,0,40,0
2022-11-02 05:15:00,7490,12.0075,11.26,1017.25,76.5,9.0025,232.5,0,0,35,0
2022-11-02 05:30:00,7603,11.905,11.16,1017.5,77,8.745,235,0,0,30,0
2022-11-02 05:45:00,7907,11.8025,11.06,1017.75,77.5,8.4875,237.5,0,0,25,0
2022-11-02 06:00:00,7905,11.7,10.96,1018,78,8.23,240,0,0,20,0
2022-11-02 06:15:00,7609,11.5475,10.805,1018.25,78.5,7.845,237.5,0,0,20,0
2022-11-02 06:30:00,8131,11.395,10.65,1018.5,79,7.46,235,0,0,20,0
2022-11-02 06:45:00,8285,11.2425,10.495,1018.75,79.5,7.075,232.5,0,0,20,0
2022-11-02 07:00:00,8644,11.09,10.34,1019,80,6.69,230,0,0,20,0
2022-11-02 07:15:00,8770,10.9775,10.2425,1019.25,81,6.69,230,0,0,20,0
2022-11-02 07:30:00,8813,10.865,10.145,1019.5,82,6.69,230,0,0,20,0
2022-11-02 07:45:00,8892,10.7525,10.0475,1019.75,83,6.69,230,0,0,20,0
2022-11-02 08:00:00,9104,10.64,9.95,1020,84,6.69,230,0,0,20,0
2022-11-02 08:15:00,9141,10.7375,10.0575,1020.25,84,6.56,227.5,0,0,20,0
2022-11-02 08:30:00,9248,10.835,10.165,1020.5,84,6.43,225,0,0,20,0
2022-11-02 08:45:00,9350,10.9325,10.2725,1020.75,84,6.3,222.5,0,0,20,0
2022-11-02 09:00:00,9360,11.03,10.38,1021,84,6.17,220,0,0,20,0
2022-11-02 09:15:00,9395,11.265,10.62,1021,83.25,6.17,222.5,0,0,25,0
2022-11-02 09:30:00,9407,11.5,10.86,1021,82.5,6.17,225,0,0,30,0
2022-11-02 09:45:00,9478,11.735,11.1,1021,81.75,6.17,227.5,0,0,35,0
2022-11-02 10:00:00,9571,11.97,11.34,1021,81,6.17,230,0,0,40,0
2022-11-02 10:15:00,9485,12.205,11.5725,1021.25,80,6.17,230,0,0,35,0
2022-11-02 10:30:00,9601,12.44,11.805,1021.5,79,6.17,230,0,0,30,0
2022-11-02 10:45:00,9612,12.675,12.0375,1021.75,78,6.17,230,0,0,25,0
2022-11-02 11:00:00,9549,12.91,12.27,1022,77,6.17,230,0,0,20,0
2022-11-02 11:15:00,9524,13.135,12.5025,1022,76.5,6.17,230,0,0,20,0
2022-11-02 11:30:00,9601,13.36,12.735,1022,76,6.17,230,0,0,20,0
2022-11-02 11:45:00,9614,13.585,12.9675,1022,75.5,6.17,230,0,0,20,0
2022-11-02 12:00:00,9316,13.81,13.2,1022,75,6.17,230,0,0,20,0
2022-11-02 12:15:00,9383,14.0175,13.3975,1021.75,73.75,6.3,227.5,0,0,20,0
2022-11-02 12:30:00,9379,14.225,13.595,1021.5,72.5,6.43,225,0,0,20,0
2022-11-02 12:45:00,9359,14.4325,13.7925,1021.25,71.25,6.56,222.5,0,0,20,0
2022-11-02 13:00:00,9472,14.64,13.99,1021,70,6.69,220,0,0,20,0
2022-11-02 13:15:00,9332,14.745,14.06,1021,68.25,6.3025,220,0,0,20,0
2022-11-02 13:30:00,9307,14.85,14.13,1021,66.5,5.915,220,0,0,20,0
2022-11-02 13:45:00,9340,14.955,14.2,1021,64.75,5.5275,220,0,0,20,0
2022-11-02 14:00:00,9231,15.06,14.27,1021,63,5.14,220,0,0,20,0
2022-11-02 14:15:00,9056,14.955,14.14,1021,62.5,5.785,217.5,0,0,20,0
2022-11-02 14:30:00,9097,14.85,14.01,1021,62,6.43,215,0,0,20,0
2022-11-02 14:45:00,9214,14.745,13.88,1021,61.5,7.075,212.5,0,0,20,0
2022-11-02 15:00:00,9226,14.64,13.75,1021,61,7.72,210,0,0,20,0
2022-11-02 15:15:00,9229,14.56,13.67,1020.75,61.25,7.205,207.5,0,0,20,0
2022-11-02 15:30:00,9189,14.48,13.59,1020.5,61.5,6.69,205,0,0,20,0
2022-11-02 15:45:00,9206,14.4,13.51,1020.25,61.75,6.175,202.5,0,0,20,0
2022-11-02 16:00:00,9392,14.32,13.43,1020,62,5.66,200,0,0,20,0
2022-11-02 16:15:00,9353,14.055,13.1625,1019.75,63,5.4025,197.5,0,0,15,0
2022-11-02 16:30:00,9513,13.79,12.895,1019.5,64,5.145,195,0,0,10,0
2022-11-02 16:45:00,9507,13.525,12.6275,1019.25,65,4.8875,192.5,0,0,5,0
2022-11-02 17:00:00,9544,13.26,12.36,1019,66,4.63,190,0,0,0,0
2022-11-02 17:15:00,9839,12.9775,12.0775,1019,67,4.5025,190,0,0,0,0
2022-11-02 17:30:00,10196,12.695,11.795,1019,68,4.375,190,0,0,0,0
2022-11-02 17:45:00,10328,12.4125,11.5125,1019,69,4.2475,190,0,0,0,0
2022-11-02 18:00:00,10370,12.13,11.23,1019,70,4.12,190,0,0,0,0
2022-11-02 18:15:00,10241,12.095,11.2025,1018.75,70.5,4.375,190,0,0,0,0
2022-11-02 18:30:00,10274,12.06,11.175,1018.5,71,4.63,190,0,0,0,0
2022-11-02 18:45:00,10137,12.025,11.1475,1018.25,71.5,4.885,190,0,0,0,0
2022-11-02 19:00:00,10019,11.99,11.12,1018,72,5.14,190,0,0,0,0
2022-11-02 19:15:00,9849,11.95,11.09,1018,72.5,5.27,190,0,0,0,0
2022-11-02 19:30:00,9775,11.91,11.06,1018,73,5.4,190,0,0,0,0
2022-11-02 19:45:00,9685,11.87,11.03,1018,73.5,5.53,190,0,0,0,0
2022-11-02 20:00:00,9537,11.83,11,1018,74,5.66,190,0,0,0,0
2022-11-02 20:15:00,9392,11.8325,11.01,1017.75,74.25,5.66,190,0,0,0,0
2022-11-02 20:30:00,9221,11.835,11.02,1017.5,74.5,5.66,190,0,0,0,0
2022-11-02 20:45:00,9217,11.8375,11.03,1017.25,74.75,5.66,190,0,0,0,0
2022-11-02 21:00:00,8968,11.84,11.04,1017,75,5.66,190,0,0,0,0
2022-11-02 21:15:00,8906,11.91,11.1175,1016.75,75,5.7875,190,0,0,0,0
2022-11-02 21:30:00,8839,11.98,11.195,1016.5,75,5.915,190,0,0,0,0
2022-11-02 21:45:00,8584,12.05,11.2725,1016.25,75,6.0425,190,0,0,0,0
2022-11-02 22:00:00,8641,12.12,11.35,1016,75,6.17,190,0,0,0,0
2022-11-02 22:15:00,8685,12.1425,11.355,1016,74.25,6.17,192.5,0,0,0,0
2022-11-02 22:30:00,8567,12.165,11.36,1016,73.5,6.17,195,0,0,0,0
2022-11-02 22:45:00,8426,12.1875,11.365,1016,72.75,6.17,197.5,0,0,0,0
2022-11-02 23:00:00,8432,12.21,11.37,1016,72,6.17,200,0,0,0,0
2022-11-02 23:15:00,8299,12.2525,11.415,1015.75,72,6.3,197.5,0,0,0,0
2022-11-02 23:30:00,8173,12.295,11.46,1015.5,72,6.43,195,0,0,0,0
2022-11-02 23:45:00,8044,12.3375,11.505,1015.25,72,6.56,192.5,0,0,0,0
2022-11-03 00:00:00,7952,12.38,11.55,1015,72,6.69,190,0,0,0,0
2022-11-03 00:15:00,7828,12.315,11.5,1015,72.75,6.4325,190,0,0,0,0
2022-11-03 00:30:00,7659,12.25,11.45,1015,73.5,6.175,190,0,0,0,0
2022-11-03 00:45:00,7694,12.185,11.4,1015,74.25,5.9175,190,0,0,0,0
2022-11-03 01:00:00,7630,12.12,11.35,1015,75,5.66,190,0,0,0,0
2022-11-03 01:15:00,7654,12.12,11.355,1014.75,75.25,5.66,190,0,0,0,0
2022-11-03 01:30:00,7392,12.12,11.36,1014.5,75.5,5.66,190,0,0,0,0
2022-11-03 01:45:00,7323,12.12,11.365,1014.25,75.75,5.66,190,0,0,0,0
2022-11-03 02:00:00,7405,12.12,11.37,1014,76,5.66,190,0,0,0,0
2022-11-03 02:15:00,7310,12.075,11.34,1013.75,76.75,5.66,190,0,0,0,0
2022-11-03 02:30:00,7147,12.03,11.31,1013.5,77.5,5.66,190,0,0,0,0
2022-11-03 02:45:00,7095,11.985,11.28,1013.25,78.25,5.66,190,0,0,0,0
2022-11-03 03:00:00,7153,11.94,11.25,1013,79,5.66,190,0,0,0,0
2022-11-03 03:15:00,7098,12.0125,11.3425,1012.75,79.5,5.53,190,0,0,0,0
2022-11-03 03:30:00,7256,12.085,11.435,1012.5,80,5.4,190,0,0,0,0
2022-11-03 03:45:00,7123,12.1575,11.5275,1012.25,80.5,5.27,190,0,0,0,0
2022-11-03 04:00:00,7000,12.23,11.62,1012,81,5.14,190,0,0,0,0
2022-11-03 04:15:00,7114,12.2375,11.6425,1011.75,81.5,5.27,190,0,0,0,0
2022-11-03 04:30:00,7201,12.245,11.665,1011.5,82,5.4,190,0,0,0,0
2022-11-03 04:45:00,7241,12.2525,11.6875,1011.25,82.5,5.53,190,0,0,0,0
2022-11-03 05:00:00,7374,12.26,11.71,1011,83,5.66,190,0,0,0,0
2022-11-03 05:15:00,7497,12.2775,11.735,1011,83.25,5.66,190,0,0,0,0
2022-11-03 05:30:00,7551,12.295,11.76,1011,83.5,5.66,190,0,0,0,0
2022-11-03 05:45:00,7758,12.3125,11.785,1011,83.75,5.66,190,0,0,0,0
2022-11-03 06:00:00,8100,12.33,11.81,1011,84,5.66,190,0,0,0,0
2022-11-03 06:15:00,8338,12.35,11.8325,1010.75,84,5.4025,187.5,0,0,0,0
2022-11-03 06:30:00,8653,12.37,11.855,1010.5,84,5.145,185,0,0,0,0
2022-11-03 06:45:00,8829,12.39,11.8775,1010.25,84,4.8875,182.5,0,0,0,0
2022-11-03 07:00:00,9018,12.41,11.9,1010,84,4.63,180,0,0,0,0
2022-11-03 07:15:00,9214,12.3725,11.8575,1009.75,84,4.7575,180,0,0,0,0
2022-11-03 07:30:00,9228,12.335,11.815,1009.5,84,4.885,180,0,0,0,0
2022-11-03 07:45:00,9350,12.2975,11.7725,1009.25,84,5.0125,180,0,0,0,0
2022-11-03 08:00:00,9447,12.26,11.73,1009,84,5.14,180,0,0,0,0
2022-11-03 08:15:00,9596,12.265,11.7175,1008.75,83.25,5.14,175,0,0,0,0
2022-11-03 08:30:00,9740,12.27,11.705,1008.5,82.5,5.14,170,0,0,0,0
2022-11-03 08:45:00,9739,12.275,11.6925,1008.25,81.75,5.14,165,0,0,0,0
2022-11-03 09:00:00,9763,12.28,11.68,1008,81,5.14,160,0,0,0,0
2022-11-03 09:15:00,9860,12.2975,11.6925,1007.75,80.75,5.3975,162.5,0,0,0,0
2022-11-03 09:30:00,9850,12.315,11.705,1007.5,80.5,5.655,165,0,0,0,0
2022-11-03 09:45:00,9852,12.3325,11.7175,1007.25,80.25,5.9125,167.5,0,0,0,0
2022-11-03 10:00:00,9882,12.35,11.73,1007,80,6.17,170,0,0,0,0
2022-11-03 10:15:00,9858,12.6125,12.005,1006.75,79.5,6.17,167.5,0,0,0,0
2022-11-03 10:30:00,9857,12.875,12.28,1006.5,79,6.17,165,0,0,0,0
2022-11-03 10:45:00,9880,13.1375,12.555,1006.25,78.5,6.17,162.5,0,0,0,0
2022-11-03 11:00:00,9819,13.4,12.83,1006,78,6.17,160,0,0,0,0
2022-11-03 11:15:00,9967,13.565,12.98,1005.75,76.75,6.4275,162.5,0,0,5,0
2022-11-03 11:30:00,9987,13.73,13.13,1005.5,75.5,6.685,165,0,0,10,0
2022-11-03 11:45:00,9988,13.895,13.28,1005.25,74.25,6.9425,167.5,0,0,15,0
2022-11-03 12:00:00,9820,14.06,13.43,1005,73,7.2,170,0,0,20,0
2022-11-03 12:15:00,9705,14.32,13.695,1004.75,72.25,6.9425,170,0,0,20,0
2022-11-03 12:30:00,9608,14.58,13.96,1004.5,71.5,6.685,170,0,0,20,0
2022-11-03 12:45:00,9629,14.84,14.225,1004.25,70.75,6.4275,170,0,0,20,0
2022-11-03 13:00:00,9824,15.1,14.49,1004,70,6.17,170,0,0,20,0
2022-11-03 13:15:00,9832,14.7925,14.1925,1003.75,71.5,6.0425,172.5,0.0325,0,25,0
2022-11-03 13:30:00,9917,14.485,13.895,1003.5,73,5.915,175,0.065,0,30,0
2022-11-03 13:45:00,9747,14.1775,13.5975,1003.25,74.5,5.7875,177.5,0.0975,0,35,0
2022-11-03 14:00:00,9657,13.87,13.3,1003,76,5.66,180,0.13,0,40,0
2022-11-03 14:15:00,9879,13.6875,13.1375,1002.5,77.5,6.045,177.5,0.0975,0,35,0
2022-11-03 14:30:00,9832,13.505,12.975,1002,79,6.43,175,0.065,0,30,0
2022-11-03 14:45:00,9899,13.3225,12.8125,1001.5,80.5,6.815,172.5,0.0325,0,25,0
2022-11-03 15:00:00,9803,13.14,12.65,1001,82,7.2,170,0,0,20,0
2022-11-03 15:15:00,10011,13.085,12.5775,1000.75,81.5,6.9425,170,0,0,20,0
2022-11-03 15:30:00,10096,13.03,12.505,1000.5,81,6.685,170,0,0,20,0
2022-11-03 15:45:00,9758,12.975,12.4325,1000.25,80.5,6.4275,170,0,0,20,0
2022-11-03 16:00:00,9706,12.92,12.36,1000,80,6.17,170,0,0,20,0
2022-11-03 16:15:00,9935,12.755,12.2225,1000,81.75,6.0425,172.5,0.14,0,20,0
2022-11-03 16:30:00,10109,12.59,12.085,1000,83.5,5.915,175,0.28,0,20,0
2022-11-03 16:45:00,9975,12.425,11.9475,1000,85.25,5.7875,177.5,0.42,0,20,0
2022-11-03 17:00:00,10032,12.26,11.81,1000,87,5.66,180,0.56,0,20,0
2022-11-03 17:15:00,9958,12.1525,11.7175,999.75,88,5.53,177.5,0.42,0,20,0
2022-11-03 17:30:00,10193,12.045,11.625,999.5,89,5.4,175,0.28,0,20,0
2022-11-03 17:45:00,10340,11.9375,11.5325,999.25,90,5.27,172.5,0.14,0,20,0
2022-11-03 18:00:00,10425,11.83,11.44,999,91,5.14,170,0,0,20,0
2022-11-03 18:15:00,10504,11.83,11.44,999,91,5.14,177.5,0,0,20,0
2022-11-03 18:30:00,10463,11.83,11.44,999,91,5.14,185,0,0,20,0
2022-11-03 18:45:00,10322,11.83,11.44,999,91,5.14,192.5,0,0,20,0
2022-11-03 19:00:00,10157,11.83,11.44,999,91,5.14,200,0,0,20,0
2022-11-03 19:15:00,9969,11.8275,11.425,999,90.5,5.14,202.5,0,0,33.75,0
2022-11-03 19:30:00,10042,11.825,11.41,999,90,5.14,205,0,0,47.5,0
2022-11-03 19:45:00,9857,11.8225,11.395,999,89.5,5.14,207.5,0,0,61.25,0
2022-11-03 20:00:00,9636,11.82,11.38,999,89,5.14,210,0,0,75,0
2022-11-03 20:15:00,9546,11.5875,11.1375,999.25,89.5,5.785,222.5,0.045,0,75,0
2022-11-03 20:30:00,9392,11.355,10.895,999.5,90,6.43,235,0.09,0,75,0
2022-11-03 20:45:00,9215,11.1225,10.6525,999.75,90.5,7.075,247.5,0.135,0,75,0
2022-11-03 21:00:00,9121,10.89,10.41,1000,91,7.72,260,0.18,0,75,0
2022-11-03 21:15:00,9063,10.7925,10.2825,1000.25,90.25,7.075,260,0.135,0,61.25,0
2022-11-03 21:30:00,8833,10.695,10.155,1000.5,89.5,6.43,260,0.09,0,47.5,0
2022-11-03 21:45:00,8694,10.5975,10.0275,1000.75,88.75,5.785,260,0.045,0,33.75,0
2022-11-03 22:00:00,8686,10.5,9.9,1001,88,5.14,260,0,0,20,0
2022-11-03 22:15:00,8783,10.43,9.8375,1001,88.5,5.27,252.5,0,0,33.75,0
2022-11-03 22:30:00,8691,10.36,9.775,1001,89,5.4,245,0,0,47.5,0
2022-11-03 22:45:00,8606,10.29,9.7125,1001,89.5,5.53,237.5,0,0,61.25,0
2022-11-03 23:00:00,8523,10.22,9.65,1001,90,5.66,230,0,0,75,0
2022-11-03 23:15:00,8293,10.115,8.93,1001.25,90.25,5.9175,230,0,0,61.25,0
2022-11-03 23:30:00,8329,10.01,8.21,1001.5,90.5,6.175,230,0,0,47.5,0
2022-11-03 23:45:00,8202,9.905,7.49,1001.75,90.75,6.4325,230,0,0,33.75,0
2022-11-04 00:00:00,8109,9.8,6.77,1002,91,6.69,230,0,0,20,0
2022-11-04 00:15:00,7945,9.6325,6.74,1002,91,6.175,230,0,0,20,0
2022-11-04 00:30:00,7957,9.465,6.71,1002,91,5.66,230,0,0,20,0
2022-11-04 00:45:00,7786,9.2975,6.68,1002,91,5.145,230,0,0,20,0
2022-11-04 01:00:00,7810,9.13,6.65,1002,91,4.63,230,0,0,20,0
2022-11-04 01:15:00,7738,9.0125,6.6275,1002.25,90.75,4.3725,220,0,0,15,0
2022-11-04 01:30:00,7671,8.895,6.605,1002.5,90.5,4.115,210,0,0,10,0
2022-11-04 01:45:00,7400,8.7775,6.5825,1002.75,90.25,3.8575,200,0,0,5,0
2022-11-04 02:00:00,7472,8.66,6.56,1003,90,3.6,190,0,0,0,0
2022-11-04 02:15:00,7582,8.5625,6.44,1003,90.5,3.6,187.5,0,0,0,0
2022-11-04 02:30:00,7613,8.465,6.32,1003,91,3.6,185,0,0,0,0
2022-11-04 02:45:00,7346,8.3675,6.2,1003,91.5,3.6,182.5,0,0,0,0
2022-11-04 03:00:00,7277,8.27,6.08,1003,92,3.6,180,0,0,0,0
2022-11-04 03:15:00,7303,8.335,6.2325,1002.75,91.75,3.4725,182.5,0,0,0,0
2022-11-04 03:30:00,7356,8.4,6.385,1002.5,91.5,3.345,185,0,0,0,0
2022-11-04 03:45:00,7339,8.465,6.5375,1002.25,91.25,3.2175,187.5,0,0,0,0
2022-11-04 04:00:00,7480,8.53,6.69,1002,91,3.09,190,0,0,0,0
2022-11-04 04:15:00,7406,8.595,6.7675,1002,91.25,3.09,187.5,0,0,18.75,0
2022-11-04 04:30:00,7332,8.66,6.845,1002,91.5,3.09,185,0,0,37.5,0
2022-11-04 04:45:00,7512,8.725,6.9225,1002,91.75,3.09,182.5,0,0,56.25,0
2022-11-04 05:00:00,7651,8.79,7,1002,92,3.09,180,0,0,75,0
2022-11-04 05:15:00,7719,8.8275,7.2275,1002.25,91.75,2.8325,175,0,0,75,0
2022-11-04 05:30:00,7814,8.865,7.455,1002.5,91.5,2.575,170,0,0,75,0
2022-11-04 05:45:00,7932,8.9025,7.6825,1002.75,91.25,2.3175,165,0,0,75,0
2022-11-04 06:00:00,8296,8.94,7.91,1003,91,2.06,160,0,0,75,0
2022-11-04 06:15:00,8548,8.945,7.915,1003,91,2.06,162.5,0,0,75,0
2022-11-04 06:30:00,8718,8.95,7.92,1003,91,2.06,165,0,0,75,0
2022-11-04 06:45:00,8851,8.955,7.925,1003,91,2.06,167.5,0,0,75,0
2022-11-04 07:00:00,9029,8.96,7.93,1003,91,2.06,170,0,0,75,0
2022-11-04 07:15:00,9186,8.97,8.065,1003.25,91.5,1.93,167.5,0,0,75,0
2022-11-04 07:30:00,9362,8.98,8.2,1003.5,92,1.8,165,0,0,75,0
2022-11-04 07:45:00,9421,8.99,8.335,1003.75,92.5,1.67,162.5,0,0,75,0
2022-11-04 08:00:00,9710,9,8.47,1004,93,1.54,160,0,0,75,0
2022-11-04 08:15:00,9856,9.06,8.6625,1004,93.25,1.155,120,0,0,75,0
2022-11-04 08:30:00,9952,9.12,8.855,1004,93.5,0.77,80,0,0,75,0
2022-11-04 08:45:00,10047,9.18,9.0475,1004,93.75,0.385,40,0,0,75,0
2022-11-04 09:00:00,10132,9.24,9.24,1004,94,0,0,0,0,75,0
2022-11-04 09:15:00,10057,9.325,9.325,1004.25,94,0.2575,30,0,0,75,0
2022-11-04 09:30:00,10209,9.41,9.41,1004.5,94,0.515,60,0,0,75,0
2022-11-04 09:45:00,10252,9.495,9.495,1004.75,94,0.7725,90,0,0,75,0
2022-11-04 10:00:00,10277,9.58,9.58,1005,94,1.03,120,0,0,75,0
2022-11-04 10:15:00,10093,9.72,9.595,1005.25,93.75,0.9,90,0,0,66.25,0
2022-11-04 10:30:00,10163,9.86,9.61,1005.5,93.5,0.77,60,0,0,57.5,0
2022-11-04 10:45:00,10193,10,9.625,1005.75,93.25,0.64,30,0,0,48.75,0
2022-11-04 11:00:00,10336,10.14,9.64,1006,93,0.51,0,0,0,40,0
2022-11-04 11:15:00,10226,10.275,9.7675,1006.25,92.25,1.155,80,0,0,48.75,0
2022-11-04 11:30:00,10606,10.41,9.895,1006.5,91.5,1.8,160,0,0,57.5,0
2022-11-04 11:45:00,10564,10.545,10.0225,1006.75,90.75,2.445,240,0,0,66.25,0
2022-11-04 12:00:00,10472,10.68,10.15,1007,90,3.09,320,0,0,75,0
2022-11-04 12:15:00,10451,10.775,10.25,1007,89.75,2.7025,317.5,0,0,66.25,0
2022-11-04 12:30:00,10156,10.87,10.35,1007,89.5,2.315,315,0,0,57.5,0
2022-11-04 12:45:00,10089,10.965,10.45,1007,89.25,1.9275,312.5,0,0,48.75,0
2022-11-04 13:00:00,10348,11.06,10.55,1007,89,1.54,310,0,0,40,0
2022-11-04 13:15:00,10267,11.235,10.7275,1007.25,88.5,1.7975,312.5,0,0,40,0
2022-11-04 13:30:00,10055,11.41,10.905,1007.5,88,2.055,315,0,0,40,0
2022-11-04 13:45:00,9994,11.585,11.0825,1007.75,87.5,2.3125,317.5,0,0,40,0
2022-11-04 14:00:00,9849,11.76,11.26,1008,87,2.57,320,0,0,40,0
2022-11-04 14:15:00,9770,11.68,11.1725,1008.25,87,2.57,317.5,0,0,35,0
2022-11-04 14:30:00,9868,11.6,11.085,1008.5,87,2.57,315,0,0,30,0
2022-11-04 14:45:00,9869,11.52,10.9975,1008.75,87,2.57,312.5,0,0,25,0
2022-11-04 15:00:00,9840,11.44,10.91,1009,87,2.57,310,0,0,20,0
2022-11-04 15:15:00,9779,11.28,10.735,1009.25,87,2.8275,310,0.0675,0,25,0
2022-11-04 15:30:00,9805,11.12,10.56,1009.5,87,3.085,310,0.135,0,30,0
2022-11-04 15:45:00,9767,10.96,10.385,1009.75,87,3.3425,310,0.2025,0,35,0
2022-11-04 16:00:00,9840,10.8,10.21,1010,87,3.6,310,0.27,0,40,0
2022-11-04 16:15:00,9891,10.5925,9.695,1010.25,86.75,3.6,312.5,0.2025,0,35,0
2022-11-04 16:30:00,9847,10.385,9.18,1010.5,86.5,3.6,315,0.135,0,30,0
2022-11-04 16:45:00,9939,10.1775,8.665,1010.75,86.25,3.6,317.5,0.0675,0,25,0
2022-11-04 17:00:00,10102,9.97,8.15,1011,86,3.6,320,0,0,20,0
2022-11-04 17:15:00,10287,9.9225,8.2425,1011,86.25,3.3425,317.5,0,0,15,0
2022-11-04 17:30:00,10504,9.875,8.335,1011,86.5,3.085,315,0,0,10,0
2022-11-04 17:45:00,10633,9.8275,8.4275,1011,86.75,2.8275,312.5,0,0,5,0
2022-11-04 18:00:00,10505,9.78,8.52,1011,87,2.57,310,0,0,0,0
2022-11-04 18:15:00,10466,9.465,8.145,1011.25,87.75,2.57,305,0,0,0,0
2022-11-04 18:30:00,10399,9.15,7.77,1011.5,88.5,2.57,300,0,0,0,0
2022-11-04 18:45:00,10288,8.835,7.395,1011.75,89.25,2.57,295,0,0,0,0
2022-11-04 19:00:00,10192,8.52,7.02,1012,90,2.57,290,0,0,0,0
2022-11-04 19:15:00,9933,8.295,6.7525,1012.25,90.25,2.57,285,0,0,0,0
2022-11-04 19:30:00,9733,8.07,6.485,1012.5,90.5,2.57,280,0,0,0,0
2022-11-04 19:45:00,9688,7.845,6.2175,1012.75,90.75,2.57,275,0,0,0,0
2022-11-04 20:00:00,9533,7.62,5.95,1013,91,2.57,270,0,0,0,0
2022-11-04 20:15:00,9442,7.55,5.8675,1013.25,91,2.57,267.5,0,0,5,0
2022-11-04 20:30:00,9309,7.48,5.785,1013.5,91,2.57,265,0,0,10,0
2022-11-04 20:45:00,9183,7.41,5.7025,1013.75,91,2.57,262.5,0,0,15,0
2022-11-04 21:00:00,9110,7.34,5.62,1014,91,2.57,260,0,0,20,0
2022-11-04 21:15:00,8879,7.3525,5.635,1014.25,91.25,2.57,260,0,0,20,0
2022-11-04 21:30:00,8899,7.365,5.65,1014.5,91.5,2.57,260,0,0,20,0
2022-11-04 21:45:00,8738,7.3775,5.665,1014.75,91.75,2.57,260,0,0,20,0
2022-11-04 22:00:00,8752,7.39,5.68,1015,92,2.57,260,0,0,20,0
2022-11-04 22:15:00,8840,7.3825,5.58,1015,91.75,2.7,265,0,0,25,0
2022-11-04 22:30:00,8877,7.375,5.48,1015,91.5,2.83,270,0,0,30,0
2022-11-04 22:45:00,8724,7.3675,5.38,1015,91.25,2.96,275,0,0,35,0
2022-11-04 23:00:00,8751,7.36,5.28,1015,91,3.09,280,0,0,40,0
2022-11-04 23:15:00,8570,7.355,5.365,1015.25,91,2.96,270,0,0,48.75,0
2022-11-04 23:30:00,8443,7.35,5.45,1015.5,91,2.83,260,0,0,57.5,0
2022-11-04 23:45:00,8327,7.345,5.535,1015.75,91,2.7,250,0,0,66.25,0
2022-11-05 00:00:00,8150,7.34,5.62,1016,91,2.57,240,0,0,75,0
2022-11-05 00:15:00,8133,7.165,5.32,1016,91.25,2.7,237.5,0,0,61.25,0
2022-11-05 00:30:00,7977,6.99,5.02,1016,91.5,2.83,235,0,0,47.5,0
2022-11-05 00:45:00,7875,6.815,4.72,1016,91.75,2.96,232.5,0,0,33.75,0
2022-11-05 01:00:00,7880,6.64,4.42,1016,92,3.09,230,0,0,20,0
2022-11-05 01:15:00,7743,6.5475,4.3075,1016,92,3.09,230,0,0,15,0
2022-11-05 01:30:00,7642,6.455,4.195,1016,92,3.09,230,0,0,10,0
2022-11-05 01:45:00,7533,6.3625,4.0825,1016,92,3.09,230,0,0,5,0
2022-11-05 02:00:00,7515,6.27,3.97,1016,92,3.09,230,0,0,0,0
2022-11-05 02:15:00,7482,6.0825,3.66,1016.25,92,3.2175,227.5,0,0,5,0
2022-11-05 02:30:00,7448,5.895,3.35,1016.5,92,3.345,225,0,0,10,0
2022-11-05 02:45:00,7379,5.7075,3.04,1016.75,92,3.4725,222.5,0,0,15,0
2022-11-05 03:00:00,7290,5.52,2.73,1017,92,3.6,220,0,0,20,0
2022-11-05 03:15:00,7316,5.4625,2.66,1017,92,3.6,217.5,0,0,20,0
2022-11-05 03:30:00,7205,5.405,2.59,1017,92,3.6,215,0,0,20,0
2022-11-05 03:45:00,7173,5.3475,2.52,1017,92,3.6,212.5,0,0,20,0
2022-11-05 04:00:00,7122,5.29,2.45,1017,92,3.6,210,0,0,20,0
2022-11-05 04:15:00,7017,5.245,2.32,1017,92,3.73,212.5,0,0,20,0
2022-11-05 04:30:00,7018,5.2,2.19,1017,92,3.86,215,0,0,20,0
2022-11-05 04:45:00,7091,5.155,2.06,1017,92,3.99,217.5,0,0,20,0
2022-11-05 05:00:00,7073,5.11,1.93,1017,92,4.12,220,0,0,20,0
2022-11-05 05:15:00,7153,5.025,1.9875,1017,92.5,3.8625,222.5,0,0,20,0
2022-11-05 05:30:00,7244,4.94,2.045,1017,93,3.605,225,0,0,20,0
2022-11-05 05:45:00,7295,4.855,2.1025,1017,93.5,3.3475,227.5,0,0,20,0
2022-11-05 06:00:00,7491,4.77,2.16,1017,94,3.09,230,0,0,20,0
2022-11-05 06:15:00,7462,4.775,2.08,1017,93.75,3.2175,227.5,0,0,20,0
2022-11-05 06:30:00,7705,4.78,2,1017,93.5,3.345,225,0,0,20,0
2022-11-05 06:45:00,7794,4.785,1.92,1017,93.25,3.4725,222.5,0,0,20,0
2022-11-05 07:00:00,7857,4.79,1.84,1017,93,3.6,220,0,0,20,0
2022-11-05 07:15:00,7937,4.7775,1.7475,1017,93.25,3.73,217.5,0,0,15,0
2022-11-05 07:30:00,7976,4.765,1.655,1017,93.5,3.86,215,0,0,10,0
2022-11-05 07:45:00,7952,4.7525,1.5625,1017,93.75,3.99,212.5,0,0,5,0
2022-11-05 08:00:00,8236,4.74,1.47,1017,94,4.12,210,0,0,0,0
2022-11-05 08:15:00,8327,5.005,1.73,1017.25,94,4.2475,210,0,0,0,0
2022-11-05 08:30:00,8240,5.27,1.99,1017.5,94,4.375,210,0,0,0,0
2022-11-05 08:45:00,8257,5.535,2.25,1017.75,94,4.5025,210,0,0,0,0
2022-11-05 09:00:00,8516,5.8,2.51,1018,94,4.63,210,0,0,0,0
2022-11-05 09:15:00,8627,6.135,2.925,1018,93.75,4.6325,210.5,0,0,12,0
2022-11-05 09:30:00,8806,6.47,3.34,1018,93.5,4.635,211,0,0,24,0
2022-11-05 09:45:00,8841,6.805,3.755,1018,93.25,4.6375,211.5,0,0,36,0
2022-11-05 10:00:00,9000,7.14,4.17,1018,93,4.64,212,0,0,48,0
2022-11-05 10:15:00,8991,7.3625,4.3875,1018,92.5,4.7825,211.5,0,0,51.25,0
2022-11-05 10:30:00,9074,7.585,4.605,1018,92,4.925,211,0,0,54.5,0
2022-11-05 10:45:00,9094,7.8075,4.8225,1018,91.5,5.0675,210.5,0,0,57.75,0
2022-11-05 11:00:00,9008,8.03,5.04,1018,91,5.21,210,0,0,61,0
2022-11-05 11:15:00,9258,8.515,5.885,1018,89.75,4.68,205,0,0,45.75,0
2022-11-05 11:30:00,9349,9,6.73,1018,88.5,4.15,200,0,0,30.5,0
2022-11-05 11:45:00,9390,9.485,7.575,1018,87.25,3.62,195,0,0,15.25,0
2022-11-05 12:00:00,9301,9.97,8.42,1018,86,3.09,190,0,0,0,0
2022-11-05 12:15:00,9268,10.2275,8.87,1018,84.25,3.7325,195,0,0,5,0
2022-11-05 12:30:00,9132,10.485,9.32,1018,82.5,4.375,200,0,0,10,0
2022-11-05 12:45:00,9025,10.7425,9.77,1018,80.75,5.0175,205,0,0,15,0
2022-11-05 13:00:00,8864,11,10.22,1018,79,5.66,210,0,0,20,0
2022-11-05 13:15:00,8928,11.0325,10.2625,1017.75,79.25,5.145,207.5,0,0,15,0
2022-11-05 13:30:00,8972,11.065,10.305,1017.5,79.5,4.63,205,0,0,10,0
2022-11-05 13:45:00,9069,11.0975,10.3475,1017.25,79.75,4.115,202.5,0,0,5,0
2022-11-05 14:00:00,8872,11.13,10.39,1017,80,3.6,200,0,0,0,0
2022-11-05 14:15:00,8878,11.16,10.4225,1017,80,3.985,202.5,0,0,0,0
2022-11-05 14:30:00,8937,11.19,10.455,1017,80,4.37,205,0,0,0,0
2022-11-05 14:45:00,8919,11.22,10.4875,1017,80,4.755,207.5,0,0,0,0
2022-11-05 15:00:00,8898,11.25,10.52,1017,80,5.14,210,0,0,0,0
2022-11-05 15:15:00,8988,11.1925,10.4625,1017,80.25,5.27,210,0,0,0,0
2022-11-05 15:30:00,9127,11.135,10.405,1017,80.5,5.4,210,0,0,0,0
2022-11-05 15:45:00,9040,11.0775,10.3475,1017,80.75,5.53,210,0,0,0,0
2022-11-05 16:00:00,8980,11.02,10.29,1017,81,5.66,210,0,0,0,0
2022-11-05 16:15:00,9138,10.9425,10.205,1017,81,5.53,210,0,0,18.75,0
2022-11-05 16:30:00,9189,10.865,10.12,1017,81,5.4,210,0,0,37.5,0
2022-11-05 16:45:00,9254,10.7875,10.035,1017,81,5.27,210,0,0,56.25,0
2022-11-05 17:00:00,9296,10.71,9.95,1017,81,5.14,210,0,0,75,0
2022-11-05 17:15:00,9519,10.5425,9.78,1017,81.5,5.14,207.5,0,0,61.25,0
2022-11-05 17:30:00,9728,10.375,9.61,1017,82,5.14,205,0,0,47.5,0
2022-11-05 17:45:00,9676,10.2075,9.44,1017,82.5,5.14,202.5,0,0,33.75,0
2022-11-05 18:00:00,9728,10.04,9.27,1017,83,5.14,200,0,0,20,0
2022-11-05 18:15:00,9794,10.0075,8.7625,1016.75,83.25,5.27,197.5,0,0,15,0
2022-11-05 18:30:00,9828,9.975,8.255,1016.5,83.5,5.4,195,0,0,10,0
2022-11-05 18:45:00,9671,9.9425,7.7475,1016.25,83.75,5.53,192.5,0,0,5,0
2022-11-05 19:00:00,9620,9.91,7.24,1016,84,5.66,190,0,0,0,0
2022-11-05 19:15:00,9597,9.92,7.3475,1016.25,84,5.4025,192.5,0,0,0,0
2022-11-05 19:30:00,9440,9.93,7.455,1016.5,84,5.145,195,0,0,0,0
2022-11-05 19:45:00,9125,9.94,7.5625,1016.75,84,4.8875,197.5,0,0,0,0
2022-11-05 20:00:00,9100,9.95,7.67,1017,84,4.63,200,0,0,0,0
2022-11-05 20:15:00,8860,9.95,7.5325,1016.75,84.25,5.015,200,0,0,0,0
2022-11-05 20:30:00,8904,9.95,7.395,1016.5,84.5,5.4,200,0,0,0,0
2022-11-05 20:45:00,8751,9.95,7.2575,1016.25,84.75,5.785,200,0,0,0,0
2022-11-05 21:00:00,8552,9.95,7.12,1016,85,6.17,200,0,0,0,0
2022-11-05 21:15:00,8533,9.8,6.89,1016,85.5,6.3,200,0,0,0,0
2022-11-05 21:30:00,8361,9.65,6.66,1016,86,6.43,200,0,0,0,0
2022-11-05 21:45:00,8230,9.5,6.43,1016,86.5,6.56,200,0,0,0,0
2022-11-05 22:00:00,8393,9.35,6.2,1016,87,6.69,200,0,0,0,0
2022-11-05 22:15:00,8447,9.3425,6.23,1016,87.25,6.56,200,0,0,0,0
2022-11-05 22:30:00,8540,9.335,6.26,1016,87.5,6.43,200,0,0,0,0
2022-11-05 22:45:00,8342,9.3275,6.29,1016,87.75,6.3,200,0,0,0,0
2022-11-05 23:00:00,8348,9.32,6.32,1016,88,6.17,200,0,0,0,0
2022-11-05 23:15:00,8264,9.3075,6.3475,1015.75,87.5,6.0425,197.5,0,0,0,0
2022-11-05 23:30:00,8068,9.295,6.375,1015.5,87,5.915,195,0,0,0,0
2022-11-05 23:45:00,7935,9.2825,6.4025,1015.25,86.5,5.7875,192.5,0,0,0,0
2022-11-06 00:00:00,7914,9.27,6.43,1015,86,5.66,190,0,0,0,0
2022-11-06 00:15:00,7858,9.3725,6.6075,1015,86,5.53,192.5,0,0,10,0
2022-11-06 00:30:00,7723,9.475,6.785,1015,86,5.4,195,0,0,20,0
2022-11-06 00:45:00,7666,9.5775,6.9625,1015,86,5.27,197.5,0,0,30,0
2022-11-06 01:00:00,7600,9.68,7.14,1015,86,5.14,200,0,0,40,0
2022-11-06 01:15:00,7526,9.7675,7.6875,1015,86,5.3975,200,0,0,48.75,0
2022-11-06 01:30:00,7474,9.855,8.235,1015,86,5.655,200,0,0,57.5,0
2022-11-06 01:45:00,7431,9.9425,8.7825,1015,86,5.9125,200,0,0,66.25,0
2022-11-06 02:00:00,7424,10.03,9.33,1015,86,6.17,200,0,0,75,0
2022-11-06 02:15:00,7341,10.0275,9.3225,1014.75,85.75,6.0425,200,0,0,75,0
2022-11-06 02:30:00,7224,10.025,9.315,1014.5,85.5,5.915,200,0,0,75,0
2022-11-06 02:45:00,7191,10.0225,9.3075,1014.25,85.25,5.7875,200,0,0,75,0
2022-11-06 03:00:00,7116,10.02,9.3,1014,85,5.66,200,0,0,75,0
2022-11-06 03:15:00,7144,10.0425,9.325,1014,85,5.66,197.5,0,0,66.25,0
2022-11-06 03:30:00,7078,10.065,9.35,1014,85,5.66,195,0,0,57.5,0
2022-11-06 03:45:00,7017,10.0875,9.375,1014,85,5.66,192.5,0,0,48.75,0
2022-11-06 04:00:00,6907,10.11,9.4,1014,85,5.66,190,0,0,40,0
2022-11-06 04:15:00,6966,10.0875,9.38,1013.75,85.25,5.53,190,0,0,35,0
2022-11-06 04:30:00,6958,10.065,9.36,1013.5,85.5,5.4,190,0,0,30,0
2022-11-06 04:45:00,6935,10.0425,9.34,1013.25,85.75,5.27,190,0,0,25,0
2022-11-06 05:00:00,6956,10.02,9.32,1013,86,5.14,190,0,0,20,0
2022-11-06 05:15:00,6898,9.9675,8.815,1012.75,86,5.14,190,0,0,20,0
2022-11-06 05:30:00,6947,9.915,8.31,1012.5,86,5.14,190,0,0,20,0
2022-11-06 05:45:00,6952,9.8625,7.805,1012.25,86,5.14,190,0,0,20,0
2022-11-06 06:00:00,7103,9.81,7.3,1012,86,5.14,190,0,0,20,0
2022-11-06 06:15:00,7260,9.8925,7.84,1012,86,5.5275,190,0,0,33.75,0
2022-11-06 06:30:00,7299,9.975,8.38,1012,86,5.915,190,0,0,47.5,0
2022-11-06 06:45:00,7278,10.0575,8.92,1012,86,6.3025,190,0,0,61.25,0
2022-11-06 07:00:00,7356,10.14,9.46,1012,86,6.69,190,0,0,75,0
2022-11-06 07:15:00,7404,10.2125,9.5325,1012,85.75,6.8175,190,0,0,75,0
2022-11-06 07:30:00,7368,10.285,9.605,1012,85.5,6.945,190,0,0,75,0
2022-11-06 07:45:00,7452,10.3575,9.6775,1012,85.25,7.0725,190,0,0,75,0
2022-11-06 08:00:00,7647,10.43,9.75,1012,85,7.2,190,0,0,75,0
2022-11-06 08:15:00,7648,10.59,9.905,1011.75,84.25,6.9425,190,0,0,75,0
2022-11-06 08:30:00,7722,10.75,10.06,1011.5,83.5,6.685,190,0,0,75,0
2022-11-06 08:45:00,7850,10.91,10.215,1011.25,82.75,6.4275,190,0,0,75,0
2022-11-06 09:00:00,8197,11.07,10.37,1011,82,6.17,190,0,0,75,0
2022-11-06 09:15:00,8264,11.1325,10.4275,1011,81.5,6.4275,187.5,0,0,75,0
2022-11-06 09:30:00,8301,11.195,10.485,1011,81,6.685,185,0,0,75,0
2022-11-06 09:45:00,8296,11.2575,10.5425,1011,80.5,6.9425,182.5,0,0,75,0
2022-11-06 10:00:00,8471,11.32,10.6,1011,80,7.2,180,0,0,75,0
2022-11-06 10:15:00,8470,11.425,10.7075,1010.75,79.75,7.0725,180,0,0,56.25,0
2022-11-06 10:30:00,8537,11.53,10.815,1010.5,79.5,6.945,180,0,0,37.5,0
2022-11-06 10:45:00,8575,11.635,10.9225,1010.25,79.25,6.8175,180,0,0,18.75,0
2022-11-06 11:00:00,8702,11.74,11.03,1010,79,6.69,180,0,0,0,0
2022-11-06 11:15:00,8755,11.695,10.98,1009.75,79,6.8175,180,0,0,24.5,0
2022-11-06 11:30:00,9014,11.65,10.93,1009.5,79,6.945,180,0,0,49,0
2022-11-06 11:45:00,9136,11.605,10.88,1009.25,79,7.0725,180,0,0,73.5,0
2022-11-06 12:00:00,9129,11.56,10.83,1009,79,7.2,180,0,0,98,0
2022-11-06 12:15:00,9126,11.4825,10.74,1008.75,78.75,7.2,182.5,0,0,73.5,0
2022-11-06 12:30:00,9082,11.405,10.65,1008.5,78.5,7.2,185,0,0,49,0
2022-11-06 12:45:00,9158,11.3275,10.56,1008.25,78.25,7.2,187.5,0,0,24.5,0
2022-11-06 13:00:00,9072,11.25,10.47,1008,78,7.2,190,0,0,0,0
2022-11-06 13:15:00,8894,11.015,10.23,1008,78.75,6.685,185,0.0525,0,25,0
2022-11-06 13:30:00,8910,10.78,9.99,1008,79.5,6.17,180,0.105,0,50,0
2022-11-06 13:45:00,8884,10.545,9.75,1008,80.25,5.655,175,0.1575,0,75,0
2022-11-06 14:00:00,8809,10.31,9.51,1008,81,5.14,170,0.21,0,100,0
2022-11-06 14:15:00,8761,10.0125,8.6925,1008,82,5.27,175,0.2975,0,100,0
2022-11-06 14:30:00,8607,9.715,7.875,1008,83,5.4,180,0.385,0,100,0
2022-11-06 14:45:00,8571,9.4175,7.0575,1008,84,5.53,185,0.4725,0,100,0
2022-11-06 15:00:00,8538,9.12,6.24,1008,85,5.66,190,0.56,0,100,0
2022-11-06 15:15:00,8590,8.9525,5.985,1007.5,85.75,5.7875,187.5,0.4875,0,93.75,0
2022-11-06 15:30:00,8628,8.785,5.73,1007,86.5,5.915,185,0.415,0,87.5,0
2022-11-06 15:45:00,8550,8.6175,5.475,1006.5,87.25,6.0425,182.5,0.3425,0,81.25,0
2022-11-06 16:00:00,8547,8.45,5.22,1006,88,6.17,180,0.27,0,75,0
2022-11-06 16:15:00,8879,8.375,4.965,1005.75,88.5,6.685,180,0.235,0,61.25,0
2022-11-06 16:30:00,8929,8.3,4.71,1005.5,89,7.2,180,0.2,0,47.5,0
2022-11-06 16:45:00,8921,8.225,4.455,1005.25,89.5,7.715,180,0.165,0,33.75,0
2022-11-06 17:00:00,8997,8.15,4.2,1005,90,8.23,180,0.13,0,20,0
2022-11-06 17:15:00,9359,8.2225,4.2625,1005,90,8.36,182.5,0.0975,0,20,0
2022-11-06 17:30:00,9537,8.295,4.325,1005,90,8.49,185,0.065,0,20,0
2022-11-06 17:45:00,9612,8.3675,4.3875,1005,90,8.62,187.5,0.0325,0,20,0
2022-11-06 18:00:00,9639,8.44,4.45,1005,90,8.75,190,0,0,20,0
2022-11-06 18:15:00,9583,8.5825,4.6675,1005.25,90,8.62,192.5,0,0,33.75,0
2022-11-06 18:30:00,9688,8.725,4.885,1005.5,90,8.49,195,0,0,47.5,0
2022-11-06 18:45:00,9607,8.8675,5.1025,1005.75,90,8.36,197.5,0,0,61.25,0
2022-11-06 19:00:00,9509,9.01,5.32,1006,90,8.23,200,0,0,75,0
2022-11-06 19:15:00,9442,9.1975,5.71,1006,89.75,7.715,200,0,0,75,0
2022-11-06 19:30:00,9352,9.385,6.1,1006,89.5,7.2,200,0,0,75,0
2022-11-06 19:45:00,9204,9.5725,6.49,1006,89.25,6.685,200,0,0,75,0
2022-11-06 20:00:00,9048,9.76,6.88,1006,89,6.17,200,0,0,75,0
2022-11-06 20:15:00,8949,9.825,7.5175,1006.25,89.25,6.3,202.5,0,0,75,0
2022-11-06 20:30:00,8792,9.89,8.155,1006.5,89.5,6.43,205,0,0,75,0
2022-11-06 20:45:00,8751,9.955,8.7925,1006.75,89.75,6.56,207.5,0,0,75,0
2022-11-06 21:00:00,8620,10.02,9.43,1007,90,6.69,210,0,0,75,0
2022-11-06 21:15:00,8486,10.1975,9.6125,1007,89.5,6.4325,210,0,0,75,0
2022-11-06 21:30:00,8366,10.375,9.795,1007,89,6.175,210,0,0,75,0
2022-11-06 21:45:00,8332,10.5525,9.9775,1007,88.5,5.9175,210,0,0,75,0
2022-11-06 22:00:00,8308,10.73,10.16,1007,88,5.66,210,0,0,75,0
2022-11-06 22:15:00,8207,10.8225,10.2675,1007.25,88.25,6.045,210,0,0,75,0
2022-11-06 22:30:00,8169,10.915,10.375,1007.5,88.5,6.43,210,0,0,75,0
2022-11-06 22:45:00,8127,11.0075,10.4825,1007.75,88.75,6.815,210,0,0,75,0
2022-11-06 23:00:00,8130,11.1,10.59,1008,89,7.2,210,0,0,75,0
2022-11-06 23:15:00,7942,11.0925,10.575,1008,88.75,7.2,210,0,0,66.25,0
2022-11-06 23:30:00,7794,11.085,10.56,1008,88.5,7.2,210,0,0,57.5,0
2022-11-06 23:45:00,7693,11.0775,10.545,1008,88.25,7.2,210,0,0,48.75,0
2022-11-07 00:00:00,7726,11.07,10.53,1008,88,7.2,210,0,0,40,0
2022-11-07 00:15:00,7600,11.0675,10.535,1008,88.25,7.0725,210,0,0,35,0
2022-11-07 00:30:00,7552,11.065,10.54,1008,88.5,6.945,210,0,0,30,0
2022-11-07 00:45:00,7538,11.0625,10.545,1008,88.75,6.8175,210,0,0,25,0
2022-11-07 01:00:00,7406,11.06,10.55,1008,89,6.69,210,0,0,20,0
2022-11-07 01:15:00,7296,11.0925,10.585,1008.25,89,6.8175,212.5,0,0,20,0
2022-11-07 01:30:00,7159,11.125,10.62,1008.5,89,6.945,215,0,0,20,0
2022-11-07 01:45:00,7112,11.1575,10.655,1008.75,89,7.0725,217.5,0,0,20,0
2022-11-07 02:00:00,7048,11.19,10.69,1009,89,7.2,220,0,0,20,0
2022-11-07 02:15:00,6920,11.3525,10.855,1009,88.5,7.0725,217.5,0,0,20,0
2022-11-07 02:30:00,6878,11.515,11.02,1009,88,6.945,215,0,0,20,0
2022-11-07 02:45:00,6882,11.6775,11.185,1009,87.5,6.8175,212.5,0,0,20,0
2022-11-07 03:00:00,6936,11.84,11.35,1009,87,6.69,210,0,0,20,0
2022-11-07 03:15:00,6962,11.8025,11.3025,1009,86.75,6.8175,210,0,0,20,0
2022-11-07 03:30:00,7100,11.765,11.255,1009,86.5,6.945,210,0,0,20,0
2022-11-07 03:45:00,7027,11.7275,11.2075,1009,86.25,7.0725,210,0,0,20,0
2022-11-07 04:00:00,7079,11.69,11.16,1009,86,7.2,210,0,0,20,0
2022-11-07 04:15:00,7133,11.73,11.1975,1009,85.75,7.0725,210,0,0,25,0
2022-11-07 04:30:00,7050,11.77,11.235,1009,85.5,6.945,210,0,0,30,0
2022-11-07 04:45:00,7207,11.81,11.2725,1009,85.25,6.8175,210,0,0,35,0
2022-11-07 05:00:00,7468,11.85,11.31,1009,85,6.69,210,0,0,40,0
2022-11-07 05:15:00,7529,11.8675,11.335,1009,85.25,6.69,210,0,0,40,0
2022-11-07 05:30:00,7634,11.885,11.36,1009,85.5,6.69,210,0,0,40,0
2022-11-07 05:45:00,7868,11.9025,11.385,1009,85.75,6.69,210,0,0,40,0
2022-11-07 06:00:00,8309,11.92,11.41,1009,86,6.69,210,0,0,40,0
2022-11-07 06:15:00,8525,11.92,11.425,1009,86.5,6.56,210,0,0,48.75,0
2022-11-07 06:30:00,8799,11.92,11.44,1009,87,6.43,210,0,0,57.5,0
2022-11-07 06:45:00,9118,11.92,11.455,1009,87.5,6.3,210,0,0,66.25,0
2022-11-07 07:00:00,9540,11.92,11.47,1009,88,6.17,210,0,0,75,0
2022-11-07 07:15:00,9681,11.9225,11.49,1009.25,88.75,5.9125,210,0.03,0,75,0
2022-11-07 07:30:00,9885,11.925,11.51,1009.5,89.5,5.655,210,0.06,0,75,0
2022-11-07 07:45:00,9842,11.9275,11.53,1009.75,90.25,5.3975,210,0.09,0,75,0
2022-11-07 08:00:00,9826,11.93,11.55,1010,91,5.14,210,0.12,0,75,0
2022-11-07 08:15:00,9868,11.97,11.5825,1010,90.5,5.27,210,0.09,0,75,0
2022-11-07 08:30:00,10019,12.01,11.615,1010,90,5.4,210,0.06,0,75,0
2022-11-07 08:45:00,9945,12.05,11.6475,1010,89.5,5.53,210,0.03,0,75,0
2022-11-07 09:00:00,10188,12.09,11.68,1010,89,5.66,210,0,0,75,0
2022-11-07 09:15:00,10166,12.305,11.9025,1010,88.5,5.9175,212.5,0,0,75,0
2022-11-07 09:30:00,10283,12.52,12.125,1010,88,6.175,215,0,0,75,0
2022-11-07 09:45:00,10291,12.735,12.3475,1010,87.5,6.4325,217.5,0,0,75,0
2022-11-07 10:00:00,10229,12.95,12.57,1010,87,6.69,220,0,0,75,0
2022-11-07 10:15:00,10248,13.065,12.6775,1010.25,86.25,6.56,220,0,0,75,0
2022-11-07 10:30:00,10308,13.18,12.785,1010.5,85.5,6.43,220,0,0,75,0
2022-11-07 10:45:00,10181,13.295,12.8925,1010.75,84.75,6.3,220,0,0,75,0
2022-11-07 11:00:00,10167,13.41,13,1011,84,6.17,220,0,0,75,0
2022-11-07 11:15:00,10185,13.6475,13.2475,1011,83.5,6.17,220,0,0,75,0
2022-11-07 11:30:00,10163,13.885,13.495,1011,83,6.17,220,0,0,75,0
2022-11-07 11:45:00,10198,14.1225,13.7425,1011,82.5,6.17,220,0,0,75,0
2022-11-07 12:00:00,10139,14.36,13.99,1011,82,6.17,220,0,0,75,0
2022-11-07 12:15:00,10127,14.3825,14.0025,1011,81.5,6.4275,220,0,0,75,0
2022-11-07 12:30:00,10104,14.405,14.015,1011,81,6.685,220,0,0,75,0
2022-11-07 12:45:00,10222,14.4275,14.0275,1011,80.5,6.9425,220,0,0,75,0
2022-11-07 13:00:00,10208,14.45,14.04,1011,80,7.2,220,0,0,75,0
2022-11-07 13:15:00,10128,14.5975,14.2025,1011,80,7.0725,217.5,0,0,75,0
2022-11-07 13:30:00,10058,14.745,14.365,1011,80,6.945,215,0,0,75,0
2022-11-07 13:45:00,10119,14.8925,14.5275,1011,80,6.8175,212.5,0,0,75,0
2022-11-07 14:00:00,10156,15.04,14.69,1011,80,6.69,210,0,0,75,0
2022-11-07 14:15:00,10189,14.99,14.635,1011,80,6.56,210,0,0,75,0
2022-11-07 14:30:00,10056,14.94,14.58,1011,80,6.43,210,0,0,75,0
2022-11-07 14:45:00,10013,14.89,14.525,1011,80,6.3,210,0,0,75,0
2022-11-07 15:00:00,10136,14.84,14.47,1011,80,6.17,210,0,0,75,0
2022-11-07 15:15:00,10053,14.845,14.475,1011,80,6.3,210,0,0,75,0
2022-11-07 15:30:00,9998,14.85,14.48,1011,80,6.43,210,0,0,75,0
2022-11-07 15:45:00,10153,14.855,14.485,1011,80,6.56,210,0,0,75,0
2022-11-07 16:00:00,10033,14.86,14.49,1011,80,6.69,210,0,0,75,0
2022-11-07 16:15:00,10132,14.8425,14.47,1010.75,80,6.4325,207.5,0,0,75,0
2022-11-07 16:30:00,10144,14.825,14.45,1010.5,80,6.175,205,0,0,75,0
2022-11-07 16:45:00,10142,14.8075,14.43,1010.25,80,5.9175,202.5,0,0,75,0
2022-11-07 17:00:00,10343,14.79,14.41,1010,80,5.66,200,0,0,75,0
2022-11-07 17:15:00,10581,14.6625,14.2825,1010.25,80.5,5.53,200,0,0,75,0
2022-11-07 17:30:00,10767,14.535,14.155,1010.5,81,5.4,200,0,0,75,0
2022-11-07 17:45:00,10871,14.4075,14.0275,1010.75,81.5,5.27,200,0,0,75,0
2022-11-07 18:00:00,10839,14.28,13.9,1011,82,5.14,200,0,0,75,0
2022-11-07 18:15:00,10826,14.2125,13.8275,1011,82,5.27,200,0,0,56.25,0
2022-11-07 18:30:00,10692,14.145,13.755,1011,82,5.4,200,0,0,37.5,0
2022-11-07 18:45:00,10620,14.0775,13.6825,1011,82,5.53,200,0,0,18.75,0
2022-11-07 19:00:00,10453,14.01,13.61,1011,82,5.66,200,0,0,0,0
2022-11-07 19:15:00,10256,13.9525,13.545,1011,82,5.66,197.5,0,0,0,0
2022-11-07 19:30:00,10209,13.895,13.48,1011,82,5.66,195,0,0,0,0
2022-11-07 19:45:00,10075,13.8375,13.415,1011,82,5.66,192.5,0,0,0,0
2022-11-07 20:00:00,9936,13.78,13.35,1011,82,5.66,190,0,0,0,0
2022-11-07 20:15:00,9670,13.6725,13.2325,1011,82,5.7875,190,0,0,0,0
2022-11-07 20:30:00,9472,13.565,13.115,1011,82,5.915,190,0,0,0,0
2022-11-07 20:45:00,9396,13.4575,12.9975,1011,82,6.0425,190,0,0,0,0
2022-11-07 21:00:00,9264,13.35,12.88,1011,82,6.17,190,0,0,0,0
2022-11-07 21:15:00,9178,13.29,12.82,1011,82.25,6.17,190,0,0,0,0
2022-11-07 21:30:00,9020,13.23,12.76,1011,82.5,6.17,190,0,0,0,0
2022-11-07 21:45:00,8956,13.17,12.7,1011,82.75,6.17,190,0,0,0,0
2022-11-07 22:00:00,8991,13.11,12.64,1011,83,6.17,190,0,0,0,0
2022-11-07 22:15:00,8961,13.08,12.62,1010.75,83.5,6.0425,190,0,0,0,0
2022-11-07 22:30:00,8766,13.05,12.6,1010.5,84,5.915,190,0,0,0,0
2022-11-07 22:45:00,8738,13.02,12.58,1010.25,84.5,5.7875,190,0,0,0,0
2022-11-07 23:00:00,8615,12.99,12.56,1010,85,5.66,190,0,0,0,0
2022-11-07 23:15:00,8508,12.8275,12.3825,1010,85,5.53,190,0,0,0,0
2022-11-07 23:30:00,8400,12.665,12.205,1010,85,5.4,190,0,0,0,0
2022-11-07 23:45:00,8333,12.5025,12.0275,1010,85,5.27,190,0,0,0,0
2022-11-08 00:00:00,8062,12.34,11.85,1010,85,5.14,190,0,0,0,0
2022-11-08 00:15:00,7896,12.3075,11.815,1009.75,85,5.14,190,0,0,0,0
2022-11-08 00:30:00,7796,12.275,11.78,1009.5,85,5.14,190,0,0,0,0
2022-11-08 00:45:00,7734,12.2425,11.745,1009.25,85,5.14,190,0,0,0,0
2022-11-08 01:00:00,7595,12.21,11.71,1009,85,5.14,190,0,0,0,0
2022-11-08 01:15:00,7540,12.145,11.6375,1009,85,5.0125,187.5,0,0,0,0
2022-11-08 01:30:00,7458,12.08,11.565,1009,85,4.885,185,0,0,0,0
2022-11-08 01:45:00,7410,12.015,11.4925,1009,85,4.7575,182.5,0,0,0,0
2022-11-08 02:00:00,7350,11.95,11.42,1009,85,4.63,180,0,0,0,0
2022-11-08 02:15:00,7234,11.82,11.2975,1008.75,85.75,4.7575,175,0,0,0,0
2022-11-08 02:30:00,7245,11.69,11.175,1008.5,86.5,4.885,170,0,0,0,0
2022-11-08 02:45:00,7275,11.56,11.0525,1008.25,87.25,5.0125,165,0,0,0,0
2022-11-08 03:00:00,7373,11.43,10.93,1008,88,5.14,160,0,0,0,0
2022-11-08 03:15:00,7376,11.44,10.92,1007.75,87.25,5.0125,160,0,0,0,0
2022-11-08 03:30:00,7332,11.45,10.91,1007.5,86.5,4.885,160,0,0,0,0
2022-11-08 03:45:00,7258,11.46,10.9,1007.25,85.75,4.7575,160,0,0,0,0
2022-11-08 04:00:00,7351,11.47,10.89,1007,85,4.63,160,0,0,0,0
2022-11-08 04:15:00,7304,11.3475,10.75,1006.75,84.75,4.8875,160,0,0,0,0
2022-11-08 04:30:00,7364,11.225,10.61,1006.5,84.5,5.145,160,0,0,0,0
2022-11-08 04:45:00,7434,11.1025,10.47,1006.25,84.25,5.4025,160,0,0,0,0
2022-11-08 05:00:00,7562,10.98,10.33,1006,84,5.66,160,0,0,0,0
2022-11-08 05:15:00,7682,10.9775,10.3075,1005.75,83.25,5.9175,162.5,0,0,0,0
2022-11-08 05:30:00,7801,10.975,10.285,1005.5,82.5,6.175,165,0,0,0,0
2022-11-08 05:45:00,8055,10.9725,10.2625,1005.25,81.75,6.4325,167.5,0,0,0,0
2022-11-08 06:00:00,8463,10.97,10.24,1005,81,6.69,170,0,0,0,0
2022-11-08 06:15:00,8789,11.03,10.2925,1005,80.5,6.8175,170,0,0,0,0
2022-11-08 06:30:00,9012,11.09,10.345,1005,80,6.945,170,0,0,0,0
2022-11-08 06:45:00,9229,11.15,10.3975,1005,79.5,7.0725,170,0,0,0,0
2022-11-08 07:00:00,9409,11.21,10.45,1005,79,7.2,170,0,0,0,0
2022-11-08 07:15:00,9686,11.2425,10.48,1005,78.75,6.9425,172.5,0,0,0,0
2022-11-08 07:30:00,9710,11.275,10.51,1005,78.5,6.685,175,0,0,0,0
2022-11-08 07:45:00,9629,11.3075,10.54,1005,78.25,6.4275,177.5,0,0,0,0
2022-11-08 08:00:00,9749,11.34,10.57,1005,78,6.17,180,0,0,0,0
2022-11-08 08:15:00,9830,11.53,10.7575,1005,77.25,6.4275,180,0,0,0,0
2022-11-08 08:30:00,10052,11.72,10.945,1005,76.5,6.685,180,0,0,0,0
2022-11-08 08:45:00,10124,11.91,11.1325,1005,75.75,6.9425,180,0,0,0,0
2022-11-08 09:00:00,10267,12.1,11.32,1005,75,7.2,180,0,0,0,0
2022-11-08 09:15:00,10205,12.3925,11.6225,1005,74.25,7.2,182.5,0,0,0,0
2022-11-08 09:30:00,10210,12.685,11.925,1005,73.5,7.2,185,0,0,0,0
2022-11-08 09:45:00,10226,12.9775,12.2275,1005,72.75,7.2,187.5,0,0,0,0
2022-11-08 10:00:00,10169,13.27,12.53,1005,72,7.2,190,0,0,0,0
2022-11-08 10:15:00,10099,13.425,12.695,1005,71.75,7.4575,190,0,0,0,0
2022-11-08 10:30:00,10044,13.58,12.86,1005,71.5,7.715,190,0,0,0,0
2022-11-08 10:45:00,10033,13.735,13.025,1005,71.25,7.9725,190,0,0,0,0
2022-11-08 11:00:00,10032,13.89,13.19,1005,71,8.23,190,0,0,0,0
2022-11-08 11:15:00,10093,14.015,13.3275,1005,71,8.23,190,0,0,0,0
2022-11-08 11:30:00,10226,14.14,13.465,1005,71,8.23,190,0,0,0,0
2022-11-08 11:45:00,10320,14.265,13.6025,1005,71,8.23,190,0,0,0,0
2022-11-08 12:00:00,10241,14.39,13.74,1005,71,8.23,190,0,0,0,0
2022-11-08 12:15:00,10168,14.4725,13.8375,1005,71.25,8.1025,190,0,0,0,0
2022-11-08 12:30:00,9984,14.555,13.935,1005,71.5,7.975,190,0,0,0,0
2022-11-08 12:45:00,9967,14.6375,14.0325,1005,71.75,7.8475,190,0,0,0,0
2022-11-08 13:00:00,10075,14.72,14.13,1005,72,7.72,190,0,0,0,0
2022-11-08 13:15:00,10010,14.8825,14.3075,1005,72,7.4625,190,0,0,0,0
2022-11-08 13:30:00,9893,15.045,14.485,1005,72,7.205,190,0,0,0,0
2022-11-08 13:45:00,9981,15.2075,14.6625,1005,72,6.9475,190,0,0,0,0
2022-11-08 14:00:00,9992,15.37,14.84,1005,72,6.69,190,0,0,0,0
2022-11-08 14:15:00,9874,15.37,14.8525,1005,72.5,6.4325,190,0,0,10,0
2022-11-08 14:30:00,9928,15.37,14.865,1005,73,6.175,190,0,0,20,0
2022-11-08 14:45:00,9943,15.37,14.8775,1005,73.5,5.9175,190,0,0,30,0
2022-11-08 15:00:00,9970,15.37,14.89,1005,74,5.66,190,0,0,40,0
2022-11-08 15:15:00,9833,15.3625,14.8825,1005,74,5.9175,192.5,0,0,40,0
2022-11-08 15:30:00,9876,15.355,14.875,1005,74,6.175,195,0,0,40,0
2022-11-08 15:45:00,9875,15.3475,14.8675,1005,74,6.4325,197.5,0,0,40,0
2022-11-08 16:00:00,9946,15.34,14.86,1005,74,6.69,200,0,0,40,0
2022-11-08 16:15:00,9981,15.2575,14.7825,1004.75,74.5,6.69,200,0,0,30,0
2022-11-08 16:30:00,9973,15.175,14.705,1004.5,75,6.69,200,0,0,20,0
2022-11-08 16:45:00,10095,15.0925,14.6275,1004.25,75.5,6.69,200,0,0,10,0
2022-11-08 17:00:00,10265,15.01,14.55,1004,76,6.69,200,0,0,0,0
2022-11-08 17:15:00,10709,14.975,14.5175,1004,76.25,6.8175,200,0,0,0,0
2022-11-08 17:30:00,10772,14.94,14.485,1004,76.5,6.945,200,0,0,0,0
2022-11-08 17:45:00,10947,14.905,14.4525,1004,76.75,7.0725,200,0,0,0,0
2022-11-08 18:00:00,10859,14.87,14.42,1004,77,7.2,200,0,0,0,0
2022-11-08 18:15:00,10771,14.8725,14.41,1004,76.5,6.9425,200,0,0,0,0
2022-11-08 18:30:00,10718,14.875,14.4,1004,76,6.685,200,0,0,0,0
2022-11-08 18:45:00,10588,14.8775,14.39,1004,75.5,6.4275,200,0,0,0,0
2022-11-08 19:00:00,10455,14.88,14.38,1004,75,6.17,200,0,0,0,0
2022-11-08 19:15:00,10333,14.905,14.415,1004,75.25,6.3,200,0,0,5,0
2022-11-08 19:30:00,10244,14.93,14.45,1004,75.5,6.43,200,0,0,10,0
2022-11-08 19:45:00,10048,14.955,14.485,1004,75.75,6.56,200,0,0,15,0
2022-11-08 20:00:00,9831,14.98,14.52,1004,76,6.69,200,0,0,20,0
2022-11-08 20:15:00,9678,15.0175,14.5675,1004,76.25,6.9475,202.5,0,0,15,0
2022-11-08 20:30:00,9656,15.055,14.615,1004,76.5,7.205,205,0,0,10,0
2022-11-08 20:45:00,9491,15.0925,14.6625,1004,76.75,7.4625,207.5,0,0,5,0
2022-11-08 21:00:00,9347,15.13,14.71,1004,77,7.72,210,0,0,0,0
2022-11-08 21:15:00,9050,15.0175,14.585,1004.25,77,7.72,210,0,0,0,0
2022-11-08 21:30:00,8760,14.905,14.46,1004.5,77,7.72,210,0,0,0,0
2022-11-08 21:45:00,8835,14.7925,14.335,1004.75,77,7.72,210,0,0,0,0
2022-11-08 22:00:00,8831,14.68,14.21,1005,77,7.72,210,0,0,0,0
2022-11-08 22:15:00,8752,14.675,14.2125,1005,77.25,7.72,210,0,0,0,0
2022-11-08 22:30:00,8610,14.67,14.215,1005,77.5,7.72,210,0,0,0,0
2022-11-08 22:45:00,8470,14.665,14.2175,1005,77.75,7.72,210,0,0,0,0
2022-11-08 23:00:00,8362,14.66,14.22,1005,78,7.72,210,0,0,0,0
2022-11-08 23:15:00,8252,14.55,14.1125,1005,78.5,7.3325,207.5,0,0,0,0
2022-11-08 23:30:00,8277,14.44,14.005,1005,79,6.945,205,0,0,0,0
2022-11-08 23:45:00,8131,14.33,13.8975,1005,79.5,6.5575,202.5,0,0,0,0
2022-11-09 00:00:00,7831,14.22,13.79,1005,80,6.17,200,0,0,0,0
2022-11-09 00:15:00,7823,14.2175,13.78,1005,79.75,6.0425,202.5,0,0,5,0
2022-11-09 00:30:00,7744,14.215,13.77,1005,79.5,5.915,205,0,0,10,0
2022-11-09 00:45:00,7642,14.2125,13.76,1005,79.25,5.7875,207.5,0,0,15,0
2022-11-09 01:00:00,7469,14.21,13.75,1005,79,5.66,210,0,0,20,0
2022-11-09 01:15:00,7260,14.1025,13.6175,1005,78.5,6.175,212.5,0,0,20,0
2022-11-09 01:30:00,7177,13.995,13.485,1005,78,6.69,215,0,0,20,0
2022-11-09 01:45:00,7106,13.8875,13.3525,1005,77.5,7.205,217.5,0,0,20,0
2022-11-09 02:00:00,7063,13.78,13.22,1005,77,7.72,220,0,0,20,0
2022-11-09 02:15:00,6941,13.665,13.12,1005.25,78,7.59,217.5,0,0,20,0
2022-11-09 02:30:00,7021,13.55,13.02,1005.5,79,7.46,215,0,0,20,0
2022-11-09 02:45:00,7023,13.435,12.92,1005.75,80,7.33,212.5,0,0,20,0
2022-11-09 03:00:00,6996,13.32,12.82,1006,81,7.2,210,0,0,20,0
2022-11-09 03:15:00,6883,13.2475,12.76,1006,81.75,7.0725,210,0,0,15,0
2022-11-09 03:30:00,6817,13.175,12.7,1006,82.5,6.945,210,0,0,10,0
2022-11-09 03:45:00,6834,13.1025,12.64,1006,83.25,6.8175,210,0,0,5,0
2022-11-09 04:00:00,6770,13.03,12.58,1006,84,6.69,210,0,0,0,0
2022-11-09 04:15:00,6850,12.93,12.465,1006,83.75,6.4325,210,0,0,10,0
2022-11-09 04:30:00,6876,12.83,12.35,1006,83.5,6.175,210,0,0,20,0
2022-11-09 04:45:00,6936,12.73,12.235,1006,83.25,5.9175,210,0,0,30,0
2022-11-09 05:00:00,7091,12.63,12.12,1006,83,5.66,210,0,0,40,0
2022-11-09 05:15:00,7120,12.49,11.985,1006.25,83.75,5.66,210,0,0,35,0
2022-11-09 05:30:00,7102,12.35,11.85,1006.5,84.5,5.66,210,0,0,30,0
2022-11-09 05:45:00,7290,12.21,11.715,1006.75,85.25,5.66,210,0,0,25,0
2022-11-09 06:00:00,7478,12.07,11.58,1007,86,5.66,210,0,0,20,0
2022-11-09 06:15:00,7795,12.0125,11.5175,1007,86,5.66,210,0,0,20,0
2022-11-09 06:30:00,7897,11.955,11.455,1007,86,5.66,210,0,0,20,0
2022-11-09 06:45:00,7960,11.8975,11.3925,1007,86,5.66,210,0,0,20,0
2022-11-09 07:00:00,8117,11.84,11.33,1007,86,5.66,210,0,0,20,0
2022-11-09 07:15:00,8562,11.7875,11.27,1007,86,5.66,210,0,0,20,0
2022-11-09 07:30:00,8811,11.735,11.21,1007,86,5.66,210,0,0,20,0
2022-11-09 07:45:00,8796,11.6825,11.15,1007,86,5.66,210,0,0,20,0
2022-11-09 08:00:00,8894,11.63,11.09,1007,86,5.66,210,0,0,20,0
2022-11-09 08:15:00,8950,11.6575,11.1225,1007.25,86,5.9175,210,0,0,20,0
2022-11-09 08:30:00,8948,11.685,11.155,1007.5,86,6.175,210,0,0,20,0
2022-11-09 08:45:00,8879,11.7125,11.1875,1007.75,86,6.4325,210,0,0,20,0
2022-11-09 09:00:00,8871,11.74,11.22,1008,86,6.69,210,0,0,20,0
2022-11-09 09:15:00,9031,11.9675,11.4425,1008,85,6.9475,210,0,0,20,0
2022-11-09 09:30:00,9193,12.195,11.665,1008,84,7.205,210,0,0,20,0
2022-11-09 09:45:00,9132,12.4225,11.8875,1008,83,7.4625,210,0,0,20,0
2022-11-09 10:00:00,9155,12.65,12.11,1008,82,7.72,210,0,0,20,0
2022-11-09 10:15:00,9163,12.7725,12.225,1008.25,81.25,7.72,212.5,0,0,25,0
2022-11-09 10:30:00,9138,12.895,12.34,1008.5,80.5,7.72,215,0,0,30,0
2022-11-09 10:45:00,9180,13.0175,12.455,1008.75,79.75,7.72,217.5,0,0,35,0
2022-11-09 11:00:00,9119,13.14,12.57,1009,79,7.72,220,0,0,40,0
2022-11-09 11:15:00,9083,13.1925,12.615,1009,78.5,8.105,222.5,0,0,48.75,0
2022-11-09 11:30:00,9191,13.245,12.66,1009,78,8.49,225,0,0,57.5,0
2022-11-09 11:45:00,9212,13.2975,12.705,1009,77.5,8.875,227.5,0,0,66.25,0
2022-11-09 12:00:00,9100,13.35,12.75,1009,77,9.26,230,0,0,75,0
2022-11-09 12:15:00,8986,13.3225,12.7325,1009.25,77.5,8.875,230,0,0,75,0
2022-11-09 12:30:00,9169,13.295,12.715,1009.5,78,8.49,230,0,0,75,0
2022-11-09 12:45:00,9357,13.2675,12.6975,1009.75,78.5,8.105,230,0,0,75,0
2022-11-09 13:00:00,9311,13.24,12.68,1010,79,7.72,230,0,0,75,0
2022-11-09 13:15:00,9156,13.0775,12.535,1010,80.25,6.9475,230,0,0,66.25,0
2022-11-09 13:30:00,9212,12.915,12.39,1010,81.5,6.175,230,0,0,57.5,0
2022-11-09 13:45:00,9284,12.7525,12.245,1010,82.75,5.4025,230,0,0,48.75,0
2022-11-09 14:00:00,9103,12.59,12.1,1010,84,4.63,230,0,0,40,0
2022-11-09 14:15:00,8981,12.83,12.325,1010,82.5,4.63,227.5,0,0,35,0
2022-11-09 14:30:00,8994,13.07,12.55,1010,81,4.63,225,0,0,30,0
2022-11-09 14:45:00,8928,13.31,12.775,1010,79.5,4.63,222.5,0,0,25,0
2022-11-09 15:00:00,8998,13.55,13,1010,78,4.63,220,0,0,20,0
2022-11-09 15:15:00,9008,13.25,12.69,1010.25,78.75,5.4025,225,0,0,20,0
2022-11-09 15:30:00,8992,12.95,12.38,1010.5,79.5,6.175,230,0,0,20,0
2022-11-09 15:45:00,8996,12.65,12.07,1010.75,80.25,6.9475,235,0,0,20,0
2022-11-09 16:00:00,9019,12.35,11.76,1011,81,7.72,240,0,0,20,0
2022-11-09 16:15:00,8976,12.2425,11.6475,1011.25,81.25,7.3325,237.5,0,0,15,0
2022-11-09 16:30:00,9057,12.135,11.535,1011.5,81.5,6.945,235,0,0,10,0
2022-11-09 16:45:00,9122,12.0275,11.4225,1011.75,81.75,6.5575,232.5,0,0,5,0
2022-11-09 17:00:00,9297,11.92,11.31,1012,82,6.17,230,0,0,0,0
2022-11-09 17:15:00,9570,11.755,11.135,1012.25,82.25,5.9125,227.5,0,0,0,0
2022-11-09 17:30:00,9726,11.59,10.96,1012.5,82.5,5.655,225,0,0,0,0
2022-11-09 17:45:00,9892,11.425,10.785,1012.75,82.75,5.3975,222.5,0,0,0,0
2022-11-09 18:00:00,9782,11.26,10.61,1013,83,5.14,220,0,0,0,0
2022-11-09 18:15:00,9757,11.2075,10.5525,1013.25,83,5.27,220,0,0,0,0
2022-11-09 18:30:00,9731,11.155,10.495,1013.5,83,5.4,220,0,0,0,0
2022-11-09 18:45:00,9635,11.1025,10.4375,1013.75,83,5.53,220,0,0,0,0
2022-11-09 19:00:00,9416,11.05,10.38,1014,83,5.66,220,0,0,0,0
2022-11-09 19:15:00,9373,11.0025,10.3275,1014,83,5.66,222.5,0,0,5,0
2022-11-09 19:30:00,9273,10.955,10.275,1014,83,5.66,225,0,0,10,0
2022-11-09 19:45:00,9106,10.9075,10.2225,1014,83,5.66,227.5,0,0,15,0
2022-11-09 20:00:00,8913,10.86,10.17,1014,83,5.66,230,0,0,20,0
2022-11-09 20:15:00,8881,10.875,10.1925,1014.25,83.25,5.66,230,0,0,20,0
2022-11-09 20:30:00,8726,10.89,10.215,1014.5,83.5,5.66,230,0,0,20,0
2022-11-09 20:45:00,8621,10.905,10.2375,1014.75,83.75,5.66,230,0,0,20,0
2022-11-09 21:00:00,8456,10.92,10.26,1015,84,5.66,230,0,0,20,0
2022-11-09 21:15:00,8344,10.845,10.185,1015.25,84.25,5.66,230,0,0,20,0
2022-11-09 21:30:00,8304,10.77,10.11,1015.5,84.5,5.66,230,0,0,20,0
2022-11-09 21:45:00,8151,10.695,10.035,1015.75,84.75,5.66,230,0,0,20,0
2022-11-09 22:00:00,8244,10.62,9.96,1016,85,5.66,230,0,0,20,0
2022-11-09 22:15:00,8191,10.585,9.9275,1016.25,85.25,5.66,230,0,0,20,0
2022-11-09 22:30:00,8609,10.55,9.895,1016.5,85.5,5.66,230,0,0,20,0
2022-11-09 22:45:00,8489,10.515,9.8625,1016.75,85.75,5.66,230,0,0,20,0
2022-11-09 23:00:00,8203,10.48,9.83,1017,86,5.66,230,0,0,20,0
2022-11-09 23:15:00,8090,10.4125,9.755,1017,86,5.9175,232.5,0,0,20,0
2022-11-09 23:30:00,8019,10.345,9.68,1017,86,6.175,235,0,0,20,0
2022-11-09 23:45:00,7830,10.2775,9.605,1017,86,6.4325,237.5,0,0,20,0
2022-11-10 00:00:00,7644,10.21,9.53,1017,86,6.69,240,0,0,20,0
2022-11-10 00:15:00,7497,10.125,8.945,1017.25,86.5,6.4325,237.5,0,0,20,0
2022-11-10 00:30:00,7530,10.04,8.36,1017.5,87,6.175,235,0,0,20,0
2022-11-10 00:45:00,7314,9.955,7.775,1017.75,87.5,5.9175,232.5,0,0,20,0
2022-11-10 01:00:00,7266,9.87,7.19,1018,88,5.66,230,0,0,20,0
2022-11-10 01:15:00,7239,9.83,7.185,1018.25,88,5.53,227.5,0,0,15,0
2022-11-10 01:30:00,7001,9.79,7.18,1018.5,88,5.4,225,0,0,10,0
2022-11-10 01:45:00,7039,9.75,7.175,1018.75,88,5.27,222.5,0,0,5,0
2022-11-10 02:00:00,7085,9.71,7.17,1019,88,5.14,220,0,0,0,0
2022-11-10 02:15:00,7133,9.6725,7.035,1019,88,5.3975,222.5,0,0,5,0
2022-11-10 02:30:00,7302,9.635,6.9,1019,88,5.655,225,0,0,10,0
2022-11-10 02:45:00,7414,9.5975,6.765,1019,88,5.9125,227.5,0,0,15,0
2022-11-10 03:00:00,7333,9.56,6.63,1019,88,6.17,230,0,0,20,0
2022-11-10 03:15:00,7389,9.51,6.61,1019,88,6.0425,227.5,0,0,20,0
2022-11-10 03:30:00,7418,9.46,6.59,1019,88,5.915,225,0,0,20,0
2022-11-10 03:45:00,7144,9.41,6.57,1019,88,5.7875,222.5,0,0,20,0
2022-11-10 04:00:00,7581,9.36,6.55,1019,88,5.66,220,0,0,20,0
2022-11-10 04:15:00,7580,9.2575,6.52,1019.25,88.5,5.4025,220,0,0,20,0
2022-11-10 04:30:00,7738,9.155,6.49,1019.5,89,5.145,220,0,0,20,0
2022-11-10 04:45:00,7747,9.0525,6.46,1019.75,89.5,4.8875,220,0,0,20,0
2022-11-10 05:00:00,8012,8.95,6.43,1020,90,4.63,220,0,0,20,0
2022-11-10 05:15:00,8161,8.8925,6.305,1020.25,90.25,4.7575,217.5,0,0,15,0
2022-11-10 05:30:00,8151,8.835,6.18,1020.5,90.5,4.885,215,0,0,10,0
2022-11-10 05:45:00,8151,8.7775,6.055,1020.75,90.75,5.0125,212.5,0,0,5,0
2022-11-10 06:00:00,8626,8.72,5.93,1021,91,5.14,210,0,0,0,0
2022-11-10 06:15:00,8566,8.68,5.9325,1021,91,5.0125,210,0,0,0,0
2022-11-10 06:30:00,8868,8.64,5.935,1021,91,4.885,210,0,0,0,0
2022-11-10 06:45:00,9160,8.6,5.9375,1021,91,4.7575,210,0,0,0,0
2022-11-10 07:00:00,9385,8.56,5.94,1021,91,4.63,210,0,0,0,0
2022-11-10 07:15:00,9605,8.4525,5.8075,1021.25,91,4.63,210,0,0,0,0
2022-11-10 07:30:00,9547,8.345,5.675,1021.5,91,4.63,210,0,0,0,0
2022-11-10 07:45:00,9511,8.2375,5.5425,1021.75,91,4.63,210,0,0,0,0
2022-11-10 08:00:00,9557,8.13,5.41,1022,91,4.63,210,0,0,0,0
2022-11-10 08:15:00,9622,8.2925,5.56,1022.25,91,4.7575,212.5,0,0,0,0
2022-11-10 08:30:00,9718,8.455,5.71,1022.5,91,4.885,215,0,0,0,0
2022-11-10 08:45:00,9685,8.6175,5.86,1022.75,91,5.0125,217.5,0,0,0,0
2022-11-10 09:00:00,9754,8.78,6.01,1023,91,5.14,220,0,0,0,0
2022-11-10 09:15:00,9622,9.26,7.0375,1023,90.25,5.27,217.5,0,0,0,0
2022-11-10 09:30:00,9655,9.74,8.065,1023,89.5,5.4,215,0,0,0,0
2022-11-10 09:45:00,9723,10.22,9.0925,1023,88.75,5.53,212.5,0,0,0,0
2022-11-10 10:00:00,9902,10.7,10.12,1023,88,5.66,210,0,0,0,0
2022-11-10 10:15:00,9842,11.13,10.555,1023.25,86.5,5.66,212.5,0,0,0,0
2022-11-10 10:30:00,9809,11.56,10.99,1023.5,85,5.66,215,0,0,0,0
2022-11-10 10:45:00,9761,11.99,11.425,1023.75,83.5,5.66,217.5,0,0,0,0
2022-11-10 11:00:00,9723,12.42,11.86,1024,82,5.66,220,0,0,0,0
2022-11-10 11:15:00,9866,12.7525,12.185,1024.25,80.5,5.7875,220,0,0,0,0
2022-11-10 11:30:00,9950,13.085,12.51,1024.5,79,5.915,220,0,0,0,0
2022-11-10 11:45:00,9865,13.4175,12.835,1024.75,77.5,6.0425,220,0,0,0,0
2022-11-10 12:00:00,9775,13.75,13.16,1025,76,6.17,220,0,0,0,0
2022-11-10 12:15:00,9719,13.875,13.2725,1025,75,6.0425,220,0,0,0,0
2022-11-10 12:30:00,9703,14,13.385,1025,74,5.915,220,0,0,0,0
2022-11-10 12:45:00,9670,14.125,13.4975,1025,73,5.7875,220,0,0,0,0
2022-11-10 13:00:00,9777,14.25,13.61,1025,72,5.66,220,0,0,0,0
2022-11-10 13:15:00,9715,14.3375,13.6925,1025,71.5,6.045,222.5,0,0,5,0
2022-11-10 13:30:00,9648,14.425,13.775,1025,71,6.43,225,0,0,10,0
2022-11-10 13:45:00,9615,14.5125,13.8575,1025,70.5,6.815,227.5,0,0,15,0
2022-11-10 14:00:00,9616,14.6,13.94,1025,70,7.2,230,0,0,20,0
2022-11-10 14:15:00,9555,14.6,13.94,1025.25,70,7.2,230,0,0,20,0
2022-11-10 14:30:00,9554,14.6,13.94,1025.5,70,7.2,230,0,0,20,0
2022-11-10 14:45:00,9457,14.6,13.94,1025.75,70,7.2,230,0,0,20,0
2022-11-10 15:00:00,9517,14.6,13.94,1026,70,7.2,230,0,0,20,0
2022-11-10 15:15:00,9516,14.4275,13.7775,1026,71,6.9425,225,0,0,15,0
2022-11-10 15:30:00,9539,14.255,13.615,1026,72,6.685,220,0,0,10,0
2022-11-10 15:45:00,9604,14.0825,13.4525,1026,73,6.4275,215,0,0,5,0
2022-11-10 16:00:00,9707,13.91,13.29,1026,74,6.17,210,0,0,0,0
2022-11-10 16:15:00,9774,13.525,12.9,1026,75.25,5.5275,207.5,0,0,0,0
2022-11-10 16:30:00,9801,13.14,12.51,1026,76.5,4.885,205,0,0,0,0
2022-11-10 16:45:00,9826,12.755,12.12,1026,77.75,4.2425,202.5,0,0,0,0
2022-11-10 17:00:00,10080,12.37,11.73,1026,79,3.6,200,0,0,0,0
2022-11-10 17:15:00,10242,12.1125,11.4775,1026.25,80.25,3.73,197.5,0,0,0,0
2022-11-10 17:30:00,10441,11.855,11.225,1026.5,81.5,3.86,195,0,0,0,0
2022-11-10 17:45:00,10483,11.5975,10.9725,1026.75,82.75,3.99,192.5,0,0,0,0
2022-11-10 18:00:00,10527,11.34,10.72,1027,84,4.12,190,0,0,0,0
2022-11-10 18:15:00,10446,11.23,10.6125,1027,84.5,4.375,190,0,0,0,0
2022-11-10 18:30:00,10381,11.12,10.505,1027,85,4.63,190,0,0,0,0
2022-11-10 18:45:00,10413,11.01,10.3975,1027,85.5,4.885,190,0,0,0,0
2022-11-10 19:00:00,10187,10.9,10.29,1027,86,5.14,190,0,0,0,0
2022-11-10 19:15:00,10097,10.72,10.105,1027,86.5,5.3975,190,0,0,0,0
2022-11-10 19:30:00,10057,10.54,9.92,1027,87,5.655,190,0,0,0,0
2022-11-10 19:45:00,9785,10.36,9.735,1027,87.5,5.9125,190,0,0,0,0
2022-11-10 20:00:00,9505,10.18,9.55,1027,88,6.17,190,0,0,0,0
2022-11-10 20:15:00,9455,10.135,9.0475,1027,88.25,5.9125,192.5,0,0,0,0
2022-11-10 20:30:00,9362,10.09,8.545,1027,88.5,5.655,195,0,0,0,0
2022-11-10 20:45:00,9342,10.045,8.0425,1027,88.75,5.3975,197.5,0,0,0,0
2022-11-10 21:00:00,9439,10,7.54,1027,89,5.14,200,0,0,0,0
2022-11-10 21:15:00,9202,9.83,7.495,1027.25,89.25,4.755,202.5,0,0,0,0
2022-11-10 21:30:00,9078,9.66,7.45,1027.5,89.5,4.37,205,0,0,0,0
2022-11-10 21:45:00,8890,9.49,7.405,1027.75,89.75,3.985,207.5,0,0,0,0
2022-11-10 22:00:00,8924,9.32,7.36,1028,90,3.6,210,0,0,0,0
2022-11-10 22:15:00,9012,9.295,7.21,1028,90,3.8575,207.5,0,0,0,0
2022-11-10 22:30:00,8931,9.27,7.06,1028,90,4.115,205,0,0,0,0
2022-11-10 22:45:00,8873,9.245,6.91,1028,90,4.3725,202.5,0,0,0,0
2022-11-10 23:00:00,8944,9.22,6.76,1028,90,4.63,200,0,0,0,0
2022-11-10 23:15:00,8761,9.1925,6.7825,1028.25,90,4.5025,202.5,0,0,10,0
2022-11-10 23:30:00,8769,9.165,6.805,1028.5,90,4.375,205,0,0,20,0
2022-11-10 23:45:00,8588,9.1375,6.8275,1028.75,90,4.2475,207.5,0,0,30,0
2022-11-11 00:00:00,8454,9.11,6.85,1029,90,4.12,210,0,0,40,1
2022-11-11 00:15:00,8212,9.1375,6.885,1029,90,4.12,212.5,0,0,48.75,1
2022-11-11 00:30:00,8239,9.165,6.92,1029,90,4.12,215,0,0,57.5,1
2022-11-11 00:45:00,8124,9.1925,6.955,1029,90,4.12,217.5,0,0,66.25,1
2022-11-11 01:00:00,7949,9.22,6.99,1029,90,4.12,220,0,0,75,1
2022-11-11 01:15:00,7844,9.17,6.9275,1029,90,4.12,220,0,0,75,1
2022-11-11 01:30:00,7591,9.12,6.865,1029,90,4.12,220,0,0,75,1
2022-11-11 01:45:00,7663,9.07,6.8025,1029,90,4.12,220,0,0,75,1
2022-11-11 02:00:00,7477,9.02,6.74,1029,90,4.12,220,0,0,75,1
2022-11-11 02:15:00,7533,9.0075,6.6675,1029,90,4.2475,220,0,0,75,1
2022-11-11 02:30:00,7530,8.995,6.595,1029,90,4.375,220,0,0,75,1
2022-11-11 02:45:00,7415,8.9825,6.5225,1029,90,4.5025,220,0,0,75,1
2022-11-11 03:00:00,7401,8.97,6.45,1029,90,4.63,220,0,0,75,1
2022-11-11 03:15:00,7235,8.95,6.6175,1029,90,4.245,217.5,0,0,75,1
2022-11-11 03:30:00,7297,8.93,6.785,1029,90,3.86,215,0,0,75,1
2022-11-11 03:45:00,7416,8.91,6.9525,1029,90,3.475,212.5,0,0,75,1
2022-11-11 04:00:00,7457,8.89,7.12,1029,90,3.09,210,0,0,75,1
2022-11-11 04:15:00,7371,8.8525,7.005,1029,90,3.2175,207.5,0,0,75,1
2022-11-11 04:30:00,7383,8.815,6.89,1029,90,3.345,205,0,0,75,1
2022-11-11 04:45:00,7291,8.7775,6.775,1029,90,3.4725,202.5,0,0,75,1
2022-11-11 05:00:00,7366,8.74,6.66,1029,90,3.6,200,0,0,75,1
2022-11-11 05:15:00,7380,8.58,6.5375,1029,90,3.4725,200,0,0,75,1
2022-11-11 05:30:00,7376,8.42,6.415,1029,90,3.345,200,0,0,75,1
2022-11-11 05:45:00,7409,8.26,6.2925,1029,90,3.2175,200,0,0,75,1
2022-11-11 06:00:00,7568,8.1,6.17,1029,90,3.09,200,0,0,75,1
2022-11-11 06:15:00,7531,7.9325,6.1625,1029,90.25,2.8325,200,0,0,61.25,1
2022-11-11 06:30:00,7558,7.765,6.155,1029,90.5,2.575,200,0,0,47.5,1
2022-11-11 06:45:00,7595,7.5975,6.1475,1029,90.75,2.3175,200,0,0,33.75,1
2022-11-11 07:00:00,7598,7.43,6.14,1029,91,2.06,200,0,0,20,1
2022-11-11 07:15:00,7801,7.41,6.0125,1029.25,91,2.1875,202.5,0,0,20,1
2022-11-11 07:30:00,7857,7.39,5.885,1029.5,91,2.315,205,0,0,20,1
2022-11-11 07:45:00,7916,7.37,5.7575,1029.75,91,2.4425,207.5,0,0,20,1
2022-11-11 08:00:00,7969,7.35,5.63,1030,91,2.57,210,0,0,20,1
2022-11-11 08:15:00,7892,7.455,5.755,1030,91.5,2.57,212.5,0,0,25,1
2022-11-11 08:30:00,8090,7.56,5.88,1030,92,2.57,215,0,0,30,1
2022-11-11 08:45:00,8267,7.665,6.005,1030,92.5,2.57,217.5,0,0,35,1
2022-11-11 09:00:00,8233,7.77,6.13,1030,93,2.57,220,0,0,40,1
2022-11-11 09:15:00,8371,8.09,6.235,1030,91.75,3.085,215,0,0,40,1
2022-11-11 09:30:00,8399,8.41,6.34,1030,90.5,3.6,210,0,0,40,1
2022-11-11 09:45:00,8541,8.73,6.445,1030,89.25,4.115,205,0,0,40,1
2022-11-11 10:00:00,8477,9.05,6.55,1030,88,4.63,200,0,0,40,1
2022-11-11 10:15:00,8542,9.45,7.4025,1030.25,87,4.3725,200,0,0,35,1
2022-11-11 10:30:00,8653,9.85,8.255,1030.5,86,4.115,200,0,0,30,1
2022-11-11 10:45:00,8720,10.25,9.1075,1030.75,85,3.8575,200,0,0,25,1
2022-11-11 11:00:00,8631,10.65,9.96,1031,84,3.6,200,0,0,20,1
2022-11-11 11:15:00,8561,11.0925,10.395,1031,82,3.6,200,0,0,15,1
2022-11-11 11:30:00,8611,11.535,10.83,1031,80,3.6,200,0,0,10,1
2022-11-11 11:45:00,8616,11.9775,11.265,1031,78,3.6,200,0,0,5,1
2022-11-11 12:00:00,8691,12.42,11.7,1031,76,3.6,200,0,0,0,1
2022-11-11 12:15:00,8598,12.5925,11.8825,1030.75,75.75,3.3425,202.5,0,0,0,1
2022-11-11 12:30:00,8559,12.765,12.065,1030.5,75.5,3.085,205,0,0,0,1
2022-11-11 12:45:00,8519,12.9375,12.2475,1030.25,75.25,2.8275,207.5,0,0,0,1
2022-11-11 13:00:00,8462,13.11,12.43,1030,75,2.57,210,0,0,0,1
2022-11-11 13:15:00,8441,13.2675,12.5925,1030,74.5,2.3125,200,0,0,0,1
2022-11-11 13:30:00,8184,13.425,12.755,1030,74,2.055,190,0,0,0,1
2022-11-11 13:45:00,8309,13.5825,12.9175,1030,73.5,1.7975,180,0,0,0,1
2022-11-11 14:00:00,8232,13.74,13.08,1030,73,1.54,170,0,0,0,1
2022-11-11 14:15:00,8360,13.745,13.0725,1030,72.5,1.9275,175,0,0,0,1
2022-11-11 14:30:00,8224,13.75,13.065,1030,72,2.315,180,0,0,0,1
2022-11-11 14:45:00,8176,13.755,13.0575,1030,71.5,2.7025,185,0,0,0,1
2022-11-11 15:00:00,8189,13.76,13.05,1030,71,3.09,190,0,0,0,1
2022-11-11 15:15:00,8155,13.425,12.72,1030,72.5,2.575,185,0,0,0,1
2022-11-11 15:30:00,8118,13.09,12.39,1030,74,2.06,180,0,0,0,1
2022-11-11 15:45:00,8150,12.755,12.06,1030,75.5,1.545,175,0,0,0,1
2022-11-11 16:00:00,8325,12.42,11.73,1030,77,1.03,170,0,0,0,1
2022-11-11 16:15:00,8315,12.0375,11.3275,1030,77.75,1.03,172.5,0,0,0,1
2022-11-11 16:30:00,8398,11.655,10.925,1030,78.5,1.03,175,0,0,0,1
2022-11-11 16:45:00,8647,11.2725,10.5225,1030,79.25,1.03,177.5,0,0,0,1
2022-11-11 17:00:00,8732,10.89,10.12,1030,80,1.03,180,0,0,0,1
2022-11-11 17:15:00,9016,10.405,9.8275,1030,81,1.03,177.5,0,0,0,1
2022-11-11 17:30:00,9236,9.92,9.535,1030,82,1.03,175,0,0,0,1
2022-11-11 17:45:00,9370,9.435,9.2425,1030,83,1.03,172.5,0,0,0,1
2022-11-11 18:00:00,9442,8.95,8.95,1030,84,1.03,170,0,0,0,1
2022-11-11 18:15:00,9445,8.725,8.725,1030,85.5,1.03,175,0,0,0,1
2022-11-11 18:30:00,9436,8.5,8.5,1030,87,1.03,180,0,0,0,1
2022-11-11 18:45:00,9374,8.275,8.275,1030,88.5,1.03,185,0,0,0,1
2022-11-11 19:00:00,9196,8.05,8.05,1030,90,1.03,190,0,0,0,1
2022-11-11 19:15:00,9014,7.9375,7.755,1030,90.25,1.1575,192.5,0,0,0,1
2022-11-11 19:30:00,9005,7.825,7.46,1030,90.5,1.285,195,0,0,0,1
2022-11-11 19:45:00,8944,7.7125,7.165,1030,90.75,1.4125,197.5,0,0,0,1
2022-11-11 20:00:00,8927,7.6,6.87,1030,91,1.54,200,0,0,0,1
2022-11-11 20:15:00,8676,7.54,6.6675,1030,91,1.67,197.5,0,0,0,1
2022-11-11 20:30:00,8648,7.48,6.465,1030,91,1.8,195,0,0,0,1
2022-11-11 20:45:00,8556,7.42,6.2625,1030,91,1.93,192.5,0,0,0,1
2022-11-11 21:00:00,8457,7.36,6.06,1030,91,2.06,190,0,0,0,1
2022-11-11 21:15:00,8596,7.485,6.105,1030.25,90.75,2.1875,190,0,0,0,1
2022-11-11 21:30:00,8355,7.61,6.15,1030.5,90.5,2.315,190,0,0,0,1
2022-11-11 21:45:00,8244,7.735,6.195,1030.75,90.25,2.4425,190,0,0,0,1
2022-11-11 22:00:00,8407,7.86,6.24,1031,90,2.57,190,0,0,0,1
2022-11-11 22:15:00,8510,7.7525,6.3475,1031,90,2.3125,192.5,0,0,0,1
2022-11-11 22:30:00,8504,7.645,6.455,1031,90,2.055,195,0,0,0,1
2022-11-11 22:45:00,8331,7.5375,6.5625,1031,90,1.7975,197.5,0,0,0,1
2022-11-11 23:00:00,8317,7.43,6.67,1031,90,1.54,200,0,0,0,1
2022-11-11 23:15:00,8300,7.4275,6.8575,1031,90.75,1.2825,150,0,0,0,1
2022-11-11 23:30:00,8233,7.425,7.045,1031,91.5,1.025,100,0,0,0,1
2022-11-11 23:45:00,8054,7.4225,7.2325,1031,92.25,0.7675,50,0,0,0,1
2022-11-12 00:00:00,7925,7.42,7.42,1031,93,0.51,0,0,0,0,0
2022-11-12 00:15:00,7860,7.3225,7.3225,1031,93,0.51,0,0,0,0,0
2022-11-12 00:30:00,7773,7.225,7.225,1031,93,0.51,0,0,0,0,0
2022-11-12 00:45:00,7600,7.1275,7.1275,1031,93,0.51,0,0,0,0,0
2022-11-12 01:00:00,7397,7.03,7.03,1031,93,0.51,0,0,0,0,0
2022-11-12 01:15:00,7263,6.8,6.5625,1031,92.75,0.7675,37.5,0,0,0,0
2022-11-12 01:30:00,7334,6.57,6.095,1031,92.5,1.025,75,0,0,0,0
2022-11-12 01:45:00,7274,6.34,5.6275,1031,92.25,1.2825,112.5,0,0,0,0
2022-11-12 02:00:00,7426,6.11,5.16,1031,92,1.54,150,0,0,0,0
2022-11-12 02:15:00,7381,6.1825,4.995,1030.75,92.25,1.7975,157.5,0,0,0,0
2022-11-12 02:30:00,7225,6.255,4.83,1030.5,92.5,2.055,165,0,0,0,0
2022-11-12 02:45:00,7283,6.3275,4.665,1030.25,92.75,2.3125,172.5,0,0,0,0
2022-11-12 03:00:00,7270,6.4,4.5,1030,93,2.57,180,0,0,0,0
2022-11-12 03:15:00,7156,6.425,4.53,1030,92.5,2.57,177.5,0,0,0,0
2022-11-12 03:30:00,7235,6.45,4.56,1030,92,2.57,175,0,0,0,0
2022-11-12 03:45:00,7138,6.475,4.59,1030,91.5,2.57,172.5,0,0,0,0
2022-11-12 04:00:00,7073,6.5,4.62,1030,91,2.57,170,0,0,0,0
2022-11-12 04:15:00,7078,6.085,4.675,1030,91.5,2.185,147.5,0,0,3.5,0
2022-11-12 04:30:00,7183,5.67,4.73,1030,92,1.8,125,0,0,7,0
2022-11-12 04:45:00,7135,5.255,4.785,1030,92.5,1.415,102.5,0,0,10.5,0
2022-11-12 05:00:00,7166,4.84,4.84,1030,93,1.03,80,0,0,14,0
2022-11-12 05:15:00,7301,4.65,4.34,1030,93,1.1575,92.5,0,0,14,0
2022-11-12 05:30:00,7290,4.46,3.84,1030,93,1.285,105,0,0,14,0
2022-11-12 05:45:00,7430,4.27,3.34,1030,93,1.4125,117.5,0,0,14,0
2022-11-12 06:00:00,7492,4.08,2.84,1030,93,1.54,130,0,0,14,0
2022-11-12 06:15:00,7644,4.33,3.4,1030,91.5,1.4125,125,0,0,10.5,0
2022-11-12 06:30:00,7699,4.58,3.96,1030,90,1.285,120,0,0,7,0
2022-11-12 06:45:00,7823,4.83,4.52,1030,88.5,1.1575,115,0,0,3.5,0
2022-11-12 07:00:00,7933,5.08,5.08,1030,87,1.03,110,0,0,0,0
2022-11-12 07:15:00,7999,4.83,4.83,1030,87,0.9,82.5,0,0,0,0
2022-11-12 07:30:00,8208,4.58,4.58,1030,87,0.77,55,0,0,0,0
2022-11-12 07:45:00,8217,4.33,4.33,1030,87,0.64,27.5,0,0,0,0
2022-11-12 08:00:00,8431,4.08,4.08,1030,87,0.51,0,0,0,0,0
2022-11-12 08:15:00,8602,4.33,4.33,1030,88.5,0.64,37.5,0,0,0,0
2022-11-12 08:30:00,8476,4.58,4.58,1030,90,0.77,75,0,0,0,0
2022-11-12 08:45:00,8512,4.83,4.83,1030,91.5,0.9,112.5,0,0,0,0
2022-11-12 09:00:00,8696,5.08,5.08,1030,93,1.03,150,0,0,0,0
2022-11-12 09:15:00,8760,6.09,6.09,1030,91.25,0.9,140,0,0,0,0
2022-11-12 09:30:00,8792,7.1,7.1,1030,89.5,0.77,130,0,0,0,0
2022-11-12 09:45:00,8672,8.11,8.11,1030,87.75,0.64,120,0,0,0,0
2022-11-12 10:00:00,8838,9.12,9.12,1030,86,0.51,110,0,0,0,0
2022-11-12 10:15:00,8841,9.6575,9.5275,1030.25,86.5,0.64,82.5,0,0,0,0
2022-11-12 10:30:00,8935,10.195,9.935,1030.5,87,0.77,55,0,0,0,0
2022-11-12 10:45:00,8992,10.7325,10.3425,1030.75,87.5,0.9,27.5,0,0,0,0
2022-11-12 11:00:00,8968,11.27,10.75,1031,88,1.03,0,0,0,0,0
2022-11-12 11:15:00,8879,11.75,11.225,1031,86,1.2875,45,0,0,0,0
2022-11-12 11:30:00,8890,12.23,11.7,1031,84,1.545,90,0,0,0,0
2022-11-12 11:45:00,9051,12.71,12.175,1031,82,1.8025,135,0,0,0,0
2022-11-12 12:00:00,9007,13.19,12.65,1031,80,2.06,180,0,0,0,0
2022-11-12 12:15:00,8917,13.535,12.99,1030.75,78.5,2.1875,182.5,0,0,0,0
2022-11-12 12:30:00,8941,13.88,13.33,1030.5,77,2.315,185,0,0,0,0
2022-11-12 12:45:00,8712,14.225,13.67,1030.25,75.5,2.4425,187.5,0,0,0,0
2022-11-12 13:00:00,8681,14.57,14.01,1030,74,2.57,190,0,0,0,0
2022-11-12 13:15:00,8709,14.91,14.3775,1029.75,73.75,2.3125,190,0,0,0,0
2022-11-12 13:30:00,8633,15.25,14.745,1029.5,73.5,2.055,190,0,0,0,0
2022-11-12 13:45:00,8609,15.59,15.1125,1029.25,73.25,1.7975,190,0,0,0,0
2022-11-12 14:00:00,8376,15.93,15.48,1029,73,1.54,190,0,0,0,0
2022-11-12 14:15:00,8501,16.05,15.6075,1029,72.75,1.54,175,0,0,0,0
2022-11-12 14:30:00,8374,16.17,15.735,1029,72.5,1.54,160,0,0,0,0
2022-11-12 14:45:00,8426,16.29,15.8625,1029,72.25,1.54,145,0,0,0,0
2022-11-12 15:00:00,8487,16.41,15.99,1029,72,1.54,130,0,0,0,0
2022-11-12 15:15:00,8439,16.1625,15.73,1029,72.5,1.67,132.5,0,0,0,0
2022-11-12 15:30:00,8446,15.915,15.47,1029,73,1.8,135,0,0,0,0
2022-11-12 15:45:00,8676,15.6675,15.21,1029,73.5,1.93,137.5,0,0,0,0
2022-11-12 16:00:00,8627,15.42,14.95,1029,74,2.06,140,0,0,0,0
2022-11-12 16:15:00,8702,15.125,14.6525,1028.75,75,1.8025,125,0,0,0,0
2022-11-12 16:30:00,8852,14.83,14.355,1028.5,76,1.545,110,0,0,0,0
2022-11-12 16:45:00,8942,14.535,14.0575,1028.25,77,1.2875,95,0,0,0,0
2022-11-12 17:00:00,9186,14.24,13.76,1028,78,1.03,80,0,0,0,0
2022-11-12 17:15:00,9458,13.605,13.1,1028,79.5,1.03,87.5,0,0,0,0
2022-11-12 17:30:00,9678,12.97,12.44,1028,81,1.03,95,0,0,0,0
2022-11-12 17:45:00,9747,12.335,11.78,1028,82.5,1.03,102.5,0,0,0,0
2022-11-12 18:00:00,9618,11.7,11.12,1028,84,1.03,110,0,0,0,0
2022-11-12 18:15:00,9718,11.31,10.7175,1028,85,1.03,105,0,0,0,0
2022-11-12 18:30:00,9714,10.92,10.315,1028,86,1.03,100,0,0,0,0
2022-11-12 18:45:00,9681,10.53,9.9125,1028,87,1.03,95,0,0,0,0
2022-11-12 19:00:00,9491,10.14,9.51,1028,88,1.03,90,0,0,0,0
2022-11-12 19:15:00,9472,9.8075,9.335,1028,89,0.7725,67.5,0,0,0,0
2022-11-12 19:30:00,9381,9.475,9.16,1028,90,0.515,45,0,0,0,0
2022-11-12 19:45:00,9213,9.1425,8.985,1028,91,0.2575,22.5,0,0,0,0
2022-11-12 20:00:00,9106,8.81,8.81,1028,92,0,0,0,0,0,0
2022-11-12 20:15:00,9037,8.63,8.465,1027.75,92.25,0.385,27.5,0,0,0,0
2022-11-12 20:30:00,8847,8.45,8.12,1027.5,92.5,0.77,55,0,0,0,0
2022-11-12 20:45:00,8754,8.27,7.775,1027.25,92.75,1.155,82.5,0,0,0,0
2022-11-12 21:00:00,8738,8.09,7.43,1027,93,1.54,110,0,0,0,0
2022-11-12 21:15:00,8644,8.1425,7.3625,1027,93.25,1.67,110,0,0,21.75,0
2022-11-12 21:30:00,8602,8.195,7.295,1027,93.5,1.8,110,0,0,43.5,0
2022-11-12 21:45:00,8402,8.2475,7.2275,1027,93.75,1.93,110,0,0,65.25,0
2022-11-12 22:00:00,8542,8.3,7.16,1027,94,2.06,110,0,0,87,0
2022-11-12 22:15:00,8470,8.04,7.185,1027,93.5,1.6725,82.5,0,0,85,0
2022-11-12 22:30:00,8421,7.78,7.21,1027,93,1.285,55,0,0,83,0
2022-11-12 22:45:00,8474,7.52,7.235,1027,92.5,0.8975,27.5,0,0,81,0
2022-11-12 23:00:00,8485,7.26,7.26,1027,92,0.51,0,0,0,79,0
2022-11-12 23:15:00,8444,7.3225,7.3225,1027,90.5,0.51,0,0,0,76.75,0
2022-11-12 23:30:00,8216,7.385,7.385,1027,89,0.51,0,0,0,74.5,0
2022-11-12 23:45:00,8128,7.4475,7.4475,1027,87.5,0.51,0,0,0,72.25,0
2022-11-13 00:00:00,8049,7.51,7.51,1027,86,0.51,0,0,0,70,0
2022-11-13 00:15:00,7961,7.1525,7.1525,1026.75,87.75,0.64,35,0,0,76.5,0
2022-11-13 00:30:00,7775,6.795,6.795,1026.5,89.5,0.77,70,0,0,83,0
2022-11-13 00:45:00,7676,6.4375,6.4375,1026.25,91.25,0.9,105,0,0,89.5,0
2022-11-13 01:00:00,7577,6.08,6.08,1026,93,1.03,140,0,0,96,0
2022-11-13 01:15:00,7656,5.8375,5.565,1026,93,1.1575,140,0,0,96.25,0
2022-11-13 01:30:00,7528,5.595,5.05,1026,93,1.285,140,0,0,96.5,0
2022-11-13 01:45:00,7384,5.3525,4.535,1026,93,1.4125,140,0,0,96.75,0
2022-11-13 02:00:00,7414,5.11,4.02,1026,93,1.54,140,0,0,97,0
2022-11-13 02:15:00,7412,5.6025,4.785,1025.75,91.5,1.2825,105,0,0,96.25,0
2022-11-13 02:30:00,7401,6.095,5.55,1025.5,90,1.025,70,0,0,95.5,0
2022-11-13 02:45:00,7285,6.5875,6.315,1025.25,88.5,0.7675,35,0,0,94.75,0
2022-11-13 03:00:00,7257,7.08,7.08,1025,87,0.51,0,0,0,94,0
2022-11-13 03:15:00,7183,6.58,6.58,1025,87,0.51,42.5,0,0,94.5,0
2022-11-13 03:30:00,7171,6.08,6.08,1025,87,0.51,85,0,0,95,0
2022-11-13 03:45:00,7119,5.58,5.58,1025,87,0.51,127.5,0,0,95.5,0
2022-11-13 04:00:00,7068,5.08,5.08,1025,87,0.51,170,0,0,96,0
2022-11-13 04:15:00,7044,5.58,5.245,1024.75,85.5,0.8975,182.5,0,0,96.25,0
2022-11-13 04:30:00,7068,6.08,5.41,1024.5,84,1.285,195,0,0,96.5,0
2022-11-13 04:45:00,7228,6.58,5.575,1024.25,82.5,1.6725,207.5,0,0,96.75,0
2022-11-13 05:00:00,7143,7.08,5.74,1024,81,2.06,220,0,0,97,0
2022-11-13 05:15:00,7203,6.33,5.325,1024,84,1.6725,165,0,0,97.25,0
2022-11-13 05:30:00,7266,5.58,4.91,1024,87,1.285,110,0,0,97.5,0
2022-11-13 05:45:00,7318,4.83,4.495,1024,90,0.8975,55,0,0,97.75,0
2022-11-13 06:00:00,7498,4.08,4.08,1024,93,0.51,0,0,0,98,0
2022-11-13 06:15:00,7521,4.08,3.77,1023.75,91.5,0.7675,32.5,0,0,85,0
2022-11-13 06:30:00,7478,4.08,3.46,1023.5,90,1.025,65,0,0,72,0
2022-11-13 06:45:00,7614,4.08,3.15,1023.25,88.5,1.2825,97.5,0,0,59,0
2022-11-13 07:00:00,7587,4.08,2.84,1023,87,1.54,130,0,0,46,0
2022-11-13 07:15:00,7609,4.08,2.5675,1023,87,1.7975,130,0,0,34.5,0
2022-11-13 07:30:00,7803,4.08,2.295,1023,87,2.055,130,0,0,23,0
2022-11-13 07:45:00,7778,4.08,2.0225,1023,87,2.3125,130,0,0,11.5,0
2022-11-13 08:00:00,7917,4.08,1.75,1023,87,2.57,130,0,0,0,0
2022-11-13 08:15:00,7900,4.33,2.1625,1023,88.5,2.4425,130,0,0,0,0
2022-11-13 08:30:00,8032,4.58,2.575,1023,90,2.315,130,0,0,0,0
2022-11-13 08:45:00,8065,4.83,2.9875,1023,91.5,2.1875,130,0,0,0,0
2022-11-13 09:00:00,8234,5.08,3.4,1023,93,2.06,130,0,0,0,0
2022-11-13 09:15:00,8184,5.33,4.07,1023,93,1.8025,137.5,0,0,0,0
2022-11-13 09:30:00,8300,5.58,4.74,1023,93,1.545,145,0,0,0,0
2022-11-13 09:45:00,8232,5.83,5.41,1023,93,1.2875,152.5,0,0,0,0
2022-11-13 10:00:00,8383,6.08,6.08,1023,93,1.03,160,0,0,0,0
2022-11-13 10:15:00,8338,6.9075,6.7875,1023,91.5,1.1575,145,0,0,0,0
2022-11-13 10:30:00,8481,7.735,7.495,1023,90,1.285,130,0,0,0,0
2022-11-13 10:45:00,8494,8.5625,8.2025,1023,88.5,1.4125,115,0,0,0,0
2022-11-13 11:00:00,8522,9.39,8.91,1023,87,1.54,100,0,0,0,0
2022-11-13 11:15:00,8574,10.0525,9.535,1022.75,85.5,1.67,105,0,0,0,0
2022-11-13 11:30:00,8630,10.715,10.16,1022.5,84,1.8,110,0,0,0,0
2022-11-13 11:45:00,8686,11.3775,10.785,1022.25,82.5,1.93,115,0,0,0,0
2022-11-13 12:00:00,8722,12.04,11.41,1022,81,2.06,120,0,0,0,0
2022-11-13 12:15:00,8605,12.425,11.79,1021.75,79.25,1.93,115,0,0,0,0
2022-11-13 12:30:00,8592,12.81,12.17,1021.5,77.5,1.8,110,0,0,0,0
2022-11-13 12:45:00,8550,13.195,12.55,1021.25,75.75,1.67,105,0,0,0,0
2022-11-13 13:00:00,8412,13.58,12.93,1021,74,1.54,100,0,0,0,0
2022-11-13 13:15:00,8404,13.8575,13.2075,1020.75,73,1.54,95,0,0,0,0
2022-11-13 13:30:00,8425,14.135,13.485,1020.5,72,1.54,90,0,0,0,0
2022-11-13 13:45:00,8224,14.4125,13.7625,1020.25,71,1.54,85,0,0,0,0
2022-11-13 14:00:00,8214,14.69,14.04,1020,70,1.54,80,0,0,0,0
2022-11-13 14:15:00,8094,14.82,14.15,1020,68.75,1.54,82.5,0,0,0,0
2022-11-13 14:30:00,8008,14.95,14.26,1020,67.5,1.54,85,0,0,0,0
2022-11-13 14:45:00,7954,15.08,14.37,1020,66.25,1.54,87.5,0,0,0,0
2022-11-13 15:00:00,7898,15.21,14.48,1020,65,1.54,90,0,0,0,0
2022-11-13 15:15:00,7884,14.8775,14.1475,1019.75,66.25,1.4125,85,0,0,0,0
2022-11-13 15:30:00,8030,14.545,13.815,1019.5,67.5,1.285,80,0,0,0,0
2022-11-13 15:45:00,8101,14.2125,13.4825,1019.25,68.75,1.1575,75,0,0,0,0
2022-11-13 16:00:00,8127,13.88,13.15,1019,70,1.03,70,0,0,0,0
2022-11-13 16:15:00,8256,13.41,12.66,1019,71,1.03,67.5,0,0,0,0
2022-11-13 16:30:00,8442,12.94,12.17,1019,72,1.03,65,0,0,0,0
2022-11-13 16:45:00,8757,12.47,11.68,1019,73,1.03,62.5,0,0,0,0
2022-11-13 17:00:00,9012,12,11.19,1019,74,1.03,60,0,0,0,0
2022-11-13 17:15:00,9345,11.68,10.8625,1018.75,75,1.1575,70,0,0,0,0
2022-11-13 17:30:00,9509,11.36,10.535,1018.5,76,1.285,80,0,0,0,0
2022-11-13 17:45:00,9599,11.04,10.2075,1018.25,77,1.4125,90,0,0,0,0
2022-11-13 18:00:00,9719,10.72,9.88,1018,78,1.54,100,0,0,0,0
2022-11-13 18:15:00,9764,10.4425,9.8125,1018,78.75,1.2825,92.5,0,0,0,0
2022-11-13 18:30:00,9611,10.165,9.745,1018,79.5,1.025,85,0,0,0,0
2022-11-13 18:45:00,9607,9.8875,9.6775,1018,80.25,0.7675,77.5,0,0,0,0
2022-11-13 19:00:00,9480,9.61,9.61,1018,81,0.51,70,0,0,0,0
2022-11-13 19:15:00,9445,8.695,8.695,1017.75,83,0.51,82.5,0,0,1,0
2022-11-13 19:30:00,9281,7.78,7.78,1017.5,85,0.51,95,0,0,2,0
2022-11-13 19:45:00,9317,6.865,6.865,1017.25,87,0.51,107.5,0,0,3,0
2022-11-13 20:00:00,9148,5.95,5.95,1017,89,0.51,120,0,0,4,0
2022-11-13 20:15:00,9098,6.2325,6.03,1017,88.5,0.7675,115,0,0,4,0
2022-11-13 20:30:00,8870,6.515,6.11,1017,88,1.025,110,0,0,4,0
2022-11-13 20:45:00,8856,6.7975,6.19,1017,87.5,1.2825,105,0,0,4,0
2022-11-13 21:00:00,8766,7.08,6.27,1017,87,1.54,100,0,0,4,0
2022-11-13 21:15:00,8765,7.08,6.03,1016.75,87,1.7975,102.5,0,0,3,0
2022-11-13 21:30:00,8613,7.08,5.79,1016.5,87,2.055,105,0,0,2,0
2022-11-13 21:45:00,8530,7.08,5.55,1016.25,87,2.3125,107.5,0,0,1,0
2022-11-13 22:00:00,8479,7.08,5.31,1016,87,2.57,110,0,0,0,0
2022-11-13 22:15:00,8507,6.83,5.265,1016,85.5,2.3125,115,0,0,0,0
2022-11-13 22:30:00,8604,6.58,5.22,1016,84,2.055,120,0,0,0,0
2022-11-13 22:45:00,8350,6.33,5.175,1016,82.5,1.7975,125,0,0,0,0
2022-11-13 23:00:00,8493,6.08,5.13,1016,81,1.54,130,0,0,0,0
2022-11-13 23:15:00,8314,5.83,5.1175,1015.75,81,1.2825,155,0,0,0,0
2022-11-13 23:30:00,8228,5.58,5.105,1015.5,81,1.025,180,0,0,0,0
2022-11-13 23:45:00,8036,5.33,5.0925,1015.25,81,0.7675,205,0,0,0,0
2022-11-14 00:00:00,7928,5.08,5.08,1015,81,0.51,230,0,0,0,0
2022-11-14 00:15:00,7725,5.33,5.33,1015,82.5,0.64,210,0,0,0,0
2022-11-14 00:30:00,7774,5.58,5.58,1015,84,0.77,190,0,0,0,0
2022-11-14 00:45:00,7776,5.83,5.83,1015,85.5,0.9,170,0,0,0,0
2022-11-14 01:00:00,7709,6.08,6.08,1015,87,1.03,150,0,0,0,0
2022-11-14 01:15:00,7752,6.08,5.7025,1014.75,85.5,1.2875,157.5,0,0,0,0
2022-11-14 01:30:00,7561,6.08,5.325,1014.5,84,1.545,165,0,0,0,0
2022-11-14 01:45:00,7450,6.08,4.9475,1014.25,82.5,1.8025,172.5,0,0,0,0
2022-11-14 02:00:00,7498,6.08,4.57,1014,81,2.06,180,0,0,0,0
2022-11-14 02:15:00,7445,5.83,4.6975,1014,81,1.8025,177.5,0,0,0,0
2022-11-14 02:30:00,7367,5.58,4.825,1014,81,1.545,175,0,0,0,0
2022-11-14 02:45:00,7316,5.33,4.9525,1014,81,1.2875,172.5,0,0,0,0
2022-11-14 03:00:00,7261,5.08,5.08,1014,81,1.03,170,0,0,0,0
2022-11-14 03:15:00,7376,5.08,5.08,1013.75,81,1.03,172.5,0,0,0,0
2022-11-14 03:30:00,7459,5.08,5.08,1013.5,81,1.03,175,0,0,0,0
2022-11-14 03:45:00,7412,5.08,5.08,1013.25,81,1.03,177.5,0,0,0,0
2022-11-14 04:00:00,7373,5.08,5.08,1013,81,1.03,180,0,0,0,0
2022-11-14 04:15:00,7489,4.58,4.235,1013,82.5,1.1575,170,0,0,0,0
2022-11-14 04:30:00,7571,4.08,3.39,1013,84,1.285,160,0,0,0,0
2022-11-14 04:45:00,7624,3.58,2.545,1013,85.5,1.4125,150,0,0,0,0
2022-11-14 05:00:00,7829,3.08,1.7,1013,87,1.54,140,0,0,0,0
2022-11-14 05:15:00,8082,3.33,1.6075,1012.75,85.5,1.9275,152.5,0,0,0,0
2022-11-14 05:30:00,8039,3.58,1.515,1012.5,84,2.315,165,0,0,0,0
2022-11-14 05:45:00,8370,3.83,1.4225,1012.25,82.5,2.7025,177.5,0,0,0,0
2022-11-14 06:00:00,8677,4.08,1.33,1012,81,3.09,190,0,0,0,0
2022-11-14 06:15:00,9054,3.83,1.7675,1012,81,2.445,142.5,0,0,0,0
2022-11-14 06:30:00,9298,3.58,2.205,1012,81,1.8,95,0,0,0,0
2022-11-14 06:45:00,9528,3.33,2.6425,1012,81,1.155,47.5,0,0,0,0
2022-11-14 07:00:00,9868,3.08,3.08,1012,81,0.51,0,0,0,0,0
2022-11-14 07:15:00,10077,2.83,2.285,1012,82.5,0.8975,40,0,0,0,0
2022-11-14 07:30:00,10350,2.58,1.49,1012,84,1.285,80,0,0,0,0
2022-11-14 07:45:00,10365,2.33,0.695,1012,85.5,1.6725,120,0,0,0,0
2022-11-14 08:00:00,10349,2.08,-0.1,1012,87,2.06,160,0,0,0,0
2022-11-14 08:15:00,10289,2.58,0.3625,1012,87,2.1875,162.5,0,0,0,0
2022-11-14 08:30:00,10462,3.08,0.825,1012,87,2.315,165,0,0,0,0
2022-11-14 08:45:00,10505,3.58,1.2875,1012,87,2.4425,167.5,0,0,0,0
2022-11-14 09:00:00,10608,4.08,1.75,1012,87,2.57,170,0,0,0,0
2022-11-14 09:15:00,10569,4.83,3.0825,1012,84.25,2.185,127.5,0,0,0,0
2022-11-14 09:30:00,10704,5.58,4.415,1012,81.5,1.8,85,0,0,0,0
2022-11-14 09:45:00,10785,6.33,5.7475,1012,78.75,1.415,42.5,0,0,0,0
2022-11-14 10:00:00,10620,7.08,7.08,1012,76,1.03,0,0,0,0,0
2022-11-14 10:15:00,10572,7.15,6.5525,1011.75,78.75,1.6725,47.5,0,0,0,0
2022-11-14 10:30:00,10669,7.22,6.025,1011.5,81.5,2.315,95,0,0,0,0
2022-11-14 10:45:00,10796,7.29,5.4975,1011.25,84.25,2.9575,142.5,0,0,0,0
2022-11-14 11:00:00,10892,7.36,4.97,1011,87,3.6,190,0,0,0,0
2022-11-14 11:15:00,10903,7.7575,5.61,1011,85.25,3.3425,185,0,0,0,0
2022-11-14 11:30:00,10942,8.155,6.25,1011,83.5,3.085,180,0,0,0,0
2022-11-14 11:45:00,10963,8.5525,6.89,1011,81.75,2.8275,175,0,0,0,0
2022-11-14 12:00:00,10886,8.95,7.53,1011,80,2.57,170,0,0,0,0
2022-11-14 12:15:00,10871,8.74,7.0525,1011,79.25,2.9575,167.5,0,0,0,0
2022-11-14 12:30:00,10853,8.53,6.575,1011,78.5,3.345,165,0,0,0,0
2022-11-14 12:45:00,11048,8.32,6.0975,1011,77.75,3.7325,162.5,0,0,0,0
2022-11-14 13:00:00,10849,8.11,5.62,1011,77,4.12,160,0,0,0,0
2022-11-14 13:15:00,10920,7.37,4.87,1011,79.25,3.8625,165,0,0,10,0
2022-11-14 13:30:00,10804,6.63,4.12,1011,81.5,3.605,170,0,0,20,0
2022-11-14 13:45:00,10803,5.89,3.37,1011,83.75,3.3475,175,0,0,30,0
2022-11-14 14:00:00,10670,5.15,2.62,1011,86,3.09,180,0,0,40,0
2022-11-14 14:15:00,10583,5.1325,2.515,1010.75,86.25,3.2175,180,0,0,48.75,0
2022-11-14 14:30:00,10507,5.115,2.41,1010.5,86.5,3.345,180,0,0,57.5,0
2022-11-14 14:45:00,10591,5.0975,2.305,1010.25,86.75,3.4725,180,0,0,66.25,0
2022-11-14 15:00:00,10580,5.08,2.2,1010,87,3.6,180,0,0,75,0
2022-11-14 15:15:00,10575,5.33,2.505,1010,87,3.6,180,0,0,81.25,0
2022-11-14 15:30:00,10482,5.58,2.81,1010,87,3.6,180,0,0,87.5,0
2022-11-14 15:45:00,10596,5.83,3.115,1010,87,3.6,180,0,0,93.75,0
2022-11-14 16:00:00,10571,6.08,3.42,1010,87,3.6,180,0,0,100,0
2022-11-14 16:15:00,10723,6.1275,3.4025,1009.75,87.5,3.73,182.5,0,0,93.75,0
2022-11-14 16:30:00,10572,6.175,3.385,1009.5,88,3.86,185,0,0,87.5,0
2022-11-14 16:45:00,10843,6.2225,3.3675,1009.25,88.5,3.99,187.5,0,0,81.25,0
2022-11-14 17:00:00,10971,6.27,3.35,1009,89,4.12,190,0,0,75,0
2022-11-14 17:15:00,11180,6.2725,3.5075,1009,89.25,3.8625,185,0,0,75,0
2022-11-14 17:30:00,11360,6.275,3.665,1009,89.5,3.605,180,0,0,75,0
2022-11-14 17:45:00,11413,6.2775,3.8225,1009,89.75,3.3475,175,0,0,75,0
2022-11-14 18:00:00,11502,6.28,3.98,1009,90,3.09,170,0,0,75,0
2022-11-14 18:15:00,11434,6.4075,4.2275,1009,89.5,2.96,175,0,0,75,0
2022-11-14 18:30:00,11259,6.535,4.475,1009,89,2.83,180,0,0,75,0
2022-11-14 18:45:00,11202,6.6625,4.7225,1009,88.5,2.7,185,0,0,75,0
2022-11-14 19:00:00,11046,6.79,4.97,1009,88,2.57,190,0,0,75,0
2022-11-14 19:15:00,10867,6.8125,4.9025,1009,88.5,2.7,192.5,0,0,75,0
2022-11-14 19:30:00,10728,6.835,4.835,1009,89,2.83,195,0,0,75,0
2022-11-14 19:45:00,10611,6.8575,4.7675,1009,89.5,2.96,197.5,0,0,75,0
2022-11-14 20:00:00,10347,6.88,4.7,1009,90,3.09,200,0,0,75,0
2022-11-14 20:15:00,10296,7.1175,5.1775,1009,90.25,2.8325,195,0,0,75,0
2022-11-14 20:30:00,9986,7.355,5.655,1009,90.5,2.575,190,0,0,75,0
2022-11-14 20:45:00,9820,7.5925,6.1325,1009,90.75,2.3175,185,0,0,75,0
2022-11-14 21:00:00,9869,7.83,6.61,1009,91,2.06,180,0,0,75,0
2022-11-14 21:15:00,9614,8.0825,6.8075,1008.75,91.5,2.1875,180,0,0,81.25,0
2022-11-14 21:30:00,9472,8.335,7.005,1008.5,92,2.315,180,0,0,87.5,0
2022-11-14 21:45:00,9417,8.5875,7.2025,1008.25,92.5,2.4425,180,0,0,93.75,0
2022-11-14 22:00:00,9339,8.84,7.4,1008,93,2.57,180,0,0,100,0
2022-11-14 22:15:00,9371,8.9325,7.51,1008,93,2.57,182.5,0,0,93.75,0
2022-11-14 22:30:00,9386,9.025,7.62,1008,93,2.57,185,0,0,87.5,0
2022-11-14 22:45:00,9255,9.1175,7.73,1008,93,2.57,187.5,0,0,81.25,0
2022-11-14 23:00:00,9117,9.21,7.84,1008,93,2.57,190,0,0,75,0
2022-11-14 23:15:00,8901,9.45,8.2975,1008,93,2.7,187.5,0,0,75,0
2022-11-14 23:30:00,8698,9.69,8.755,1008,93,2.83,185,0,0,75,0
2022-11-14 23:45:00,8486,9.93,9.2125,1008,93,2.96,182.5,0,0,75,0
2022-11-15 00:00:00,8409,10.17,9.67,1008,93,3.09,180,0,0,75,0
2022-11-15 00:15:00,8147,10.39,9.9125,1008,93,3.3475,185,0,0,75,0
2022-11-15 00:30:00,8091,10.61,10.155,1008,93,3.605,190,0,0,75,0
2022-11-15 00:45:00,7980,10.83,10.3975,1008,93,3.8625,195,0,0,75,0
2022-11-15 01:00:00,7854,11.05,10.64,1008,93,4.12,200,0,0,75,0
2022-11-15 01:15:00,7842,11.1825,10.78,1008,92.75,4.12,202.5,0,0,75,0
2022-11-15 01:30:00,7781,11.315,10.92,1008,92.5,4.12,205,0,0,75,0
2022-11-15 01:45:00,7862,11.4475,11.06,1008,92.25,4.12,207.5,0,0,75,0
2022-11-15 02:00:00,7847,11.58,11.2,1008,92,4.12,210,0,0,75,0
2022-11-15 02:15:00,7771,11.5475,11.17,1008,92.25,4.12,210,0,0,75,0
2022-11-15 02:30:00,7746,11.515,11.14,1008,92.5,4.12,210,0,0,75,0
2022-11-15 02:45:00,7671,11.4825,11.11,1008,92.75,4.12,210,0,0,75,0
2022-11-15 03:00:00,7556,11.45,11.08,1008,93,4.12,210,0,0,75,0
2022-11-15 03:15:00,7481,11.3475,10.955,1007.75,92.5,3.8625,212.5,0,0,75,0
2022-11-15 03:30:00,7410,11.245,10.83,1007.5,92,3.605,215,0,0,75,0
2022-11-15 03:45:00,7293,11.1425,10.705,1007.25,91.5,3.3475,217.5,0,0,75,0
2022-11-15 04:00:00,7514,11.04,10.58,1007,91,3.09,220,0,0,75,0
2022-11-15 04:15:00,7641,11.0625,10.6025,1007,91,3.09,220,0,0,75,0
2022-11-15 04:30:00,7635,11.085,10.625,1007,91,3.09,220,0,0,75,0
2022-11-15 04:45:00,7868,11.1075,10.6475,1007,91,3.09,220,0,0,75,0
2022-11-15 05:00:00,8110,11.13,10.67,1007,91,3.09,220,0,0,75,0
2022-11-15 05:15:00,8053,10.995,10.51,1007,90.5,3.09,215,0,0,61.25,0
2022-11-15 05:30:00,8030,10.86,10.35,1007,90,3.09,210,0,0,47.5,0
2022-11-15 05:45:00,8215,10.725,10.19,1007,89.5,3.09,205,0,0,33.75,0
2022-11-15 06:00:00,8504,10.59,10.03,1007,89,3.09,200,0,0,20,0
2022-11-15 06:15:00,8759,10.4,9.76,1007,89,2.8325,200,0,0,15,0
2022-11-15 06:30:00,8980,10.21,9.49,1007,89,2.575,200,0,0,10,0
2022-11-15 06:45:00,9286,10.02,9.22,1007,89,2.3175,200,0,0,5,0
2022-11-15 07:00:00,9527,9.83,8.95,1007,89,2.06,200,0,0,0,0
2022-11-15 07:15:00,9695,9.6425,8.48,1007,89.25,2.445,192.5,0,0,5,0
2022-11-15 07:30:00,9953,9.455,8.01,1007,89.5,2.83,185,0,0,10,0
2022-11-15 07:45:00,9847,9.2675,7.54,1007,89.75,3.215,177.5,0,0,15,0
2022-11-15 08:00:00,9899,9.08,7.07,1007,90,3.6,170,0,0,20,0
2022-11-15 08:15:00,9946,9.07,6.9375,1007,90.25,3.8575,172.5,0,0,15,0
2022-11-15 08:30:00,10030,9.06,6.805,1007,90.5,4.115,175,0,0,10,0
2022-11-15 08:45:00,10123,9.05,6.6725,1007,90.75,4.3725,177.5,0,0,5,0
2022-11-15 09:00:00,10183,9.04,6.54,1007,91,4.63,180,0,0,0,0
2022-11-15 09:15:00,10118,9.2625,6.68,1006.75,89.75,5.015,177.5,0,0,5,0
2022-11-15 09:30:00,10182,9.485,6.82,1006.5,88.5,5.4,175,0,0,10,0
2022-11-15 09:45:00,10194,9.7075,6.96,1006.25,87.25,5.785,172.5,0,0,15,0
2022-11-15 10:00:00,10006,9.93,7.1,1006,86,6.17,170,0,0,20,0
2022-11-15 10:15:00,10058,10.315,8.01,1006,84.25,6.0425,170,0,0,15,0
2022-11-15 10:30:00,10116,10.7,8.92,1006,82.5,5.915,170,0,0,10,0
2022-11-15 10:45:00,10205,11.085,9.83,1006,80.75,5.7875,170,0,0,5,0
2022-11-15 11:00:00,10266,11.47,10.74,1006,79,5.66,170,0,0,0,0
2022-11-15 11:15:00,10286,11.5125,10.7725,1005.75,78.5,5.9175,170,0,0,0,0
2022-11-15 11:30:00,10316,11.555,10.805,1005.5,78,6.175,170,0,0,0,0
2022-11-15 11:45:00,10387,11.5975,10.8375,1005.25,77.5,6.4325,170,0,0,0,0
2022-11-15 12:00:00,10233,11.64,10.87,1005,77,6.69,170,0,0,0,0
2022-11-15 12:15:00,10239,11.82,11.055,1004.75,76.5,6.3025,170,0,0,0,0
2022-11-15 12:30:00,10190,12,11.24,1004.5,76,5.915,170,0,0,0,0
2022-11-15 12:45:00,10104,12.18,11.425,1004.25,75.5,5.5275,170,0,0,0,0
2022-11-15 13:00:00,10165,12.36,11.61,1004,75,5.14,170,0,0,0,0
2022-11-15 13:15:00,10177,12.415,11.6825,1003.75,75.5,5.14,170,0,0,0,0
2022-11-15 13:30:00,10100,12.47,11.755,1003.5,76,5.14,170,0,0,0,0
2022-11-15 13:45:00,10074,12.525,11.8275,1003.25,76.5,5.14,170,0,0,0,0
2022-11-15 14:00:00,10074,12.58,11.9,1003,77,5.14,170,0,0,0,0
2022-11-15 14:15:00,10110,12.655,11.9825,1002.75,77,5.14,165,0,0,5,0
2022-11-15 14:30:00,10075,12.73,12.065,1002.5,77,5.14,160,0,0,10,0
2022-11-15 14:45:00,9986,12.805,12.1475,1002.25,77,5.14,155,0,0,15,0
2022-11-15 15:00:00,10033,12.88,12.23,1002,77,5.14,150,0,0,20,0
2022-11-15 15:15:00,10075,12.7825,12.1425,1001.75,77.75,5.0125,152.5,0,0,25,0
2022-11-15 15:30:00,9992,12.685,12.055,1001.5,78.5,4.885,155,0,0,30,0
2022-11-15 15:45:00,10054,12.5875,11.9675,1001.25,79.25,4.7575,157.5,0,0,35,0
2022-11-15 16:00:00,10102,12.49,11.88,1001,80,4.63,160,0,0,40,0
2022-11-15 16:15:00,10130,12.3375,11.76,1000.75,81.75,4.7575,162.5,0.045,0,40,0
2022-11-15 16:30:00,10095,12.185,11.64,1000.5,83.5,4.885,165,0.09,0,40,0
2022-11-15 16:45:00,10295,12.0325,11.52,1000.25,85.25,5.0125,167.5,0.135,0,40,0
2022-11-15 17:00:00,10519,11.88,11.4,1000,87,5.14,170,0.18,0,40,0
2022-11-15 17:15:00,10604,11.87,11.4,1000,87.5,4.885,167.5,0.135,0,40,0
2022-11-15 17:30:00,10680,11.86,11.4,1000,88,4.63,165,0.09,0,40,0
2022-11-15 17:45:00,10832,11.85,11.4,1000,88.5,4.375,162.5,0.045,0,40,0
2022-11-15 18:00:00,10836,11.84,11.4,1000,89,4.12,160,0,0,40,0
2022-11-15 18:15:00,10749,11.84,11.415,1000,89.5,4.2475,162.5,0,0,48.75,0
2022-11-15 18:30:00,10622,11.84,11.43,1000,90,4.375,165,0,0,57.5,0
2022-11-15 18:45:00,10555,11.84,11.445,1000,90.5,4.5025,167.5,0,0,66.25,0
2022-11-15 19:00:00,10511,11.84,11.46,1000,91,4.63,170,0,0,75,0
2022-11-15 19:15:00,10435,11.8375,11.455,999.75,91,4.7575,170,0,0,75,0
2022-11-15 19:30:00,10286,11.835,11.45,999.5,91,4.885,170,0,0,75,0
2022-11-15 19:45:00,10182,11.8325,11.445,999.25,91,5.0125,170,0,0,75,0
2022-11-15 20:00:00,10017,11.83,11.44,999,91,5.14,170,0,0,75,0
2022-11-15 20:15:00,9720,11.855,11.475,999,91.25,4.885,167.5,0,0,75,0
2022-11-15 20:30:00,9521,11.88,11.51,999,91.5,4.63,165,0,0,75,0
2022-11-15 20:45:00,9536,11.905,11.545,999,91.75,4.375,162.5,0,0,75,0
2022-11-15 21:00:00,9459,11.93,11.58,999,92,4.12,160,0,0,75,0
2022-11-15 21:15:00,9162,11.93,11.58,998.75,92,3.99,160,0,0,75,0
2022-11-15 21:30:00,9061,11.93,11.58,998.5,92,3.86,160,0,0,75,0
2022-11-15 21:45:00,8943,11.93,11.58,998.25,92,3.73,160,0,0,75,0
2022-11-15 22:00:00,9028,11.93,11.58,998,92,3.6,160,0,0,75,0
2022-11-15 22:15:00,9158,11.93,11.58,998,92,3.8575,162.5,0.08,0,75,0
2022-11-15 22:30:00,9110,11.93,11.58,998,92,4.115,165,0.16,0,75,0
2022-11-15 22:45:00,8900,11.93,11.58,998,92,4.3725,167.5,0.24,0,75,0
2022-11-15 23:00:00,8898,11.93,11.58,998,92,4.63,170,0.32,0,75,0
2022-11-15 23:15:00,8775,11.93,11.58,998,92,4.3725,170,0.32,0,75,0
2022-11-15 23:30:00,8807,11.93,11.58,998,92,4.115,170,0.32,0,75,0
2022-11-15 23:45:00,8492,11.93,11.58,998,92,3.8575,170,0.32,0,75,0
2022-11-16 00:00:00,8407,11.93,11.58,998,92,3.6,170,0.32,0,75,0
2022-11-16 00:15:00,8362,11.955,11.6075,998,92,3.73,170,0.2925,0,75,0
2022-11-16 00:30:00,8057,11.98,11.635,998,92,3.86,170,0.265,0,75,0
2022-11-16 00:45:00,7973,12.005,11.6625,998,92,3.99,170,0.2375,0,75,0
2022-11-16 01:00:00,8014,12.03,11.69,998,92,4.12,170,0.21,0,75,0
2022-11-16 01:15:00,7784,11.965,11.625,998,92.25,3.99,180,0.2025,0,75,0
2022-11-16 01:30:00,7711,11.9,11.56,998,92.5,3.86,190,0.195,0,75,0
2022-11-16 01:45:00,7580,11.835,11.495,998,92.75,3.73,200,0.1875,0,75,0
2022-11-16 02:00:00,7482,11.77,11.43,998,93,3.6,210,0.18,0,75,0
2022-11-16 02:15:00,7365,11.56,11.1925,998,92.75,3.3425,212.5,0.135,0,75,0
2022-11-16 02:30:00,7451,11.35,10.955,998,92.5,3.085,215,0.09,0,75,0
2022-11-16 02:45:00,7372,11.14,10.7175,998,92.25,2.8275,217.5,0.045,0,75,0
2022-11-16 03:00:00,7309,10.93,10.48,998,92,2.57,220,0,0,75,0
2022-11-16 03:15:00,7498,10.7775,10.3125,998,92,2.8275,220,0,0,75,0
2022-11-16 03:30:00,7487,10.625,10.145,998,92,3.085,220,0,0,75,0
2022-11-16 03:45:00,7389,10.4725,9.9775,998,92,3.3425,220,0,0,75,0
2022-11-16 04:00:00,7407,10.32,9.81,998,92,3.6,220,0,0,75,0
2022-11-16 04:15:00,7425,10.205,9.43,998.25,92,3.4725,215,0,0,66.25,0
2022-11-16 04:30:00,7445,10.09,9.05,998.5,92,3.345,210,0,0,57.5,0
2022-11-16 04:45:00,7530,9.975,8.67,998.75,92,3.2175,205,0,0,48.75,0
2022-11-16 05:00:00,7697,9.86,8.29,999,92,3.09,200,0,0,40,0
2022-11-16 05:15:00,7919,9.655,8.1275,999,92,2.96,197.5,0,0,30,0
2022-11-16 05:30:00,7920,9.45,7.965,999,92,2.83,195,0,0,20,0
2022-11-16 05:45:00,8040,9.245,7.8025,999,92,2.7,192.5,0,0,10,0
2022-11-16 06:00:00,8515,9.04,7.64,999,92,2.57,190,0,0,0,0
2022-11-16 06:15:00,8840,8.8475,7.325,999,92,2.7,190,0,0,5,0
2022-11-16 06:30:00,9002,8.655,7.01,999,92,2.83,190,0,0,10,0
2022-11-16 06:45:00,9304,8.4625,6.695,999,92,2.96,190,0,0,15,0
2022-11-16 07:00:00,9643,8.27,6.38,999,92,3.09,190,0,0,20,0
2022-11-16 07:15:00,9866,8.22,6.1775,999,92,3.3475,190,0,0,15,0
2022-11-16 07:30:00,10013,8.17,5.975,999,92,3.605,190,0,0,10,0
2022-11-16 07:45:00,10074,8.12,5.7725,999,92,3.8625,190,0,0,5,0
2022-11-16 08:00:00,9987,8.07,5.57,999,92,4.12,190,0,0,0,0
2022-11-16 08:15:00,10128,8.1325,5.6475,999,92,4.12,190,0,0,0,0
2022-11-16 08:30:00,10185,8.195,5.725,999,92,4.12,190,0,0,0,0
2022-11-16 08:45:00,10216,8.2575,5.8025,999,92,4.12,190,0,0,0,0
2022-11-16 09:00:00,10193,8.32,5.88,999,92,4.12,190,0,0,0,0
2022-11-16 09:15:00,10223,8.5925,6.11,999,91.5,4.375,187.5,0,0,0,0
2022-11-16 09:30:00,10257,8.865,6.34,999,91,4.63,185,0,0,0,0
2022-11-16 09:45:00,10470,9.1375,6.57,999,90.5,4.885,182.5,0,0,0,0
2022-11-16 10:00:00,10418,9.41,6.8,999,90,5.14,180,0,0,0,0
2022-11-16 10:15:00,10504,9.6375,7.5125,999,89,5.14,182.5,0,0,18.75,0
2022-11-16 10:30:00,10414,9.865,8.225,999,88,5.14,185,0,0,37.5,0
2022-11-16 10:45:00,10426,10.0925,8.9375,999,87,5.14,187.5,0,0,56.25,0
2022-11-16 11:00:00,10410,10.32,9.65,999,86,5.14,190,0,0,75,0
2022-11-16 11:15:00,10292,10.5775,9.9075,999,85,5.3975,190,0,0,61.25,0
2022-11-16 11:30:00,10430,10.835,10.165,999,84,5.655,190,0,0,47.5,0
2022-11-16 11:45:00,10539,11.0925,10.4225,999,83,5.9125,190,0,0,33.75,0
2022-11-16 12:00:00,10396,11.35,10.68,999,82,6.17,190,0,0,20,0
2022-11-16 12:15:00,10449,11.5175,10.8375,999,81,6.17,190,0,0,20,0
2022-11-16 12:30:00,10395,11.685,10.995,999,80,6.17,190,0,0,20,0
2022-11-16 12:45:00,10314,11.8525,11.1525,999,79,6.17,190,0,0,20,0
2022-11-16 13:00:00,10222,12.02,11.31,999,78,6.17,190,0,0,20,0
2022-11-16 13:15:00,10111,12.015,11.325,998.75,78.75,5.9125,187.5,0,0,33.75,0
2022-11-16 13:30:00,10190,12.01,11.34,998.5,79.5,5.655,185,0,0,47.5,0
2022-11-16 13:45:00,10035,12.005,11.355,998.25,80.25,5.3975,182.5,0,0,61.25,0
2022-11-16 14:00:00,10078,12,11.37,998,81,5.14,180,0,0,75,0
2022-11-16 14:15:00,10030,11.925,11.3075,998,81.75,5.0125,177.5,0,0,66.25,0
2022-11-16 14:30:00,10113,11.85,11.245,998,82.5,4.885,175,0,0,57.5,0
2022-11-16 14:45:00,10056,11.775,11.1825,998,83.25,4.7575,172.5,0,0,48.75,0
2022-11-16 15:00:00,10112,11.7,11.12,998,84,4.63,170,0,0,40,0
2022-11-16 15:15:00,10241,11.5875,11.0025,997.75,84.25,4.3725,167.5,0,0,40,0
2022-11-16 15:30:00,10151,11.475,10.885,997.5,84.5,4.115,165,0,0,40,0
2022-11-16 15:45:00,10179,11.3625,10.7675,997.25,84.75,3.8575,162.5,0,0,40,0
2022-11-16 16:00:00,10206,11.25,10.65,997,85,3.6,160,0,0,40,0
2022-11-16 16:15:00,10142,11.0975,10.495,996.75,85.5,3.985,157.5,0,0,35,0
2022-11-16 16:30:00,10035,10.945,10.34,996.5,86,4.37,155,0,0,30,0
2022-11-16 16:45:00,10225,10.7925,10.185,996.25,86.5,4.755,152.5,0,0,25,0
2022-11-16 17:00:00,10579,10.64,10.03,996,87,5.14,150,0,0,20,0
2022-11-16 17:15:00,10876,10.4925,9.88,995.75,87.5,4.885,147.5,0,0,20,0
2022-11-16 17:30:00,10909,10.345,9.73,995.5,88,4.63,145,0,0,20,0
2022-11-16 17:45:00,11015,10.1975,9.58,995.25,88.5,4.375,142.5,0,0,20,0
2022-11-16 18:00:00,10999,10.05,9.43,995,89,4.12,140,0,0,20,0
2022-11-16 18:15:00,10900,10.0225,8.9875,995,89.25,4.2475,140,0,0,20,0
2022-11-16 18:30:00,10689,9.995,8.545,995,89.5,4.375,140,0,0,20,0
2022-11-16 18:45:00,10661,9.9675,8.1025,995,89.75,4.5025,140,0,0,20,0
2022-11-16 19:00:00,10503,9.94,7.66,995,90,4.63,140,0,0,20,0
2022-11-16 19:15:00,10396,10.0075,8.155,994.75,90,4.63,140,0,0,15,0
2022-11-16 19:30:00,10192,10.075,8.65,994.5,90,4.63,140,0,0,10,0
2022-11-16 19:45:00,10186,10.1425,9.145,994.25,90,4.63,140,0,0,5,0
2022-11-16 20:00:00,9983,10.21,9.64,994,90,4.63,140,0,0,0,0
2022-11-16 20:15:00,9895,10.2025,9.6375,993.75,90.25,5.015,142.5,0.09,0,18.75,0
2022-11-16 20:30:00,9768,10.195,9.635,993.5,90.5,5.4,145,0.18,0,37.5,0
2022-11-16 20:45:00,9675,10.1875,9.6325,993.25,90.75,5.785,147.5,0.27,0,56.25,0
2022-11-16 21:00:00,9411,10.18,9.63,993,91,6.17,150,0.36,0,75,0
2022-11-16 21:15:00,9354,10.1775,9.6325,992.5,91.25,6.0425,145,0.6025,0,75,0
2022-11-16 21:30:00,9191,10.175,9.635,992,91.5,5.915,140,0.845,0,75,0
2022-11-16 21:45:00,9198,10.1725,9.6375,991.5,91.75,5.7875,135,1.0875,0,75,0
2022-11-16 22:00:00,9022,10.17,9.64,991,92,5.66,130,1.33,0,75,0
2022-11-16 22:15:00,9007,10.1975,9.685,990.25,92.5,6.175,130,1.0875,0,75,0
2022-11-16 22:30:00,9020,10.225,9.73,989.5,93,6.69,130,0.845,0,75,0
2022-11-16 22:45:00,9033,10.2525,9.775,988.75,93.5,7.205,130,0.6025,0,75,0
2022-11-16 23:00:00,8962,10.28,9.82,988,94,7.72,130,0.36,0,75,0
2022-11-16 23:15:00,8751,10.3975,9.9425,987.75,93.75,7.72,132.5,0.35,0,75,0
2022-11-16 23:30:00,8695,10.515,10.065,987.5,93.5,7.72,135,0.34,0,75,0
2022-11-16 23:45:00,8461,10.6325,10.1875,987.25,93.25,7.72,137.5,0.33,0,75,0
2022-11-17 00:00:00,8299,10.75,10.31,987,93,7.72,140,0.32,0,75,0
2022-11-17 00:15:00,8214,10.785,10.3475,986.5,93,7.8475,145,0.24,0,75,0
2022-11-17 00:30:00,7738,10.82,10.385,986,93,7.975,150,0.16,0,75,0
2022-11-17 00:45:00,7584,10.855,10.4225,985.5,93,8.1025,155,0.08,0,75,0
2022-11-17 01:00:00,7704,10.89,10.46,985,93,8.23,160,0,0,75,0
2022-11-17 01:15:00,7771,10.925,10.4925,985,92.75,7.9725,162.5,0,0,61.25,0
2022-11-17 01:30:00,7744,10.96,10.525,985,92.5,7.715,165,0,0,47.5,0
2022-11-17 01:45:00,7519,10.995,10.5575,985,92.25,7.4575,167.5,0,0,33.75,0
2022-11-17 02:00:00,7331,11.03,10.59,985,92,7.2,170,0,0,20,0
2022-11-17 02:15:00,7258,11.03,10.57,984.75,91.25,6.9425,167.5,0.0325,0,20,0
2022-11-17 02:30:00,7310,11.03,10.55,984.5,90.5,6.685,165,0.065,0,20,0
2022-11-17 02:45:00,7483,11.03,10.53,984.25,89.75,6.4275,162.5,0.0975,0,20,0
2022-11-17 03:00:00,7583,11.03,10.51,984,89,6.17,160,0.13,0,20,0
2022-11-17 03:15:00,7523,11.05,10.545,983.75,89.5,6.4275,160,0.165,0,33.75,0
2022-11-17 03:30:00,7487,11.07,10.58,983.5,90,6.685,160,0.2,0,47.5,0
2022-11-17 03:45:00,7471,11.09,10.615,983.25,90.5,6.9425,160,0.235,0,61.25,0
2022-11-17 04:00:00,7509,11.11,10.65,983,91,7.2,160,0.27,0,75,0
2022-11-17 04:15:00,7438,11.11,10.6575,983,91.25,7.8925,169,0.2475,0,78.75,0
2022-11-17 04:30:00,7525,11.11,10.665,983,91.5,8.585,178,0.225,0,82.5,0
2022-11-17 04:45:00,7525,11.11,10.6725,983,91.75,9.2775,187,0.2025,0,86.25,0
2022-11-17 05:00:00,7700,11.11,10.68,983,92,9.97,196,0.18,0,90,0
2022-11-17 05:15:00,7818,11.0375,10.5675,983,90.75,9.665,199.5,0.2575,0,86.25,0
2022-11-17 05:30:00,7926,10.965,10.455,983,89.5,9.36,203,0.335,0,82.5,0
2022-11-17 05:45:00,8109,10.8925,10.3425,983,88.25,9.055,206.5,0.4125,0,78.75,0
2022-11-17 06:00:00,8483,10.82,10.23,983,87,8.75,210,0.49,0,75,0
2022-11-17 06:15:00,8731,10.65,10.05,983.25,87.25,8.75,207.5,0.3975,0,75,0
2022-11-17 06:30:00,9014,10.48,9.87,983.5,87.5,8.75,205,0.305,0,75,0
2022-11-17 06:45:00,9330,10.31,9.69,983.75,87.75,8.75,202.5,0.2125,0,75,0
2022-11-17 07:00:00,9491,10.14,9.51,984,88,8.75,200,0.12,0,75,0
2022-11-17 07:15:00,9802,10.1425,9.505,984,87.75,8.8775,202.5,0.09,0,75,0
2022-11-17 07:30:00,9996,10.145,9.5,984,87.5,9.005,205,0.06,0,75,0
2022-11-17 07:45:00,9934,10.1475,9.495,984,87.25,9.1325,207.5,0.03,0,75,0
2022-11-17 08:00:00,9912,10.15,9.49,984,87,9.26,210,0,0,75,0
2022-11-17 08:15:00,9957,10.14,9.4725,984.25,86.75,9.3875,210,0.06,0,75,0
2022-11-17 08:30:00,10229,10.13,9.455,984.5,86.5,9.515,210,0.12,0,75,0
2022-11-17 08:45:00,10152,10.12,9.4375,984.75,86.25,9.6425,210,0.18,0,75,0
2022-11-17 09:00:00,10347,10.11,9.42,985,86,9.77,210,0.24,0,75,0
2022-11-17 09:15:00,10264,10.2575,9.5625,985.25,85.25,9.77,210,0.18,0,75,0
2022-11-17 09:30:00,10301,10.405,9.705,985.5,84.5,9.77,210,0.12,0,75,0
2022-11-17 09:45:00,10304,10.5525,9.8475,985.75,83.75,9.77,210,0.06,0,75,0
2022-11-17 10:00:00,10311,10.7,9.99,986,83,9.77,210,0,0,75,0
2022-11-17 10:15:00,10375,10.765,10.05,986.25,82.5,9.9,212.5,0,0,66.25,0
2022-11-17 10:30:00,10397,10.83,10.11,986.5,82,10.03,215,0,0,57.5,0
2022-11-17 10:45:00,10443,10.895,10.17,986.75,81.5,10.16,217.5,0,0,48.75,0
2022-11-17 11:00:00,10322,10.96,10.23,987,81,10.29,220,0,0,40,0
2022-11-17 11:15:00,10308,10.95,10.2375,987.25,81.75,10.4,219.75,0.0525,0,55,0
2022-11-17 11:30:00,10516,10.94,10.245,987.5,82.5,10.51,219.5,0.105,0,70,0
2022-11-17 11:45:00,10332,10.93,10.2525,987.75,83.25,10.62,219.25,0.1575,0,85,0
2022-11-17 12:00:00,10295,10.92,10.26,988,84,10.73,219,0.21,0,100,0
2022-11-17 12:15:00,10139,11.17,10.49,988,82.25,10.49,216.75,0.1575,0,85,0
2022-11-17 12:30:00,9937,11.42,10.72,988,80.5,10.25,214.5,0.105,0,70,0
2022-11-17 12:45:00,10302,11.67,10.95,988,78.75,10.01,212.25,0.0525,0,55,0
2022-11-17 13:00:00,10183,11.92,11.18,988,77,9.77,210,0,0,40,0
2022-11-17 13:15:00,10131,11.9075,11.165,988.25,77,9.515,212.5,0,0,48.75,0
2022-11-17 13:30:00,10077,11.895,11.15,988.5,77,9.26,215,0,0,57.5,0
2022-11-17 13:45:00,10116,11.8825,11.135,988.75,77,9.005,217.5,0,0,66.25,0
2022-11-17 14:00:00,10163,11.87,11.12,989,77,8.75,220,0,0,75,0
2022-11-17 14:15:00,10021,11.9025,11.15,989,76.75,8.4925,220,0,0,75,0
2022-11-17 14:30:00,10041,11.935,11.18,989,76.5,8.235,220,0,0,75,0
2022-11-17 14:45:00,9998,11.9675,11.21,989,76.25,7.9775,220,0,0,75,0
2022-11-17 15:00:00,10095,12,11.24,989,76,7.72,220,0,0,75,0
2022-11-17 15:15:00,9787,11.9925,11.225,989.25,75.75,7.8475,222.5,0,0,75,0
2022-11-17 15:30:00,9759,11.985,11.21,989.5,75.5,7.975,225,0,0,75,0
2022-11-17 15:45:00,9844,11.9775,11.195,989.75,75.25,8.1025,227.5,0,0,75,0
2022-11-17 16:00:00,10002,11.97,11.18,990,75,8.23,230,0,0,75,0
2022-11-17 16:15:00,9977,11.75,10.9575,990,75.75,7.845,225,0,0,61.25,0
2022-11-17 16:30:00,10040,11.53,10.735,990,76.5,7.46,220,0,0,47.5,0
2022-11-17 16:45:00,10275,11.31,10.5125,990,77.25,7.075,215,0,0,33.75,0
2022-11-17 17:00:00,10385,11.09,10.29,990,78,6.69,210,0,0,20,0
2022-11-17 17:15:00,10657,11.0025,10.2,990.25,78.25,6.56,210,0,0,20,0
2022-11-17 17:30:00,10844,10.915,10.11,990.5,78.5,6.43,210,0,0,20,0
2022-11-17 17:45:00,10985,10.8275,10.02,990.75,78.75,6.3,210,0,0,20,0
2022-11-17 18:00:00,11022,10.74,9.93,991,79,6.17,210,0,0,20,0
2022-11-17 18:15:00,10936,10.57,9.77,991,80,5.9125,210,0,0,15,0
2022-11-17 18:30:00,10890,10.4,9.61,991,81,5.655,210,0,0,10,0
2022-11-17 18:45:00,10872,10.23,9.45,991,82,5.3975,210,0,0,5,0
2022-11-17 19:00:00,10692,10.06,9.29,991,83,5.14,210,0,0,0,0
2022-11-17 19:15:00,10489,9.9175,8.7425,991.25,83.5,5.0125,210,0,0,0,0
2022-11-17 19:30:00,10307,9.775,8.195,991.5,84,4.885,210,0,0,0,0
2022-11-17 19:45:00,10300,9.6325,7.6475,991.75,84.5,4.7575,210,0,0,0,0
2022-11-17 20:00:00,10155,9.49,7.1,992,85,4.63,210,0,0,0,0
2022-11-17 20:15:00,9916,9.4375,6.935,992,85,4.8875,210,0,0,0,0
2022-11-17 20:30:00,9831,9.385,6.77,992,85,5.145,210,0,0,0,0
2022-11-17 20:45:00,9642,9.3325,6.605,992,85,5.4025,210,0,0,0,0
2022-11-17 21:00:00,9484,9.28,6.44,992,85,5.66,210,0,0,0,0
2022-11-17 21:15:00,9302,9.2075,6.505,992.25,85.5,5.275,205,0,0,0,0
2022-11-17 21:30:00,9096,9.135,6.57,992.5,86,4.89,200,0,0,0,0
2022-11-17 21:45:00,9125,9.0625,6.635,992.75,86.5,4.505,195,0,0,0,0
2022-11-17 22:00:00,9304,8.99,6.7,993,87,4.12,190,0,0,0,0
2022-11-17 22:15:00,9239,8.9625,6.6675,993,87.25,4.12,192.5,0,0,0,0
2022-11-17 22:30:00,9333,8.935,6.635,993,87.5,4.12,195,0,0,0,0
2022-11-17 22:45:00,9296,8.9075,6.6025,993,87.75,4.12,197.5,0,0,0,0
2022-11-17 23:00:00,9273,8.88,6.57,993,88,4.12,200,0,0,0,0
2022-11-17 23:15:00,9070,8.795,6.465,993.25,88.25,4.12,197.5,0,0,5,0
2022-11-17 23:30:00,8963,8.71,6.36,993.5,88.5,4.12,195,0,0,10,0
2022-11-17 23:45:00,8953,8.625,6.255,993.75,88.75,4.12,192.5,0,0,15,0
2022-11-18 00:00:00,8745,8.54,6.15,994,89,4.12,190,0,0,20,0
2022-11-18 00:15:00,8607,8.515,6.2575,994.25,89,3.8625,190,0,0,15,0
2022-11-18 00:30:00,8511,8.49,6.365,994.5,89,3.605,190,0,0,10,0
2022-11-18 00:45:00,8362,8.465,6.4725,994.75,89,3.3475,190,0,0,5,0
2022-11-18 01:00:00,8264,8.44,6.58,995,89,3.09,190,0,0,0,0
2022-11-18 01:15:00,8227,8.59,6.6275,995,88.5,3.3475,195,0,0,5,0
2022-11-18 01:30:00,8092,8.74,6.675,995,88,3.605,200,0,0,10,0
2022-11-18 01:45:00,8040,8.89,6.7225,995,87.5,3.8625,205,0,0,15,0
2022-11-18 02:00:00,7793,9.04,6.77,995,87,4.12,210,0,0,20,0
2022-11-18 02:15:00,7820,8.985,6.645,995.25,87,4.2475,212.5,0,0,20,0
2022-11-18 02:30:00,7779,8.93,6.52,995.5,87,4.375,215,0,0,20,0
2022-11-18 02:45:00,7896,8.875,6.395,995.75,87,4.5025,217.5,0,0,20,0
2022-11-18 03:00:00,7824,8.82,6.27,996,87,4.63,220,0,0,20,0
2022-11-18 03:15:00,7831,8.635,6.165,996.25,87.5,4.3725,215,0,0,20,0
2022-11-18 03:30:00,7847,8.45,6.06,996.5,88,4.115,210,0,0,20,0
2022-11-18 03:45:00,7738,8.265,5.955,996.75,88.5,3.8575,205,0,0,20,0
2022-11-18 04:00:00,7723,8.08,5.85,997,89,3.6,200,0,0,20,0
2022-11-18 04:15:00,7715,7.9275,5.74,997,89.25,3.4725,200,0,0,20,0
2022-11-18 04:30:00,7814,7.775,5.63,997,89.5,3.345,200,0,0,20,0
2022-11-18 04:45:00,7849,7.6225,5.52,997,89.75,3.2175,200,0,0,20,0
2022-11-18 05:00:00,8046,7.47,5.41,997,90,3.09,200,0,0,20,0
2022-11-18 05:15:00,8039,7.39,5.2375,997.25,90.5,3.2175,197.5,0,0,20,0
2022-11-18 05:30:00,8243,7.31,5.065,997.5,91,3.345,195,0,0,20,0
2022-11-18 05:45:00,8471,7.23,4.8925,997.75,91.5,3.4725,192.5,0,0,20,0
2022-11-18 06:00:00,8765,7.15,4.72,998,92,3.6,190,0,0,20,0
2022-11-18 06:15:00,8953,7.0125,4.48,998,92.25,3.73,190,0,0,20,0
2022-11-18 06:30:00,9271,6.875,4.24,998,92.5,3.86,190,0,0,20,0
2022-11-18 06:45:00,9513,6.7375,4,998,92.75,3.99,190,0,0,20,0
2022-11-18 07:00:00,9636,6.6,3.76,998,93,4.12,190,0,0,20,0
2022-11-18 07:15:00,9926,6.6225,3.86,998.25,93,3.99,190,0,0,15,0
2022-11-18 07:30:00,10121,6.645,3.96,998.5,93,3.86,190,0,0,10,0
2022-11-18 07:45:00,9982,6.6675,4.06,998.75,93,3.73,190,0,0,5,0
2022-11-18 08:00:00,10122,6.69,4.16,999,93,3.6,190,0,0,0,0
2022-11-18 08:15:00,10296,6.9325,4.3875,999.25,92.25,3.73,187.5,0,0,5,0
2022-11-18 08:30:00,10277,7.175,4.615,999.5,91.5,3.86,185,0,0,10,0
2022-11-18 08:45:00,10381,7.4175,4.8425,999.75,90.75,3.99,182.5,0,0,15,0
2022-11-18 09:00:00,10395,7.66,5.07,1000,90,4.12,180,0,0,20,0
2022-11-18 09:15:00,10403,7.895,5.155,1000,90,4.6325,187.5,0,0,20,0
2022-11-18 09:30:00,10516,8.13,5.24,1000,90,5.145,195,0,0,20,0
2022-11-18 09:45:00,10595,8.365,5.325,1000,90,5.6575,202.5,0,0,20,0
2022-11-18 10:00:00,10701,8.6,5.41,1000,90,6.17,210,0,0,20,0
2022-11-18 10:15:00,10561,8.7675,5.6225,1000.25,89.5,6.17,210,0,0,20,0
2022-11-18 10:30:00,10568,8.935,5.835,1000.5,89,6.17,210,0,0,20,0
2022-11-18 10:45:00,10514,9.1025,6.0475,1000.75,88.5,6.17,210,0,0,20,0
2022-11-18 11:00:00,10354,9.27,6.26,1001,88,6.17,210,0,0,20,0
2022-11-18 11:15:00,10399,9.43,6.55,1001.25,87.75,5.9125,212.5,0,0,25,0
2022-11-18 11:30:00,10505,9.59,6.84,1001.5,87.5,5.655,215,0,0,30,0
2022-11-18 11:45:00,10421,9.75,7.13,1001.75,87.25,5.3975,217.5,0,0,35,0
2022-11-18 12:00:00,10429,9.91,7.42,1002,87,5.14,220,0,0,40,0
2022-11-18 12:15:00,10271,9.985,7.9475,1002,86.75,5.14,220,0,0,35,0
2022-11-18 12:30:00,10304,10.06,8.475,1002,86.5,5.14,220,0,0,30,0
2022-11-18 12:45:00,10271,10.135,9.0025,1002,86.25,5.14,220,0,0,25,0
2022-11-18 13:00:00,10317,10.21,9.53,1002,86,5.14,220,0,0,20,0
2022-11-18 13:15:00,10345,10.2375,9.56,1002,86,5.0125,222.5,0,0,33.75,0
2022-11-18 13:30:00,10374,10.265,9.59,1002,86,4.885,225,0,0,47.5,0
2022-11-18 13:45:00,10180,10.2925,9.62,1002,86,4.7575,227.5,0,0,61.25,0
2022-11-18 14:00:00,10281,10.32,9.65,1002,86,4.63,230,0,0,75,0
2022-11-18 14:15:00,10245,10.2975,9.6325,1002.25,86.25,4.245,222.5,0,0,75,0
2022-11-18 14:30:00,10199,10.275,9.615,1002.5,86.5,3.86,215,0,0,75,0
2022-11-18 14:45:00,10065,10.2525,9.5975,1002.75,86.75,3.475,207.5,0,0,75,0
2022-11-18 15:00:00,10140,10.23,9.58,1003,87,3.09,200,0,0,75,0
2022-11-18 15:15:00,10164,10.2175,9.58,1003,87.5,2.96,202.5,0,0,75,0
2022-11-18 15:30:00,10304,10.205,9.58,1003,88,2.83,205,0,0,75,0
2022-11-18 15:45:00,10212,10.1925,9.58,1003,88.5,2.7,207.5,0,0,75,0
2022-11-18 16:00:00,10232,10.18,9.58,1003,89,2.57,210,0,0,75,0
2022-11-18 16:15:00,10265,10.0775,9.31,1003,89.25,2.57,210,0,0,75,0
2022-11-18 16:30:00,10391,9.975,9.04,1003,89.5,2.57,210,0,0,75,0
2022-11-18 16:45:00,10514,9.8725,8.77,1003,89.75,2.57,210,0,0,75,0
2022-11-18 17:00:00,10846,9.77,8.5,1003,90,2.57,210,0,0,75,0
2022-11-18 17:15:00,10958,9.7525,8.6925,1003.25,90,2.3125,212.5,0,0,75,0
2022-11-18 17:30:00,11133,9.735,8.885,1003.5,90,2.055,215,0,0,75,0
2022-11-18 17:45:00,11097,9.7175,9.0775,1003.75,90,1.7975,217.5,0,0,75,0
2022-11-18 18:00:00,10999,9.7,9.27,1004,90,1.54,220,0,0,75,0
2022-11-18 18:15:00,10892,9.585,9.2625,1004,90.25,1.155,165,0,0,75,0
2022-11-18 18:30:00,10944,9.47,9.255,1004,90.5,0.77,110,0,0,75,0
2022-11-18 18:45:00,10872,9.355,9.2475,1004,90.75,0.385,55,0,0,75,0
2022-11-18 19:00:00,10713,9.24,9.24,1004,91,0,0,0,0,75,0
2022-11-18 19:15:00,10444,9.1825,9.1825,1004.25,91.25,0.2575,0,0,0,75,0
2022-11-18 19:30:00,10368,9.125,9.125,1004.5,91.5,0.515,0,0,0,75,0
2022-11-18 19:45:00,10358,9.0675,9.0675,1004.75,91.75,0.7725,0,0,0,75,0
2022-11-18 20:00:00,10157,9.01,9.01,1005,92,1.03,0,0,0,75,0
2022-11-18 20:15:00,10015,9.0175,8.885,1005,92,1.1575,57.5,0,0,75,0
2022-11-18 20:30:00,9893,9.025,8.76,1005,92,1.285,115,0,0,75,0
2022-11-18 20:45:00,9681,9.0325,8.635,1005,92,1.4125,172.5,0,0,75,0
2022-11-18 21:00:00,9597,9.04,8.51,1005,92,1.54,230,0,0,75,0
2022-11-18 21:15:00,9530,8.995,8.2375,1005.25,92,1.7975,232.5,0,0,75,0
2022-11-18 21:30:00,9334,8.95,7.965,1005.5,92,2.055,235,0,0,75,0
2022-11-18 21:45:00,9133,8.905,7.6925,1005.75,92,2.3125,237.5,0,0,75,0
2022-11-18 22:00:00,9374,8.86,7.42,1006,92,2.57,240,0,0,75,0
2022-11-18 22:15:00,9323,8.8175,7.285,1006,92.25,2.7,242.5,0.105,0,75,0
2022-11-18 22:30:00,9256,8.775,7.15,1006,92.5,2.83,245,0.21,0,75,0
2022-11-18 22:45:00,9267,8.7325,7.015,1006,92.75,2.96,247.5,0.315,0,75,0
2022-11-18 23:00:00,9264,8.69,6.88,1006,93,3.09,250,0.42,0,75,0
2022-11-18 23:15:00,9044,8.595,6.6925,1006,93.25,3.2175,247.5,0.315,0,75,0
2022-11-18 23:30:00,8898,8.5,6.505,1006,93.5,3.345,245,0.21,0,75,0
2022-11-18 23:45:00,8840,8.405,6.3175,1006,93.75,3.4725,242.5,0.105,0,75,0
2022-11-19 00:00:00,8677,8.31,6.13,1006,94,3.6,240,0,0,75,0
2022-11-19 00:15:00,8527,8.295,6.185,1006.25,94,3.4725,242.5,0,0,75,0
2022-11-19 00:30:00,8455,8.28,6.24,1006.5,94,3.345,245,0,0,75,0
2022-11-19 00:45:00,8268,8.265,6.295,1006.75,94,3.2175,247.5,0,0,75,0
2022-11-19 01:00:00,8268,8.25,6.35,1007,94,3.09,250,0,0,75,0
2022-11-19 01:15:00,8031,8.1875,6.3625,1007,93.75,2.96,247.5,0,0,75,0
2022-11-19 01:30:00,7945,8.125,6.375,1007,93.5,2.83,245,0,0,75,0
2022-11-19 01:45:00,7908,8.0625,6.3875,1007,93.25,2.7,242.5,0,0,75,0
2022-11-19 02:00:00,7866,8,6.4,1007,93,2.57,240,0,0,75,0
2022-11-19 02:15:00,7749,7.96,6.265,1007,93,2.7,235,0,0,75,0
2022-11-19 02:30:00,7709,7.92,6.13,1007,93,2.83,230,0,0,75,0
2022-11-19 02:45:00,7803,7.88,5.995,1007,93,2.96,225,0,0,75,0
2022-11-19 03:00:00,7564,7.84,5.86,1007,93,3.09,220,0,0,75,0
2022-11-19 03:15:00,7548,7.8,5.9,1007.25,93,2.96,237.5,0,0,75,0
2022-11-19 03:30:00,7623,7.76,5.94,1007.5,93,2.83,255,0,0,75,0
2022-11-19 03:45:00,7531,7.72,5.98,1007.75,93,2.7,272.5,0,0,75,0
2022-11-19 04:00:00,7488,7.68,6.02,1008,93,2.57,290,0,0,75,0
2022-11-19 04:15:00,7595,7.6925,6.1375,1008,93,2.4425,277.5,0,0,75,0
2022-11-19 04:30:00,7564,7.705,6.255,1008,93,2.315,265,0,0,75,0
2022-11-19 04:45:00,7561,7.7175,6.3725,1008,93,2.1875,252.5,0,0,75,0
2022-11-19 05:00:00,7573,7.73,6.49,1008,93,2.06,240,0,0,75,0
2022-11-19 05:15:00,7629,7.695,6.765,1008,93,1.8025,242.5,0,0,75,0
2022-11-19 05:30:00,7774,7.66,7.04,1008,93,1.545,245,0,0,75,0
2022-11-19 05:45:00,7719,7.625,7.315,1008,93,1.2875,247.5,0,0,75,0
2022-11-19 06:00:00,7885,7.59,7.59,1008,93,1.03,250,0,0,75,0
2022-11-19 06:15:00,7895,7.58,7.58,1008,93,1.03,187.5,0,0,75,0
2022-11-19 06:30:00,7943,7.57,7.57,1008,93,1.03,125,0,0,75,0
2022-11-19 06:45:00,8007,7.56,7.56,1008,93,1.03,62.5,0,0,75,0
2022-11-19 07:00:00,8286,7.55,7.55,1008,93,1.03,0,0,0,75,0
2022-11-19 07:15:00,8523,7.33,6.8675,1008.25,93,1.415,12.5,0.105,0,75,0
2022-11-19 07:30:00,8705,7.11,6.185,1008.5,93,1.8,25,0.21,0,75,0
2022-11-19 07:45:00,8757,6.89,5.5025,1008.75,93,2.185,37.5,0.315,0,75,0
2022-11-19 08:00:00,8789,6.67,4.82,1009,93,2.57,50,0.42,0,75,0
2022-11-19 08:15:00,8870,6.375,4.585,1009.25,93.5,2.4425,55,0.315,0,75,0
2022-11-19 08:30:00,8780,6.08,4.35,1009.5,94,2.315,60,0.21,0,75,0
2022-11-19 08:45:00,9086,5.785,4.115,1009.75,94.5,2.1875,65,0.105,0,75,0
2022-11-19 09:00:00,9252,5.49,3.88,1010,95,2.06,70,0,0,75,0
2022-11-19 09:15:00,9349,5.34,3.4875,1010,95,2.3175,70,0.03,0,75,0
2022-11-19 09:30:00,9414,5.19,3.095,1010,95,2.575,70,0.06,0,75,0
2022-11-19 09:45:00,9560,5.04,2.7025,1010,95,2.8325,70,0.09,0,75,0
2022-11-19 10:00:00,9792,4.89,2.31,1010,95,3.09,70,0.12,0,75,0
2022-11-19 10:15:00,9758,4.8125,2.3175,1010.25,95,2.96,72.5,0.1575,0,75,0
2022-11-19 10:30:00,9911,4.735,2.325,1010.5,95,2.83,75,0.195,0,75,0
2022-11-19 10:45:00,9806,4.6575,2.3325,1010.75,95,2.7,77.5,0.2325,0,75,0
2022-11-19 11:00:00,9800,4.58,2.34,1011,95,2.57,80,0.27,0,75,0
2022-11-19 11:15:00,9874,4.545,2.3,1011,95,2.57,77.5,0.2025,0,75,0
2022-11-19 11:30:00,10051,4.51,2.26,1011,95,2.57,75,0.135,0,75,0
2022-11-19 11:45:00,10201,4.475,2.22,1011,95,2.57,72.5,0.0675,0,75,0
2022-11-19 12:00:00,10125,4.44,2.18,1011,95,2.57,70,0,0,75,0
2022-11-19 12:15:00,9905,4.35,1.9675,1011,94.75,2.7,70,0,0,75,0
2022-11-19 12:30:00,9815,4.26,1.755,1011,94.5,2.83,70,0,0,75,0
2022-11-19 12:45:00,9890,4.17,1.5425,1011,94.25,2.96,70,0,0,75,0
2022-11-19 13:00:00,10041,4.08,1.33,1011,94,3.09,70,0,0,75,0
2022-11-19 13:15:00,9974,3.9625,1.19,1011,94.25,3.09,67.5,0.06,0,75,0
2022-11-19 13:30:00,9898,3.845,1.05,1011,94.5,3.09,65,0.12,0,75,0
2022-11-19 13:45:00,9936,3.7275,0.91,1011,94.75,3.09,62.5,0.18,0,75,0
2022-11-19 14:00:00,9715,3.61,0.77,1011,95,3.09,60,0.24,0,75,0
2022-11-19 14:15:00,9714,3.59,0.8525,1011,95.25,2.96,60,0.18,0,75,0
2022-11-19 14:30:00,9701,3.57,0.935,1011,95.5,2.83,60,0.12,0,75,0
2022-11-19 14:45:00,9753,3.55,1.0175,1011,95.75,2.7,60,0.06,0,75,0
2022-11-19 15:00:00,9682,3.53,1.1,1011,96,2.57,60,0,0,75,0
2022-11-19 15:15:00,9674,3.48,1.04,1011,96,2.57,60,0,0,81.25,0
2022-11-19 15:30:00,9580,3.43,0.98,1011,96,2.57,60,0,0,87.5,0
2022-11-19 15:45:00,9636,3.38,0.92,1011,96,2.57,60,0,0,93.75,0
2022-11-19 16:00:00,9610,3.33,0.86,1011,96,2.57,60,0,0,100,0
2022-11-19 16:15:00,9702,3.325,0.855,1011.25,95.75,2.57,60,0,0,100,0
2022-11-19 16:30:00,9731,3.32,0.85,1011.5,95.5,2.57,60,0,0,100,0
2022-11-19 16:45:00,9960,3.315,0.845,1011.75,95.25,2.57,60,0,0,100,0
2022-11-19 17:00:00,10079,3.31,0.84,1012,95,2.57,60,0,0,100,0
2022-11-19 17:15:00,10201,3.2375,0.88,1012,94.75,2.4425,60,0,0,100,0
2022-11-19 17:30:00,10311,3.165,0.92,1012,94.5,2.315,60,0,0,100,0
2022-11-19 17:45:00,10313,3.0925,0.96,1012,94.25,2.1875,60,0,0,100,0
2022-11-19 18:00:00,10313,3.02,1,1012,94,2.06,60,0,0,100,0
2022-11-19 18:15:00,10243,3.035,0.89,1012,94,2.1875,60,0,0,100,0
2022-11-19 18:30:00,10315,3.05,0.78,1012,94,2.315,60,0,0,100,0
2022-11-19 18:45:00,10227,3.065,0.67,1012,94,2.4425,60,0,0,100,0
2022-11-19 19:00:00,10125,3.08,0.56,1012,94,2.57,60,0,0,100,0
2022-11-19 19:15:00,9854,2.9475,0.2925,1012,94.25,2.7,57.5,0,0,100,0
2022-11-19 19:30:00,9869,2.815,0.025,1012,94.5,2.83,55,0,0,100,0
2022-11-19 19:45:00,9686,2.6825,-0.2425,1012,94.75,2.96,52.5,0,0,100,0
2022-11-19 20:00:00,9612,2.55,-0.51,1012,95,3.09,50,0,0,100,0
2022-11-19 20:15:00,9332,2.5075,-0.32,1012,95,2.8325,50,0,0,100,0
2022-11-19 20:30:00,9195,2.465,-0.13,1012,95,2.575,50,0,0,100,0
2022-11-19 20:45:00,9144,2.4225,0.06,1012,95,2.3175,50,0,0,100,0
2022-11-19 21:00:00,9104,2.38,0.25,1012,95,2.06,50,0,0,100,0
2022-11-19 21:15:00,9031,2.38,0.4125,1012.25,94.5,1.93,55,0,0,100,0
2022-11-19 21:30:00,8840,2.38,0.575,1012.5,94,1.8,60,0,0,100,0
2022-11-19 21:45:00,8734,2.38,0.7375,1012.75,93.5,1.67,65,0,0,100,0
2022-11-19 22:00:00,8765,2.38,0.9,1013,93,1.54,70,0,0,100,0
2022-11-19 22:15:00,8806,2.38,1.27,1013,93,1.4125,65,0,0,100,0
2022-11-19 22:30:00,8783,2.38,1.64,1013,93,1.285,60,0,0,100,0
2022-11-19 22:45:00,8727,2.38,2.01,1013,93,1.1575,55,0,0,100,0
2022-11-19 23:00:00,8824,2.38,2.38,1013,93,1.03,50,0,0,100,0
2022-11-19 23:15:00,8756,2.38,2.01,1012.75,93,1.1575,47.5,0,0,100,0
2022-11-19 23:30:00,8669,2.38,1.64,1012.5,93,1.285,45,0,0,100,0
2022-11-19 23:45:00,8589,2.38,1.27,1012.25,93,1.4125,42.5,0,0,100,0
2022-11-20 00:00:00,8550,2.38,0.9,1012,93,1.54,40,0,0,100,0
2022-11-20 00:15:00,8346,2.38,1.27,1012,93,1.4125,42.5,0,0,100,0
2022-11-20 00:30:00,8231,2.38,1.64,1012,93,1.285,45,0,0,100,0
2022-11-20 00:45:00,8155,2.38,2.01,1012,93,1.1575,47.5,0,0,100,0
2022-11-20 01:00:00,8212,2.38,2.38,1012,93,1.03,50,0,0,100,0
2022-11-20 01:15:00,8023,2.38,2.38,1012,93,0.9,37.5,0,0,100,0
2022-11-20 01:30:00,7954,2.38,2.38,1012,93,0.77,25,0,0,100,0
2022-11-20 01:45:00,7823,2.38,2.38,1012,93,0.64,12.5,0,0,100,0
2022-11-20 02:00:00,7733,2.38,2.38,1012,93,0.51,0,0,0,100,0
2022-11-20 02:15:00,7665,2.38,2.38,1012,93.25,0.3825,0,0,0,100,0
2022-11-20 02:30:00,7536,2.38,2.38,1012,93.5,0.255,0,0,0,100,0
2022-11-20 02:45:00,7551,2.38,2.38,1012,93.75,0.1275,0,0,0,100,0
2022-11-20 03:00:00,7490,2.38,2.38,1012,94,0,0,0,0,100,0
2022-11-20 03:15:00,7557,2.4025,2.4025,1012,94.25,0.2575,62.5,0,0,100,0
2022-11-20 03:30:00,7483,2.425,2.425,1012,94.5,0.515,125,0,0,100,0
2022-11-20 03:45:00,7472,2.4475,2.4475,1012,94.75,0.7725,187.5,0,0,100,0
2022-11-20 04:00:00,7380,2.47,2.47,1012,95,1.03,250,0,0,100,0
2022-11-20 04:15:00,7414,2.575,1.9375,1012,94.5,1.415,255,0,0,93.75,0
2022-11-20 04:30:00,7365,2.68,1.405,1012,94,1.8,260,0,0,87.5,0
2022-11-20 04:45:00,7444,2.785,0.8725,1012,93.5,2.185,265,0,0,81.25,0
2022-11-20 05:00:00,7455,2.89,0.34,1012,93,2.57,270,0,0,75,0
2022-11-20 05:15:00,7459,2.885,0.9725,1011.75,93,2.055,255,0,0,75,0
2022-11-20 05:30:00,7426,2.88,1.605,1011.5,93,1.54,240,0,0,75,0
2022-11-20 05:45:00,7493,2.875,2.2375,1011.25,93,1.025,225,0,0,75,0
2022-11-20 06:00:00,7534,2.87,2.87,1011,93,0.51,210,0,0,75,0
2022-11-20 06:15:00,7566,2.9275,2.9275,1011,93.25,0.51,192.5,0,0,75,0
2022-11-20 06:30:00,7594,2.985,2.985,1011,93.5,0.51,175,0,0,75,0
2022-11-20 06:45:00,7648,3.0425,3.0425,1011,93.75,0.51,157.5,0,0,75,0
2022-11-20 07:00:00,7784,3.1,3.1,1011,94,0.51,140,0,0,75,0
2022-11-20 07:15:00,7764,3.1725,2.6825,1011,94.25,0.8975,150,0,0,75,0
2022-11-20 07:30:00,7973,3.245,2.265,1011,94.5,1.285,160,0,0,75,0
2022-11-20 07:45:00,8024,3.3175,1.8475,1011,94.75,1.6725,170,0,0,75,0
2022-11-20 08:00:00,8139,3.39,1.43,1011,95,2.06,180,0,0,75,0
2022-11-20 08:15:00,8212,3.565,1.7875,1011,94.75,1.93,180,0,0,75,0
2022-11-20 08:30:00,8321,3.74,2.145,1011,94.5,1.8,180,0,0,75,0
2022-11-20 08:45:00,8430,3.915,2.5025,1011,94.25,1.67,180,0,0,75,0
2022-11-20 09:00:00,8681,4.09,2.86,1011,94,1.54,180,0,0,75,0
2022-11-20 09:15:00,8693,4.33,2.9875,1010.75,94,1.67,177.5,0,0,75,0
2022-11-20 09:30:00,8846,4.57,3.115,1010.5,94,1.8,175,0,0,75,0
2022-11-20 09:45:00,9012,4.81,3.2425,1010.25,94,1.93,172.5,0,0,75,0
2022-11-20 10:00:00,8923,5.05,3.37,1010,94,2.06,170,0,0,75,0
2022-11-20 10:15:00,9203,5.28,3.6375,1010,94,2.06,170,0,0,75,0
2022-11-20 10:30:00,9267,5.51,3.905,1010,94,2.06,170,0,0,75,0
2022-11-20 10:45:00,9229,5.74,4.1725,1010,94,2.06,170,0,0,75,0
2022-11-20 11:00:00,9167,5.97,4.44,1010,94,2.06,170,0,0,75,0
2022-11-20 11:15:00,9270,6.2975,4.7175,1009.75,93.75,2.1875,172.5,0,0,79.75,0
2022-11-20 11:30:00,9368,6.625,4.995,1009.5,93.5,2.315,175,0,0,84.5,0
2022-11-20 11:45:00,9496,6.9525,5.2725,1009.25,93.25,2.4425,177.5,0,0,89.25,0
2022-11-20 12:00:00,9540,7.28,5.55,1009,93,2.57,180,0,0,94,0
2022-11-20 12:15:00,9577,7.4625,5.4775,1008.75,92.25,3.085,185,0.045,0,80.5,0
2022-11-20 12:30:00,9540,7.645,5.405,1008.5,91.5,3.6,190,0.09,0,67,0
2022-11-20 12:45:00,9708,7.8275,5.3325,1008.25,90.75,4.115,195,0.135,0,53.5,0
2022-11-20 13:00:00,9587,8.01,5.26,1008,90,4.63,200,0.18,0,40,0
2022-11-20 13:15:00,9427,7.8575,5.1325,1007.75,90.25,4.5025,197.5,0.18,0,48.75,0
2022-11-20 13:30:00,9284,7.705,5.005,1007.5,90.5,4.375,195,0.18,0,57.5,0
2022-11-20 13:45:00,9353,7.5525,4.8775,1007.25,90.75,4.2475,192.5,0.18,0,66.25,0
2022-11-20 14:00:00,9136,7.4,4.75,1007,91,4.12,190,0.18,0,75,0
2022-11-20 14:15:00,9227,7.38,4.6075,1006.5,91.25,4.375,190,0.1875,0,75,0
2022-11-20 14:30:00,9087,7.36,4.465,1006,91.5,4.63,190,0.195,0,75,0
2022-11-20 14:45:00,9077,7.34,4.3225,1005.5,91.75,4.885,190,0.2025,0,75,0
2022-11-20 15:00:00,9107,7.32,4.18,1005,92,5.14,190,0.21,0,75,0
2022-11-20 15:15:00,8984,7.455,4.2075,1005,92,5.5275,195,0.1575,0,75,0
2022-11-20 15:30:00,9027,7.59,4.235,1005,92,5.915,200,0.105,0,75,0
2022-11-20 15:45:00,9136,7.725,4.2625,1005,92,6.3025,205,0.0525,0,75,0
2022-11-20 16:00:00,9000,7.86,4.29,1005,92,6.69,210,0,0,75,0
2022-11-20 16:15:00,9062,7.9625,4.42,1005,92,6.69,217.5,0,0,75,0
2022-11-20 16:30:00,9147,8.065,4.55,1005,92,6.69,225,0,0,75,0
2022-11-20 16:45:00,9238,8.1675,4.68,1005,92,6.69,232.5,0,0,75,0
2022-11-20 17:00:00,9629,8.27,4.81,1005,92,6.69,240,0,0,75,0
2022-11-20 17:15:00,9694,8.215,4.66,1005.25,91.75,6.955,247.25,0,0,78.5,0
2022-11-20 17:30:00,9647,8.16,4.51,1005.5,91.5,7.22,254.5,0,0,82,0
2022-11-20 17:45:00,9752,8.105,4.36,1005.75,91.25,7.485,261.75,0,0,85.5,0
2022-11-20 18:00:00,9714,8.05,4.21,1006,91,7.75,269,0,0,89,0
2022-11-20 18:15:00,9733,7.9125,3.8075,1005.75,90,8.6425,269.25,0.03,0,85.5,0
2022-11-20 18:30:00,9771,7.775,3.405,1005.5,89,9.535,269.5,0.06,0,82,0
2022-11-20 18:45:00,9800,7.6375,3.0025,1005.25,88,10.4275,269.75,0.09,0,78.5,0
2022-11-20 19:00:00,9691,7.5,2.6,1005,87,11.32,270,0.12,0,75,0
2022-11-20 19:15:00,9669,7.575,3.0475,1005,87.25,10.0325,265,0.09,0,66.25,0
2022-11-20 19:30:00,9760,7.65,3.495,1005,87.5,8.745,260,0.06,0,57.5,0
2022-11-20 19:45:00,9607,7.725,3.9425,1005,87.75,7.4575,255,0.03,0,48.75,0
2022-11-20 20:00:00,9486,7.8,4.39,1005,88,6.17,250,0,0,40,0
2022-11-20 20:15:00,9344,7.7775,4.46,1005.25,88,5.9125,250,0,0,48.75,0
2022-11-20 20:30:00,9301,7.755,4.53,1005.5,88,5.655,250,0,0,57.5,0
2022-11-20 20:45:00,9214,7.7325,4.6,1005.75,88,5.3975,250,0,0,66.25,0
2022-11-20 21:00:00,9013,7.71,4.67,1006,88,5.14,250,0,0,75,0
2022-11-20 21:15:00,8820,7.645,4.4875,1006,87.25,5.3975,252.5,0,0,61.25,0
2022-11-20 21:30:00,8820,7.58,4.305,1006,86.5,5.655,255,0,0,47.5,0
2022-11-20 21:45:00,8737,7.515,4.1225,1006,85.75,5.9125,257.5,0,0,33.75,0
2022-11-20 22:00:00,8621,7.45,3.94,1006,85,6.17,260,0,0,20,0
2022-11-20 22:15:00,8688,7.3125,3.8675,1006,85.5,5.9125,255,0,0,20,0
2022-11-20 22:30:00,8729,7.175,3.795,1006,86,5.655,250,0,0,20,0
2022-11-20 22:45:00,8519,7.0375,3.7225,1006,86.5,5.3975,245,0,0,20,0
2022-11-20 23:00:00,8519,6.9,3.65,1006,87,5.14,240,0,0,20,0
2022-11-20 23:15:00,8702,6.8375,3.5725,1006.25,87,5.14,240,0,0,20,0
2022-11-20 23:30:00,8554,6.775,3.495,1006.5,87,5.14,240,0,0,20,0
2022-11-20 23:45:00,8566,6.7125,3.4175,1006.75,87,5.14,240,0,0,20,0
2022-11-21 00:00:00,8212,6.65,3.34,1007,87,5.14,240,0,0,20,0
2022-11-21 00:15:00,8026,6.605,3.405,1007,87,4.885,245,0,0,33.75,0
2022-11-21 00:30:00,7884,6.56,3.47,1007,87,4.63,250,0,0,47.5,0
2022-11-21 00:45:00,7645,6.515,3.535,1007,87,4.375,255,0,0,61.25,0
2022-11-21 01:00:00,7750,6.47,3.6,1007,87,4.12,260,0,0,75,0
2022-11-21 01:15:00,7551,6.3525,3.455,1006.75,88,4.12,255,0,0,66.25,0
2022-11-21 01:30:00,7374,6.235,3.31,1006.5,89,4.12,250,0,0,57.5,0
2022-11-21 01:45:00,7526,6.1175,3.165,1006.25,90,4.12,245,0,0,48.75,0
2022-11-21 02:00:00,7441,6,3.02,1006,91,4.12,240,0,0,40,0
2022-11-21 02:15:00,7465,6.0125,3.035,1006,91,4.12,242.5,0,0,40,0
2022-11-21 02:30:00,7418,6.025,3.05,1006,91,4.12,245,0,0,40,0
2022-11-21 02:45:00,7420,6.0375,3.065,1006,91,4.12,247.5,0,0,40,0
2022-11-21 03:00:00,7374,6.05,3.08,1006,91,4.12,250,0,0,40,0
2022-11-21 03:15:00,7447,6.015,3.4025,1006,91.25,3.605,252.5,0,0,48.75,0
2022-11-21 03:30:00,7390,5.98,3.725,1006,91.5,3.09,255,0,0,57.5,0
2022-11-21 03:45:00,7437,5.945,4.0475,1006,91.75,2.575,257.5,0,0,66.25,0
2022-11-21 04:00:00,7548,5.91,4.37,1006,92,2.06,260,0,0,75,0
2022-11-21 04:15:00,7545,5.915,3.945,1006,92,2.7025,252.5,0,0,75,0
2022-11-21 04:30:00,7486,5.92,3.52,1006,92,3.345,245,0,0,75,0
2022-11-21 04:45:00,7681,5.925,3.095,1006,92,3.9875,237.5,0,0,75,0
2022-11-21 05:00:00,7864,5.93,2.67,1006,92,4.63,230,0,0,75,0
2022-11-21 05:15:00,8019,5.89,2.5625,1006,91.75,4.7575,230,0,0,75,0
2022-11-21 05:30:00,8030,5.85,2.455,1006,91.5,4.885,230,0,0,75,0
2022-11-21 05:45:00,8261,5.81,2.3475,1006,91.25,5.0125,230,0,0,75,0
2022-11-21 06:00:00,8709,5.77,2.24,1006,91,5.14,230,0,0,75,0
2022-11-21 06:15:00,9019,5.595,2.225,1005.75,91,4.755,230,0,0,66.25,0
2022-11-21 06:30:00,9228,5.42,2.21,1005.5,91,4.37,230,0,0,57.5,0
2022-11-21 06:45:00,9396,5.245,2.195,1005.25,91,3.985,230,0,0,48.75,0
2022-11-21 07:00:00,9734,5.07,2.18,1005,91,3.6,230,0,0,40,0
2022-11-21 07:15:00,10060,4.79,1.76,1004.75,91.25,3.73,225,0,0,30,0
2022-11-21 07:30:00,10216,4.51,1.34,1004.5,91.5,3.86,220,0,0,20,0
2022-11-21 07:45:00,10302,4.23,0.92,1004.25,91.75,3.99,215,0,0,10,0
2022-11-21 08:00:00,10371,3.95,0.5,1004,92,4.12,210,0,0,0,0
2022-11-21 08:15:00,10338,3.9475,0.4975,1004,92,4.12,205,0,0,0,0
2022-11-21 08:30:00,10487,3.945,0.495,1004,92,4.12,200,0,0,0,0
2022-11-21 08:45:00,10551,3.9425,0.4925,1004,92,4.12,195,0,0,0,0
2022-11-21 09:00:00,10598,3.94,0.49,1004,92,4.12,190,0,0,0,0
2022-11-21 09:15:00,10602,4.165,0.765,1003.75,92,4.12,187.5,0,0,0,0
2022-11-21 09:30:00,10555,4.39,1.04,1003.5,92,4.12,185,0,0,0,0
2022-11-21 09:45:00,10558,4.615,1.315,1003.25,92,4.12,182.5,0,0,0,0
2022-11-21 10:00:00,10619,4.84,1.59,1003,92,4.12,180,0,0,0,0
2022-11-21 10:15:00,10652,5.1625,2.1425,1002.75,91.5,3.8625,177.5,0,0,5,0
2022-11-21 10:30:00,10595,5.485,2.695,1002.5,91,3.605,175,0,0,10,0
2022-11-21 10:45:00,10707,5.8075,3.2475,1002.25,90.5,3.3475,172.5,0,0,15,0
2022-11-21 11:00:00,10739,6.13,3.8,1002,90,3.09,170,0,0,20,0
2022-11-21 11:15:00,10804,6.225,3.64,1002,89.5,3.6025,172.5,0,0,33.75,0
2022-11-21 11:30:00,10893,6.32,3.48,1002,89,4.115,175,0,0,47.5,0
2022-11-21 11:45:00,10841,6.415,3.32,1002,88.5,4.6275,177.5,0,0,61.25,0
2022-11-21 12:00:00,10740,6.51,3.16,1002,88,5.14,180,0,0,75,0
2022-11-21 12:15:00,10574,6.715,3.4175,1001.25,87.75,5.14,175,0,0,61.25,0
2022-11-21 12:30:00,10662,6.92,3.675,1000.5,87.5,5.14,170,0,0,47.5,0
2022-11-21 12:45:00,10640,7.125,3.9325,999.75,87.25,5.14,165,0,0,33.75,0
2022-11-21 13:00:00,10698,7.33,4.19,999,87,5.14,160,0,0,20,0
2022-11-21 13:15:00,10763,7.53,4.555,998.75,87,4.885,162.5,0,0,25,0
2022-11-21 13:30:00,10817,7.73,4.92,998.5,87,4.63,165,0,0,30,0
2022-11-21 13:45:00,10734,7.93,5.285,998.25,87,4.375,167.5,0,0,35,0
2022-11-21 14:00:00,10639,8.13,5.65,998,87,4.12,170,0,0,40,0
2022-11-21 14:15:00,10707,8.18,5.5475,997.75,87,4.505,170,0,0,48.75,0
2022-11-21 14:30:00,10726,8.23,5.445,997.5,87,4.89,170,0,0,57.5,0
2022-11-21 14:45:00,10721,8.28,5.3425,997.25,87,5.275,170,0,0,66.25,0
2022-11-21 15:00:00,10714,8.33,5.24,997,87,5.66,170,0,0,75,0
2022-11-21 15:15:00,10716,8.32,5.2775,996.5,86.75,5.53,165,0,0,75,0
2022-11-21 15:30:00,10707,8.31,5.315,996,86.5,5.4,160,0,0,75,0
2022-11-21 15:45:00,10638,8.3,5.3525,995.5,86.25,5.27,155,0,0,75,0
2022-11-21 16:00:00,10725,8.29,5.39,995,86,5.14,150,0,0,75,0
2022-11-21 16:15:00,10857,8.2375,5.38,994.75,86,5.0125,150,0,0,56.25,0
2022-11-21 16:30:00,10907,8.185,5.37,994.5,86,4.885,150,0,0,37.5,0
2022-11-21 16:45:00,11049,8.1325,5.36,994.25,86,4.7575,150,0,0,18.75,0
2022-11-21 17:00:00,11273,8.08,5.35,994,86,4.63,150,0,0,0,0
2022-11-21 17:15:00,11231,8.01,5.39,993.75,86.5,4.3725,147.5,0.045,0,5,0
2022-11-21 17:30:00,11326,7.94,5.43,993.5,87,4.115,145,0.09,0,10,0
2022-11-21 17:45:00,11422,7.87,5.47,993.25,87.5,3.8575,142.5,0.135,0,15,0
2022-11-21 18:00:00,11374,7.8,5.51,993,88,3.6,140,0.18,0,20,0
2022-11-21 18:15:00,11253,7.67,5.2825,992.75,88.75,3.73,137.5,0.135,0,25,0
2022-11-21 18:30:00,11205,7.54,5.055,992.5,89.5,3.86,135,0.09,0,30,0
2022-11-21 18:45:00,11087,7.41,4.8275,992.25,90.25,3.99,132.5,0.045,0,35,0
2022-11-21 19:00:00,11072,7.28,4.6,992,91,4.12,130,0,0,40,0
2022-11-21 19:15:00,10939,7.23,4.5375,991.75,91,4.12,132.5,0,0,48.75,0
2022-11-21 19:30:00,10683,7.18,4.475,991.5,91,4.12,135,0,0,57.5,0
2022-11-21 19:45:00,10703,7.13,4.4125,991.25,91,4.12,137.5,0,0,66.25,0
2022-11-21 20:00:00,10498,7.08,4.35,991,91,4.12,140,0,0,75,0
2022-11-21 20:15:00,10289,7.0775,4.23,991,91.25,4.375,142.5,0.0325,0,75,0
2022-11-21 20:30:00,10059,7.075,4.11,991,91.5,4.63,145,0.065,0,75,0
2022-11-21 20:45:00,9901,7.0725,3.99,991,91.75,4.885,147.5,0.0975,0,75,0
2022-11-21 21:00:00,9890,7.07,3.87,991,92,5.14,150,0.13,0,75,0
2022-11-21 21:15:00,9644,7.07,3.7225,990.75,92,5.5275,155,0.0975,0,75,0
2022-11-21 21:30:00,9549,7.07,3.575,990.5,92,5.915,160,0.065,0,75,0
2022-11-21 21:45:00,9436,7.07,3.4275,990.25,92,6.3025,165,0.0325,0,75,0
2022-11-21 22:00:00,9559,7.07,3.28,990,92,6.69,170,0,0,75,0
2022-11-21 22:15:00,9549,7.095,3.405,990.25,92,6.4325,177.5,0,0,75,0
2022-11-21 22:30:00,9428,7.12,3.53,990.5,92,6.175,185,0,0,75,0
2022-11-21 22:45:00,9422,7.145,3.655,990.75,92,5.9175,192.5,0,0,75,0
2022-11-21 23:00:00,9328,7.17,3.78,991,92,5.66,200,0,0,75,0
2022-11-21 23:15:00,9239,7.0875,3.7875,991,91.75,5.4025,197.5,0,0,56.25,0
2022-11-21 23:30:00,9264,7.005,3.795,991,91.5,5.145,195,0,0,37.5,0
2022-11-21 23:45:00,9102,6.9225,3.8025,991,91.25,4.8875,192.5,0,0,18.75,0
2022-11-22 00:00:00,8855,6.84,3.81,991,91,4.63,190,0,0,0,0
2022-11-22 00:15:00,8639,6.7875,3.6325,991,91,4.8875,195,0,0,0,0
2022-11-22 00:30:00,8445,6.735,3.455,991,91,5.145,200,0,0,0,0
2022-11-22 00:45:00,8418,6.6825,3.2775,991,91,5.4025,205,0,0,0,0
2022-11-22 01:00:00,8281,6.63,3.1,991,91,5.66,210,0,0,0,0
2022-11-22 01:15:00,8067,6.4575,2.7825,991,90.75,5.9175,210,0,0,0,0
2022-11-22 01:30:00,8131,6.285,2.465,991,90.5,6.175,210,0,0,0,0
2022-11-22 01:45:00,8020,6.1125,2.1475,991,90.25,6.4325,210,0,0,0,0
2022-11-22 02:00:00,7969,5.94,1.83,991,90,6.69,210,0,0,0,0
2022-11-22 02:15:00,7873,5.84,1.6575,991.25,89.5,6.8175,210,0,0,0,0
2022-11-22 02:30:00,7907,5.74,1.485,991.5,89,6.945,210,0,0,0,0
2022-11-22 02:45:00,7863,5.64,1.3125,991.75,88.5,7.0725,210,0,0,0,0
2022-11-22 03:00:00,7734,5.54,1.14,992,88,7.2,210,0,0,0,0
2022-11-22 03:15:00,7742,5.385,1.1475,992,88,6.685,210,0,0,0,0
2022-11-22 03:30:00,7822,5.23,1.155,992,88,6.17,210,0,0,0,0
2022-11-22 03:45:00,7780,5.075,1.1625,992,88,5.655,210,0,0,0,0
2022-11-22 04:00:00,7876,4.92,1.17,992,88,5.14,210,0,0,0,0
2022-11-22 04:15:00,7925,4.88,1.06,992,88,5.27,207.5,0,0,0,0
2022-11-22 04:30:00,7827,4.84,0.95,992,88,5.4,205,0,0,0,0
2022-11-22 04:45:00,7771,4.8,0.84,992,88,5.53,202.5,0,0,0,0
2022-11-22 05:00:00,8054,4.76,0.73,992,88,5.66,200,0,0,0,0
2022-11-22 05:15:00,8207,4.68,0.69,992,88.5,5.53,197.5,0,0,10,0
2022-11-22 05:30:00,8404,4.6,0.65,992,89,5.4,195,0,0,20,0
2022-11-22 05:45:00,8542,4.52,0.61,992,89.5,5.27,192.5,0,0,30,0
2022-11-22 06:00:00,8953,4.44,0.57,992,90,5.14,190,0,0,40,0
2022-11-22 06:15:00,9201,4.495,0.7025,992,90,5.0125,190,0,0,40,0
2022-11-22 06:30:00,9455,4.55,0.835,992,90,4.885,190,0,0,40,0
2022-11-22 06:45:00,9761,4.605,0.9675,992,90,4.7575,190,0,0,40,0
2022-11-22 07:00:00,10036,4.66,1.1,992,90,4.63,190,0,0,40,0
2022-11-22 07:15:00,10219,4.7975,1.27,992,89.75,4.63,192.5,0,0,48.75,0
2022-11-22 07:30:00,10465,4.935,1.44,992,89.5,4.63,195,0,0,57.5,0
2022-11-22 07:45:00,10486,5.0725,1.61,992,89.25,4.63,197.5,0,0,66.25,0
2022-11-22 08:00:00,10546,5.21,1.78,992,89,4.63,200,0,0,75,0
2022-11-22 08:15:00,10615,5.3675,1.86,992.25,88.5,4.8875,200,0,0,75,0
2022-11-22 08:30:00,10703,5.525,1.94,992.5,88,5.145,200,0,0,75,0
2022-11-22 08:45:00,10779,5.6825,2.02,992.75,87.5,5.4025,200,0,0,75,0
2022-11-22 09:00:00,10809,5.84,2.1,993,87,5.66,200,0,0,75,0
2022-11-22 09:15:00,10685,5.895,2.225,992.75,87,5.53,195,0,0,75,0
2022-11-22 09:30:00,10862,5.95,2.35,992.5,87,5.4,190,0,0,75,0
2022-11-22 09:45:00,10960,6.005,2.475,992.25,87,5.27,185,0,0,75,0
2022-11-22 10:00:00,10980,6.06,2.6,992,87,5.14,180,0,0,75,0
2022-11-22 10:15:00,10943,6.12,2.62,992,87.5,5.27,180,0,0,75,0
2022-11-22 10:30:00,10973,6.18,2.64,992,88,5.4,180,0,0,75,0
2022-11-22 10:45:00,10887,6.24,2.66,992,88.5,5.53,180,0,0,75,0
2022-11-22 11:00:00,10924,6.3,2.68,992,89,5.66,180,0,0,75,0
2022-11-22 11:15:00,11011,6.5025,2.8875,992,88.5,5.7875,182.5,0,0,75,0
2022-11-22 11:30:00,11040,6.705,3.095,992,88,5.915,185,0,0,75,0
2022-11-22 11:45:00,11082,6.9075,3.3025,992,87.5,6.0425,187.5,0,0,75,0
2022-11-22 12:00:00,10920,7.11,3.51,992,87,6.17,190,0,0,75,0
2022-11-22 12:15:00,10701,7.1525,3.6125,992,87.25,6.0425,190,0,0,75,0
2022-11-22 12:30:00,10709,7.195,3.715,992,87.5,5.915,190,0,0,75,0
2022-11-22 12:45:00,10737,7.2375,3.8175,992,87.75,5.7875,190,0,0,75,0
2022-11-22 13:00:00,10746,7.28,3.92,992,88,5.66,190,0,0,75,0
2022-11-22 13:15:00,10811,7.425,4.1025,992,87.5,5.66,190,0,0,75,0
2022-11-22 13:30:00,10802,7.57,4.285,992,87,5.66,190,0,0,75,0
2022-11-22 13:45:00,10754,7.715,4.4675,992,86.5,5.66,190,0,0,75,0
2022-11-22 14:00:00,10587,7.86,4.65,992,86,5.66,190,0,0,75,0
2022-11-22 14:15:00,10528,7.99,4.815,992,86,5.66,192.5,0,0,75,0
2022-11-22 14:30:00,10604,8.12,4.98,992,86,5.66,195,0,0,75,0
2022-11-22 14:45:00,10641,8.25,5.145,992,86,5.66,197.5,0,0,75,0
2022-11-22 15:00:00,10619,8.38,5.31,992,86,5.66,200,0,0,75,0
2022-11-22 15:15:00,10476,8.4775,5.27,992,85.5,6.175,205,0,0,75,0
2022-11-22 15:30:00,10569,8.575,5.23,992,85,6.69,210,0,0,75,0
2022-11-22 15:45:00,10396,8.6725,5.19,992,84.5,7.205,215,0,0,75,0
2022-11-22 16:00:00,10350,8.77,5.15,992,84,7.72,220,0,0,75,0
2022-11-22 16:15:00,10323,8.635,5.0975,992,84.25,7.3325,217.5,0,0,61.25,0
2022-11-22 16:30:00,10385,8.5,5.045,992,84.5,6.945,215,0,0,47.5,0
2022-11-22 16:45:00,10610,8.365,4.9925,992,84.75,6.5575,212.5,0,0,33.75,0
2022-11-22 17:00:00,10745,8.23,4.94,992,85,6.17,210,0,0,20,0
2022-11-22 17:15:00,11060,8.3575,5.06,992.25,85.5,6.3,207.5,0,0,33.75,0
2022-11-22 17:30:00,11233,8.485,5.18,992.5,86,6.43,205,0,0,47.5,0
2022-11-22 17:45:00,11209,8.6125,5.3,992.75,86.5,6.56,202.5,0,0,61.25,0
2022-11-22 18:00:00,11190,8.74,5.42,993,87,6.69,200,0,0,75,0
2022-11-22 18:15:00,11388,8.77,5.4575,993,86.5,6.69,200,0,0,75,0
2022-11-22 18:30:00,11176,8.8,5.495,993,86,6.69,200,0,0,75,0
2022-11-22 18:45:00,10934,8.83,5.5325,993,85.5,6.69,200,0,0,75,0
2022-11-22 19:00:00,10784,8.86,5.57,993,85,6.69,200,0,0,75,0
2022-11-22 19:15:00,10620,8.7175,5.43,993,86,6.56,200,0,0,75,0
2022-11-22 19:30:00,10580,8.575,5.29,993,87,6.43,200,0,0,75,0
2022-11-22 19:45:00,10528,8.4325,5.15,993,88,6.3,200,0,0,75,0
2022-11-22 20:00:00,10505,8.29,5.01,993,89,6.17,200,0,0,75,0
2022-11-22 20:15:00,10304,8.255,4.8825,993,89.5,6.4275,200,0,0,75,0
2022-11-22 20:30:00,10247,8.22,4.755,993,90,6.685,200,0,0,75,0
2022-11-22 20:45:00,9995,8.185,4.6275,993,90.5,6.9425,200,0,0,75,0
2022-11-22 21:00:00,9753,8.15,4.5,993,91,7.2,200,0,0,75,0
2022-11-22 21:15:00,9633,8.1725,4.6575,993.25,91,6.815,202.5,0,0,75,0
2022-11-22 21:30:00,9575,8.195,4.815,993.5,91,6.43,205,0,0,75,0
2022-11-22 21:45:00,9352,8.2175,4.9725,993.75,91,6.045,207.5,0,0,75,0
2022-11-22 22:00:00,9453,8.24,5.13,994,91,5.66,210,0,0,75,0
2022-11-22 22:15:00,9352,8.2725,5.1725,994.25,91,5.66,212.5,0,0,75,0
2022-11-22 22:30:00,9243,8.305,5.215,994.5,91,5.66,215,0,0,75,0
2022-11-22 22:45:00,9075,8.3375,5.2575,994.75,91,5.66,217.5,0,0,75,0
2022-11-22 23:00:00,9228,8.37,5.3,995,91,5.66,220,0,0,75,0
2022-11-22 23:15:00,9045,8.475,5.48,995,90.25,5.53,217.5,0,0,75,0
2022-11-22 23:30:00,8939,8.58,5.66,995,89.5,5.4,215,0,0,75,0
2022-11-22 23:45:00,8869,8.685,5.84,995,88.75,5.27,212.5,0,0,75,0
2022-11-23 00:00:00,8723,8.79,6.02,995,88,5.14,210,0,0,75,0
2022-11-23 00:15:00,8433,8.8125,6.0475,995.25,87.75,5.14,210,0,0,75,0
2022-11-23 00:30:00,8148,8.835,6.075,995.5,87.5,5.14,210,0,0,75,0
2022-11-23 00:45:00,7878,8.8575,6.1025,995.75,87.25,5.14,210,0,0,75,0
2022-11-23 01:00:00,8009,8.88,6.13,996,87,5.14,210,0,0,75,0
2022-11-23 01:15:00,8003,8.7675,6.0425,996,87.25,5.0125,210,0,0,75,0
2022-11-23 01:30:00,7896,8.655,5.955,996,87.5,4.885,210,0,0,75,0
2022-11-23 01:45:00,7761,8.5425,5.8675,996,87.75,4.7575,210,0,0,75,0
2022-11-23 02:00:00,7753,8.43,5.78,996,88,4.63,210,0,0,75,0
2022-11-23 02:15:00,7702,8.5075,5.73,996,87.25,5.015,212.5,0,0,75,0
2022-11-23 02:30:00,7641,8.585,5.68,996,86.5,5.4,215,0,0,75,0
2022-11-23 02:45:00,7743,8.6625,5.63,996,85.75,5.785,217.5,0,0,75,0
2022-11-23 03:00:00,7589,8.74,5.58,996,85,6.17,220,0,0,75,0
2022-11-23 03:15:00,7683,8.68,5.505,996,84.75,6.17,217.5,0,0,75,0
2022-11-23 03:30:00,7603,8.62,5.43,996,84.5,6.17,215,0,0,75,0
2022-11-23 03:45:00,7644,8.56,5.355,996,84.25,6.17,212.5,0,0,75,0
2022-11-23 04:00:00,7694,8.5,5.28,996,84,6.17,210,0,0,75,0
2022-11-23 04:15:00,7637,8.435,5.2925,996.25,84.25,5.9125,210,0,0,75,0
2022-11-23 04:30:00,7848,8.37,5.305,996.5,84.5,5.655,210,0,0,75,0
2022-11-23 04:45:00,8063,8.305,5.3175,996.75,84.75,5.3975,210,0,0,75,0
2022-11-23 05:00:00,8330,8.24,5.33,997,85,5.14,210,0,0,75,0
2022-11-23 05:15:00,8312,8.155,5.2775,996.75,85,5.0125,207.5,0,0,56.25,0
2022-11-23 05:30:00,8402,8.07,5.225,996.5,85,4.885,205,0,0,37.5,0
2022-11-23 05:45:00,8677,7.985,5.1725,996.25,85,4.7575,202.5,0,0,18.75,0
2022-11-23 06:00:00,8958,7.9,5.12,996,85,4.63,200,0,0,0,0
2022-11-23 06:15:00,9142,7.6575,4.71,996,85,4.8875,200,0,0,0,0
2022-11-23 06:30:00,9412,7.415,4.3,996,85,5.145,200,0,0,0,0
2022-11-23 06:45:00,9668,7.1725,3.89,996,85,5.4025,200,0,0,0,0
2022-11-23 07:00:00,9974,6.93,3.48,996,85,5.66,200,0,0,0,0
2022-11-23 07:15:00,10235,6.83,3.285,996.5,85.5,5.8375,196.5,0,0,17,0
2022-11-23 07:30:00,10424,6.73,3.09,997,86,6.015,193,0,0,34,0
2022-11-23 07:45:00,10519,6.63,2.895,997.5,86.5,6.1925,189.5,0,0,51,0
2022-11-23 08:00:00,10589,6.53,2.7,998,87,6.37,186,0,0,68,0
2022-11-23 08:15:00,10548,6.505,2.66,997.5,87,6.3925,184.25,0,0,57,0
2022-11-23 08:30:00,10712,6.48,2.62,997,87,6.415,182.5,0,0,46,0
2022-11-23 08:45:00,10770,6.455,2.58,996.5,87,6.4375,180.75,0,0,35,0
2022-11-23 09:00:00,10631,6.43,2.54,996,87,6.46,179,0,0,24,0
2022-11-23 09:15:00,10704,6.515,2.5825,996,86.5,6.6525,178.5,0,0,24,0
2022-11-23 09:30:00,10753,6.6,2.625,996,86,6.845,178,0,0,24,0
2022-11-23 09:45:00,10663,6.685,2.6675,996,85.5,7.0375,177.5,0,0,24,0
2022-11-23 10:00:00,10739,6.77,2.71,996,85,7.23,177,0,0,24,0
2022-11-23 10:15:00,10720,6.99,2.9525,996,84.25,7.37,175.25,0,0,24.5,0
2022-11-23 10:30:00,10642,7.21,3.195,996,83.5,7.51,173.5,0,0,25,0
2022-11-23 10:45:00,10657,7.43,3.4375,996,82.75,7.65,171.75,0,0,25.5,0
2022-11-23 11:00:00,10647,7.65,3.68,996,82,7.79,170,0,0,26,0
2022-11-23 11:15:00,10717,7.87,3.9325,996,81.25,7.91,170,0,0,29.25,0
2022-11-23 11:30:00,10718,8.09,4.185,996,80.5,8.03,170,0,0,32.5,0
2022-11-23 11:45:00,10776,8.31,4.4375,996,79.75,8.15,170,0,0,35.75,0
2022-11-23 12:00:00,10678,8.53,4.69,996,79,8.27,170,0,0,39,0
2022-11-23 12:15:00,10454,8.6675,4.8825,995.75,78.75,8.22,172.5,0,0,42.5,0
2022-11-23 12:30:00,10478,8.805,5.075,995.5,78.5,8.17,175,0,0,46,0
2022-11-23 12:45:00,10570,8.9425,5.2675,995.25,78.25,8.12,177.5,0,0,49.5,0
2022-11-23 13:00:00,10758,9.08,5.46,995,78,8.07,180,0,0,53,0
2022-11-23 13:15:00,10798,8.86,5.135,995,80.5,8.2125,181.75,0.515,0,64.75,0
2022-11-23 13:30:00,10817,8.64,4.81,995,83,8.355,183.5,1.03,0,76.5,0
2022-11-23 13:45:00,10775,8.42,4.485,995,85.5,8.4975,185.25,1.545,0,88.25,0
2022-11-23 14:00:00,10786,8.2,4.16,995,88,8.64,187,2.06,0,100,0
2022-11-23 14:15:00,10706,8.225,4.2175,995.25,88.25,8.545,191.25,2.1725,0,100,0
2022-11-23 14:30:00,10673,8.25,4.275,995.5,88.5,8.45,195.5,2.285,0,100,0
2022-11-23 14:45:00,10678,8.275,4.3325,995.75,88.75,8.355,199.75,2.3975,0,100,0
2022-11-23 15:00:00,10696,8.3,4.39,996,89,8.26,204,2.51,0,100,0
2022-11-23 15:15:00,10712,8.5225,4.7925,996.25,88.25,7.8575,210.5,1.92,0,100,0
2022-11-23 15:30:00,10657,8.745,5.195,996.5,87.5,7.455,217,1.33,0,100,0
2022-11-23 15:45:00,10576,8.9675,5.5975,996.75,86.75,7.0525,223.5,0.74,0,100,0
2022-11-23 16:00:00,10608,9.19,6,997,86,6.65,230,0.15,0,100,0
2022-11-23 16:15:00,10675,9.0675,5.97,997.25,86.5,6.2925,231,0.1125,0,100,0
2022-11-23 16:30:00,10621,8.945,5.94,997.5,87,5.935,232,0.075,0,100,0
2022-11-23 16:45:00,10788,8.8225,5.91,997.75,87.5,5.5775,233,0.0375,0,100,0
2022-11-23 17:00:00,11075,8.7,5.88,998,88,5.22,234,0,0,100,0
2022-11-23 17:15:00,11225,8.515,5.6775,998.5,88,5.1475,232.75,0,0,95.25,0
2022-11-23 17:30:00,11349,8.33,5.475,999,88,5.075,231.5,0,0,90.5,0
2022-11-23 17:45:00,11429,8.145,5.2725,999.5,88,5.0025,230.25,0,0,85.75,0
2022-11-23 18:00:00,11385,7.96,5.07,1000,88,4.93,229,0,0,81,0
2022-11-23 18:15:00,11220,7.9975,5,1000.25,87.25,5.2375,229.75,0,0,78,0
2022-11-23 18:30:00,11290,8.035,4.93,1000.5,86.5,5.545,230.5,0,0,75,0
2022-11-23 18:45:00,11147,8.0725,4.86,1000.75,85.75,5.8525,231.25,0,0,72,0
2022-11-23 19:00:00,11144,8.11,4.79,1001,85,6.16,232,0,0,69,0
2022-11-23 19:15:00,10991,8.095,4.7175,1001.25,85,6.3175,231.25,0,0,53,0
2022-11-23 19:30:00,10745,8.08,4.645,1001.5,85,6.475,230.5,0,0,37,0
2022-11-23 19:45:00,10594,8.065,4.5725,1001.75,85,6.6325,229.75,0,0,21,0
2022-11-23 20:00:00,10284,8.05,4.5,1002,85,6.79,229,0,0,5,0
2022-11-23 20:15:00,10013,8.015,4.3975,1002.25,85,6.9725,227.5,0,0,5.25,0
2022-11-23 20:30:00,9999,7.98,4.295,1002.5,85,7.155,226,0,0,5.5,0
2022-11-23 20:45:00,9806,7.945,4.1925,1002.75,85,7.3375,224.5,0,0,5.75,0
2022-11-23 21:00:00,9672,7.91,4.09,1003,85,7.52,223,0,0,6,0
2022-11-23 21:15:00,9607,7.8875,4.0325,1003.25,85,7.6175,222.25,0,0,6.75,0
2022-11-23 21:30:00,9414,7.865,3.975,1003.5,85,7.715,221.5,0,0,7.5,0
2022-11-23 21:45:00,9204,7.8425,3.9175,1003.75,85,7.8125,220.75,0,0,8.25,0
2022-11-23 22:00:00,9272,7.82,3.86,1004,85,7.91,220,0,0,9,0
2022-11-23 22:15:00,9448,7.875,3.9175,1004.25,85,7.9675,219.25,0,0,11.5,0
2022-11-23 22:30:00,9378,7.93,3.975,1004.5,85,8.025,218.5,0,0,14,0
2022-11-23 22:45:00,9226,7.985,4.0325,1004.75,85,8.0825,217.75,0,0,16.5,0
2022-11-23 23:00:00,9145,8.04,4.09,1005,85,8.14,217,0,0,19,0
2022-11-23 23:15:00,9057,8.12,4.1775,1005.25,84.5,8.2,217,0,0,23,0
2022-11-23 23:30:00,8979,8.2,4.265,1005.5,84,8.26,217,0,0,27,0
2022-11-23 23:45:00,8859,8.28,4.3525,1005.75,83.5,8.32,217,0,0,31,0
2022-11-24 00:00:00,8684,8.36,4.44,1006,83,8.38,217,0,0,35,0
2022-11-24 00:15:00,8530,8.3475,4.425,1006,83,8.3725,217,0,0,37.75,0
2022-11-24 00:30:00,8435,8.335,4.41,1006,83,8.365,217,0,0,40.5,0
2022-11-24 00:45:00,8337,8.3225,4.395,1006,83,8.3575,217,0,0,43.25,0
2022-11-24 01:00:00,8387,8.31,4.38,1006,83,8.35,217,0,0,46,0
2022-11-24 01:15:00,8202,8.2925,4.375,1006,83.25,8.28,215.75,0,0,59.5,0
2022-11-24 01:30:00,8100,8.275,4.37,1006,83.5,8.21,214.5,0,0,73,0
2022-11-24 01:45:00,8065,8.2575,4.365,1006,83.75,8.14,213.25,0,0,86.5,0
2022-11-24 02:00:00,7932,8.24,4.36,1006,84,8.07,212,0,0,100,0
2022-11-24 02:15:00,7892,8.2525,4.3575,1006,83.75,8.1425,212,0,0,100,0
2022-11-24 02:30:00,7816,8.265,4.355,1006,83.5,8.215,212,0,0,100,0
2022-11-24 02:45:00,7746,8.2775,4.3525,1006,83.25,8.2875,212,0,0,100,0
2022-11-24 03:00:00,7842,8.29,4.35,1006,83,8.36,212,0,0,100,0
2022-11-24 03:15:00,7820,8.2375,4.305,1006.25,83.75,8.28,215,0.1025,0,100,0
2022-11-24 03:30:00,7639,8.185,4.26,1006.5,84.5,8.2,218,0.205,0,100,0
2022-11-24 03:45:00,7653,8.1325,4.215,1006.75,85.25,8.12,221,0.3075,0,100,0
2022-11-24 04:00:00,7718,8.08,4.17,1007,86,8.04,224,0.41,0,100,0
2022-11-24 04:15:00,7855,8.0675,4.1825,1007.25,86.25,7.935,224.25,0.5775,0,100,0
2022-11-24 04:30:00,7868,8.055,4.195,1007.5,86.5,7.83,224.5,0.745,0,100,0
2022-11-24 04:45:00,7910,8.0425,4.2075,1007.75,86.75,7.725,224.75,0.9125,0,100,0
2022-11-24 05:00:00,8168,8.03,4.22,1008,87,7.62,225,1.08,0,100,0
2022-11-24 05:15:00,8528,7.985,4.1925,1008.25,86.5,7.5175,226.25,0.9175,0,100,0
2022-11-24 05:30:00,8400,7.94,4.165,1008.5,86,7.415,227.5,0.755,0,100,0
2022-11-24 05:45:00,8541,7.895,4.1375,1008.75,85.5,7.3125,228.75,0.5925,0,100,0
2022-11-24 06:00:00,8894,7.85,4.11,1009,85,7.21,230,0.43,0,100,0
2022-11-24 06:15:00,8767,7.615,3.8525,1009.25,86,7.0725,229.25,0.3225,0,96.5,0
2022-11-24 06:30:00,9501,7.38,3.595,1009.5,87,6.935,228.5,0.215,0,93,0
2022-11-24 06:45:00,9751,7.145,3.3375,1009.75,88,6.7975,227.75,0.1075,0,89.5,0
2022-11-24 07:00:00,9985,6.91,3.08,1010,89,6.66,227,0,0,86,0
2022-11-24 07:15:00,10262,6.875,3.0975,1010,89.25,6.4925,225.25,0,0,66.25,0
2022-11-24 07:30:00,10523,6.84,3.115,1010,89.5,6.325,223.5,0,0,46.5,0
2022-11-24 07:45:00,10559,6.805,3.1325,1010,89.75,6.1575,221.75,0,0,26.75,0
2022-11-24 08:00:00,10659,6.77,3.15,1010,90,5.99,220,0,0,7,0
2022-11-24 08:15:00,10743,6.79,3.2075,1010.25,90.25,5.905,218.75,0,0,7,0
2022-11-24 08:30:00,10619,6.81,3.265,1010.5,90.5,5.82,217.5,0,0,7,0
2022-11-24 08:45:00,10656,6.83,3.3225,1010.75,90.75,5.735,216.25,0,0,7,0
2022-11-24 09:00:00,10621,6.85,3.38,1011,91,5.65,215,0,0,7,0
2022-11-24 09:15:00,10779,7.0725,3.66,1011,90,5.65,215,0,0,8.25,0
2022-11-24 09:30:00,10704,7.295,3.94,1011,89,5.65,215,0,0,9.5,0
2022-11-24 09:45:00,10627,7.5175,4.22,1011,88,5.65,215,0,0,10.75,0
2022-11-24 10:00:00,10494,7.74,4.5,1011,87,5.65,215,0,0,12,0
2022-11-24 10:15:00,10508,7.995,4.7925,1011.25,86.25,5.735,214.75,0,0,14.5,0
2022-11-24 10:30:00,10539,8.25,5.085,1011.5,85.5,5.82,214.5,0,0,17,0
2022-11-24 10:45:00,10528,8.505,5.3775,1011.75,84.75,5.905,214.25,0,0,19.5,0
2022-11-24 11:00:00,10417,8.76,5.67,1012,84,5.99,214,0,0,22,0
2022-11-24 11:15:00,10365,8.9875,5.93,1012,82.75,6.08,213.75,0,0,21.75,0
2022-11-24 11:30:00,10522,9.215,6.19,1012,81.5,6.17,213.5,0,0,21.5,0
2022-11-24 11:45:00,10609,9.4425,6.45,1012,80.25,6.26,213.25,0,0,21.25,0
2022-11-24 12:00:00,10568,9.67,6.71,1012,79,6.35,213,0,0,21,0
2022-11-24 12:15:00,10296,9.85,7.4,1012,78.25,6.24,211.5,0,0,21.75,0
2022-11-24 12:30:00,10341,10.03,8.09,1012,77.5,6.13,210,0,0,22.5,0
2022-11-24 12:45:00,10314,10.21,8.78,1012,76.75,6.02,208.5,0,0,23.25,0
2022-11-24 13:00:00,10351,10.39,9.47,1012,76,5.91,207,0,0,24,0
2022-11-24 13:15:00,10147,10.425,9.515,1011.75,76.25,5.72,203,0,0,43,0
2022-11-24 13:30:00,10054,10.46,9.56,1011.5,76.5,5.53,199,0,0,62,0
2022-11-24 13:45:00,10001,10.495,9.605,1011.25,76.75,5.34,195,0,0,81,0
2022-11-24 14:00:00,9986,10.53,9.65,1011,77,5.15,191,0,0,100,0
2022-11-24 14:15:00,10206,10.4675,9.595,1011,77.5,5.3,189.75,0,0,100,0
2022-11-24 14:30:00,10180,10.405,9.54,1011,78,5.45,188.5,0,0,100,0
2022-11-24 14:45:00,10138,10.3425,9.485,1011,78.5,5.6,187.25,0,0,100,0
2022-11-24 15:00:00,10227,10.28,9.43,1011,79,5.75,186,0,0,100,0
2022-11-24 15:15:00,10299,10.145,8.7975,1011,79.75,5.82,185,0,0,100,0
2022-11-24 15:30:00,10332,10.01,8.165,1011,80.5,5.89,184,0,0,100,0
2022-11-24 15:45:00,10291,9.875,7.5325,1011,81.25,5.96,183,0,0,100,0
2022-11-24 16:00:00,10334,9.74,6.9,1011,82,6.03,182,0,0,100,0
2022-11-24 16:15:00,10377,9.6125,6.7075,1011,82.25,6.1225,181.5,0,0,100,0
2022-11-24 16:30:00,10435,9.485,6.515,1011,82.5,6.215,181,0,0,100,0
2022-11-24 16:45:00,10675,9.3575,6.3225,1011,82.75,6.3075,180.5,0,0,100,0
2022-11-24 17:00:00,10880,9.23,6.13,1011,83,6.4,180,0,0,100,0
2022-11-24 17:15:00,11064,9.2525,6.125,1010.75,83,6.51,179.25,0,0,100,0
2022-11-24 17:30:00,11143,9.275,6.12,1010.5,83,6.62,178.5,0,0,100,0
2022-11-24 17:45:00,11165,9.2975,6.115,1010.25,83,6.73,177.75,0,0,100,0
2022-11-24 18:00:00,11103,9.32,6.11,1010,83,6.84,177,0,0,100,0
2022-11-24 18:15:00,11064,9.445,6.2325,1010,82.5,6.98,177.5,0,0,100,0
2022-11-24 18:30:00,11056,9.57,6.355,1010,82,7.12,178,0,0,100,0
2022-11-24 18:45:00,10963,9.695,6.4775,1010,81.5,7.26,178.5,0,0,100,0
2022-11-24 19:00:00,10833,9.82,6.6,1010,81,7.4,179,0,0,100,0
2022-11-24 19:15:00,10582,9.79,6.5125,1009.75,81.25,7.585,178.75,0,0,100,0
2022-11-24 19:30:00,10474,9.76,6.425,1009.5,81.5,7.77,178.5,0,0,100,0
2022-11-24 19:45:00,10425,9.73,6.3375,1009.25,81.75,7.955,178.25,0,0,100,0
2022-11-24 20:00:00,10279,9.7,6.25,1009,82,8.14,178,0,0,100,0
2022-11-24 20:15:00,10024,9.6575,6.18,1009,82,8.19,179,0,0,100,0
2022-11-24 20:30:00,9935,9.615,6.11,1009,82,8.24,180,0,0,100,0
2022-11-24 20:45:00,9895,9.5725,6.04,1009,82,8.29,181,0,0,100,0
2022-11-24 21:00:00,9750,9.53,5.97,1009,82,8.34,182,0,0,100,0
2022-11-24 21:15:00,9667,9.58,6.0175,1009,81.5,8.415,183.5,0,0,100,0
2022-11-24 21:30:00,9533,9.63,6.065,1009,81,8.49,185,0,0,100,0
2022-11-24 21:45:00,9276,9.68,6.1125,1009,80.5,8.565,186.5,0,0,100,0
2022-11-24 22:00:00,9398,9.73,6.16,1009,80,8.64,188,0,0,100,0
2022-11-24 22:15:00,9418,9.71,6.145,1009.25,80,8.595,193,0.08,0,100,0
2022-11-24 22:30:00,9512,9.69,6.13,1009.5,80,8.55,198,0.16,0,100,0
2022-11-24 22:45:00,9480,9.67,6.115,1009.75,80,8.505,203,0.24,0,100,0
2022-11-24 23:00:00,9487,9.65,6.1,1010,80,8.46,208,0.32,0,100,0
2022-11-24 23:15:00,9447,9.475,5.995,1010,82,8.025,205.25,0.63,0,100,0
2022-11-24 23:30:00,9418,9.3,5.89,1010,84,7.59,202.5,0.94,0,100,0
2022-11-24 23:45:00,9363,9.125,5.785,1010,86,7.155,199.75,1.25,0,100,0
2022-11-25 00:00:00,9107,8.95,5.68,1010,88,6.72,197,1.56,0,100,0
2022-11-25 00:15:00,8764,9.1025,5.8525,1010,88,6.7975,197,1.17,0,100,0
2022-11-25 00:30:00,8699,9.255,6.025,1010,88,6.875,197,0.78,0,100,0
2022-11-25 00:45:00,8388,9.4075,6.1975,1010,88,6.9525,197,0.39,0,100,0
2022-11-25 01:00:00,8359,9.56,6.37,1010,88,7.03,197,0,0,100,0
2022-11-25 01:15:00,8282,9.51,6.29,1010,88.5,7.0825,200,0.1225,0,100,0
2022-11-25 01:30:00,8128,9.46,6.21,1010,89,7.135,203,0.245,0,100,0
2022-11-25 01:45:00,8023,9.41,6.13,1010,89.5,7.1875,206,0.3675,0,100,0
2022-11-25 02:00:00,8087,9.36,6.05,1010,90,7.24,209,0.49,0,100,0
2022-11-25 02:15:00,7947,9.355,6.115,1010,89.5,7.0025,207.25,0.435,0,100,0
2022-11-25 02:30:00,7982,9.35,6.18,1010,89,6.765,205.5,0.38,0,100,0
2022-11-25 02:45:00,7894,9.345,6.245,1010,88.5,6.5275,203.75,0.325,0,100,0
2022-11-25 03:00:00,7915,9.34,6.31,1010,88,6.29,202,0.27,0,100,0
2022-11-25 03:15:00,7872,9.265,6.265,1010,87.75,6.1375,201.75,0.2025,0,100,0
2022-11-25 03:30:00,7838,9.19,6.22,1010,87.5,5.985,201.5,0.135,0,100,0
2022-11-25 03:45:00,7980,9.115,6.175,1010,87.25,5.8325,201.25,0.0675,0,100,0
2022-11-25 04:00:00,7959,9.04,6.13,1010,87,5.68,201,0,0,100,0
2022-11-25 04:15:00,7852,8.9775,6.07,1010.25,88,5.63,201.5,0,0,98.75,0
2022-11-25 04:30:00,7881,8.915,6.01,1010.5,89,5.58,202,0,0,97.5,0
2022-11-25 04:45:00,7904,8.8525,5.95,1010.75,90,5.53,202.5,0,0,96.25,0
2022-11-25 05:00:00,8299,8.79,5.89,1011,91,5.48,203,0,0,95,0
2022-11-25 05:15:00,8329,8.7025,5.82,1011.25,91.5,5.3775,205.5,0,0,91.25,0
2022-11-25 05:30:00,8285,8.615,5.75,1011.5,92,5.275,208,0,0,87.5,0
2022-11-25 05:45:00,8553,8.5275,5.68,1011.75,92.5,5.1725,210.5,0,0,83.75,0
2022-11-25 06:00:00,8799,8.44,5.61,1012,93,5.07,213,0,0,80,0
2022-11-25 06:15:00,9094,8.3525,5.475,1012,93,5.1325,213.75,0,0,62.25,0
2022-11-25 06:30:00,9458,8.265,5.34,1012,93,5.195,214.5,0,0,44.5,0
2022-11-25 06:45:00,9662,8.1775,5.205,1012,93,5.2575,215.25,0,0,26.75,0
2022-11-25 07:00:00,9884,8.09,5.07,1012,93,5.32,216,0,0,9,0
2022-11-25 07:15:00,10214,7.9125,5.0525,1012,93,4.89,219.5,0,0,6.75,0
2022-11-25 07:30:00,10403,7.735,5.035,1012,93,4.46,223,0,0,4.5,0
2022-11-25 07:45:00,10375,7.5575,5.0175,1012,93,4.03,226.5,0,0,2.25,0
2022-11-25 08:00:00,10417,7.38,5,1012,93,3.6,230,0,0,0,0
2022-11-25 08:15:00,10563,7.5,4.965,1012.25,92.75,3.985,227.5,0,0,5,0
2022-11-25 08:30:00,10478,7.62,4.93,1012.5,92.5,4.37,225,0,0,10,0
2022-11-25 08:45:00,10665,7.74,4.895,1012.75,92.25,4.755,222.5,0,0,15,0
2022-11-25 09:00:00,10620,7.86,4.86,1013,92,5.14,220,0,0,20,0
2022-11-25 09:15:00,10524,8.065,5.0225,1013.25,91.75,5.3975,220,0.03,0,20,0
2022-11-25 09:30:00,10551,8.27,5.185,1013.5,91.5,5.655,220,0.06,0,20,0
2022-11-25 09:45:00,10553,8.475,5.3475,1013.75,91.25,5.9125,220,0.09,0,20,0
2022-11-25 10:00:00,10564,8.68,5.51,1014,91,6.17,220,0.12,0,20,0
2022-11-25 10:15:00,10421,8.8025,5.71,1014.25,90,6.0425,225,0.09,0,15,0
2022-11-25 10:30:00,10357,8.925,5.91,1014.5,89,5.915,230,0.06,0,10,0
2022-11-25 10:45:00,10430,9.0475,6.11,1014.75,88,5.7875,235,0.03,0,5,0
2022-11-25 11:00:00,10462,9.17,6.31,1015,87,5.66,240,0,0,0,0
2022-11-25 11:15:00,10533,9.4325,7.0975,1015.25,86,5.66,240,0,0,5,0
2022-11-25 11:30:00,10677,9.695,7.885,1015.5,85,5.66,240,0,0,10,0
2022-11-25 11:45:00,10571,9.9575,8.6725,1015.75,84,5.66,240,0,0,15,0
2022-11-25 12:00:00,10389,10.22,9.46,1016,83,5.66,240,0,0,20,0
2022-11-25 12:15:00,10274,10.4075,9.6425,1016.25,82,5.7875,242.5,0,0,15,0
2022-11-25 12:30:00,10279,10.595,9.825,1016.5,81,5.915,245,0,0,10,0
2022-11-25 12:45:00,10164,10.7825,10.0075,1016.75,80,6.0425,247.5,0,0,5,0
2022-11-25 13:00:00,10155,10.97,10.19,1017,79,6.17,250,0,0,0,0
2022-11-25 13:15:00,10059,11.0175,10.24,1017,79,6.0425,250,0,0,5,0
2022-11-25 13:30:00,10026,11.065,10.29,1017,79,5.915,250,0,0,10,0
2022-11-25 13:45:00,9896,11.1125,10.34,1017,79,5.7875,250,0,0,15,0
2022-11-25 14:00:00,9790,11.16,10.39,1017,79,5.66,250,0,0,20,0
2022-11-25 14:15:00,9760,11.065,10.305,1017.25,79.75,5.275,247.5,0,0,20,0
2022-11-25 14:30:00,9888,10.97,10.22,1017.5,80.5,4.89,245,0,0,20,0
2022-11-25 14:45:00,9875,10.875,10.135,1017.75,81.25,4.505,242.5,0,0,20,0
2022-11-25 15:00:00,9991,10.78,10.05,1018,82,4.12,240,0,0,20,0
2022-11-25 15:15:00,9981,10.71,9.98,1018.25,82.25,3.99,240,0,0,20,0
2022-11-25 15:30:00,10080,10.64,9.91,1018.5,82.5,3.86,240,0,0,20,0
2022-11-25 15:45:00,10072,10.57,9.84,1018.75,82.75,3.73,240,0,0,20,0
2022-11-25 16:00:00,10073,10.5,9.77,1019,83,3.6,240,0,0,20,0
2022-11-25 16:15:00,10291,10.1825,9.14,1019.25,84,3.6,237.5,0,0,20,0
2022-11-25 16:30:00,10354,9.865,8.51,1019.5,85,3.6,235,0,0,20,0
2022-11-25 16:45:00,10538,9.5475,7.88,1019.75,86,3.6,232.5,0,0,20,0
2022-11-25 17:00:00,10731,9.23,7.25,1020,87,3.6,230,0,0,20,0
2022-11-25 17:15:00,10807,9.0175,6.9925,1020.25,87.5,3.6,230,0,0,20,0
2022-11-25 17:30:00,10854,8.805,6.735,1020.5,88,3.6,230,0,0,20,0
2022-11-25 17:45:00,10965,8.5925,6.4775,1020.75,88.5,3.6,230,0,0,20,0
2022-11-25 18:00:00,10998,8.38,6.22,1021,89,3.6,230,0,0,20,0
2022-11-25 18:15:00,10875,8.1375,6.09,1021.25,89.25,3.3425,230,0,0,15,0
2022-11-25 18:30:00,10858,7.895,5.96,1021.5,89.5,3.085,230,0,0,10,0
2022-11-25 18:45:00,10665,7.6525,5.83,1021.75,89.75,2.8275,230,0,0,5,0
2022-11-25 19:00:00,10613,7.41,5.7,1022,90,2.57,230,0,0,0,0
2022-11-25 19:15:00,10437,7.3125,5.585,1022.25,90.25,2.57,230,0,0,0,0
2022-11-25 19:30:00,10424,7.215,5.47,1022.5,90.5,2.57,230,0,0,0,0
2022-11-25 19:45:00,10249,7.1175,5.355,1022.75,90.75,2.57,230,0,0,0,0
2022-11-25 20:00:00,10103,7.02,5.24,1023,91,2.57,230,0,0,0,0
2022-11-25 20:15:00,9976,6.825,4.9125,1023,91.5,2.7,225,0,0,0,0
2022-11-25 20:30:00,9780,6.63,4.585,1023,92,2.83,220,0,0,0,0
2022-11-25 20:45:00,9657,6.435,4.2575,1023,92.5,2.96,215,0,0,0,0
2022-11-25 21:00:00,9547,6.24,3.93,1023,93,3.09,210,0,0,0,0
2022-11-25 21:15:00,9480,6.145,3.8175,1023.25,92.75,3.09,210,0,0,0,0
2022-11-25 21:30:00,9152,6.05,3.705,1023.5,92.5,3.09,210,0,0,0,0
2022-11-25 21:45:00,9146,5.955,3.5925,1023.75,92.25,3.09,210,0,0,0,0
2022-11-25 22:00:00,9273,5.86,3.48,1024,92,3.09,210,0,0,0,0
2022-11-25 22:15:00,9176,5.855,3.39,1024.25,92.5,3.2175,210,0,0,0,0
2022-11-25 22:30:00,9267,5.85,3.3,1024.5,93,3.345,210,0,0,0,0
2022-11-25 22:45:00,9211,5.845,3.21,1024.75,93.5,3.4725,210,0,0,0,0
2022-11-25 23:00:00,9297,5.84,3.12,1025,94,3.6,210,0,0,0,0
2022-11-25 23:15:00,9127,5.8225,3.1,1025.25,93.75,3.6,207.5,0,0,0,0
2022-11-25 23:30:00,8961,5.805,3.08,1025.5,93.5,3.6,205,0,0,0,0
2022-11-25 23:45:00,8869,5.7875,3.06,1025.75,93.25,3.6,202.5,0,0,0,0
2022-11-26 00:00:00,8674,5.77,3.04,1026,93,3.6,200,0,0,0,0
2022-11-26 00:15:00,8504,5.6725,2.92,1026,92.75,3.6,202.5,0,0,0,0
2022-11-26 00:30:00,8344,5.575,2.8,1026,92.5,3.6,205,0,0,0,0
2022-11-26 00:45:00,8204,5.4775,2.68,1026,92.25,3.6,207.5,0,0,0,0
2022-11-26 01:00:00,8127,5.38,2.56,1026,92,3.6,210,0,0,0,0
2022-11-26 01:15:00,7962,5.23,2.3775,1026,92.5,3.6,207.5,0,0,0,0
2022-11-26 01:30:00,8022,5.08,2.195,1026,93,3.6,205,0,0,0,0
2022-11-26 01:45:00,7956,4.93,2.0125,1026,93.5,3.6,202.5,0,0,0,0
2022-11-26 02:00:00,7838,4.78,1.83,1026,94,3.6,200,0,0,0,0
2022-11-26 02:15:00,7715,4.795,1.8475,1026.25,94.25,3.6,200,0,0,0,0
2022-11-26 02:30:00,7756,4.81,1.865,1026.5,94.5,3.6,200,0,0,0,0
2022-11-26 02:45:00,7762,4.825,1.8825,1026.75,94.75,3.6,200,0,0,0,0
2022-11-26 03:00:00,7732,4.84,1.9,1027,95,3.6,200,0,0,0,0
2022-11-26 03:15:00,7735,4.8875,1.8825,1027,95,3.73,200,0,0,0,0
2022-11-26 03:30:00,7532,4.935,1.865,1027,95,3.86,200,0,0,0,0
2022-11-26 03:45:00,7487,4.9825,1.8475,1027,95,3.99,200,0,0,0,0
2022-11-26 04:00:00,7564,5.03,1.83,1027,95,4.12,200,0,0,0,0
2022-11-26 04:15:00,7466,5.055,1.86,1027,94.5,4.12,202.5,0,0,0,0
2022-11-26 04:30:00,7333,5.08,1.89,1027,94,4.12,205,0,0,0,0
2022-11-26 04:45:00,7287,5.105,1.92,1027,93.5,4.12,207.5,0,0,0,0
2022-11-26 05:00:00,7305,5.13,1.95,1027,93,4.12,210,0,0,0,0
2022-11-26 05:15:00,7304,5.05,1.8525,1027,93.5,4.12,210,0,0,0,0
2022-11-26 05:30:00,7476,4.97,1.755,1027,94,4.12,210,0,0,0,0
2022-11-26 05:45:00,7517,4.89,1.6575,1027,94.5,4.12,210,0,0,0,0
2022-11-26 06:00:00,7680,4.81,1.56,1027,95,4.12,210,0,0,0,0
2022-11-26 06:15:00,7909,4.8025,1.6275,1027.25,95,3.99,207.5,0,0,0,0
2022-11-26 06:30:00,7903,4.795,1.695,1027.5,95,3.86,205,0,0,0,0
2022-11-26 06:45:00,8009,4.7875,1.7625,1027.75,95,3.73,202.5,0,0,0,0
2022-11-26 07:00:00,8123,4.78,1.83,1028,95,3.6,200,0,0,0,0
2022-11-26 07:15:00,8288,4.72,1.6775,1028,94.75,3.73,197.5,0,0,0,0
2022-11-26 07:30:00,8519,4.66,1.525,1028,94.5,3.86,195,0,0,0,0
2022-11-26 07:45:00,8781,4.6,1.3725,1028,94.25,3.99,192.5,0,0,0,0
2022-11-26 08:00:00,8822,4.54,1.22,1028,94,4.12,190,0,0,0,0
2022-11-26 08:15:00,8874,4.62,1.32,1028.25,94.25,4.12,190,0,0,0,0
2022-11-26 08:30:00,8943,4.7,1.42,1028.5,94.5,4.12,190,0,0,0,0
2022-11-26 08:45:00,9014,4.78,1.52,1028.75,94.75,4.12,190,0,0,0,0
2022-11-26 09:00:00,9117,4.86,1.62,1029,95,4.12,190,0,0,0,0
2022-11-26 09:15:00,9321,5.3275,2.195,1029,94.75,4.12,190,0,0,0,0
2022-11-26 09:30:00,9175,5.795,2.77,1029,94.5,4.12,190,0,0,0,0
2022-11-26 09:45:00,9260,6.2625,3.345,1029,94.25,4.12,190,0,0,0,0
2022-11-26 10:00:00,9337,6.73,3.92,1029,94,4.12,190,0,0,0,0
2022-11-26 10:15:00,9325,7.0525,4.3175,1029,93.5,4.12,190,0,0,0,0
2022-11-26 10:30:00,9325,7.375,4.715,1029,93,4.12,190,0,0,0,0
2022-11-26 10:45:00,9254,7.6975,5.1125,1029,92.5,4.12,190,0,0,0,0
2022-11-26 11:00:00,9228,8.02,5.51,1029,92,4.12,190,0,0,0,0
2022-11-26 11:15:00,9319,8.4,6.19,1029,91,3.7325,190,0,0,0,0
2022-11-26 11:30:00,9322,8.78,6.87,1029,90,3.345,190,0,0,0,0
2022-11-26 11:45:00,9334,9.16,7.55,1029,89,2.9575,190,0,0,0,0
2022-11-26 12:00:00,9498,9.54,8.23,1029,88,2.57,190,0,0,0,0
2022-11-26 12:15:00,9371,9.705,8.5475,1029,87.25,2.7,195,0,0,0,0
2022-11-26 12:30:00,9259,9.87,8.865,1029,86.5,2.83,200,0,0,0,0
2022-11-26 12:45:00,9097,10.035,9.1825,1029,85.75,2.96,205,0,0,0,0
2022-11-26 13:00:00,9135,10.2,9.5,1029,85,3.09,210,0,0,0,0
2022-11-26 13:15:00,9055,10.3525,9.64,1029,84,3.2175,210,0,0,0,0
2022-11-26 13:30:00,8969,10.505,9.78,1029,83,3.345,210,0,0,0,0
2022-11-26 13:45:00,8895,10.6575,9.92,1029,82,3.4725,210,0,0,0,0
2022-11-26 14:00:00,8755,10.81,10.06,1029,81,3.6,210,0,0,0,0
2022-11-26 14:15:00,8709,10.8475,10.0875,1028.75,80.5,3.73,207.5,0,0,0,0
2022-11-26 14:30:00,8559,10.885,10.115,1028.5,80,3.86,205,0,0,0,0
2022-11-26 14:45:00,8588,10.9225,10.1425,1028.25,79.5,3.99,202.5,0,0,0,0
2022-11-26 15:00:00,8631,10.96,10.17,1028,79,4.12,200,0,0,0,0
2022-11-26 15:15:00,8797,10.735,9.9375,1028,79.5,3.8625,197.5,0,0,5,0
2022-11-26 15:30:00,8869,10.51,9.705,1028,80,3.605,195,0,0,10,0
2022-11-26 15:45:00,8975,10.285,9.4725,1028,80.5,3.3475,192.5,0,0,15,0
2022-11-26 16:00:00,9102,10.06,9.24,1028,81,3.09,190,0,0,20,0
2022-11-26 16:15:00,9184,9.62,8.3925,1028,82.5,3.3475,190,0,0,15,0
2022-11-26 16:30:00,9324,9.18,7.545,1028,84,3.605,190,0,0,10,0
2022-11-26 16:45:00,9462,8.74,6.6975,1028,85.5,3.8625,190,0,0,5,0
2022-11-26 17:00:00,9717,8.3,5.85,1028,87,4.12,190,0,0,0,0
2022-11-26 17:15:00,9795,8.0725,5.57,1028,87.25,4.12,190,0,0,0,0
2022-11-26 17:30:00,9941,7.845,5.29,1028,87.5,4.12,190,0,0,0,0
2022-11-26 17:45:00,9943,7.6175,5.01,1028,87.75,4.12,190,0,0,0,0
2022-11-26 18:00:00,9999,7.39,4.73,1028,88,4.12,190,0,0,0,0
2022-11-26 18:15:00,9892,7.23,4.535,1027.75,87.75,4.12,187.5,0,0,0,0
2022-11-26 18:30:00,9912,7.07,4.34,1027.5,87.5,4.12,185,0,0,0,0
2022-11-26 18:45:00,9795,6.91,4.145,1027.25,87.25,4.12,182.5,0,0,0,0
2022-11-26 19:00:00,9768,6.75,3.95,1027,87,4.12,180,0,0,0,0
2022-11-26 19:15:00,9513,6.755,3.835,1027,87.25,4.375,180,0,0,0,0
2022-11-26 19:30:00,9436,6.76,3.72,1027,87.5,4.63,180,0,0,0,0
2022-11-26 19:45:00,9364,6.765,3.605,1027,87.75,4.885,180,0,0,0,0
2022-11-26 20:00:00,9230,6.77,3.49,1027,88,5.14,180,0,0,0,0
2022-11-26 20:15:00,9028,6.7875,3.5125,1027,88,5.14,180,0,0,0,0
2022-11-26 20:30:00,8994,6.805,3.535,1027,88,5.14,180,0,0,0,0
2022-11-26 20:45:00,8962,6.8225,3.5575,1027,88,5.14,180,0,0,0,0
2022-11-26 21:00:00,8910,6.84,3.58,1027,88,5.14,180,0,0,0,0
2022-11-26 21:15:00,8829,6.8725,3.6775,1027,88,5.0125,177.5,0,0,0,0
2022-11-26 21:30:00,8741,6.905,3.775,1027,88,4.885,175,0,0,0,0
2022-11-26 21:45:00,8631,6.9375,3.8725,1027,88,4.7575,172.5,0,0,0,0
2022-11-26 22:00:00,8656,6.97,3.97,1027,88,4.63,170,0,0,0,0
2022-11-26 22:15:00,8705,6.9625,3.9025,1026.75,88.5,4.7575,170,0,0,0,0
2022-11-26 22:30:00,8629,6.955,3.835,1026.5,89,4.885,170,0,0,0,0
2022-11-26 22:45:00,8618,6.9475,3.7675,1026.25,89.5,5.0125,170,0,0,0,0
2022-11-26 23:00:00,8561,6.94,3.7,1026,90,5.14,170,0,0,0,0
2022-11-26 23:15:00,8411,6.9275,3.6325,1025.75,90,5.27,170,0,0,0,0
2022-11-26 23:30:00,8268,6.915,3.565,1025.5,90,5.4,170,0,0,0,0
2022-11-26 23:45:00,8179,6.9025,3.4975,1025.25,90,5.53,170,0,0,0,0
2022-11-27 00:00:00,8088,6.89,3.43,1025,90,5.66,170,0,0,0,0
2022-11-27 00:15:00,7831,6.91,3.565,1025,89.75,5.4025,172.5,0,0,0,0
2022-11-27 00:30:00,7782,6.93,3.7,1025,89.5,5.145,175,0,0,0,0
2022-11-27 00:45:00,7796,6.95,3.835,1025,89.25,4.8875,177.5,0,0,0,0
2022-11-27 01:00:00,7788,6.97,3.97,1025,89,4.63,180,0,0,0,0
2022-11-27 01:15:00,7608,6.9725,3.815,1024.5,88.75,5.015,177.5,0,0,0,0
2022-11-27 01:30:00,7499,6.975,3.66,1024,88.5,5.4,175,0,0,0,0
2022-11-27 01:45:00,7578,6.9775,3.505,1023.5,88.25,5.785,172.5,0,0,0,0
2022-11-27 02:00:00,7406,6.98,3.35,1023,88,6.17,170,0,0,0,0
2022-11-27 02:15:00,7161,6.97,3.335,1023,87.5,6.17,172.5,0,0,0,0
2022-11-27 02:30:00,7117,6.96,3.32,1023,87,6.17,175,0,0,0,0
2022-11-27 02:45:00,7097,6.95,3.305,1023,86.5,6.17,177.5,0,0,0,0
2022-11-27 03:00:00,7039,6.94,3.29,1023,86,6.17,180,0,0,0,0
2022-11-27 03:15:00,6918,6.94,3.245,1022.75,85.25,6.3,177.5,0,0,0,0
2022-11-27 03:30:00,7033,6.94,3.2,1022.5,84.5,6.43,175,0,0,0,0
2022-11-27 03:45:00,7163,6.94,3.155,1022.25,83.75,6.56,172.5,0,0,0,0
2022-11-27 04:00:00,7134,6.94,3.11,1022,83,6.69,170,0,0,0,0
2022-11-27 04:15:00,7022,6.96,3.23,1022,82.5,6.4325,172.5,0.0325,0,0,0
2022-11-27 04:30:00,6903,6.98,3.35,1022,82,6.175,175,0.065,0,0,0
2022-11-27 04:45:00,7006,7,3.47,1022,81.5,5.9175,177.5,0.0975,0,0,0
2022-11-27 05:00:00,7175,7.02,3.59,1022,81,5.66,180,0.13,0,0,0
2022-11-27 05:15:00,7308,6.99,3.725,1022,81.5,5.275,180,0.1775,0,5,0
2022-11-27 05:30:00,7134,6.96,3.86,1022,82,4.89,180,0.225,0,10,0
2022-11-27 05:45:00,7159,6.93,3.995,1022,82.5,4.505,180,0.2725,0,15,0
2022-11-27 06:00:00,7420,6.9,4.13,1022,83,4.12,180,0.32,0,20,0
2022-11-27 06:15:00,7409,6.8625,4.02,1021.75,83.75,4.2475,177.5,0.32,0,20,0
2022-11-27 06:30:00,7519,6.825,3.91,1021.5,84.5,4.375,175,0.32,0,20,0
2022-11-27 06:45:00,7552,6.7875,3.8,1021.25,85.25,4.5025,172.5,0.32,0,20,0
2022-11-27 07:00:00,7598,6.75,3.69,1021,86,4.63,170,0.32,0,20,0
2022-11-27 07:15:00,7663,6.7825,3.675,1020.75,86.25,4.7575,170,0.2925,0,40,0
2022-11-27 07:30:00,7897,6.815,3.66,1020.5,86.5,4.885,170,0.265,0,60,0
2022-11-27 07:45:00,8009,6.8475,3.645,1020.25,86.75,5.0125,170,0.2375,0,80,0
2022-11-27 08:00:00,8192,6.88,3.63,1020,87,5.14,170,0.21,0,100,0
2022-11-27 08:15:00,8201,6.89,3.7,1020,86.75,5.0125,172.5,0.21,0,100,0
2022-11-27 08:30:00,8177,6.9,3.77,1020,86.5,4.885,175,0.21,0,100,0
2022-11-27 08:45:00,8320,6.91,3.84,1020,86.25,4.7575,177.5,0.21,0,100,0
2022-11-27 09:00:00,8468,6.92,3.91,1020,86,4.63,180,0.21,0,100,0
2022-11-27 09:15:00,8713,6.955,3.9525,1020,86,4.63,180,0.2025,0,100,0
2022-11-27 09:30:00,8771,6.99,3.995,1020,86,4.63,180,0.195,0,100,0
2022-11-27 09:45:00,8816,7.025,4.0375,1020,86,4.63,180,0.1875,0,100,0
2022-11-27 10:00:00,9009,7.06,4.08,1020,86,4.63,180,0.18,0,100,0
2022-11-27 10:15:00,9073,7.065,3.9775,1019.75,86.25,4.8875,177.5,0.195,0,100,0
2022-11-27 10:30:00,8968,7.07,3.875,1019.5,86.5,5.145,175,0.21,0,100,0
2022-11-27 10:45:00,9170,7.075,3.7725,1019.25,86.75,5.4025,172.5,0.225,0,100,0
2022-11-27 11:00:00,9259,7.08,3.67,1019,87,5.66,170,0.24,0,100,0
2022-11-27 11:15:00,9414,7.135,3.9075,1019,87,5.275,172.5,0.18,0,100,0
2022-11-27 11:30:00,9532,7.19,4.145,1019,87,4.89,175,0.12,0,100,0
2022-11-27 11:45:00,9616,7.245,4.3825,1019,87,4.505,177.5,0.06,0,100,0
2022-11-27 12:00:00,9607,7.3,4.62,1019,87,4.12,180,0,0,100,0
2022-11-27 12:15:00,9436,7.45,4.9475,1018.5,86.5,3.8625,180,0,0,100,0
2022-11-27 12:30:00,9395,7.6,5.275,1018,86,3.605,180,0,0,100,0
2022-11-27 12:45:00,9319,7.75,5.6025,1017.5,85.5,3.3475,180,0,0,100,0
2022-11-27 13:00:00,9241,7.9,5.93,1017,85,3.09,180,0,0,100,0
2022-11-27 13:15:00,9142,7.9125,5.87,1017,84.5,3.2175,180,0.045,0,100,0
2022-11-27 13:30:00,9156,7.925,5.81,1017,84,3.345,180,0.09,0,100,0
2022-11-27 13:45:00,9075,7.9375,5.75,1017,83.5,3.4725,180,0.135,0,100,0
2022-11-27 14:00:00,9037,7.95,5.69,1017,83,3.6,180,0.18,0,100,0
2022-11-27 14:15:00,9022,7.97,5.715,1016.75,83.25,3.6,180,0.135,0,100,0
2022-11-27 14:30:00,8815,7.99,5.74,1016.5,83.5,3.6,180,0.09,0,100,0
2022-11-27 14:45:00,8801,8.01,5.765,1016.25,83.75,3.6,180,0.045,0,100,0
2022-11-27 15:00:00,8910,8.03,5.79,1016,84,3.6,180,0,0,100,0
2022-11-27 15:15:00,8855,8.03,5.7225,1015.75,83.5,3.73,177.5,0,0,100,0
2022-11-27 15:30:00,8670,8.03,5.655,1015.5,83,3.86,175,0,0,100,0
2022-11-27 15:45:00,8657,8.03,5.5875,1015.25,82.5,3.99,172.5,0,0,100,0
2022-11-27 16:00:00,8777,8.03,5.52,1015,82,4.12,170,0,0,100,0
2022-11-27 16:15:00,8946,7.99,5.615,1014.75,82.25,3.8625,170,0.0525,0,100,0
2022-11-27 16:30:00,9020,7.95,5.71,1014.5,82.5,3.605,170,0.105,0,100,0
2022-11-27 16:45:00,9318,7.91,5.805,1014.25,82.75,3.3475,170,0.1575,0,100,0
2022-11-27 17:00:00,9467,7.87,5.9,1014,83,3.09,170,0.21,0,100,0
2022-11-27 17:15:00,9563,7.765,5.7725,1013.75,83.75,3.09,167.5,0.21,0,100,0
2022-11-27 17:30:00,9686,7.66,5.645,1013.5,84.5,3.09,165,0.21,0,100,0
2022-11-27 17:45:00,9678,7.555,5.5175,1013.25,85.25,3.09,162.5,0.21,0,100,0
2022-11-27 18:00:00,9871,7.45,5.39,1013,86,3.09,160,0.21,0,100,0
2022-11-27 18:15:00,9868,7.3975,5.18,1012.75,86.75,3.3475,160,0.2025,0,100,0
2022-11-27 18:30:00,9883,7.345,4.97,1012.5,87.5,3.605,160,0.195,0,100,0
2022-11-27 18:45:00,9756,7.2925,4.76,1012.25,88.25,3.8625,160,0.1875,0,100,0
2022-11-27 19:00:00,9816,7.24,4.55,1012,89,4.12,160,0.18,0,100,0
2022-11-27 19:15:00,9815,7.2275,4.7725,1012,89,3.7325,167.5,0.195,0,100,0
2022-11-27 19:30:00,9752,7.215,4.995,1012,89,3.345,175,0.21,0,100,0
2022-11-27 19:45:00,9489,7.2025,5.2175,1012,89,2.9575,182.5,0.225,0,100,0
2022-11-27 20:00:00,9529,7.19,5.44,1012,89,2.57,190,0.24,0,100,0
2022-11-27 20:15:00,9397,7.345,5.3925,1011.75,89,2.9575,190,0.18,0,100,0
2022-11-27 20:30:00,9319,7.5,5.345,1011.5,89,3.345,190,0.12,0,100,0
2022-11-27 20:45:00,9154,7.655,5.2975,1011.25,89,3.7325,190,0.06,0,100,0
2022-11-27 21:00:00,9016,7.81,5.25,1011,89,4.12,190,0,0,100,0
2022-11-27 21:15:00,8887,8.0525,5.4925,1011,88.75,4.2475,190,0,0,100,0
2022-11-27 21:30:00,8763,8.295,5.735,1011,88.5,4.375,190,0,0,100,0
2022-11-27 21:45:00,8634,8.5375,5.9775,1011,88.25,4.5025,190,0,0,100,0
2022-11-27 22:00:00,8606,8.78,6.22,1011,88,4.63,190,0,0,100,0
2022-11-27 22:15:00,8597,8.7925,6.135,1010.75,87.5,4.8875,187.5,0,0,93.75,0
2022-11-27 22:30:00,8632,8.805,6.05,1010.5,87,5.145,185,0,0,87.5,0
2022-11-27 22:45:00,8456,8.8175,5.965,1010.25,86.5,5.4025,182.5,0,0,81.25,0
2022-11-27 23:00:00,8430,8.83,5.88,1010,86,5.66,180,0,0,75,0
2022-11-27 23:15:00,8313,8.845,5.9475,1010,85.25,5.53,185,0,0,81.25,0
2022-11-27 23:30:00,8116,8.86,6.015,1010,84.5,5.4,190,0,0,87.5,0
2022-11-27 23:45:00,7986,8.875,6.0825,1010,83.75,5.27,195,0,0,93.75,0
2022-11-28 00:00:00,7839,8.89,6.15,1010,83,5.14,200,0,0,100,0
2022-11-28 00:15:00,7708,8.8175,6.01,1010,83,5.27,200,0,0,93.75,0
2022-11-28 00:30:00,7550,8.745,5.87,1010,83,5.4,200,0,0,87.5,0
2022-11-28 00:45:00,7597,8.6725,5.73,1010,83,5.53,200,0,0,81.25,0
2022-11-28 01:00:00,7606,8.6,5.59,1010,83,5.66,200,0,0,75,0
2022-11-28 01:15:00,7495,8.465,5.5225,1009.75,84,5.4025,200,0.03,0,81.25,0
2022-11-28 01:30:00,7304,8.33,5.455,1009.5,85,5.145,200,0.06,0,87.5,0
2022-11-28 01:45:00,7371,8.195,5.3875,1009.25,86,4.8875,200,0.09,0,93.75,0
2022-11-28 02:00:00,7379,8.06,5.32,1009,87,4.63,200,0.12,0,100,0
2022-11-28 02:15:00,7431,8.0375,5.3525,1009,87.75,4.5025,200,0.09,0,100,0
2022-11-28 02:30:00,7360,8.015,5.385,1009,88.5,4.375,200,0.06,0,100,0
2022-11-28 02:45:00,7392,7.9925,5.4175,1009,89.25,4.2475,200,0.03,0,100,0
2022-11-28 03:00:00,7304,7.97,5.45,1009,90,4.12,200,0,0,100,0
2022-11-28 03:15:00,7335,7.945,5.42,1009,90.5,4.12,200,0.06,0,93.75,0
2022-11-28 03:30:00,7292,7.92,5.39,1009,91,4.12,200,0.12,0,87.5,0
2022-11-28 03:45:00,7266,7.895,5.36,1009,91.5,4.12,200,0.18,0,81.25,0
2022-11-28 04:00:00,7279,7.87,5.33,1009,92,4.12,200,0.24,0,75,0
2022-11-28 04:15:00,7448,7.855,5.31,1009,92,4.12,202.5,0.2325,0,75,0
2022-11-28 04:30:00,7363,7.84,5.29,1009,92,4.12,205,0.225,0,75,0
2022-11-28 04:45:00,7403,7.825,5.27,1009,92,4.12,207.5,0.2175,0,75,0
2022-11-28 05:00:00,7683,7.81,5.25,1009,92,4.12,210,0.21,0,75,0
2022-11-28 05:15:00,7821,7.8575,5.25,1009,92.25,4.2475,212.5,0.1575,0,75,0
2022-11-28 05:30:00,7908,7.905,5.25,1009,92.5,4.375,215,0.105,0,75,0
2022-11-28 05:45:00,8164,7.9525,5.25,1009,92.75,4.5025,217.5,0.0525,0,75,0
2022-11-28 06:00:00,8554,8,5.25,1009,93,4.63,220,0,0,75,0
2022-11-28 06:15:00,8823,8.025,5.34,1009,93.25,4.5025,220,0,0,75,0
2022-11-28 06:30:00,8957,8.05,5.43,1009,93.5,4.375,220,0,0,75,0
2022-11-28 06:45:00,9294,8.075,5.52,1009,93.75,4.2475,220,0,0,75,0
2022-11-28 07:00:00,9628,8.1,5.61,1009,94,4.12,220,0,0,75,0
2022-11-28 07:15:00,9925,8.1125,5.625,1009,94,4.12,220,0,0,75,0
2022-11-28 07:30:00,10174,8.125,5.64,1009,94,4.12,220,0,0,75,0
2022-11-28 07:45:00,10416,8.1375,5.655,1009,94,4.12,220,0,0,75,0
2022-11-28 08:00:00,10580,8.15,5.67,1009,94,4.12,220,0,0,75,0
2022-11-28 08:15:00,10640,8.1725,5.8375,1009.25,94.25,3.8625,217.5,0,0,75,0
2022-11-28 08:30:00,10607,8.195,6.005,1009.5,94.5,3.605,215,0,0,75,0
2022-11-28 08:45:00,10639,8.2175,6.1725,1009.75,94.75,3.3475,212.5,0,0,75,0
2022-11-28 09:00:00,10822,8.24,6.34,1010,95,3.09,210,0,0,75,0
2022-11-28 09:15:00,10949,8.365,6.355,1010,94.5,3.3475,215,0,0,75,0
2022-11-28 09:30:00,11000,8.49,6.37,1010,94,3.605,220,0,0,75,0
2022-11-28 09:45:00,11053,8.615,6.385,1010,93.5,3.8625,225,0,0,75,0
2022-11-28 10:00:00,10995,8.74,6.4,1010,93,4.12,230,0,0,75,0
2022-11-28 10:15:00,10938,8.7675,6.4325,1010,93,4.12,227.5,0,0,75,0
2022-11-28 10:30:00,11034,8.795,6.465,1010,93,4.12,225,0,0,75,0
2022-11-28 10:45:00,10968,8.8225,6.4975,1010,93,4.12,222.5,0,0,75,0
2022-11-28 11:00:00,10983,8.85,6.53,1010,93,4.12,220,0,0,75,0
2022-11-28 11:15:00,11018,8.9625,6.7325,1010,92.75,3.99,220,0,0,66.25,0
2022-11-28 11:30:00,11132,9.075,6.935,1010,92.5,3.86,220,0,0,57.5,0
2022-11-28 11:45:00,11165,9.1875,7.1375,1010,92.25,3.73,220,0,0,48.75,0
2022-11-28 12:00:00,11050,9.3,7.34,1010,92,3.6,220,0,0,40,0
2022-11-28 12:15:00,10981,9.4225,7.5575,1010,92,3.4725,222.5,0,0,48.75,0
2022-11-28 12:30:00,10891,9.545,7.775,1010,92,3.345,225,0,0,57.5,0
2022-11-28 12:45:00,10837,9.6675,7.9925,1010,92,3.2175,227.5,0,0,66.25,0
2022-11-28 13:00:00,10952,9.79,8.21,1010,92,3.09,230,0,0,75,0
2022-11-28 13:15:00,10862,9.8225,8.2475,1010.25,91.5,3.09,230,0,0,75,0
2022-11-28 13:30:00,10844,9.855,8.285,1010.5,91,3.09,230,0,0,75,0
2022-11-28 13:45:00,10684,9.8875,8.3225,1010.75,90.5,3.09,230,0,0,75,0
2022-11-28 14:00:00,10717,9.92,8.36,1011,90,3.09,230,0,0,75,0
2022-11-28 14:15:00,10582,9.9125,8.525,1011,89.75,2.8325,225,0,0,75,0
2022-11-28 14:30:00,10673,9.905,8.69,1011,89.5,2.575,220,0,0,75,0
2022-11-28 14:45:00,10439,9.8975,8.855,1011,89.25,2.3175,215,0,0,75,0
2022-11-28 15:00:00,10434,9.89,9.02,1011,89,2.06,210,0,0,75,0
2022-11-28 15:15:00,10421,9.8825,8.8375,1011,89,2.3175,212.5,0,0,75,0
2022-11-28 15:30:00,10521,9.875,8.655,1011,89,2.575,215,0,0,75,0
2022-11-28 15:45:00,10521,9.8675,8.4725,1011,89,2.8325,217.5,0,0,75,0
2022-11-28 16:00:00,10505,9.86,8.29,1011,89,3.09,220,0,0,75,0
2022-11-28 16:15:00,10543,9.745,8.4475,1011,89.25,2.7025,207.5,0,0,75,0
2022-11-28 16:30:00,10633,9.63,8.605,1011,89.5,2.315,195,0,0,75,0
2022-11-28 16:45:00,11037,9.515,8.7625,1011,89.75,1.9275,182.5,0,0,75,0
2022-11-28 17:00:00,11140,9.4,8.92,1011,90,1.54,170,0,0,75,0
2022-11-28 17:15:00,11332,9.155,8.795,1011.25,90.25,1.2825,170,0,0,61.25,0
2022-11-28 17:30:00,11387,8.91,8.67,1011.5,90.5,1.025,170,0,0,47.5,0
2022-11-28 17:45:00,11591,8.665,8.545,1011.75,90.75,0.7675,170,0,0,33.75,0
2022-11-28 18:00:00,11370,8.42,8.42,1012,91,0.51,170,0,0,20,0
2022-11-28 18:15:00,11458,8.395,8.395,1012,91,0.64,175,0,0,20,0
2022-11-28 18:30:00,11389,8.37,8.37,1012,91,0.77,180,0,0,20,0
2022-11-28 18:45:00,11249,8.345,8.345,1012,91,0.9,185,0,0,20,0
2022-11-28 19:00:00,11096,8.32,8.32,1012,91,1.03,190,0,0,20,0
2022-11-28 19:15:00,11011,8.25,7.8525,1012,91.25,1.415,195,0,0,20,0
2022-11-28 19:30:00,10820,8.18,7.385,1012,91.5,1.8,200,0,0,20,0
2022-11-28 19:45:00,10610,8.11,6.9175,1012,91.75,2.185,205,0,0,20,0
2022-11-28 20:00:00,10425,8.04,6.45,1012,92,2.57,210,0,0,20,0
2022-11-28 20:15:00,10225,7.8975,6.385,1012.25,91.75,2.4425,207.5,0,0,15,0
2022-11-28 20:30:00,10100,7.755,6.32,1012.5,91.5,2.315,205,0,0,10,0
2022-11-28 20:45:00,9847,7.6125,6.255,1012.75,91.25,2.1875,202.5,0,0,5,0
2022-11-28 21:00:00,9801,7.47,6.19,1013,91,2.06,200,0,0,0,0
2022-11-28 21:15:00,9638,7.355,6.055,1013,91.5,2.06,202.5,0,0,0,0
2022-11-28 21:30:00,9593,7.24,5.92,1013,92,2.06,205,0,0,0,0
2022-11-28 21:45:00,9509,7.125,5.785,1013,92.5,2.06,207.5,0,0,0,0
2022-11-28 22:00:00,9486,7.01,5.65,1013,93,2.06,210,0,0,0,0
2022-11-28 22:15:00,9377,6.955,5.935,1013,93,1.6725,157.5,0,0,5,0
2022-11-28 22:30:00,9396,6.9,6.22,1013,93,1.285,105,0,0,10,0
2022-11-28 22:45:00,9437,6.845,6.505,1013,93,0.8975,52.5,0,0,15,0
2022-11-28 23:00:00,9497,6.79,6.79,1013,93,0.51,0,0,0,20,0
2022-11-28 23:15:00,9224,6.565,6.0675,1013.25,93.25,1.025,52.5,0,0,40,0
2022-11-28 23:30:00,9050,6.34,5.345,1013.5,93.5,1.54,105,0,0,60,0
2022-11-28 23:45:00,8957,6.115,4.6225,1013.75,93.75,2.055,157.5,0,0,80,0
2022-11-29 00:00:00,8775,5.89,3.9,1014,94,2.57,210,0,0,100,0
2022-11-29 00:15:00,8693,5.74,3.8375,1014,93.75,2.4425,207.5,0,0,100,0
2022-11-29 00:30:00,8505,5.59,3.775,1014,93.5,2.315,205,0,0,100,0
2022-11-29 00:45:00,8404,5.44,3.7125,1014,93.25,2.1875,202.5,0,0,100,0
2022-11-29 01:00:00,8231,5.29,3.65,1014,93,2.06,200,0,0,100,0
2022-11-29 01:15:00,8187,5.165,3.385,1014,93.25,2.1875,202.5,0,0,100,0
2022-11-29 01:30:00,8179,5.04,3.12,1014,93.5,2.315,205,0,0,100,0
2022-11-29 01:45:00,8116,4.915,2.855,1014,93.75,2.4425,207.5,0,0,100,0
2022-11-29 02:00:00,7965,4.79,2.59,1014,94,2.57,210,0,0,100,0
2022-11-29 02:15:00,7930,4.6775,2.4575,1014,94,2.57,212.5,0,0,100,0
2022-11-29 02:30:00,7941,4.565,2.325,1014,94,2.57,215,0,0,100,0
2022-11-29 02:45:00,7834,4.4525,2.1925,1014,94,2.57,217.5,0,0,100,0
2022-11-29 03:00:00,7777,4.34,2.06,1014,94,2.57,220,0,0,100,0
2022-11-29 03:15:00,7736,4.3325,2.3225,1014.25,94,2.3125,212.5,0,0,85,0
2022-11-29 03:30:00,7730,4.325,2.585,1014.5,94,2.055,205,0,0,70,0
2022-11-29 03:45:00,7745,4.3175,2.8475,1014.75,94,1.7975,197.5,0,0,55,0
2022-11-29 04:00:00,7800,4.31,3.11,1015,94,1.54,190,0,0,40,0
2022-11-29 04:15:00,7842,4.345,3.19,1015.25,94.25,1.51,193,0,0,49.25,0
2022-11-29 04:30:00,7860,4.38,3.27,1015.5,94.5,1.48,196,0,0,58.5,0
2022-11-29 04:45:00,7906,4.415,3.35,1015.75,94.75,1.45,199,0,0,67.75,0
2022-11-29 05:00:00,8112,4.45,3.43,1016,95,1.42,202,0,0,77,0
2022-11-29 05:15:00,8196,4.4575,3.6925,1016,95,1.3425,207,0,0,74,0
2022-11-29 05:30:00,8316,4.465,3.955,1016,95,1.265,212,0,0,71,0
2022-11-29 05:45:00,8471,4.4725,4.2175,1016,95,1.1875,217,0,0,68,0
2022-11-29 06:00:00,8794,4.48,4.48,1016,95,1.11,222,0,0,65,0
2022-11-29 06:15:00,9101,4.5,4.5,1016.25,95,1.09,211.5,0,0,67.5,0
2022-11-29 06:30:00,9352,4.52,4.52,1016.5,95,1.07,201,0,0,70,0
2022-11-29 06:45:00,9596,4.54,4.54,1016.75,95,1.05,190.5,0,0,72.5,0
2022-11-29 07:00:00,9855,4.56,4.56,1017,95,1.03,180,0,0,75,0
2022-11-29 07:15:00,10126,4.725,4.4575,1017,95,1.1575,192.5,0,0,75,0
2022-11-29 07:30:00,10342,4.89,4.355,1017,95,1.285,205,0,0,75,0
2022-11-29 07:45:00,10491,5.055,4.2525,1017,95,1.4125,217.5,0,0,75,0
2022-11-29 08:00:00,10567,5.22,4.15,1017,95,1.54,230,0,0,75,0
2022-11-29 08:15:00,10276,4.9775,4.175,1017.25,95.25,1.4475,227.75,0,0,78.75,0
2022-11-29 08:30:00,10244,4.735,4.2,1017.5,95.5,1.355,225.5,0,0,82.5,0
2022-11-29 08:45:00,10356,4.4925,4.225,1017.75,95.75,1.2625,223.25,0,0,86.25,0
2022-11-29 09:00:00,10458,4.25,4.25,1018,96,1.17,221,0,0,90,0
2022-11-29 09:15:00,10499,4.525,4.525,1018,95.75,1.135,208.25,0,0,86.25,0
2022-11-29 09:30:00,10521,4.8,4.8,1018,95.5,1.1,195.5,0,0,82.5,0
2022-11-29 09:45:00,10513,5.075,5.075,1018,95.25,1.065,182.75,0,0,78.75,0
2022-11-29 10:00:00,10489,5.35,5.35,1018,95,1.03,170,0,0,75,0
2022-11-29 10:15:00,10475,5.605,5.3775,1018.25,94.5,1.1575,202.5,0,0,75,0
2022-11-29 10:30:00,10503,5.86,5.405,1018.5,94,1.285,235,0,0,75,0
2022-11-29 10:45:00,10476,6.115,5.4325,1018.75,93.5,1.4125,267.5,0,0,75,0
2022-11-29 11:00:00,10471,6.37,5.46,1019,93,1.54,300,0,0,75,0
2022-11-29 11:15:00,10451,6.4925,5.465,1019,92.25,1.67,280,0,0,75,0
2022-11-29 11:30:00,10528,6.615,5.47,1019,91.5,1.8,260,0,0,75,0
2022-11-29 11:45:00,10542,6.7375,5.475,1019,90.75,1.93,240,0,0,75,0
2022-11-29 12:00:00,10444,6.86,5.48,1019,90,2.06,220,0,0,75,0
2022-11-29 12:15:00,10587,6.79,5.4225,1019.25,90.75,2.035,234.5,0,0,57,0
2022-11-29 12:30:00,10688,6.72,5.365,1019.5,91.5,2.01,249,0,0,39,0
2022-11-29 12:45:00,10641,6.65,5.3075,1019.75,92.25,1.985,263.5,0,0,21,0
2022-11-29 13:00:00,10614,6.58,5.25,1020,93,1.96,278,0,0,3,0
2022-11-29 13:15:00,10603,6.6725,5.3325,1020,92.5,1.985,283.5,0,0,21,0
2022-11-29 13:30:00,10585,6.765,5.415,1020,92,2.01,289,0,0,39,0
2022-11-29 13:45:00,10551,6.8575,5.4975,1020,91.5,2.035,294.5,0,0,57,0
2022-11-29 14:00:00,10516,6.95,5.58,1020,91,2.06,300,0,0,75,0
2022-11-29 14:15:00,10506,6.9625,5.49,1020,91,2.1875,302.5,0,0,75,0
2022-11-29 14:30:00,10534,6.975,5.4,1020,91,2.315,305,0,0,75,0
2022-11-29 14:45:00,10509,6.9875,5.31,1020,91,2.4425,307.5,0,0,75,0
2022-11-29 15:00:00,10511,7,5.22,1020,91,2.57,310,0,0,75,0
2022-11-29 15:15:00,10441,6.955,5.62,1020,91.25,2.185,300,0,0,75,0
2022-11-29 15:30:00,10528,6.91,6.02,1020,91.5,1.8,290,0,0,75,0
2022-11-29 15:45:00,10565,6.865,6.42,1020,91.75,1.415,280,0,0,75,0
2022-11-29 16:00:00,10609,6.82,6.82,1020,92,1.03,270,0,0,75,0
2022-11-29 16:15:00,10582,6.8225,6.6125,1020.25,92,1.1575,277.5,0,0,75,0
2022-11-29 16:30:00,10690,6.825,6.405,1020.5,92,1.285,285,0,0,75,0
2022-11-29 16:45:00,10883,6.8275,6.1975,1020.75,92,1.4125,292.5,0,0,75,0
2022-11-29 17:00:00,11117,6.83,5.99,1021,92,1.54,300,0,0,75,0
2022-11-29 17:15:00,11261,6.72,5.8625,1021,92.5,1.54,302.5,0,0,75,0
2022-11-29 17:30:00,11328,6.61,5.735,1021,93,1.54,305,0,0,75,0
2022-11-29 17:45:00,11469,6.5,5.6075,1021,93.5,1.54,307.5,0,0,75,0
2022-11-29 18:00:00,11426,6.39,5.48,1021,94,1.54,310,0,0,75,0
2022-11-29 18:15:00,11403,6.195,5.5125,1021,93.75,1.4125,232.5,0,0,66.25,0
2022-11-29 18:30:00,11255,6,5.545,1021,93.5,1.285,155,0,0,57.5,0
2022-11-29 18:45:00,11260,5.805,5.5775,1021,93.25,1.1575,77.5,0,0,48.75,0
2022-11-29 19:00:00,11133,5.61,5.61,1021,93,1.03,0,0,0,40,0
2022-11-29 19:15:00,10939,5.5325,5.5325,1021.25,93.5,1.0775,65.25,0,0,31,0
2022-11-29 19:30:00,10864,5.455,5.455,1021.5,94,1.125,130.5,0,0,22,0
2022-11-29 19:45:00,10649,5.3775,5.3775,1021.75,94.5,1.1725,195.75,0,0,13,0
2022-11-29 20:00:00,10460,5.3,5.3,1022,95,1.22,261,0,0,4,0
2022-11-29 20:15:00,10346,5.285,5.285,1022,95.25,1.1725,258.25,0,0,21.75,0
2022-11-29 20:30:00,10226,5.27,5.27,1022,95.5,1.125,255.5,0,0,39.5,0
2022-11-29 20:45:00,10029,5.255,5.255,1022,95.75,1.0775,252.75,0,0,57.25,0
2022-11-29 21:00:00,9895,5.24,5.24,1022,96,1.03,250,0,0,75,0
2022-11-29 21:15:00,9792,5.3275,5.3275,1022,95.75,0.7725,187.5,0,0,75,0
2022-11-29 21:30:00,9682,5.415,5.415,1022,95.5,0.515,125,0,0,75,0
2022-11-29 21:45:00,9480,5.5025,5.5025,1022,95.25,0.2575,62.5,0,0,75,0
2022-11-29 22:00:00,9563,5.59,5.59,1022,95,0,0,0,0,75,0
2022-11-29 22:15:00,9583,5.44,5.44,1022,95,0.1275,0,0,0,75,0
2022-11-29 22:30:00,9617,5.29,5.29,1022,95,0.255,0,0,0,75,0
2022-11-29 22:45:00,9474,5.14,5.14,1022,95,0.3825,0,0,0,75,0
2022-11-29 23:00:00,9565,4.99,4.99,1022,95,0.51,0,0,0,75,0
2022-11-29 23:15:00,9365,5.0475,5.0475,1022.25,95,0.51,0,0,0,81.25,0
2022-11-29 23:30:00,9274,5.105,5.105,1022.5,95,0.51,0,0,0,87.5,0
2022-11-29 23:45:00,9071,5.1625,5.1625,1022.75,95,0.51,0,0,0,93.75,0
2022-11-30 00:00:00,8961,5.22,5.22,1023,95,0.51,0,0,0,100,0
2022-11-30 00:15:00,8811,5.19,5.19,1023,95,0.64,72.5,0,0,100,0
2022-11-30 00:30:00,8639,5.16,5.16,1023,95,0.77,145,0,0,100,0
2022-11-30 00:45:00,8510,5.13,5.13,1023,95,0.9,217.5,0,0,100,0
2022-11-30 01:00:00,8594,5.1,5.1,1023,95,1.03,290,0,0,100,0
2022-11-30 01:15:00,8382,5.1475,5.1475,1023,95,1.03,285,0,0,100,0
2022-11-30 01:30:00,8389,5.195,5.195,1023,95,1.03,280,0,0,100,0
2022-11-30 01:45:00,8297,5.2425,5.2425,1023,95,1.03,275,0,0,100,0
2022-11-30 02:00:00,8254,5.29,5.29,1023,95,1.03,270,0,0,100,0
2022-11-30 02:15:00,8199,5.235,5.235,1023,95,0.9,202.5,0,0,100,0
2022-11-30 02:30:00,8197,5.18,5.18,1023,95,0.77,135,0,0,100,0
2022-11-30 02:45:00,8126,5.125,5.125,1023,95,0.64,67.5,0,0,100,0
2022-11-30 03:00:00,8028,5.07,5.07,1023,95,0.51,0,0,0,100,0
2022-11-30 03:15:00,8043,5.045,5.045,1023,95,0.64,0,0,0,100,0
2022-11-30 03:30:00,8054,5.02,5.02,1023,95,0.77,0,0,0,100,0
2022-11-30 03:45:00,8068,4.995,4.995,1023,95,0.9,0,0,0,100,0
2022-11-30 04:00:00,8051,4.97,4.97,1023,95,1.03,0,0,0,100,0
2022-11-30 04:15:00,8015,4.9425,4.9425,1023,95,0.9,0,0,0,100,0
2022-11-30 04:30:00,8084,4.915,4.915,1023,95,0.77,0,0,0,100,0
2022-11-30 04:45:00,8211,4.8875,4.8875,1023,95,0.64,0,0,0,100,0
2022-11-30 05:00:00,8274,4.86,4.86,1023,95,0.51,0,0,0,100,0
2022-11-30 05:15:00,8313,4.8625,4.8625,1023,94.75,0.64,0,0,0,100,0
2022-11-30 05:30:00,8465,4.865,4.865,1023,94.5,0.77,0,0,0,100,0
2022-11-30 05:45:00,8609,4.8675,4.8675,1023,94.25,0.9,0,0,0,100,0
2022-11-30 06:00:00,9003,4.87,4.87,1023,94,1.03,0,0,0,100,0
2022-11-30 06:15:00,9286,4.8275,4.8275,1023,94,0.9,0,0,0,100,0
2022-11-30 06:30:00,9577,4.785,4.785,1023,94,0.77,0,0,0,100,0
2022-11-30 06:45:00,9746,4.7425,4.7425,1023,94,0.64,0,0,0,100,0
2022-11-30 07:00:00,9922,4.7,4.7,1023,94,0.51,0,0,0,100,0
2022-11-30 07:15:00,10260,4.5725,4.5725,1023.25,94.25,0.51,0,0,0,100,0
2022-11-30 07:30:00,10476,4.445,4.445,1023.5,94.5,0.51,0,0,0,100,0
2022-11-30 07:45:00,10686,4.3175,4.3175,1023.75,94.75,0.51,0,0,0,100,0
2022-11-30 08:00:00,10800,4.19,4.19,1024,95,0.51,0,0,0,100,0
2022-11-30 08:15:00,10703,4.2025,3.9,1024,95,0.7675,75,0,0,100,0
2022-11-30 08:30:00,10871,4.215,3.61,1024,95,1.025,150,0,0,100,0
2022-11-30 08:45:00,11013,4.2275,3.32,1024,95,1.2825,225,0,0,100,0
2022-11-30 09:00:00,11168,4.24,3.03,1024,95,1.54,300,0,0,100,0
2022-11-30 09:15:00,11211,4.4,3.4925,1024.25,95,1.4125,225,0,0,100,0
2022-11-30 09:30:00,11211,4.56,3.955,1024.5,95,1.285,150,0,0,100,0
2022-11-30 09:45:00,11172,4.72,4.4175,1024.75,95,1.1575,75,0,0,100,0
2022-11-30 10:00:00,11252,4.88,4.88,1025,95,1.03,0,0,0,100,0
2022-11-30 10:15:00,11237,4.925,4.925,1025,95.25,1.03,0,0,0,100,0
2022-11-30 10:30:00,11109,4.97,4.97,1025,95.5,1.03,0,0,0,100,0
2022-11-30 10:45:00,11120,5.015,5.015,1025,95.75,1.03,0,0,0,100,0
2022-11-30 11:00:00,11135,5.06,5.06,1025,96,1.03,0,0,0,100,0
2022-11-30 11:15:00,11126,5.1075,5.1075,1025,95.75,1.03,0,0,0,100,0
2022-11-30 11:30:00,11233,5.155,5.155,1025,95.5,1.03,0,0,0,100,0
2022-11-30 11:45:00,11198,5.2025,5.2025,1025,95.25,1.03,0,0,0,100,0
2022-11-30 12:00:00,11137,5.25,5.25,1025,95,1.03,0,0,0,100,0
2022-11-30 12:15:00,11004,5.385,5.385,1025,94.75,1.03,0,0,0,93.75,0
2022-11-30 12:30:00,11022,5.52,5.52,1025,94.5,1.03,0,0,0,87.5,0
2022-11-30 12:45:00,11022,5.655,5.655,1025,94.25,1.03,0,0,0,81.25,0
2022-11-30 13:00:00,11080,5.79,5.79,1025,94,1.03,0,0,0,75,0
2022-11-30 13:15:00,10959,5.8725,5.8725,1025,94,0.9,0,0,0,75,0
2022-11-30 13:30:00,10907,5.955,5.955,1025,94,0.77,0,0,0,75,0
2022-11-30 13:45:00,10983,6.0375,6.0375,1025,94,0.64,0,0,0,75,0
2022-11-30 14:00:00,10954,6.12,6.12,1025,94,0.51,0,0,0,75,0
2022-11-30 14:15:00,10953,6.155,6.155,1025,94.25,0.3825,0,0,0,75,0
2022-11-30 14:30:00,10819,6.19,6.19,1025,94.5,0.255,0,0,0,75,0
2022-11-30 14:45:00,10781,6.225,6.225,1025,94.75,0.1275,0,0,0,75,0
2022-11-30 15:00:00,10858,6.26,6.26,1025,95,0,0,0,0,75,0
2022-11-30 15:15:00,10873,6.3375,6.3375,1025,94.75,0.2575,85,0,0,75,0
2022-11-30 15:30:00,10808,6.415,6.415,1025,94.5,0.515,170,0,0,75,0
2022-11-30 15:45:00,10744,6.4925,6.4925,1025,94.25,0.7725,255,0,0,75,0
2022-11-30 16:00:00,10857,6.57,6.57,1025,94,1.03,340,0,0,75,0
2022-11-30 16:15:00,10803,6.41,6.1675,1025,94,1.1575,332.5,0,0,75,0
2022-11-30 16:30:00,10844,6.25,5.765,1025,94,1.285,325,0,0,75,0
2022-11-30 16:45:00,11075,6.09,5.3625,1025,94,1.4125,317.5,0,0,75,0
2022-11-30 17:00:00,11369,5.93,4.96,1025,94,1.54,310,0,0,75,0
2022-11-30 17:15:00,11577,5.8925,4.9175,1025,94.25,1.54,310,0,0,75,0
2022-11-30 17:30:00,11716,5.855,4.875,1025,94.5,1.54,310,0,0,75,0
2022-11-30 17:45:00,11553,5.8175,4.8325,1025,94.75,1.54,310,0,0,75,0
2022-11-30 18:00:00,11533,5.78,4.79,1025,95,1.54,310,0,0,75,0
2022-11-30 18:15:00,11538,5.7675,4.775,1025,94.5,1.54,315,0,0,61.25,0
2022-11-30 18:30:00,11419,5.755,4.76,1025,94,1.54,320,0,0,47.5,0
2022-11-30 18:45:00,11339,5.7425,4.745,1025,93.5,1.54,325,0,0,33.75,0
2022-11-30 19:00:00,11297,5.73,4.73,1025,93,1.54,330,0,0,20,0
2022-11-30 19:15:00,11057,5.62,4.46,1025.25,93.75,1.67,332.5,0,0,20,0
2022-11-30 19:30:00,10910,5.51,4.19,1025.5,94.5,1.8,335,0,0,20,0
2022-11-30 19:45:00,10773,5.4,3.92,1025.75,95.25,1.93,337.5,0,0,20,0
2022-11-30 20:00:00,10687,5.29,3.65,1026,96,2.06,340,0,0,20,0
2022-11-30 20:15:00,10494,5.215,3.445,1026,96,2.1875,260,0,0,20,0
2022-11-30 20:30:00,10191,5.14,3.24,1026,96,2.315,180,0,0,20,0
2022-11-30 20:45:00,10103,5.065,3.035,1026,96,2.4425,100,0,0,20,0
2022-11-30 21:00:00,10020,4.99,2.83,1026,96,2.57,20,0,0,20,0
2022-11-30 21:15:00,9800,4.935,3.03,1026,95.5,2.3125,22.5,0,0,33.75,0
2022-11-30 21:30:00,9763,4.88,3.23,1026,95,2.055,25,0,0,47.5,0
2022-11-30 21:45:00,9636,4.825,3.43,1026,94.5,1.7975,27.5,0,0,61.25,0
2022-11-30 22:00:00,9668,4.77,3.63,1026,94,1.54,30,0,0,75,0
2022-11-30 22:15:00,9762,4.775,3.4875,1026,93.75,1.67,27.5,0,0,75,0
2022-11-30 22:30:00,9833,4.78,3.345,1026,93.5,1.8,25,0,0,75,0
2022-11-30 22:45:00,9777,4.785,3.2025,1026,93.25,1.93,22.5,0,0,75,0
2022-11-30 23:00:00,9669,4.79,3.06,1026,93,2.06,20,0,0,75,0
2022-11-30 23:15:00,9486,4.6575,2.785,1026,93.5,2.1875,20,0,0,66.25,0
2022-11-30 23:30:00,9457,4.525,2.51,1026,94,2.315,20,0,0,57.5,0
2022-11-30 23:45:00,9262,4.3925,2.235,1026,94.5,2.4425,20,0,0,48.75,0
2022-12-01 00:00:00,9101,4.26,1.96,1026,95,2.57,20,0,0,40,0
2022-12-01 00:15:00,8867,4.35,2.0675,1026,94.5,2.57,20,0,0,48.75,0
2022-12-01 00:30:00,8808,4.44,2.175,1026,94,2.57,20,0,0,57.5,0
2022-12-01 00:45:00,8643,4.53,2.2825,1026,93.5,2.57,20,0,0,66.25,0
2022-12-01 01:00:00,8596,4.62,2.39,1026,93,2.57,20,0,0,75,0
2022-12-01 01:15:00,8448,4.6325,2.405,1026,93.25,2.57,20,0,0,75,0
2022-12-01 01:30:00,8378,4.645,2.42,1026,93.5,2.57,20,0,0,75,0
2022-12-01 01:45:00,8350,4.6575,2.435,1026,93.75,2.57,20,0,0,75,0
2022-12-01 02:00:00,8258,4.67,2.45,1026,94,2.57,20,0,0,75,0
2022-12-01 02:15:00,8105,4.67,2.2625,1026.25,94,2.8275,20,0,0,81.25,0
2022-12-01 02:30:00,8025,4.67,2.075,1026.5,94,3.085,20,0,0,87.5,0
2022-12-01 02:45:00,8044,4.67,1.8875,1026.75,94,3.3425,20,0,0,93.75,0
2022-12-01 03:00:00,7901,4.67,1.7,1027,94,3.6,20,0,0,100,0
2022-12-01 03:15:00,7953,4.6475,1.5925,1027,94,3.73,17.5,0,0,100,0
2022-12-01 03:30:00,7898,4.625,1.485,1027,94,3.86,15,0,0,100,0
2022-12-01 03:45:00,7857,4.6025,1.3775,1027,94,3.99,12.5,0,0,100,0
2022-12-01 04:00:00,7852,4.58,1.27,1027,94,4.12,10,0,0,100,0
2022-12-01 04:15:00,7851,4.515,1.27,1027,94.25,3.99,10,0,0,93.75,0
2022-12-01 04:30:00,7912,4.45,1.27,1027,94.5,3.86,10,0,0,87.5,0
2022-12-01 04:45:00,7950,4.385,1.27,1027,94.75,3.73,10,0,0,81.25,0
2022-12-01 05:00:00,8147,4.32,1.27,1027,95,3.6,10,0,0,75,0
2022-12-01 05:15:00,8362,4.42,1.58,1027,94.5,3.3425,12.5,0,0,81.25,0
2022-12-01 05:30:00,8519,4.52,1.89,1027,94,3.085,15,0,0,87.5,0
2022-12-01 05:45:00,8694,4.62,2.2,1027,93.5,2.8275,17.5,0,0,93.75,0
2022-12-01 06:00:00,9127,4.72,2.51,1027,93,2.57,20,0,0,100,0
2022-12-01 06:15:00,9456,4.7175,2.625,1027,93.25,2.4425,17.5,0,0,100,0
2022-12-01 06:30:00,9615,4.715,2.74,1027,93.5,2.315,15,0,0,100,0
2022-12-01 06:45:00,9780,4.7125,2.855,1027,93.75,2.1875,12.5,0,0,100,0
2022-12-01 07:00:00,10035,4.71,2.97,1027,94,2.06,10,0,0,100,0
2022-12-01 07:15:00,10315,4.7475,3.0125,1027,93.75,2.06,97.5,0,0,93.75,0
2022-12-01 07:30:00,10497,4.785,3.055,1027,93.5,2.06,185,0,0,87.5,0
2022-12-01 07:45:00,10632,4.8225,3.0975,1027,93.25,2.06,272.5,0,0,81.25,0
2022-12-01 08:00:00,10763,4.86,3.14,1027,93,2.06,360,0,0,75,0
2022-12-01 08:15:00,10739,4.86,2.9225,1027,93,2.3175,272.5,0,0,75,0
2022-12-01 08:30:00,10842,4.86,2.705,1027,93,2.575,185,0,0,75,0
2022-12-01 08:45:00,10929,4.86,2.4875,1027,93,2.8325,97.5,0,0,75,0
2022-12-01 09:00:00,11058,4.86,2.27,1027,93,3.09,10,0,0,75,0
2022-12-01 09:15:00,11139,4.91,2.43,1027.25,93,2.96,10,0,0,75,0
2022-12-01 09:30:00,11192,4.96,2.59,1027.5,93,2.83,10,0,0,75,0
2022-12-01 09:45:00,11217,5.01,2.75,1027.75,93,2.7,10,0,0,75,0
2022-12-01 10:00:00,11203,5.06,2.91,1028,93,2.57,10,0,0,75,0
2022-12-01 10:15:00,11203,5.125,2.9875,1028,93,2.57,12.5,0,0,75,0
2022-12-01 10:30:00,11245,5.19,3.065,1028,93,2.57,15,0,0,75,0
2022-12-01 10:45:00,11266,5.255,3.1425,1028,93,2.57,17.5,0,0,75,0
2022-12-01 11:00:00,11345,5.32,3.22,1028,93,2.57,20,0,0,75,0
2022-12-01 11:15:00,11398,5.46,3.3875,1027.75,92.75,2.57,27.5,0,0,75,0
2022-12-01 11:30:00,11436,5.6,3.555,1027.5,92.5,2.57,35,0,0,75,0
2022-12-01 11:45:00,11458,5.74,3.7225,1027.25,92.25,2.57,42.5,0,0,75,0
2022-12-01 12:00:00,11256,5.88,3.89,1027,92,2.57,50,0,0,75,0
2022-12-01 12:15:00,11179,5.9475,3.875,1027,91.5,2.7,50,0,0,75,0
2022-12-01 12:30:00,11082,6.015,3.86,1027,91,2.83,50,0,0,75,0
2022-12-01 12:45:00,11030,6.0825,3.845,1027,90.5,2.96,50,0,0,75,0
2022-12-01 13:00:00,11087,6.15,3.83,1027,90,3.09,50,0,0,75,0
2022-12-01 13:15:00,11038,6.1575,3.8375,1027,90,3.09,42.5,0,0,75,0
2022-12-01 13:30:00,11091,6.165,3.845,1027,90,3.09,35,0,0,75,0
2022-12-01 13:45:00,11057,6.1725,3.8525,1027,90,3.09,27.5,0,0,75,0
2022-12-01 14:00:00,11024,6.18,3.86,1027,90,3.09,20,0,0,75,0
2022-12-01 14:15:00,10978,6.18,3.86,1026.75,89.25,3.09,17.5,0,0,75,0
2022-12-01 14:30:00,10914,6.18,3.86,1026.5,88.5,3.09,15,0,0,75,0
2022-12-01 14:45:00,10903,6.18,3.86,1026.25,87.75,3.09,12.5,0,0,75,0
2022-12-01 15:00:00,10741,6.18,3.86,1026,87,3.09,10,0,0,75,0
2022-12-01 15:15:00,10761,6.15,3.92,1026,86.5,2.96,10,0,0,75,0
2022-12-01 15:30:00,10830,6.12,3.98,1026,86,2.83,10,0,0,75,0
2022-12-01 15:45:00,10828,6.09,4.04,1026,85.5,2.7,10,0,0,75,0
2022-12-01 16:00:00,10855,6.06,4.1,1026,85,2.57,10,0,0,75,0
2022-12-01 16:15:00,10812,6,4.0275,1026,85.25,2.57,97.5,0,0,75,0
2022-12-01 16:30:00,10818,5.94,3.955,1026,85.5,2.57,185,0,0,75,0
2022-12-01 16:45:00,11123,5.88,3.8825,1026,85.75,2.57,272.5,0,0,75,0
2022-12-01 17:00:00,11270,5.82,3.81,1026,86,2.57,360,0,0,75,0
2022-12-01 17:15:00,11300,5.7475,3.6275,1026,86.25,2.7,272.5,0,0,75,0
2022-12-01 17:30:00,11314,5.675,3.445,1026,86.5,2.83,185,0,0,75,0
2022-12-01 17:45:00,11233,5.6025,3.2625,1026,86.75,2.96,97.5,0,0,75,0
2022-12-01 18:00:00,11489,5.53,3.08,1026,87,3.09,10,0,0,75,0
2022-12-01 18:15:00,11448,5.4875,3.0275,1026.25,87,3.09,12.5,0,0,75,0
2022-12-01 18:30:00,11465,5.445,2.975,1026.5,87,3.09,15,0,0,75,0
2022-12-01 18:45:00,11381,5.4025,2.9225,1026.75,87,3.09,17.5,0,0,75,0
2022-12-01 19:00:00,11179,5.36,2.87,1027,87,3.09,20,0,0,75,0
2022-12-01 19:15:00,11050,5.3125,2.815,1026.75,87.25,3.09,22.5,0,0,81.25,0
2022-12-01 19:30:00,10951,5.265,2.76,1026.5,87.5,3.09,25,0,0,87.5,0
2022-12-01 19:45:00,10760,5.2175,2.705,1026.25,87.75,3.09,27.5,0,0,93.75,0
2022-12-01 20:00:00,10606,5.17,2.65,1026,88,3.09,30,0,0,100,0
2022-12-01 20:15:00,10526,5.1925,2.89,1026,88,2.8325,30,0,0,100,0
2022-12-01 20:30:00,10354,5.215,3.13,1026,88,2.575,30,0,0,100,0
2022-12-01 20:45:00,10220,5.2375,3.37,1026,88,2.3175,30,0,0,100,0
2022-12-01 21:00:00,9985,5.26,3.61,1026,88,2.06,30,0,0,100,0
2022-12-01 21:15:00,9988,5.2425,3.59,1026,88.25,2.06,30,0,0,100,0
2022-12-01 21:30:00,9824,5.225,3.57,1026,88.5,2.06,30,0,0,100,0
2022-12-01 21:45:00,9809,5.2075,3.55,1026,88.75,2.06,30,0,0,100,0
2022-12-01 22:00:00,9845,5.19,3.53,1026,89,2.06,30,0,0,100,0
2022-12-01 22:15:00,9754,5.145,3.4775,1026,89,2.06,30,0,0,100,0
2022-12-01 22:30:00,9867,5.1,3.425,1026,89,2.06,30,0,0,100,0
2022-12-01 22:45:00,9748,5.055,3.3725,1026,89,2.06,30,0,0,100,0
2022-12-01 23:00:00,9805,5.01,3.32,1026,89,2.06,30,0,0,100,0
2022-12-01 23:15:00,9689,4.9875,3.72,1026,89.25,1.8025,30,0,0,100,0
2022-12-01 23:30:00,9504,4.965,4.12,1026,89.5,1.545,30,0,0,100,0
2022-12-01 23:45:00,9417,4.9425,4.52,1026,89.75,1.2875,30,0,0,100,0
2022-12-02 00:00:00,9259,4.92,4.92,1026,90,1.03,30,0,0,100,0
2022-12-02 00:15:00,9114,4.905,4.625,1025.75,90.25,1.1575,27.5,0,0,100,0
2022-12-02 00:30:00,8960,4.89,4.33,1025.5,90.5,1.285,25,0,0,100,0
2022-12-02 00:45:00,8845,4.875,4.035,1025.25,90.75,1.4125,22.5,0,0,100,0
2022-12-02 01:00:00,8815,4.86,3.74,1025,91,1.54,20,0,0,100,0
2022-12-02 01:15:00,8743,4.7825,3.65,1025,91.5,1.54,20,0,0,100,0
2022-12-02 01:30:00,8466,4.705,3.56,1025,92,1.54,20,0,0,100,0
2022-12-02 01:45:00,8461,4.6275,3.47,1025,92.5,1.54,20,0,0,100,0
2022-12-02 02:00:00,8363,4.55,3.38,1025,93,1.54,20,0,0,100,0
2022-12-02 02:15:00,8319,4.505,3.6275,1024.75,93,1.4125,17.5,0,0,93.75,0
2022-12-02 02:30:00,8275,4.46,3.875,1024.5,93,1.285,15,0,0,87.5,0
2022-12-02 02:45:00,8186,4.415,4.1225,1024.25,93,1.1575,12.5,0,0,81.25,0
2022-12-02 03:00:00,8312,4.37,4.37,1024,93,1.03,10,0,0,75,0
2022-12-02 03:15:00,8218,4.3325,4.0275,1024,93,1.1575,10,0,0,81.25,0
2022-12-02 03:30:00,8223,4.295,3.685,1024,93,1.285,10,0,0,87.5,0
2022-12-02 03:45:00,8108,4.2575,3.3425,1024,93,1.4125,10,0,0,93.75,0
2022-12-02 04:00:00,8094,4.22,3,1024,93,1.54,10,0,0,100,0
2022-12-02 04:15:00,8141,4.225,2.855,1024,93.25,1.67,12.5,0,0,93.75,0
2022-12-02 04:30:00,8251,4.23,2.71,1024,93.5,1.8,15,0,0,87.5,0
2022-12-02 04:45:00,8287,4.235,2.565,1024,93.75,1.93,17.5,0,0,81.25,0
2022-12-02 05:00:00,8495,4.24,2.42,1024,94,2.06,20,0,0,75,0
2022-12-02 05:15:00,8578,4.26,2.3225,1023.75,94,2.1875,22.5,0,0,81.25,0
2022-12-02 05:30:00,8618,4.28,2.225,1023.5,94,2.315,25,0,0,87.5,0
2022-12-02 05:45:00,8687,4.3,2.1275,1023.25,94,2.4425,27.5,0,0,93.75,0
2022-12-02 06:00:00,9220,4.32,2.03,1023,94,2.57,30,0,0,100,0
2022-12-02 06:15:00,9468,4.2925,1.9975,1023,93.5,2.57,35,0,0,100,0
2022-12-02 06:30:00,9646,4.265,1.965,1023,93,2.57,40,0,0,100,0
2022-12-02 06:45:00,9856,4.2375,1.9325,1023,92.5,2.57,45,0,0,100,0
2022-12-02 07:00:00,10074,4.21,1.9,1023,92,2.57,50,0,0,100,0
2022-12-02 07:15:00,10261,4.15,1.555,1023,92,2.9575,52.5,0,0,100,0
2022-12-02 07:30:00,10561,4.09,1.21,1023,92,3.345,55,0,0,100,0
2022-12-02 07:45:00,10760,4.03,0.865,1023,92,3.7325,57.5,0,0,100,0
2022-12-02 08:00:00,10966,3.97,0.52,1023,92,4.12,60,0,0,100,0
2022-12-02 08:15:00,10954,3.77,0.5575,1023,91.75,3.7325,62.5,0,0,100,0
2022-12-02 08:30:00,11057,3.57,0.595,1023,91.5,3.345,65,0,0,100,0
2022-12-02 08:45:00,11119,3.37,0.6325,1023,91.25,2.9575,67.5,0,0,100,0
2022-12-02 09:00:00,11235,3.17,0.67,1023,91,2.57,70,0,0,100,0
2022-12-02 09:15:00,11223,3.1325,0.2675,1023,90.25,3.085,65,0,0,100,0
2022-12-02 09:30:00,11284,3.095,-0.135,1023,89.5,3.6,60,0,0,100,0
2022-12-02 09:45:00,11342,3.0575,-0.5375,1023,88.75,4.115,55,0,0,100,0
2022-12-02 10:00:00,11371,3.02,-0.94,1023,88,4.63,50,0,0,100,0
2022-12-02 10:15:00,11441,3.0225,-0.8625,1023,87.75,4.5025,50,0,0,100,0
2022-12-02 10:30:00,11494,3.025,-0.785,1023,87.5,4.375,50,0,0,100,0
2022-12-02 10:45:00,11517,3.0275,-0.7075,1023,87.25,4.2475,50,0,0,100,0
2022-12-02 11:00:00,11432,3.03,-0.63,1023,87,4.12,50,0,0,100,0
2022-12-02 11:15:00,11486,3.0725,-0.58,1023,87.25,4.12,50,0,0,93.75,0
2022-12-02 11:30:00,11596,3.115,-0.53,1023,87.5,4.12,50,0,0,87.5,0
2022-12-02 11:45:00,11605,3.1575,-0.48,1023,87.75,4.12,50,0,0,81.25,0
2022-12-02 12:00:00,11365,3.2,-0.43,1023,88,4.12,50,0,0,75,0
2022-12-02 12:15:00,11218,3.2,-0.5025,1022.75,88,4.2475,50,0,0,75,0
2022-12-02 12:30:00,11304,3.2,-0.575,1022.5,88,4.375,50,0,0,75,0
2022-12-02 12:45:00,11260,3.2,-0.6475,1022.25,88,4.5025,50,0,0,75,0
2022-12-02 13:00:00,11245,3.2,-0.72,1022,88,4.63,50,0,0,75,0
2022-12-02 13:15:00,11162,3.225,-0.8175,1022,88.25,4.8875,50,0,0,81.25,0
2022-12-02 13:30:00,11161,3.25,-0.915,1022,88.5,5.145,50,0,0,87.5,0
2022-12-02 13:45:00,11192,3.275,-1.0125,1022,88.75,5.4025,50,0,0,93.75,0
2022-12-02 14:00:00,11135,3.3,-1.11,1022,89,5.66,50,0,0,100,0
2022-12-02 14:15:00,11161,3.2775,-1.075,1021.75,89.25,5.53,50,0,0,100,0
2022-12-02 14:30:00,11165,3.255,-1.04,1021.5,89.5,5.4,50,0,0,100,0
2022-12-02 14:45:00,11178,3.2325,-1.005,1021.25,89.75,5.27,50,0,0,100,0
2022-12-02 15:00:00,11012,3.21,-0.97,1021,90,5.14,50,0,0,100,0
2022-12-02 15:15:00,10928,3.21,-0.7475,1021,89.75,4.755,50,0,0,100,0
2022-12-02 15:30:00,10971,3.21,-0.525,1021,89.5,4.37,50,0,0,100,0
2022-12-02 15:45:00,10990,3.21,-0.3025,1021,89.25,3.985,50,0,0,100,0
2022-12-02 16:00:00,10929,3.21,-0.08,1021,89,3.6,50,0,0,100,0
2022-12-02 16:15:00,11082,3.2275,-0.215,1021,88.75,3.8575,50,0,0,100,0
2022-12-02 16:30:00,11110,3.245,-0.35,1021,88.5,4.115,50,0,0,100,0
2022-12-02 16:45:00,11277,3.2625,-0.485,1021,88.25,4.3725,50,0,0,100,0
2022-12-02 17:00:00,11283,3.28,-0.62,1021,88,4.63,50,0,0,100,0
2022-12-02 17:15:00,11393,3.26,-0.885,1021.25,87.5,5.145,50,0,0,100,0
2022-12-02 17:30:00,11468,3.24,-1.15,1021.5,87,5.66,50,0,0,100,0
2022-12-02 17:45:00,11468,3.22,-1.415,1021.75,86.5,6.175,50,0,0,100,0
2022-12-02 18:00:00,11350,3.2,-1.68,1022,86,6.69,50,0,0,100,0
2022-12-02 18:15:00,11274,3.125,-1.72,1022,85.75,6.56,52.5,0,0,100,0
2022-12-02 18:30:00,11062,3.05,-1.76,1022,85.5,6.43,55,0,0,100,0
2022-12-02 18:45:00,10929,2.975,-1.8,1022,85.25,6.3,57.5,0,0,100,0
2022-12-02 19:00:00,11008,2.9,-1.84,1022,85,6.17,60,0,0,100,0
2022-12-02 19:15:00,10843,2.765,-2.0125,1022,84.75,6.17,60,0,0,93.75,0
2022-12-02 19:30:00,10619,2.63,-2.185,1022,84.5,6.17,60,0,0,87.5,0
2022-12-02 19:45:00,10526,2.495,-2.3575,1022,84.25,6.17,60,0,0,81.25,0
2022-12-02 20:00:00,10395,2.36,-2.53,1022,84,6.17,60,0,0,75,0
2022-12-02 20:15:00,10290,2.37,-2.395,1022,84,5.9125,57.5,0,0,75,0
2022-12-02 20:30:00,10049,2.38,-2.26,1022,84,5.655,55,0,0,75,0
2022-12-02 20:45:00,10033,2.39,-2.125,1022,84,5.3975,52.5,0,0,75,0
2022-12-02 21:00:00,10001,2.4,-1.99,1022,84,5.14,50,0,0,75,0
2022-12-02 21:15:00,9730,2.3825,-2.0125,1022,83.75,5.14,50,0,0,75,0
2022-12-02 21:30:00,9502,2.365,-2.035,1022,83.5,5.14,50,0,0,75,0
2022-12-02 21:45:00,9399,2.3475,-2.0575,1022,83.25,5.14,50,0,0,75,0
2022-12-02 22:00:00,9579,2.33,-2.08,1022,83,5.14,50,0,0,75,0
2022-12-02 22:15:00,9682,2.31,-2.17,1022,83,5.27,50,0,0,75,0
2022-12-02 22:30:00,9747,2.29,-2.26,1022,83,5.4,50,0,0,75,0
2022-12-02 22:45:00,9665,2.27,-2.35,1022,83,5.53,50,0,0,75,0
2022-12-02 23:00:00,9695,2.25,-2.44,1022,83,5.66,50,0,0,75,0
2022-12-02 23:15:00,9662,2.22,-2.4775,1022,82.75,5.66,50,0,0,75,0
2022-12-02 23:30:00,9562,2.19,-2.515,1022,82.5,5.66,50,0,0,75,0
2022-12-02 23:45:00,9349,2.16,-2.5525,1022,82.25,5.66,50,0,0,75,0
2022-12-03 00:00:00,9185,2.13,-2.59,1022,82,5.66,50,0,0,75,0
2022-12-03 00:15:00,9113,2.1325,-2.4525,1021.75,82.25,5.4025,52.5,0,0,75,0
2022-12-03 00:30:00,8887,2.135,-2.315,1021.5,82.5,5.145,55,0,0,75,0
2022-12-03 00:45:00,8886,2.1375,-2.1775,1021.25,82.75,4.8875,57.5,0,0,75,0
2022-12-03 01:00:00,8689,2.14,-2.04,1021,83,4.63,60,0,0,75,0
2022-12-03 01:15:00,8688,2.0925,-2.1675,1021,83,4.7575,60,0,0,75,0
2022-12-03 01:30:00,8573,2.045,-2.295,1021,83,4.885,60,0,0,75,0
2022-12-03 01:45:00,8424,1.9975,-2.4225,1021,83,5.0125,60,0,0,75,0
2022-12-03 02:00:00,8281,1.95,-2.55,1021,83,5.14,60,0,0,75,0
2022-12-03 02:15:00,8361,1.955,-2.475,1021,83.25,5.0125,60,0,0,75,0
2022-12-03 02:30:00,8294,1.96,-2.4,1021,83.5,4.885,60,0,0,75,0
2022-12-03 02:45:00,8337,1.965,-2.325,1021,83.75,4.7575,60,0,0,75,0
2022-12-03 03:00:00,8191,1.97,-2.25,1021,84,4.63,60,0,0,75,0
2022-12-03 03:15:00,8206,1.8675,-2.3,1021,84.5,4.5025,60,0,0,75,0
2022-12-03 03:30:00,8144,1.765,-2.35,1021,85,4.375,60,0,0,75,0
2022-12-03 03:45:00,8093,1.6625,-2.4,1021,85.5,4.2475,60,0,0,75,0
2022-12-03 04:00:00,7837,1.56,-2.45,1021,86,4.12,60,0,0,75,0
2022-12-03 04:15:00,8068,1.6625,-2.235,1021,85.75,3.99,60,0,0,75,0
2022-12-03 04:30:00,7973,1.765,-2.02,1021,85.5,3.86,60,0,0,75,0
2022-12-03 04:45:00,8011,1.8675,-1.805,1021,85.25,3.73,60,0,0,75,0
2022-12-03 05:00:00,7910,1.97,-1.59,1021,85,3.6,60,0,0,75,0
2022-12-03 05:15:00,8052,1.855,-1.8975,1021,85.25,3.8575,57.5,0,0,75,0
2022-12-03 05:30:00,8056,1.74,-2.205,1021,85.5,4.115,55,0,0,75,0
2022-12-03 05:45:00,8109,1.625,-2.5125,1021,85.75,4.3725,52.5,0,0,75,0
2022-12-03 06:00:00,8196,1.51,-2.82,1021,86,4.63,50,0,0,75,0
2022-12-03 06:15:00,8337,1.505,-2.8075,1021,86.25,4.6,53.25,0,0,76,0
2022-12-03 06:30:00,8409,1.5,-2.795,1021,86.5,4.57,56.5,0,0,77,0
2022-12-03 06:45:00,8688,1.495,-2.7825,1021,86.75,4.54,59.75,0,0,78,0
2022-12-03 07:00:00,8837,1.49,-2.77,1021,87,4.51,63,0,0,79,0
2022-12-03 07:15:00,8860,1.4775,-2.54,1020.75,87,4.155,59.75,0,0,78,0
2022-12-03 07:30:00,8918,1.465,-2.31,1020.5,87,3.8,56.5,0,0,77,0
2022-12-03 07:45:00,9034,1.4525,-2.08,1020.25,87,3.445,53.25,0,0,76,0
2022-12-03 08:00:00,9207,1.44,-1.85,1020,87,3.09,50,0,0,75,0
2022-12-03 08:15:00,9381,1.53,-1.8375,1020,86.5,3.2175,50,0,0,75,0
2022-12-03 08:30:00,9344,1.62,-1.825,1020,86,3.345,50,0,0,75,0
2022-12-03 08:45:00,9562,1.71,-1.8125,1020,85.5,3.4725,50,0,0,75,0
2022-12-03 09:00:00,9760,1.8,-1.8,1020,85,3.6,50,0,0,75,0
2022-12-03 09:15:00,9911,1.8625,-1.7225,1020,85.25,3.6,52.5,0,0,75,0
2022-12-03 09:30:00,9972,1.925,-1.645,1020,85.5,3.6,55,0,0,75,0
2022-12-03 09:45:00,10106,1.9875,-1.5675,1020,85.75,3.6,57.5,0,0,75,0
2022-12-03 10:00:00,10185,2.05,-1.49,1020,86,3.6,60,0,0,75,0
2022-12-03 10:15:00,10220,2.125,-1.4,1020,85.75,3.6,62.5,0,0,81.25,0
2022-12-03 10:30:00,10276,2.2,-1.31,1020,85.5,3.6,65,0,0,87.5,0
2022-12-03 10:45:00,10364,2.275,-1.22,1020,85.25,3.6,67.5,0,0,93.75,0
2022-12-03 11:00:00,10385,2.35,-1.13,1020,85,3.6,70,0,0,100,0
2022-12-03 11:15:00,10372,2.37,-1.01,1020,85,3.4725,70,0,0,100,0
2022-12-03 11:30:00,10575,2.39,-0.89,1020,85,3.345,70,0,0,100,0
2022-12-03 11:45:00,10661,2.41,-0.77,1020,85,3.2175,70,0,0,100,0
2022-12-03 12:00:00,10596,2.43,-0.65,1020,85,3.09,70,0,0,100,0
2022-12-03 12:15:00,10500,2.4475,-0.725,1019.75,84.75,3.2175,70,0,0,100,0
2022-12-03 12:30:00,10549,2.465,-0.8,1019.5,84.5,3.345,70,0,0,100,0
2022-12-03 12:45:00,10362,2.4825,-0.875,1019.25,84.25,3.4725,70,0,0,100,0
2022-12-03 13:00:00,10323,2.5,-0.95,1019,84,3.6,70,0,0,100,0
2022-12-03 13:15:00,10270,2.4975,-0.9525,1018.75,83.75,3.6,70,0,0,100,0
2022-12-03 13:30:00,10234,2.495,-0.955,1018.5,83.5,3.6,70,0,0,100,0
2022-12-03 13:45:00,10039,2.4925,-0.9575,1018.25,83.25,3.6,70,0,0,100,0
2022-12-03 14:00:00,10020,2.49,-0.96,1018,83,3.6,70,0,0,100,0
2022-12-03 14:15:00,9901,2.57,-0.66,1018,82.5,3.3425,70,0,0,100,0
2022-12-03 14:30:00,10023,2.65,-0.36,1018,82,3.085,70,0,0,100,0
2022-12-03 14:45:00,10055,2.73,-0.06,1018,81.5,2.8275,70,0,0,100,0
2022-12-03 15:00:00,10015,2.81,0.24,1018,81,2.57,70,0,0,100,0
2022-12-03 15:15:00,9962,2.685,-0.2,1018,81.25,2.9575,72.5,0,0,100,0
2022-12-03 15:30:00,10024,2.56,-0.64,1018,81.5,3.345,75,0,0,100,0
2022-12-03 15:45:00,9967,2.435,-1.08,1018,81.75,3.7325,77.5,0,0,100,0
2022-12-03 16:00:00,9908,2.31,-1.52,1018,82,4.12,80,0,0,100,0
2022-12-03 16:15:00,10050,2.2675,-1.2775,1018,82,3.7325,77.5,0,0,100,0
2022-12-03 16:30:00,10153,2.225,-1.035,1018,82,3.345,75,0,0,100,0
2022-12-03 16:45:00,10456,2.1825,-0.7925,1018,82,2.9575,72.5,0,0,100,0
2022-12-03 17:00:00,10480,2.14,-0.55,1018,82,2.57,70,0,0,100,0
2022-12-03 17:15:00,10528,2.1175,-0.69,1017.75,82.25,2.7,67.5,0,0,100,0
2022-12-03 17:30:00,10585,2.095,-0.83,1017.5,82.5,2.83,65,0,0,100,0
2022-12-03 17:45:00,10615,2.0725,-0.97,1017.25,82.75,2.96,62.5,0,0,100,0
2022-12-03 18:00:00,10671,2.05,-1.11,1017,83,3.09,60,0,0,100,0
2022-12-03 18:15:00,10569,2.03,-1.23,1017,83.25,3.2175,60,0,0,93.75,0
2022-12-03 18:30:00,10516,2.01,-1.35,1017,83.5,3.345,60,0,0,87.5,0
2022-12-03 18:45:00,10392,1.99,-1.47,1017,83.75,3.4725,60,0,0,81.25,0
2022-12-03 19:00:00,10309,1.97,-1.59,1017,84,3.6,60,0,0,75,0
2022-12-03 19:15:00,10227,1.8775,-1.605,1017,84.5,3.4725,60,0,0,75,0
2022-12-03 19:30:00,10189,1.785,-1.62,1017,85,3.345,60,0,0,75,0
2022-12-03 19:45:00,10098,1.6925,-1.635,1017,85.5,3.2175,60,0,0,75,0
2022-12-03 20:00:00,9896,1.6,-1.65,1017,86,3.09,60,0,0,75,0
2022-12-03 20:15:00,9872,1.6,-1.7475,1017,86,3.2175,60,0,0,75,0
2022-12-03 20:30:00,9819,1.6,-1.845,1017,86,3.345,60,0,0,75,0
2022-12-03 20:45:00,9666,1.6,-1.9425,1017,86,3.4725,60,0,0,75,0
2022-12-03 21:00:00,9528,1.6,-2.04,1017,86,3.6,60,0,0,75,0
2022-12-03 21:15:00,9502,1.55,-2.0025,1017,86.25,3.4725,62.5,0,0,75,0
2022-12-03 21:30:00,9368,1.5,-1.965,1017,86.5,3.345,65,0,0,75,0
2022-12-03 21:45:00,9315,1.45,-1.9275,1017,86.75,3.2175,67.5,0,0,75,0
2022-12-03 22:00:00,9348,1.4,-1.89,1017,87,3.09,70,0,0,75,0
2022-12-03 22:15:00,9451,1.3425,-2.15,1016.75,86.75,3.3475,65,0,0,75,0
2022-12-03 22:30:00,9226,1.285,-2.41,1016.5,86.5,3.605,60,0,0,75,0
2022-12-03 22:45:00,9101,1.2275,-2.67,1016.25,86.25,3.8625,55,0,0,75,0
2022-12-03 23:00:00,9305,1.17,-2.93,1016,86,4.12,50,0,0,75,0
2022-12-03 23:15:00,9223,1.0775,-2.7325,1016,86.5,3.7325,52.5,0,0,75,0
2022-12-03 23:30:00,9124,0.985,-2.535,1016,87,3.345,55,0,0,75,0
2022-12-03 23:45:00,9157,0.8925,-2.3375,1016,87.5,2.9575,57.5,0,0,75,0
2022-12-04 00:00:00,8972,0.8,-2.14,1016,88,2.57,60,0,0,75,0
2022-12-04 00:15:00,8876,0.6775,-1.97,1016,88,2.3125,60,0,0,61.25,0
2022-12-04 00:30:00,8787,0.555,-1.8,1016,88,2.055,60,0,0,47.5,0
2022-12-04 00:45:00,8526,0.4325,-1.63,1016,88,1.7975,60,0,0,33.75,0
2022-12-04 01:00:00,8521,0.31,-1.46,1016,88,1.54,60,0,0,20,0
2022-12-04 01:15:00,8443,0.135,-1.8425,1016,88.75,1.67,60,0,0,25,0
2022-12-04 01:30:00,8365,-0.04,-2.225,1016,89.5,1.8,60,0,0,30,0
2022-12-04 01:45:00,8227,-0.215,-2.6075,1016,90.25,1.93,60,0,0,35,0
2022-12-04 02:00:00,8099,-0.39,-2.99,1016,91,2.06,60,0,0,40,0
2022-12-04 02:15:00,8157,-0.285,-3.0075,1016,90.75,2.1875,57.5,0,0,48.75,0
2022-12-04 02:30:00,8057,-0.18,-3.025,1016,90.5,2.315,55,0,0,57.5,0
2022-12-04 02:45:00,7961,-0.075,-3.0425,1016,90.25,2.4425,52.5,0,0,66.25,0
2022-12-04 03:00:00,7979,0.03,-3.06,1016,90,2.57,50,0,0,75,0
2022-12-04 03:15:00,7897,0.0825,-3.1175,1015.75,89.75,2.7,50,0,0,75,0
2022-12-04 03:30:00,7825,0.135,-3.175,1015.5,89.5,2.83,50,0,0,75,0
2022-12-04 03:45:00,7754,0.1875,-3.2325,1015.25,89.25,2.96,50,0,0,75,0
2022-12-04 04:00:00,7715,0.24,-3.29,1015,89,3.09,50,0,0,75,0
2022-12-04 04:15:00,7709,0.3025,-3.215,1015,89.25,3.09,52.5,0,0,75,0
2022-12-04 04:30:00,7818,0.365,-3.14,1015,89.5,3.09,55,0,0,75,0
2022-12-04 04:45:00,7852,0.4275,-3.065,1015,89.75,3.09,57.5,0,0,75,0
2022-12-04 05:00:00,7642,0.49,-2.99,1015,90,3.09,60,0,0,75,0
2022-12-04 05:15:00,7832,0.605,-2.8525,1015,89.5,3.09,60,0,0,75,0
2022-12-04 05:30:00,7843,0.72,-2.715,1015,89,3.09,60,0,0,75,0
2022-12-04 05:45:00,7927,0.835,-2.5775,1015,88.5,3.09,60,0,0,75,0
2022-12-04 06:00:00,8069,0.95,-2.44,1015,88,3.09,60,0,0,75,0
2022-12-04 06:15:00,8168,0.95,-2.54,1015,88,3.2175,57.5,0,0,75,0
2022-12-04 06:30:00,8240,0.95,-2.64,1015,88,3.345,55,0,0,75,0
2022-12-04 06:45:00,8203,0.95,-2.74,1015,88,3.4725,52.5,0,0,75,0
2022-12-04 07:00:00,8251,0.95,-2.84,1015,88,3.6,50,0,0,75,0
2022-12-04 07:15:00,8394,0.93,-2.7625,1015,87.75,3.4725,52.5,0,0,75,0
2022-12-04 07:30:00,8462,0.91,-2.685,1015,87.5,3.345,55,0,0,75,0
2022-12-04 07:45:00,8540,0.89,-2.6075,1015,87.25,3.2175,57.5,0,0,75,0
2022-12-04 08:00:00,8775,0.87,-2.53,1015,87,3.09,60,0,0,75,0
2022-12-04 08:15:00,8829,0.87,-2.53,1015.25,87.25,3.09,62.5,0,0,75,0
2022-12-04 08:30:00,8861,0.87,-2.53,1015.5,87.5,3.09,65,0,0,75,0
2022-12-04 08:45:00,9125,0.87,-2.53,1015.75,87.75,3.09,67.5,0,0,75,0
2022-12-04 09:00:00,9255,0.87,-2.53,1016,88,3.09,70,0,0,75,0
2022-12-04 09:15:00,9437,0.9575,-2.31,1016,88,2.96,67.5,0,0,75,0
2022-12-04 09:30:00,9484,1.045,-2.09,1016,88,2.83,65,0,0,75,0
2022-12-04 09:45:00,9610,1.1325,-1.87,1016,88,2.7,62.5,0,0,75,0
2022-12-04 10:00:00,9718,1.22,-1.65,1016,88,2.57,60,0,0,75,0
2022-12-04 10:15:00,9799,1.2275,-1.755,1016,88,2.7,60,0,0,75,0
2022-12-04 10:30:00,9752,1.235,-1.86,1016,88,2.83,60,0,0,75,0
2022-12-04 10:45:00,9872,1.2425,-1.965,1016,88,2.96,60,0,0,75,0
2022-12-04 11:00:00,9947,1.25,-2.07,1016,88,3.09,60,0,0,75,0
2022-12-04 11:15:00,9977,1.2975,-2.2,1016,87.25,3.3475,67.5,0,0,75,0
2022-12-04 11:30:00,10096,1.345,-2.33,1016,86.5,3.605,75,0,0,75,0
2022-12-04 11:45:00,10084,1.3925,-2.46,1016,85.75,3.8625,82.5,0,0,75,0
2022-12-04 12:00:00,10131,1.44,-2.59,1016,85,4.12,90,0,0,75,0
2022-12-04 12:15:00,10292,1.44,-2.59,1016,84.75,4.12,85,0,0,81.25,0
2022-12-04 12:30:00,10287,1.44,-2.59,1016,84.5,4.12,80,0,0,87.5,0
2022-12-04 12:45:00,10171,1.44,-2.59,1016,84.25,4.12,75,0,0,93.75,0
2022-12-04 13:00:00,10273,1.44,-2.59,1016,84,4.12,70,0,0,100,0
2022-12-04 13:15:00,10254,1.5175,-2.495,1015.75,83.5,4.12,67.5,0,0,100,0
2022-12-04 13:30:00,10235,1.595,-2.4,1015.5,83,4.12,65,0,0,100,0
2022-12-04 13:45:00,10060,1.6725,-2.305,1015.25,82.5,4.12,62.5,0,0,100,0
2022-12-04 14:00:00,10097,1.75,-2.21,1015,82,4.12,60,0,0,100,0
2022-12-04 14:15:00,10016,1.6475,-2.3375,1015,82.5,4.12,60,0,0,100,0
2022-12-04 14:30:00,9827,1.545,-2.465,1015,83,4.12,60,0,0,100,0
2022-12-04 14:45:00,9906,1.4425,-2.5925,1015,83.5,4.12,60,0,0,100,0
2022-12-04 15:00:00,9907,1.34,-2.72,1015,84,4.12,60,0,0,100,0
2022-12-04 15:15:00,9911,1.31,-2.6675,1015,84,3.99,60,0,0,100,0
2022-12-04 15:30:00,9947,1.28,-2.615,1015,84,3.86,60,0,0,100,0
2022-12-04 15:45:00,9920,1.25,-2.5625,1015,84,3.73,60,0,0,100,0
2022-12-04 16:00:00,9974,1.22,-2.51,1015,84,3.6,60,0,0,100,0
2022-12-04 16:15:00,9996,1.18,-2.4575,1015.25,84.25,3.4725,60,0,0,100,0
2022-12-04 16:30:00,10044,1.14,-2.405,1015.5,84.5,3.345,60,0,0,100,0
2022-12-04 16:45:00,10195,1.1,-2.3525,1015.75,84.75,3.2175,60,0,0,100,0
2022-12-04 17:00:00,10341,1.06,-2.3,1016,85,3.09,60,0,0,100,0
2022-12-04 17:15:00,10527,1.0575,-2.4025,1016,85,3.2175,60,0,0,100,0
2022-12-04 17:30:00,10544,1.055,-2.505,1016,85,3.345,60,0,0,100,0
2022-12-04 17:45:00,10621,1.0525,-2.6075,1016,85,3.4725,60,0,0,100,0
2022-12-04 18:00:00,10621,1.05,-2.71,1016,85,3.6,60,0,0,100,0
2022-12-04 18:15:00,10681,1.05,-2.495,1016,85,3.3425,62.5,0,0,93.75,0
2022-12-04 18:30:00,10753,1.05,-2.28,1016,85,3.085,65,0,0,87.5,0
2022-12-04 18:45:00,10646,1.05,-2.065,1016,85,2.8275,67.5,0,0,81.25,0
2022-12-04 19:00:00,10571,1.05,-1.85,1016,85,2.57,70,0,0,75,0
2022-12-04 19:15:00,10552,1.0525,-1.9625,1016,85.25,2.7,65,0,0,75,0
2022-12-04 19:30:00,10479,1.055,-2.075,1016,85.5,2.83,60,0,0,75,0
2022-12-04 19:45:00,10470,1.0575,-2.1875,1016,85.75,2.96,55,0,0,75,0
2022-12-04 20:00:00,10410,1.06,-2.3,1016,86,3.09,50,0,0,75,0
2022-12-04 20:15:00,10233,1.1025,-1.9975,1016,86.75,2.8325,50,0,0,75,0
2022-12-04 20:30:00,10141,1.145,-1.695,1016,87.5,2.575,50,0,0,75,0
2022-12-04 20:45:00,10095,1.1875,-1.3925,1016,88.25,2.3175,50,0,0,75,0
2022-12-04 21:00:00,10009,1.23,-1.09,1016,89,2.06,50,0,0,75,0
2022-12-04 21:15:00,9925,1.255,-0.8925,1016.25,89.75,1.93,47.5,0,0,75,0
2022-12-04 21:30:00,9696,1.28,-0.695,1016.5,90.5,1.8,45,0,0,75,0
2022-12-04 21:45:00,9666,1.305,-0.4975,1016.75,91.25,1.67,42.5,0,0,75,0
2022-12-04 22:00:00,9674,1.33,-0.3,1017,92,1.54,40,0,0,75,0
2022-12-04 22:15:00,9719,1.355,-0.27,1016.75,92.25,1.54,35,0,0,75,0
2022-12-04 22:30:00,9657,1.38,-0.24,1016.5,92.5,1.54,30,0,0,75,0
2022-12-04 22:45:00,9591,1.405,-0.21,1016.25,92.75,1.54,25,0,0,75,0
2022-12-04 23:00:00,9684,1.43,-0.18,1016,93,1.54,20,0,0,75,0
2022-12-04 23:15:00,9436,1.43,-0.485,1016.25,93,1.7975,22.5,0,0,75,0
2022-12-04 23:30:00,9345,1.43,-0.79,1016.5,93,2.055,25,0,0,75,0
2022-12-04 23:45:00,9160,1.43,-1.095,1016.75,93,2.3125,27.5,0,0,75,0
2022-12-05 00:00:00,9050,1.43,-1.4,1017,93,2.57,30,0,0,75,0
2022-12-05 00:15:00,9014,1.4275,-1.4025,1017,93,2.57,30,0,0,75,0
2022-12-05 00:30:00,8864,1.425,-1.405,1017,93,2.57,30,0,0,75,0
2022-12-05 00:45:00,8760,1.4225,-1.4075,1017,93,2.57,30,0,0,75,0
2022-12-05 01:00:00,8580,1.42,-1.41,1017,93,2.57,30,0,0,75,0
2022-12-05 01:15:00,8595,1.395,-1.44,1017,93,2.57,30,0.045,0,75,0
2022-12-05 01:30:00,8441,1.37,-1.47,1017,93,2.57,30,0.09,0,75,0
2022-12-05 01:45:00,8371,1.345,-1.5,1017,93,2.57,30,0.135,0,75,0
2022-12-05 02:00:00,8324,1.32,-1.53,1017,93,2.57,30,0.18,0,75,0
2022-12-05 02:15:00,8344,1.3525,-1.3575,1017,93.25,2.4425,30,0.135,0.29,75,0
2022-12-05 02:30:00,8263,1.385,-1.185,1017,93.5,2.315,30,0.09,0.58,75,0
2022-12-05 02:45:00,8230,1.4175,-1.0125,1017,93.75,2.1875,30,0.045,0.87,75,0
2022-12-05 03:00:00,8140,1.45,-0.84,1017,94,2.06,30,0,1.16,75,0
2022-12-05 03:15:00,8186,1.48,-0.805,1017,93.75,2.06,27.5,0,1.0525,75,0
2022-12-05 03:30:00,8162,1.51,-0.77,1017,93.5,2.06,25,0,0.945,75,0
2022-12-05 03:45:00,8166,1.54,-0.735,1017,93.25,2.06,22.5,0,0.8375,75,0
2022-12-05 04:00:00,8312,1.57,-0.7,1017,93,2.06,20,0,0.73,75,0
2022-12-05 04:15:00,8363,1.5375,-0.5675,1017,93.75,1.93,20,0,0.6,75,0
2022-12-05 04:30:00,8430,1.505,-0.435,1017,94.5,1.8,20,0,0.47,75,0
2022-12-05 04:45:00,8453,1.4725,-0.3025,1017,95.25,1.67,20,0,0.34,75,0
2022-12-05 05:00:00,8723,1.44,-0.17,1017,96,1.54,20,0,0.21,75,0
2022-12-05 05:15:00,8845,1.4175,-0.1975,1017,96,1.54,22.5,0,0.33,75,0
2022-12-05 05:30:00,8822,1.395,-0.225,1017,96,1.54,25,0,0.45,75,0
2022-12-05 05:45:00,9176,1.3725,-0.2525,1017,96,1.54,27.5,0,0.57,75,0
2022-12-05 06:00:00,9556,1.35,-0.28,1017,96,1.54,30,0,0.69,75,0
2022-12-05 06:15:00,9730,1.4625,-0.15,1017.25,95.5,1.54,30,0,0.6425,75,0
2022-12-05 06:30:00,10071,1.575,-0.02,1017.5,95,1.54,30,0,0.595,75,0
2022-12-05 06:45:00,10423,1.6875,0.11,1017.75,94.5,1.54,30,0,0.5475,75,0
2022-12-05 07:00:00,10736,1.8,0.24,1018,94,1.54,30,0,0.5,75,0
2022-12-05 07:15:00,10988,1.8425,0.6725,1018,94,1.4125,27.5,0,0.375,75,0
2022-12-05 07:30:00,11105,1.885,1.105,1018,94,1.285,25,0,0.25,75,0
2022-12-05 07:45:00,11169,1.9275,1.5375,1018,94,1.1575,22.5,0,0.125,75,0
2022-12-05 08:00:00,11529,1.97,1.97,1018,94,1.03,20,0,0,75,0
2022-12-05 08:15:00,11592,1.9875,1.9875,1018,94,1.03,22.5,0,0,81.25,0
2022-12-05 08:30:00,11718,2.005,2.005,1018,94,1.03,25,0,0,87.5,0
2022-12-05 08:45:00,11716,2.0225,2.0225,1018,94,1.03,27.5,0,0,93.75,0
2022-12-05 09:00:00,11767,2.04,2.04,1018,94,1.03,30,0,0,100,0
2022-12-05 09:15:00,11879,2.08,2.08,1018.25,94.25,1.03,30,0.0525,0,100,0
2022-12-05 09:30:00,11885,2.12,2.12,1018.5,94.5,1.03,30,0.105,0,100,0
2022-12-05 09:45:00,11892,2.16,2.16,1018.75,94.75,1.03,30,0.1575,0,100,0
2022-12-05 10:00:00,11924,2.2,2.2,1019,95,1.03,30,0.21,0,100,0
2022-12-05 10:15:00,11948,2.275,2.275,1019,95,1.03,27.5,0.1575,0,100,0
2022-12-05 10:30:00,11979,2.35,2.35,1019,95,1.03,25,0.105,0,100,0
2022-12-05 10:45:00,11883,2.425,2.425,1019,95,1.03,22.5,0.0525,0,100,0
2022-12-05 11:00:00,11941,2.5,2.5,1019,95,1.03,20,0,0,100,0
2022-12-05 11:15:00,12069,2.5,2.5,1019,95,0.9,15,0.0525,0,100,0
2022-12-05 11:30:00,12186,2.5,2.5,1019,95,0.77,10,0.105,0,100,0
2022-12-05 11:45:00,12079,2.5,2.5,1019,95,0.64,5,0.1575,0,100,0
2022-12-05 12:00:00,11949,2.5,2.5,1019,95,0.51,0,0.21,0,100,0
2022-12-05 12:15:00,11943,2.6125,2.2625,1019,94.75,0.7675,5,0.2025,0,100,0
2022-12-05 12:30:00,11959,2.725,2.025,1019,94.5,1.025,10,0.195,0,100,0
2022-12-05 12:45:00,11911,2.8375,1.7875,1019,94.25,1.2825,15,0.1875,0,100,0
2022-12-05 13:00:00,11921,2.95,1.55,1019,94,1.54,20,0.18,0,100,0
2022-12-05 13:15:00,11865,2.965,1.5675,1019,93.75,1.54,102.5,0.135,0,93.75,0
2022-12-05 13:30:00,11761,2.98,1.585,1019,93.5,1.54,185,0.09,0,87.5,0
2022-12-05 13:45:00,11760,2.995,1.6025,1019,93.25,1.54,267.5,0.045,0,81.25,0
2022-12-05 14:00:00,11730,3.01,1.62,1019,93,1.54,350,0,0,75,0
2022-12-05 14:15:00,11576,3.04,1.9975,1019,93,1.2825,262.5,0,0,81.25,0
2022-12-05 14:30:00,11698,3.07,2.375,1019,93,1.025,175,0,0,87.5,0
2022-12-05 14:45:00,11550,3.1,2.7525,1019,93,0.7675,87.5,0,0,93.75,0
2022-12-05 15:00:00,11589,3.13,3.13,1019,93,0.51,0,0,0,100,0
2022-12-05 15:15:00,11587,3.1625,3.1625,1019,93,0.51,75,0,0,93.75,0
2022-12-05 15:30:00,11649,3.195,3.195,1019,93,0.51,150,0,0,87.5,0
2022-12-05 15:45:00,11475,3.2275,3.2275,1019,93,0.51,225,0,0,81.25,0
2022-12-05 16:00:00,11463,3.26,3.26,1019,93,0.51,300,0,0,75,0
2022-12-05 16:15:00,11533,3.26,3.26,1019.25,93.5,0.51,302.5,0,0,81.25,0
2022-12-05 16:30:00,11594,3.26,3.26,1019.5,94,0.51,305,0,0,87.5,0
2022-12-05 16:45:00,11756,3.26,3.26,1019.75,94.5,0.51,307.5,0,0,93.75,0
2022-12-05 17:00:00,11905,3.26,3.26,1020,95,0.51,310,0,0,100,0
2022-12-05 17:15:00,12009,3.3575,3.3575,1020,94.75,0.64,295,0,0,100,0
2022-12-05 17:30:00,12041,3.455,3.455,1020,94.5,0.77,280,0,0,100,0
2022-12-05 17:45:00,12096,3.5525,3.5525,1020,94.25,0.9,265,0,0,100,0
2022-12-05 18:00:00,12146,3.65,3.65,1020,94,1.03,250,0,0,100,0
2022-12-05 18:15:00,12200,3.71,3.71,1020,94,1.03,252.5,0,0,100,0
2022-12-05 18:30:00,11999,3.77,3.77,1020,94,1.03,255,0,0,100,0
2022-12-05 18:45:00,11961,3.83,3.83,1020,94,1.03,257.5,0,0,100,0
2022-12-05 19:00:00,11791,3.89,3.89,1020,94,1.03,260,0,0,100,0
2022-12-05 19:15:00,11653,3.9175,3.605,1020,94.25,1.1575,257.5,0,0,100,0
2022-12-05 19:30:00,11458,3.945,3.32,1020,94.5,1.285,255,0,0,100,0
2022-12-05 19:45:00,11282,3.9725,3.035,1020,94.75,1.4125,252.5,0,0,100,0
2022-12-05 20:00:00,11290,4,2.75,1020,95,1.54,250,0,0,100,0
2022-12-05 20:15:00,11047,4.0075,2.76,1020.25,95,1.54,257.5,0,0,100,0
2022-12-05 20:30:00,10797,4.015,2.77,1020.5,95,1.54,265,0,0,100,0
2022-12-05 20:45:00,10674,4.0225,2.78,1020.75,95,1.54,272.5,0,0,100,0
2022-12-05 21:00:00,10607,4.03,2.79,1021,95,1.54,280,0,0,100,0
2022-12-05 21:15:00,10416,4.1475,2.9225,1021,94.75,1.54,292.5,0,0,93.75,0
2022-12-05 21:30:00,10403,4.265,3.055,1021,94.5,1.54,305,0,0,87.5,0
2022-12-05 21:45:00,10147,4.3825,3.1875,1021,94.25,1.54,317.5,0,0,81.25,0
2022-12-05 22:00:00,10158,4.5,3.32,1021,94,1.54,330,0,0,75,0
2022-12-05 22:15:00,10098,4.535,3.65,1020.75,94,1.4125,330,0,0,75,0
2022-12-05 22:30:00,10142,4.57,3.98,1020.5,94,1.285,330,0,0,75,0
2022-12-05 22:45:00,10063,4.605,4.31,1020.25,94,1.1575,330,0,0,75,0
2022-12-05 23:00:00,10146,4.64,4.64,1020,94,1.03,330,0,0,75,0
2022-12-05 23:15:00,9877,4.6925,4.41,1020.25,94,1.1575,332.5,0,0,75,0
2022-12-05 23:30:00,9821,4.745,4.18,1020.5,94,1.285,335,0,0,75,0
2022-12-05 23:45:00,9711,4.7975,3.95,1020.75,94,1.4125,337.5,0,0,75,0
2022-12-06 00:00:00,9499,4.85,3.72,1021,94,1.54,340,0,0,75,0
2022-12-06 00:15:00,9461,4.8675,3.5925,1020.75,94,1.67,342.5,0,0,75,0
2022-12-06 00:30:00,9304,4.885,3.465,1020.5,94,1.8,345,0,0,75,0
2022-12-06 00:45:00,9194,4.9025,3.3375,1020.25,94,1.93,347.5,0,0,75,0
2022-12-06 01:00:00,9104,4.92,3.21,1020,94,2.06,350,0,0,75,0
2022-12-06 01:15:00,8853,4.9025,3.3375,1020,94,1.93,352.5,0,0,75,0
2022-12-06 01:30:00,8986,4.885,3.465,1020,94,1.8,355,0,0,75,0
2022-12-06 01:45:00,8854,4.8675,3.5925,1020,94,1.67,357.5,0,0,75,0
2022-12-06 02:00:00,8755,4.85,3.72,1020,94,1.54,360,0,0,75,0
2022-12-06 02:15:00,8681,4.8575,3.73,1020,94,1.54,360,0,0,75,0
2022-12-06 02:30:00,8577,4.865,3.74,1020,94,1.54,360,0,0,75,0
2022-12-06 02:45:00,8693,4.8725,3.75,1020,94,1.54,360,0,0,75,0
2022-12-06 03:00:00,8505,4.88,3.76,1020,94,1.54,360,0,0,75,0
2022-12-06 03:15:00,8487,4.8675,3.745,1020,94,1.54,355,0,0,75,0
2022-12-06 03:30:00,8516,4.855,3.73,1020,94,1.54,350,0,0,75,0
2022-12-06 03:45:00,8492,4.8425,3.715,1020,94,1.54,345,0,0,75,0
2022-12-06 04:00:00,8446,4.83,3.7,1020,94,1.54,340,0,0,75,0
2022-12-06 04:15:00,8484,4.8525,3.5775,1020,94,1.67,340,0,0,75,0
2022-12-06 04:30:00,8559,4.875,3.455,1020,94,1.8,340,0,0,75,0
2022-12-06 04:45:00,8674,4.8975,3.3325,1020,94,1.93,340,0,0,75,0
2022-12-06 05:00:00,8802,4.92,3.21,1020,94,2.06,340,0,0,75,0
2022-12-06 05:15:00,8725,4.8675,3.2975,1020,94,1.93,340,0,0,75,0
2022-12-06 05:30:00,9004,4.815,3.385,1020,94,1.8,340,0,0,75,0
2022-12-06 05:45:00,9130,4.7625,3.4725,1020,94,1.67,340,0,0,75,0
2022-12-06 06:00:00,9613,4.71,3.56,1020,94,1.54,340,0,0,75,0
2022-12-06 06:15:00,9903,4.66,3.505,1020,94,1.54,340,0,0,75,0
2022-12-06 06:30:00,10262,4.61,3.45,1020,94,1.54,340,0,0,75,0
2022-12-06 06:45:00,10590,4.56,3.395,1020,94,1.54,340,0,0,75,0
2022-12-06 07:00:00,10784,4.51,3.34,1020,94,1.54,340,0,0,75,0
2022-12-06 07:15:00,10946,4.3175,3.44,1020,94.25,1.4125,345,0,0,75,0
2022-12-06 07:30:00,11197,4.125,3.54,1020,94.5,1.285,350,0,0,75,0
2022-12-06 07:45:00,11235,3.9325,3.64,1020,94.75,1.1575,355,0,0,75,0
2022-12-06 08:00:00,11285,3.74,3.74,1020,95,1.03,360,0,0,75,0
2022-12-06 08:15:00,11275,3.7425,3.4225,1020,94.5,1.1575,357.5,0,0,75,0
2022-12-06 08:30:00,11458,3.745,3.105,1020,94,1.285,355,0,0,75,0
2022-12-06 08:45:00,11573,3.7475,2.7875,1020,93.5,1.4125,352.5,0,0,75,0
2022-12-06 09:00:00,11533,3.75,2.47,1020,93,1.54,350,0,0,75,0
2022-12-06 09:15:00,11710,3.765,2.3325,1020.25,93.5,1.67,342.5,0,0,75,0
2022-12-06 09:30:00,11746,3.78,2.195,1020.5,94,1.8,335,0,0,75,0
2022-12-06 09:45:00,11728,3.795,2.0575,1020.75,94.5,1.93,327.5,0,0,75,0
2022-12-06 10:00:00,11568,3.81,1.92,1021,95,2.06,320,0,0,75,0
2022-12-06 10:15:00,11558,4.0625,2.3625,1021,94.75,1.93,325,0,0,75,0
2022-12-06 10:30:00,11561,4.315,2.805,1021,94.5,1.8,330,0,0,75,0
2022-12-06 10:45:00,11565,4.5675,3.2475,1021,94.25,1.67,335,0,0,75,0
2022-12-06 11:00:00,11499,4.82,3.69,1021,94,1.54,340,0,0,75,0
2022-12-06 11:15:00,11453,5.085,4.2375,1021,93.5,1.2825,255,0,0,61.25,0
2022-12-06 11:30:00,11447,5.35,4.785,1021,93,1.025,170,0,0,47.5,0
2022-12-06 11:45:00,11381,5.615,5.3325,1021,92.5,0.7675,85,0,0,33.75,0
2022-12-06 12:00:00,11269,5.88,5.88,1021,92,0.51,0,0,0,20,0
2022-12-06 12:15:00,11216,5.9675,5.595,1021,91.25,0.8975,80,0,0,20,0
2022-12-06 12:30:00,11149,6.055,5.31,1021,90.5,1.285,160,0,0,20,0
2022-12-06 12:45:00,10907,6.1425,5.025,1021,89.75,1.6725,240,0,0,20,0
2022-12-06 13:00:00,10859,6.23,4.74,1021,89,2.06,320,0,0,20,0
2022-12-06 13:15:00,10698,6.3775,4.9125,1020.75,87.25,2.06,320,0,0,25,0
2022-12-06 13:30:00,10682,6.525,5.085,1020.5,85.5,2.06,320,0,0,30,0
2022-12-06 13:45:00,10590,6.6725,5.2575,1020.25,83.75,2.06,320,0,0,35,0
2022-12-06 14:00:00,10591,6.82,5.43,1020,82,2.06,320,0,0,40,0
2022-12-06 14:15:00,10574,6.7725,5.5125,1020,81.5,1.93,317.5,0,0,40,0
2022-12-06 14:30:00,10669,6.725,5.595,1020,81,1.8,315,0,0,40,0
2022-12-06 14:45:00,10753,6.6775,5.6775,1020,80.5,1.67,312.5,0,0,40,0
2022-12-06 15:00:00,10807,6.63,5.76,1020,80,1.54,310,0,0,40,0
2022-12-06 15:15:00,10797,6.5575,5.4275,1020,80.5,1.7975,305,0,0,48.75,0
2022-12-06 15:30:00,10718,6.485,5.095,1020,81,2.055,300,0,0,57.5,0
2022-12-06 15:45:00,10743,6.4125,4.7625,1020,81.5,2.3125,295,0,0,66.25,0
2022-12-06 16:00:00,10887,6.34,4.43,1020,82,2.57,290,0,0,75,0
2022-12-06 16:15:00,11024,6.295,4.4875,1020,82.5,2.4425,292.5,0,0,75,0
2022-12-06 16:30:00,11287,6.25,4.545,1020,83,2.315,295,0,0,75,0
2022-12-06 16:45:00,11542,6.205,4.6025,1020,83.5,2.1875,297.5,0,0,75,0
2022-12-06 17:00:00,11575,6.16,4.66,1020,84,2.06,300,0,0,75,0
2022-12-06 17:15:00,11643,6.1125,4.315,1019.75,84.25,2.445,292.5,0,0,75,0
2022-12-06 17:30:00,11707,6.065,3.97,1019.5,84.5,2.83,285,0,0,75,0
2022-12-06 17:45:00,11873,6.0175,3.625,1019.25,84.75,3.215,277.5,0,0,75,0
2022-12-06 18:00:00,11794,5.97,3.28,1019,85,3.6,270,0,0,75,0
2022-12-06 18:15:00,11649,5.84,3.305,1019,85.25,3.3425,272.5,0,0,75,0
2022-12-06 18:30:00,11582,5.71,3.33,1019,85.5,3.085,275,0,0,75,0
2022-12-06 18:45:00,11522,5.58,3.355,1019,85.75,2.8275,277.5,0,0,75,0
2022-12-06 19:00:00,11512,5.45,3.38,1019,86,2.57,280,0,0,75,0
2022-12-06 19:15:00,11200,5.4825,3.1625,1019.25,86.5,2.9575,275,0,0,75,0
2022-12-06 19:30:00,11157,5.515,2.945,1019.5,87,3.345,270,0,0,75,0
2022-12-06 19:45:00,10956,5.5475,2.7275,1019.75,87.5,3.7325,265,0,0,75,0
2022-12-06 20:00:00,10992,5.58,2.51,1020,88,4.12,260,0,0,75,0
2022-12-06 20:15:00,10779,5.43,2.325,1019.75,88.5,4.12,260,0,0,75,0
2022-12-06 20:30:00,10409,5.28,2.14,1019.5,89,4.12,260,0,0,75,0
2022-12-06 20:45:00,10460,5.13,1.955,1019.25,89.5,4.12,260,0,0,75,0
2022-12-06 21:00:00,10274,4.98,1.77,1019,90,4.12,260,0,0,75,0
2022-12-06 21:15:00,10259,4.985,1.9375,1019,90.5,3.8625,257.5,0,0,75,0
2022-12-06 21:30:00,9996,4.99,2.105,1019,91,3.605,255,0,0,75,0
2022-12-06 21:45:00,9758,4.995,2.2725,1019,91.5,3.3475,252.5,0,0,75,0
2022-12-06 22:00:00,9802,5,2.44,1019,92,3.09,250,0,0,75,0
2022-12-06 22:15:00,9959,4.925,2.35,1019,92,3.09,252.5,0,0,75,0
2022-12-06 22:30:00,9854,4.85,2.26,1019,92,3.09,255,0,0,75,0
2022-12-06 22:45:00,9886,4.775,2.17,1019,92,3.09,257.5,0,0,75,0
2022-12-06 23:00:00,9969,4.7,2.08,1019,92,3.09,260,0,0,75,0
2022-12-06 23:15:00,9855,4.7025,2.0825,1019,92,3.09,260,0,0,75,0
2022-12-06 23:30:00,9630,4.705,2.085,1019,92,3.09,260,0,0,75,0
2022-12-06 23:45:00,9326,4.7075,2.0875,1019,92,3.09,260,0,0,75,0
2022-12-07 00:00:00,9353,4.71,2.09,1019,92,3.09,260,0,0,75,0
2022-12-07 00:15:00,9295,4.7125,2.0925,1019,92.25,3.09,260,0,0,75,0
2022-12-07 00:30:00,8995,4.715,2.095,1019,92.5,3.09,260,0,0,75,0
2022-12-07 00:45:00,9076,4.7175,2.0975,1019,92.75,3.09,260,0,0,75,0
2022-12-07 01:00:00,8862,4.72,2.1,1019,93,3.09,260,0,0,75,0
2022-12-07 01:15:00,8597,4.455,1.7825,1019,93.25,3.09,257.5,0,0,66.25,0
2022-12-07 01:30:00,8558,4.19,1.465,1019,93.5,3.09,255,0,0,57.5,0
2022-12-07 01:45:00,8739,3.925,1.1475,1019,93.75,3.09,252.5,0,0,48.75,0
2022-12-07 02:00:00,8440,3.66,0.83,1019,94,3.09,250,0,0,40,0
2022-12-07 02:15:00,8469,3.565,0.8225,1019,94.25,2.96,250,0,0,35,0
2022-12-07 02:30:00,8217,3.47,0.815,1019,94.5,2.83,250,0,0,30,0
2022-12-07 02:45:00,8325,3.375,0.8075,1019,94.75,2.7,250,0,0,25,0
2022-12-07 03:00:00,8387,3.28,0.8,1019,95,2.57,250,0,0,20,0
2022-12-07 03:15:00,8505,3.255,0.77,1019,95.25,2.57,247.5,0.0375,0,25,0
2022-12-07 03:30:00,8283,3.23,0.74,1019,95.5,2.57,245,0.075,0,30,0
2022-12-07 03:45:00,8192,3.205,0.71,1019,95.75,2.57,242.5,0.1125,0,35,0
2022-12-07 04:00:00,8356,3.18,0.68,1019,96,2.57,240,0.15,0,40,0
2022-12-07 04:15:00,8261,3.23,0.865,1018.75,95.5,2.4425,240,0.1125,0,40,0
2022-12-07 04:30:00,8377,3.28,1.05,1018.5,95,2.315,240,0.075,0,40,0
2022-12-07 04:45:00,8498,3.33,1.235,1018.25,94.5,2.1875,240,0.0375,0,40,0
2022-12-07 05:00:00,8727,3.38,1.42,1018,94,2.06,240,0,0,40,0
2022-12-07 05:15:00,8810,3.255,1.145,1018,94,2.1875,242.5,0,0,40,0
2022-12-07 05:30:00,8979,3.13,0.87,1018,94,2.315,245,0,0,40,0
2022-12-07 05:45:00,8849,3.005,0.595,1018,94,2.4425,247.5,0,0,40,0
2022-12-07 06:00:00,9257,2.88,0.32,1018,94,2.57,250,0,0,40,0
2022-12-07 06:15:00,9778,2.9725,0.43,1018,94.25,2.57,250,0,0,48.75,0
2022-12-07 06:30:00,10138,3.065,0.54,1018,94.5,2.57,250,0,0,57.5,0
2022-12-07 06:45:00,10605,3.1575,0.65,1018,94.75,2.57,250,0,0,66.25,0
2022-12-07 07:00:00,10563,3.25,0.76,1018,95,2.57,250,0,0,75,0
2022-12-07 07:15:00,10560,3.195,0.825,1018.25,95,2.44,259.75,0,0,77.75,0
2022-12-07 07:30:00,11069,3.14,0.89,1018.5,95,2.31,269.5,0,0,80.5,0
2022-12-07 07:45:00,11291,3.085,0.955,1018.75,95,2.18,279.25,0,0,83.25,0
2022-12-07 08:00:00,11361,3.03,1.02,1019,95,2.05,289,0,0,86,0
2022-12-07 08:15:00,11337,2.975,0.825,1018.75,95.25,2.18,276.75,0,0,69.5,0
2022-12-07 08:30:00,11368,2.92,0.63,1018.5,95.5,2.31,264.5,0,0,53,0
2022-12-07 08:45:00,11421,2.865,0.435,1018.25,95.75,2.44,252.25,0,0,36.5,0
2022-12-07 09:00:00,11532,2.81,0.24,1018,96,2.57,240,0,0,20,0
2022-12-07 09:15:00,11629,3.0875,0.57,1018.25,96,2.57,240,0,0,25,0
2022-12-07 09:30:00,11477,3.365,0.9,1018.5,96,2.57,240,0,0,30,0
2022-12-07 09:45:00,11483,3.6425,1.23,1018.75,96,2.57,240,0,0,35,0
2022-12-07 10:00:00,11454,3.92,1.56,1019,96,2.57,240,0,0,40,0
2022-12-07 10:15:00,11334,4.1125,1.6875,1019,95.75,2.7,247.5,0,0,48.75,0
2022-12-07 10:30:00,11300,4.305,1.815,1019,95.5,2.83,255,0,0,57.5,0
2022-12-07 10:45:00,11612,4.4975,1.9425,1019,95.25,2.96,262.5,0,0,66.25,0
2022-12-07 11:00:00,11535,4.69,2.07,1019,95,3.09,270,0,0,75,0
2022-12-07 11:15:00,11384,4.865,2.28,1018.75,94.75,3.09,267.5,0,0,75,0
2022-12-07 11:30:00,11312,5.04,2.49,1018.5,94.5,3.09,265,0,0,75,0
2022-12-07 11:45:00,11352,5.215,2.7,1018.25,94.25,3.09,262.5,0,0,75,0
2022-12-07 12:00:00,11149,5.39,2.91,1018,94,3.09,260,0,0,75,0
2022-12-07 12:15:00,11160,5.6,3.0825,1018,93.25,3.2175,262.5,0,0,61.25,0
2022-12-07 12:30:00,11397,5.81,3.255,1018,92.5,3.345,265,0,0,47.5,0
2022-12-07 12:45:00,11335,6.02,3.4275,1018,91.75,3.4725,267.5,0,0,33.75,0
2022-12-07 13:00:00,11274,6.23,3.6,1018,91,3.6,270,0,0,20,0
2022-12-07 13:15:00,11337,6.4025,3.8875,1017.75,89.5,3.4725,267.5,0,0,25,0
2022-12-07 13:30:00,11242,6.575,4.175,1017.5,88,3.345,265,0,0,30,0
2022-12-07 13:45:00,10926,6.7475,4.4625,1017.25,86.5,3.2175,262.5,0,0,35,0
2022-12-07 14:00:00,11006,6.92,4.75,1017,85,3.09,260,0,0,40,0
2022-12-07 14:15:00,11008,6.725,4.36,1016.75,85.5,3.3475,260,0,0,40,0
2022-12-07 14:30:00,11027,6.53,3.97,1016.5,86,3.605,260,0,0,40,0
2022-12-07 14:45:00,11201,6.335,3.58,1016.25,86.5,3.8625,260,0,0,40,0
2022-12-07 15:00:00,11120,6.14,3.19,1016,87,4.12,260,0,0,40,0
2022-12-07 15:15:00,11097,5.8975,3.055,1016,87.75,3.8625,267.5,0,0,48.75,0
2022-12-07 15:30:00,11093,5.655,2.92,1016,88.5,3.605,275,0,0,57.5,0
2022-12-07 15:45:00,11186,5.4125,2.785,1016,89.25,3.3475,282.5,0,0,66.25,0
2022-12-07 16:00:00,11107,5.17,2.65,1016,90,3.09,290,0,0,75,0
2022-12-07 16:15:00,11147,5.1325,2.705,1016,90,2.96,285,0,0,61.25,0
2022-12-07 16:30:00,11352,5.095,2.76,1016,90,2.83,280,0,0,47.5,0
2022-12-07 16:45:00,11631,5.0575,2.815,1016,90,2.7,275,0,0,33.75,0
2022-12-07 17:00:00,11623,5.02,2.87,1016,90,2.57,270,0,0,20,0
2022-12-07 17:15:00,11805,4.96,2.7975,1016,90.25,2.57,275,0,0,33.75,0
2022-12-07 17:30:00,11821,4.9,2.725,1016,90.5,2.57,280,0,0,47.5,0
2022-12-07 17:45:00,11900,4.84,2.6525,1016,90.75,2.57,285,0,0,61.25,0
2022-12-07 18:00:00,11833,4.78,2.58,1016,91,2.57,290,0,0,75,0
2022-12-07 18:15:00,11817,4.71,2.395,1015.75,91,2.7,282.5,0,0,75,0
2022-12-07 18:30:00,11548,4.64,2.21,1015.5,91,2.83,275,0,0,75,0
2022-12-07 18:45:00,11417,4.57,2.025,1015.25,91,2.96,267.5,0,0,75,0
2022-12-07 19:00:00,11394,4.5,1.84,1015,91,3.09,260,0,0,75,0
2022-12-07 19:15:00,11358,4.4225,1.85,1015,91.25,2.96,257.5,0,0,61.25,0
2022-12-07 19:30:00,11170,4.345,1.86,1015,91.5,2.83,255,0,0,47.5,0
2022-12-07 19:45:00,11004,4.2675,1.87,1015,91.75,2.7,252.5,0,0,33.75,0
2022-12-07 20:00:00,10832,4.19,1.88,1015,92,2.57,250,0,0,20,0
2022-12-07 20:15:00,10684,4.135,1.405,1014.75,92.25,3.2125,250,0,0,25,0
2022-12-07 20:30:00,10553,4.08,0.93,1014.5,92.5,3.855,250,0,0,30,0
2022-12-07 20:45:00,10346,4.025,0.455,1014.25,92.75,4.4975,250,0,0,35,0
2022-12-07 21:00:00,10344,3.97,-0.02,1014,93,5.14,250,0,0,40,0
2022-12-07 21:15:00,10075,3.9275,-0.0075,1014,93,5.0125,252.5,0,0,48.75,0
2022-12-07 21:30:00,10081,3.885,0.005,1014,93,4.885,255,0,0,57.5,0
2022-12-07 21:45:00,9840,3.8425,0.0175,1014,93,4.7575,257.5,0,0,66.25,0
2022-12-07 22:00:00,9971,3.8,0.03,1014,93,4.63,260,0,0,75,0
2022-12-07 22:15:00,10106,3.7975,0.18,1014,92.75,4.3725,260,0,0,61.25,0
2022-12-07 22:30:00,9953,3.795,0.33,1014,92.5,4.115,260,0,0,47.5,0
2022-12-07 22:45:00,9800,3.7925,0.48,1014,92.25,3.8575,260,0,0,33.75,0
2022-12-07 23:00:00,9869,3.79,0.63,1014,92,3.6,260,0,0,20,0
2022-12-07 23:15:00,9703,3.7325,0.88,1013.75,92,3.215,257.5,0,0,33.75,0
2022-12-07 23:30:00,9659,3.675,1.13,1013.5,92,2.83,255,0,0,47.5,0
2022-12-07 23:45:00,9531,3.6175,1.38,1013.25,92,2.445,252.5,0,0,61.25,0
2022-12-08 00:00:00,9328,3.56,1.63,1013,92,2.06,250,0,0,75,0
2022-12-08 00:15:00,9192,3.6275,1.39,1012.75,92.75,2.445,247.5,0,0,66.25,0
2022-12-08 00:30:00,9075,3.695,1.15,1012.5,93.5,2.83,245,0,0,57.5,0
2022-12-08 00:45:00,9013,3.7625,0.91,1012.25,94.25,3.215,242.5,0,0,48.75,0
2022-12-08 01:00:00,8895,3.83,0.67,1012,95,3.6,240,0,0,40,0
2022-12-08 01:15:00,8764,3.675,0.4825,1012,94.75,3.6,240,0,0,40,0
2022-12-08 01:30:00,8621,3.52,0.295,1012,94.5,3.6,240,0,0,40,0
2022-12-08 01:45:00,8358,3.365,0.1075,1012,94.25,3.6,240,0,0,40,0
2022-12-08 02:00:00,8489,3.21,-0.08,1012,94,3.6,240,0,0,40,0
2022-12-08 02:15:00,8442,3.1,-0.3725,1011.75,94,3.8575,240,0,0,35,0
2022-12-08 02:30:00,8404,2.99,-0.665,1011.5,94,4.115,240,0,0,30,0
2022-12-08 02:45:00,8320,2.88,-0.9575,1011.25,94,4.3725,240,0,0,25,0
2022-12-08 03:00:00,8359,2.77,-1.25,1011,94,4.63,240,0,0,20,0
2022-12-08 03:15:00,8275,2.5925,-1.395,1011,94,4.5025,240,0,0,20,0
2022-12-08 03:30:00,8291,2.415,-1.54,1011,94,4.375,240,0,0,20,0
2022-12-08 03:45:00,8344,2.2375,-1.685,1011,94,4.2475,240,0,0,20,0
2022-12-08 04:00:00,8344,2.06,-1.83,1011,94,4.12,240,0,0,20,0
2022-12-08 04:15:00,8405,2.255,-1.665,1010.75,94,4.2475,237.5,0,0,33.75,0
2022-12-08 04:30:00,8356,2.45,-1.5,1010.5,94,4.375,235,0,0,47.5,0
2022-12-08 04:45:00,8460,2.645,-1.335,1010.25,94,4.5025,232.5,0,0,61.25,0
2022-12-08 05:00:00,8719,2.84,-1.17,1010,94,4.63,230,0,0,75,0
2022-12-08 05:15:00,8826,2.8525,-1.285,1010,93.5,4.8875,235,0,0,75,0
2022-12-08 05:30:00,8897,2.865,-1.4,1010,93,5.145,240,0,0,75,0
2022-12-08 05:45:00,9099,2.8775,-1.515,1010,92.5,5.4025,245,0,0,75,0
2022-12-08 06:00:00,9285,2.89,-1.63,1010,92,5.66,250,0,0,75,0
2022-12-08 06:15:00,9585,2.825,-1.58,1010,92,5.4025,247.5,0,0,56.25,0
2022-12-08 06:30:00,9846,2.76,-1.53,1010,92,5.145,245,0,0,37.5,0
2022-12-08 06:45:00,10116,2.695,-1.48,1010,92,4.8875,242.5,0,0,18.75,0
2022-12-08 07:00:00,10394,2.63,-1.43,1010,92,4.63,240,0,0,0,0
2022-12-08 07:15:00,10522,2.56,-1.44,1010,92,4.5025,237.5,0,0,5,0
2022-12-08 07:30:00,10840,2.49,-1.45,1010,92,4.375,235,0,0,10,0
2022-12-08 07:45:00,11108,2.42,-1.46,1010,92,4.2475,232.5,0,0,15,0
2022-12-08 08:00:00,11261,2.35,-1.47,1010,92,4.12,230,0,0,20,0
2022-12-08 08:15:00,11279,2.4325,-1.4425,1010,92,4.2475,235,0,0,20,0
2022-12-08 08:30:00,11125,2.515,-1.415,1010,92,4.375,240,0,0,20,0
2022-12-08 08:45:00,11293,2.5975,-1.3875,1010,92,4.5025,245,0,0,20,0
2022-12-08 09:00:00,11379,2.68,-1.36,1010,92,4.63,250,0,0,20,0
2022-12-08 09:15:00,11422,2.6725,-1.37,1009.75,92,4.63,245,0,0,20,0
2022-12-08 09:30:00,11433,2.665,-1.38,1009.5,92,4.63,240,0,0,20,0
2022-12-08 09:45:00,11483,2.6575,-1.39,1009.25,92,4.63,235,0,0,20,0
2022-12-08 10:00:00,11471,2.65,-1.4,1009,92,4.63,230,0,0,20,0
2022-12-08 10:15:00,11288,2.7125,-1.2475,1009,92,4.5025,230,0,0,20,0
2022-12-08 10:30:00,11229,2.775,-1.095,1009,92,4.375,230,0,0,20,0
2022-12-08 10:45:00,11394,2.8375,-0.9425,1009,92,4.2475,230,0,0,20,0
2022-12-08 11:00:00,11369,2.9,-0.79,1009,92,4.12,230,0,0,20,0
2022-12-08 11:15:00,11346,2.9725,-0.7025,1009,91.5,4.12,232.5,0,0,20,0
2022-12-08 11:30:00,11485,3.045,-0.615,1009,91,4.12,235,0,0,20,0
2022-12-08 11:45:00,11465,3.1175,-0.5275,1009,90.5,4.12,237.5,0,0,20,0
2022-12-08 12:00:00,11166,3.19,-0.44,1009,90,4.12,240,0,0,20,0
2022-12-08 12:15:00,11147,3.5225,-0.03,1008.75,88.75,4.12,242.5,0,0,20,0
2022-12-08 12:30:00,11067,3.855,0.38,1008.5,87.5,4.12,245,0,0,20,0
2022-12-08 12:45:00,11011,4.1875,0.79,1008.25,86.25,4.12,247.5,0,0,20,0
2022-12-08 13:00:00,11214,4.52,1.2,1008,85,4.12,250,0,0,20,0
2022-12-08 13:15:00,11197,4.595,1.2925,1008,83.75,4.12,250,0,0,20,0
2022-12-08 13:30:00,11155,4.67,1.385,1008,82.5,4.12,250,0,0,20,0
2022-12-08 13:45:00,11012,4.745,1.4775,1008,81.25,4.12,250,0,0,20,0
2022-12-08 14:00:00,11046,4.82,1.57,1008,80,4.12,250,0,0,20,0
2022-12-08 14:15:00,11031,4.625,1.26,1008,81,4.2475,250,0,0,25,0
2022-12-08 14:30:00,11023,4.43,0.95,1008,82,4.375,250,0,0,30,0
2022-12-08 14:45:00,11001,4.235,0.64,1008,83,4.5025,250,0,0,35,0
2022-12-08 15:00:00,11070,4.04,0.33,1008,84,4.63,250,0,0,40,0
2022-12-08 15:15:00,11088,3.86,0.7425,1008,85,3.8575,275,0,0,48.75,0
2022-12-08 15:30:00,11108,3.68,1.155,1008,86,3.085,300,0,0,57.5,0
2022-12-08 15:45:00,11018,3.5,1.5675,1008,87,2.3125,325,0,0,66.25,0
2022-12-08 16:00:00,11184,3.32,1.98,1008,88,1.54,350,0,0,75,0
2022-12-08 16:15:00,11257,3.24,1.8875,1008,88.5,1.54,315,0,0,61.25,0
2022-12-08 16:30:00,11413,3.16,1.795,1008,89,1.54,280,0,0,47.5,0
2022-12-08 16:45:00,11478,3.08,1.7025,1008,89.5,1.54,245,0,0,33.75,0
2022-12-08 17:00:00,11659,3,1.61,1008,90,1.54,210,0,0,20,0
2022-12-08 17:15:00,11746,2.9325,1.135,1007.75,90,1.9275,217.5,0,0,25,0
2022-12-08 17:30:00,11886,2.865,0.66,1007.5,90,2.315,225,0,0,30,0
2022-12-08 17:45:00,11762,2.7975,0.185,1007.25,90,2.7025,232.5,0,0,35,0
2022-12-08 18:00:00,11768,2.73,-0.29,1007,90,3.09,240,0,0,40,0
2022-12-08 18:15:00,11899,2.63,-0.505,1007,90,3.2175,235,0,0,35,0
2022-12-08 18:30:00,11655,2.53,-0.72,1007,90,3.345,230,0,0,30,0
2022-12-08 18:45:00,11524,2.43,-0.935,1007,90,3.4725,225,0,0,25,0
2022-12-08 19:00:00,11407,2.33,-1.15,1007,90,3.6,220,0,0,20,0
2022-12-08 19:15:00,11267,2.0375,-1.4075,1007,90.5,3.4725,220,0,0,15,0
2022-12-08 19:30:00,11307,1.745,-1.665,1007,91,3.345,220,0,0,10,0
2022-12-08 19:45:00,11087,1.4525,-1.9225,1007,91.5,3.2175,220,0,0,5,0
2022-12-08 20:00:00,10967,1.16,-2.18,1007,92,3.09,220,0,0,0,0
2022-12-08 20:15:00,10794,1.1725,-2.165,1007,92,3.09,222.5,0,0,5,0
2022-12-08 20:30:00,10735,1.185,-2.15,1007,92,3.09,225,0,0,10,0
2022-12-08 20:45:00,10567,1.1975,-2.135,1007,92,3.09,227.5,0,0,15,0
2022-12-08 21:00:00,10430,1.21,-2.12,1007,92,3.09,230,0,0,20,0
2022-12-08 21:15:00,10294,1.26,-2.1575,1007,91.75,3.2175,230,0,0,20,0
2022-12-08 21:30:00,10331,1.31,-2.195,1007,91.5,3.345,230,0,0,20,0
2022-12-08 21:45:00,10059,1.36,-2.2325,1007,91.25,3.4725,230,0,0,20,0
2022-12-08 22:00:00,10136,1.41,-2.27,1007,91,3.6,230,0,0,20,0
2022-12-08 22:15:00,10159,1.31,-2.3925,1007,91.25,3.6,230,0,0,15,0
2022-12-08 22:30:00,10102,1.21,-2.515,1007,91.5,3.6,230,0,0,10,0
2022-12-08 22:45:00,10164,1.11,-2.6375,1007,91.75,3.6,230,0,0,5,0
2022-12-08 23:00:00,10149,1.01,-2.76,1007,92,3.6,230,0,0,0,0
2022-12-08 23:15:00,10090,1.04,-2.5075,1007,92,3.3425,237.5,0,0,5,0
2022-12-08 23:30:00,9887,1.07,-2.255,1007,92,3.085,245,0,0,10,0
2022-12-08 23:45:00,9828,1.1,-2.0025,1007,92,2.8275,252.5,0,0,15,0
2022-12-09 00:00:00,9769,1.13,-1.75,1007,92,2.57,260,0,0,20,0
2022-12-09 00:15:00,9454,1.01,-2.0125,1007,92.25,2.7,252.5,0,0,33.75,0
2022-12-09 00:30:00,9452,0.89,-2.275,1007,92.5,2.83,245,0,0,47.5,0
2022-12-09 00:45:00,9309,0.77,-2.5375,1007,92.75,2.96,237.5,0,0,61.25,0
2022-12-09 01:00:00,9283,0.65,-2.8,1007,93,3.09,230,0,0,75,0
2022-12-09 01:15:00,9053,0.53,-2.8225,1006.75,92.75,2.96,235,0,0,56.25,0
2022-12-09 01:30:00,8943,0.41,-2.845,1006.5,92.5,2.83,240,0,0,37.5,0
2022-12-09 01:45:00,8884,0.29,-2.8675,1006.25,92.25,2.7,245,0,0,18.75,0
2022-12-09 02:00:00,8892,0.17,-2.89,1006,92,2.57,250,0,0,0,0
2022-12-09 02:15:00,8791,-0.03,-2.985,1006,92.25,2.4425,247.5,0,0,10,0
2022-12-09 02:30:00,8837,-0.23,-3.08,1006,92.5,2.315,245,0,0,20,0
2022-12-09 02:45:00,8812,-0.43,-3.175,1006,92.75,2.1875,242.5,0,0,30,0
2022-12-09 03:00:00,8828,-0.63,-3.27,1006,93,2.06,240,0,0,40,0
2022-12-09 03:15:00,8741,-0.79,-3.455,1006,93.5,2.06,230,0,0,35,0
2022-12-09 03:30:00,8683,-0.95,-3.64,1006,94,2.06,220,0,0,30,0
2022-12-09 03:45:00,8594,-1.11,-3.825,1006,94.5,2.06,210,0,0,25,0
2022-12-09 04:00:00,8661,-1.27,-4.01,1006,95,2.06,200,0,0,20,0
2022-12-09 04:15:00,8799,-1.32,-3.8825,1006,94.5,1.93,200,0,0,20,0
2022-12-09 04:30:00,8741,-1.37,-3.755,1006,94,1.8,200,0,0,20,0
2022-12-09 04:45:00,8724,-1.42,-3.6275,1006,93.5,1.67,200,0,0,20,0
2022-12-09 05:00:00,8896,-1.47,-3.5,1006,93,1.54,200,0,0,20,0
2022-12-09 05:15:00,9114,-1.61,-3.85,1006,93.5,1.67,200,0,0,20,0
2022-12-09 05:30:00,9303,-1.75,-4.2,1006,94,1.8,200,0,0,20,0
2022-12-09 05:45:00,9348,-1.89,-4.55,1006,94.5,1.93,200,0,0,20,0
2022-12-09 06:00:00,9623,-2.03,-4.9,1006,95,2.06,200,0,0,20,0
2022-12-09 06:15:00,9888,-1.9675,-4.12,1006,95,1.6725,240,0,0,33.75,0
2022-12-09 06:30:00,10188,-1.905,-3.34,1006,95,1.285,280,0,0,47.5,0
2022-12-09 06:45:00,10484,-1.8425,-2.56,1006,95,0.8975,320,0,0,61.25,0
2022-12-09 07:00:00,10750,-1.78,-1.78,1006,95,0.51,360,0,0,75,0
2022-12-09 07:15:00,10928,-1.65,-1.65,1006,95,0.51,270,0,0,81.25,0
2022-12-09 07:30:00,11204,-1.52,-1.52,1006,95,0.51,180,0,0,87.5,0
2022-12-09 07:45:00,11192,-1.39,-1.39,1006,95,0.51,90,0,0,93.75,0
2022-12-09 08:00:00,11544,-1.26,-1.26,1006,95,0.51,0,0,0,100,0
2022-12-09 08:15:00,11779,-1.21,-1.21,1006,95.25,0.51,0,0,0,100,0
2022-12-09 08:30:00,11798,-1.16,-1.16,1006,95.5,0.51,0,0,0,100,0
2022-12-09 08:45:00,11574,-1.11,-1.11,1006,95.75,0.51,0,0,0,100,0
2022-12-09 09:00:00,11700,-1.06,-1.06,1006,96,0.51,0,0,0,100,0
2022-12-09 09:15:00,11665,-1.01,-1.01,1006,96,0.51,0,0,0,93.75,0
2022-12-09 09:30:00,11754,-0.96,-0.96,1006,96,0.51,0,0,0,87.5,0
2022-12-09 09:45:00,11764,-0.91,-0.91,1006,96,0.51,0,0,0,81.25,0
2022-12-09 10:00:00,11808,-0.86,-0.86,1006,96,0.51,0,0,0,75,0
2022-12-09 10:15:00,11707,-0.7625,-0.7625,1006,96,0.3825,0,0,0,75,0
2022-12-09 10:30:00,11717,-0.665,-0.665,1006,96,0.255,0,0,0,75,0
2022-12-09 10:45:00,11830,-0.5675,-0.5675,1006,96,0.1275,0,0,0,75,0
2022-12-09 11:00:00,11916,-0.47,-0.47,1006,96,0,0,0,0,75,0
2022-12-09 11:15:00,12031,-0.295,-0.295,1006,96,0.2325,6.5,0,0,57.5,0
2022-12-09 11:30:00,11968,-0.12,-0.12,1006,96,0.465,13,0,0,40,0
2022-12-09 11:45:00,12003,0.055,0.055,1006,96,0.6975,19.5,0,0,22.5,0
2022-12-09 12:00:00,11780,0.23,0.23,1006,96,0.93,26,0,0,5,0
2022-12-09 12:15:00,11721,0.12,0.12,1006,96.5,0.825,19.5,0,0,22.5,0
2022-12-09 12:30:00,11703,0.01,0.01,1006,97,0.72,13,0,0,40,0
2022-12-09 12:45:00,11713,-0.1,-0.1,1006,97.5,0.615,6.5,0,0,57.5,0
2022-12-09 13:00:00,11613,-0.21,-0.21,1006,98,0.51,0,0,0,75,0
2022-12-09 13:15:00,11472,0.015,0.015,1006,97.75,0.6875,8,0,0,61.25,0
2022-12-09 13:30:00,11681,0.24,0.24,1006,97.5,0.865,16,0,0,47.5,0
2022-12-09 13:45:00,11673,0.465,0.465,1006,97.25,1.0425,24,0,0,33.75,0
2022-12-09 14:00:00,11649,0.69,0.69,1006,97,1.22,32,0,0,20,0
2022-12-09 14:15:00,11553,0.625,0.625,1006,96.5,1.0425,24,0,0,33.75,0
2022-12-09 14:30:00,11354,0.56,0.56,1006,96,0.865,16,0,0,47.5,0
2022-12-09 14:45:00,11254,0.495,0.495,1006,95.5,0.6875,8,0,0,61.25,0
2022-12-09 15:00:00,11324,0.43,0.43,1006,95,0.51,0,0,0,75,0
2022-12-09 15:15:00,11339,0.3375,0.3375,1006,94.75,0.3825,0,0,0,75,0
2022-12-09 15:30:00,11192,0.245,0.245,1006,94.5,0.255,0,0,0,75,0
2022-12-09 15:45:00,11174,0.1525,0.1525,1006,94.25,0.1275,0,0,0,75,0
2022-12-09 16:00:00,11154,0.06,0.06,1006,94,0,0,0,0,75,0
2022-12-09 16:15:00,11346,0.015,0.015,1006,94,0,0,0,0,75,0
2022-12-09 16:30:00,11313,-0.03,-0.03,1006,94,0,0,0,0,75,0
2022-12-09 16:45:00,11561,-0.075,-0.075,1006,94,0,0,0,0,75,0
2022-12-09 17:00:00,11827,-0.12,-0.12,1006,94,0,0,0,0,75,0
2022-12-09 17:15:00,11923,-0.2275,-0.7025,1006,94,0.385,40,0,0,75,0
2022-12-09 17:30:00,11952,-0.335,-1.285,1006,94,0.77,80,0,0,75,0
2022-12-09 17:45:00,11891,-0.4425,-1.8675,1006,94,1.155,120,0,0,75,0
2022-12-09 18:00:00,11745,-0.55,-2.45,1006,94,1.54,160,0,0,75,0
2022-12-09 18:15:00,11603,-0.6275,-2.72,1006.25,93.75,1.67,162.5,0,0,75,0
2022-12-09 18:30:00,11614,-0.705,-2.99,1006.5,93.5,1.8,165,0,0,75,0
2022-12-09 18:45:00,11600,-0.7825,-3.26,1006.75,93.25,1.93,167.5,0,0,75,0
2022-12-09 19:00:00,11403,-0.86,-3.53,1007,93,2.06,170,0,0,75,0
2022-12-09 19:15:00,11270,-0.9,-3.7225,1007,93,2.1875,170,0,0,75,0
2022-12-09 19:30:00,11157,-0.94,-3.915,1007,93,2.315,170,0,0,75,0
2022-12-09 19:45:00,11045,-0.98,-4.1075,1007,93,2.4425,170,0,0,75,0
2022-12-09 20:00:00,10856,-1.02,-4.3,1007,93,2.57,170,0,0,75,0
2022-12-09 20:15:00,10701,-1.09,-4.05,1007,93,2.3125,165,0,0,75,0
2022-12-09 20:30:00,10621,-1.16,-3.8,1007,93,2.055,160,0,0,75,0
2022-12-09 20:45:00,10448,-1.23,-3.55,1007,93,1.7975,155,0,0,75,0
2022-12-09 21:00:00,10370,-1.3,-3.3,1007,93,1.54,150,0,0,75,0
2022-12-09 21:15:00,10293,-1.31,-3.4975,1007.25,93.25,1.67,157.5,0,0,75,0
2022-12-09 21:30:00,10135,-1.32,-3.695,1007.5,93.5,1.8,165,0,0,75,0
2022-12-09 21:45:00,9952,-1.33,-3.8925,1007.75,93.75,1.93,172.5,0,0,75,0
2022-12-09 22:00:00,10035,-1.34,-4.09,1008,94,2.06,180,0,0,75,0
2022-12-09 22:15:00,10080,-1.4125,-3.9875,1008,94,1.93,187.5,0,0,75,0
2022-12-09 22:30:00,10197,-1.485,-3.885,1008,94,1.8,195,0,0,75,0
2022-12-09 22:45:00,10085,-1.5575,-3.7825,1008,94,1.67,202.5,0,0,75,0
2022-12-09 23:00:00,10202,-1.63,-3.68,1008,94,1.54,210,0,0,75,0
2022-12-09 23:15:00,10081,-1.63,-3.1675,1008,94.5,1.4125,157.5,0,0,75,0
2022-12-09 23:30:00,9928,-1.63,-2.655,1008,95,1.285,105,0,0,75,0
2022-12-09 23:45:00,9860,-1.63,-2.1425,1008,95.5,1.1575,52.5,0,0,75,0
2022-12-10 00:00:00,9757,-1.63,-1.63,1008,96,1.03,0,0,0,75,0
2022-12-10 00:15:00,9543,-1.6825,-2.2025,1008,95.5,1.1575,57.5,0,0,75,0
2022-12-10 00:30:00,9467,-1.735,-2.775,1008,95,1.285,115,0,0,75,0
2022-12-10 00:45:00,9328,-1.7875,-3.3475,1008,94.5,1.4125,172.5,0,0,75,0
2022-12-10 01:00:00,9162,-1.84,-3.92,1008,94,1.54,230,0,0,75,0
2022-12-10 01:15:00,9053,-1.8525,-3.935,1008,94,1.54,225,0,0,75,0
2022-12-10 01:30:00,8992,-1.865,-3.95,1008,94,1.54,220,0,0,75,0
2022-12-10 01:45:00,8830,-1.8775,-3.965,1008,94,1.54,215,0,0,75,0
2022-12-10 02:00:00,8685,-1.89,-3.98,1008,94,1.54,210,0,0,75,0
2022-12-10 02:15:00,8643,-1.89,-4.17,1008,94,1.67,205,0,0,75,0
2022-12-10 02:30:00,8535,-1.89,-4.36,1008,94,1.8,200,0,0,75,0
2022-12-10 02:45:00,8610,-1.89,-4.55,1008,94,1.93,195,0,0,75,0
2022-12-10 03:00:00,8553,-1.89,-4.74,1008,94,2.06,190,0,0,75,0
2022-12-10 03:15:00,8536,-1.91,-4.5725,1008.25,94,1.93,197.5,0,0,66.25,0
2022-12-10 03:30:00,8501,-1.93,-4.405,1008.5,94,1.8,205,0,0,57.5,0
2022-12-10 03:45:00,8407,-1.95,-4.2375,1008.75,94,1.67,212.5,0,0,48.75,0
2022-12-10 04:00:00,8450,-1.97,-4.07,1009,94,1.54,220,0,0,40,0
2022-12-10 04:15:00,8444,-1.985,-3.56,1009,94.5,1.4125,220,0,0,40,0
2022-12-10 04:30:00,8388,-2,-3.05,1009,95,1.285,220,0,0,40,0
2022-12-10 04:45:00,8420,-2.015,-2.54,1009,95.5,1.1575,220,0,0,40,0
2022-12-10 05:00:00,8354,-2.03,-2.03,1009,96,1.03,220,0,0,40,0
2022-12-10 05:15:00,8397,-2.0275,-2.555,1009,96,1.1575,222.5,0,0,48.75,0
2022-12-10 05:30:00,8469,-2.025,-3.08,1009,96,1.285,225,0,0,57.5,0
2022-12-10 05:45:00,8505,-2.0225,-3.605,1009,96,1.4125,227.5,0,0,66.25,0
2022-12-10 06:00:00,8701,-2.02,-4.13,1009,96,1.54,230,0,0,75,0
2022-12-10 06:15:00,8744,-2.0225,-4.3225,1009,96,1.67,230,0,0,75,0
2022-12-10 06:30:00,8867,-2.025,-4.515,1009,96,1.8,230,0,0,75,0
2022-12-10 06:45:00,8990,-2.0275,-4.7075,1009,96,1.93,230,0,0,75,0
2022-12-10 07:00:00,9059,-2.03,-4.9,1009,96,2.06,230,0,0,75,0
2022-12-10 07:15:00,9177,-1.9975,-5.0125,1009,96,2.1875,225,0,0,81.25,0
2022-12-10 07:30:00,9357,-1.965,-5.125,1009,96,2.315,220,0,0,87.5,0
2022-12-10 07:45:00,9446,-1.9325,-5.2375,1009,96,2.4425,215,0,0,93.75,0
2022-12-10 08:00:00,9670,-1.9,-5.35,1009,96,2.57,210,0,0,100,0
2022-12-10 08:15:00,9726,-1.9175,-5.22,1009.25,96,2.4425,217.5,0,0,100,0
2022-12-10 08:30:00,9896,-1.935,-5.09,1009.5,96,2.315,225,0,0,100,0
2022-12-10 08:45:00,9971,-1.9525,-4.96,1009.75,96,2.1875,232.5,0,0,100,0
2022-12-10 09:00:00,10092,-1.97,-4.83,1010,96,2.06,240,0,0,100,0
2022-12-10 09:15:00,10151,-1.94,-4.945,1010,96,2.1875,237.5,0,0,100,0
2022-12-10 09:30:00,10358,-1.91,-5.06,1010,96,2.315,235,0,0,100,0
2022-12-10 09:45:00,10505,-1.88,-5.175,1010,96,2.4425,232.5,0,0,100,0
2022-12-10 10:00:00,10526,-1.85,-5.29,1010,96,2.57,230,0,0,100,0
2022-12-10 10:15:00,10582,-1.7875,-5.215,1010.25,96.5,2.57,227.5,0,0,100,0
2022-12-10 10:30:00,10594,-1.725,-5.14,1010.5,97,2.57,225,0,0,100,0
2022-12-10 10:45:00,10619,-1.6625,-5.065,1010.75,97.5,2.57,222.5,0,0,100,0
2022-12-10 11:00:00,10649,-1.6,-4.99,1011,98,2.57,220,0,0,100,0
2022-12-10 11:15:00,10661,-1.3625,-4.8625,1011,98,2.735,222,0,0,84.5,0
2022-12-10 11:30:00,10739,-1.125,-4.735,1011,98,2.9,224,0,0,69,0
2022-12-10 11:45:00,10700,-0.8875,-4.6075,1011,98,3.065,226,0,0,53.5,0
2022-12-10 12:00:00,10723,-0.65,-4.48,1011,98,3.23,228,0,0,38,0
2022-12-10 12:15:00,10671,-0.7175,-4.4075,1010.75,98.5,3.065,223.5,0,0,53.5,0
2022-12-10 12:30:00,10665,-0.785,-4.335,1010.5,99,2.9,219,0,0,69,0
2022-12-10 12:45:00,10697,-0.8525,-4.2625,1010.25,99.5,2.735,214.5,0,0,84.5,0
2022-12-10 13:00:00,10505,-0.92,-4.19,1010,100,2.57,210,0,0,100,0
2022-12-10 13:15:00,10515,-0.67,-3.7525,1010.25,98.25,2.4425,220,0,0,100,0
2022-12-10 13:30:00,10470,-0.42,-3.315,1010.5,96.5,2.315,230,0,0,100,0
2022-12-10 13:45:00,10420,-0.17,-2.8775,1010.75,94.75,2.1875,240,0,0,100,0
2022-12-10 14:00:00,10369,0.08,-2.44,1011,93,2.06,250,0,0,100,0
2022-12-10 14:15:00,10304,0.135,-2.515,1011,93.75,2.1875,240,0,0,100,0
2022-12-10 14:30:00,10291,0.19,-2.59,1011,94.5,2.315,230,0,0,100,0
2022-12-10 14:45:00,10243,0.245,-2.665,1011,95.25,2.4425,220,0,0,100,0
2022-12-10 15:00:00,10208,0.3,-2.74,1011,96,2.57,210,0,0,100,0
2022-12-10 15:15:00,10302,0.2725,-2.7725,1011,95.75,2.57,210,0,0,100,0
2022-12-10 15:30:00,10298,0.245,-2.805,1011,95.5,2.57,210,0,0,100,0
2022-12-10 15:45:00,10353,0.2175,-2.8375,1011,95.25,2.57,210,0,0,100,0
2022-12-10 16:00:00,10330,0.19,-2.87,1011,95,2.57,210,0,0,100,0
2022-12-10 16:15:00,10372,0.215,-2.84,1011,95.25,2.57,210,0,0,93.75,0
2022-12-10 16:30:00,10409,0.24,-2.81,1011,95.5,2.57,210,0,0,87.5,0
2022-12-10 16:45:00,10589,0.265,-2.78,1011,95.75,2.57,210,0,0,81.25,0
2022-12-10 17:00:00,10674,0.29,-2.75,1011,96,2.57,210,0,0,75,0
2022-12-10 17:15:00,10756,0.2875,-2.975,1011,96,2.8275,210,0,0,75,0
2022-12-10 17:30:00,10848,0.285,-3.2,1011,96,3.085,210,0,0,75,0
2022-12-10 17:45:00,10781,0.2825,-3.425,1011,96,3.3425,210,0,0,75,0
2022-12-10 18:00:00,10817,0.28,-3.65,1011,96,3.6,210,0,0,75,0
2022-12-10 18:15:00,10928,0.3025,-3.6225,1011,95.75,3.6,210,0,0,75,0
2022-12-10 18:30:00,10906,0.325,-3.595,1011,95.5,3.6,210,0,0,75,0
2022-12-10 18:45:00,10888,0.3475,-3.5675,1011,95.25,3.6,210,0,0,75,0
2022-12-10 19:00:00,10702,0.37,-3.54,1011,95,3.6,210,0,0,75,0
2022-12-10 19:15:00,10577,0.4425,-3.4525,1011,95,3.6,207.5,0,0,75,0
2022-12-10 19:30:00,10434,0.515,-3.365,1011,95,3.6,205,0,0,75,0
2022-12-10 19:45:00,10411,0.5875,-3.2775,1011,95,3.6,202.5,0,0,75,0
2022-12-10 20:00:00,10235,0.66,-3.19,1011,95,3.6,200,0,0,75,0
2022-12-10 20:15:00,10092,0.73,-3.195,1011,95,3.73,205,0,0,75,0
2022-12-10 20:30:00,10080,0.8,-3.2,1011,95,3.86,210,0,0,75,0
2022-12-10 20:45:00,9966,0.87,-3.205,1011,95,3.99,215,0,0,75,0
2022-12-10 21:00:00,9952,0.94,-3.21,1011,95,4.12,220,0,0,75,0
2022-12-10 21:15:00,9738,0.9525,-3.415,1011,94.75,4.505,222.5,0,0,75,0
2022-12-10 21:30:00,9742,0.965,-3.62,1011,94.5,4.89,225,0,0,75,0
2022-12-10 21:45:00,9595,0.9775,-3.825,1011,94.25,5.275,227.5,0,0,75,0
2022-12-10 22:00:00,9647,0.99,-4.03,1011,94,5.66,230,0,0,75,0
2022-12-10 22:15:00,9793,0.9775,-3.9775,1011,94,5.53,227.5,0,0,75,0
2022-12-10 22:30:00,9796,0.965,-3.925,1011,94,5.4,225,0,0,75,0
2022-12-10 22:45:00,9778,0.9525,-3.8725,1011,94,5.27,222.5,0,0,75,0
2022-12-10 23:00:00,9776,0.94,-3.82,1011,94,5.14,220,0,0,75,0
2022-12-10 23:15:00,9648,0.94,-3.8875,1011,93.5,5.27,217.5,0,0,75,0
2022-12-10 23:30:00,9498,0.94,-3.955,1011,93,5.4,215,0,0,75,0
2022-12-10 23:45:00,9433,0.94,-4.0225,1011,92.5,5.53,212.5,0,0,75,0
2022-12-11 00:00:00,9399,0.94,-4.09,1011,92,5.66,210,0,0,75,0
2022-12-11 00:15:00,9171,0.9375,-3.9525,1011,91.75,5.4025,215,0,0,75,0
2022-12-11 00:30:00,8972,0.935,-3.815,1011,91.5,5.145,220,0,0,75,0
2022-12-11 00:45:00,8837,0.9325,-3.6775,1011,91.25,4.8875,225,0,0,75,0
2022-12-11 01:00:00,8879,0.93,-3.54,1011,91,4.63,230,0,0,75,0
2022-12-11 01:15:00,8597,0.93,-3.6125,1011,91,4.7575,230,0,0,75,0
2022-12-11 01:30:00,8557,0.93,-3.685,1011,91,4.885,230,0,0,75,0
2022-12-11 01:45:00,8578,0.93,-3.7575,1011,91,5.0125,230,0,0,75,0
2022-12-11 02:00:00,8580,0.93,-3.83,1011,91,5.14,230,0,0,75,0
2022-12-11 02:15:00,8408,0.93,-3.2325,1011,91,4.37,227.5,0,0,75,0
2022-12-11 02:30:00,8290,0.93,-2.635,1011,91,3.6,225,0,0,75,0
2022-12-11 02:45:00,8322,0.93,-2.0375,1011,91,2.83,222.5,0,0,75,0
2022-12-11 03:00:00,8234,0.93,-1.44,1011,91,2.06,220,0,0,75,0
2022-12-11 03:15:00,8213,0.96,-1.5425,1011,91,2.1875,215,0,0,75,0
2022-12-11 03:30:00,8171,0.99,-1.645,1011,91,2.315,210,0,0,75,0
2022-12-11 03:45:00,8196,1.02,-1.7475,1011,91,2.4425,205,0,0,75,0
2022-12-11 04:00:00,8124,1.05,-1.85,1011,91,2.57,200,0,0,75,0
2022-12-11 04:15:00,8136,1.05,-1.5425,1010.75,91,2.3125,195,0,0,75,0
2022-12-11 04:30:00,8063,1.05,-1.235,1010.5,91,2.055,190,0,0,75,0
2022-12-11 04:45:00,8067,1.05,-0.9275,1010.25,91,1.7975,185,0,0,75,0
2022-12-11 05:00:00,8119,1.05,-0.62,1010,91,1.54,180,0,0,75,0
2022-12-11 05:15:00,8191,1.0275,-0.9525,1010,91,1.7975,182.5,0,0,75,0
2022-12-11 05:30:00,8127,1.005,-1.285,1010,91,2.055,185,0,0,75,0
2022-12-11 05:45:00,8174,0.9825,-1.6175,1010,91,2.3125,187.5,0,0,75,0
2022-12-11 06:00:00,8218,0.96,-1.95,1010,91,2.57,190,0,0,75,0
2022-12-11 06:15:00,8382,0.96,-1.95,1010,91,2.57,190,0,0,75,0
2022-12-11 06:30:00,8529,0.96,-1.95,1010,91,2.57,190,0,0,75,0
2022-12-11 06:45:00,8455,0.96,-1.95,1010,91,2.57,190,0,0,75,0
2022-12-11 07:00:00,8502,0.96,-1.95,1010,91,2.57,190,0,0,75,0
2022-12-11 07:15:00,8505,0.85,-2.0825,1010,91.25,2.57,190,0,0,75,0
2022-12-11 07:30:00,8686,0.74,-2.215,1010,91.5,2.57,190,0,0,75,0
2022-12-11 07:45:00,8729,0.63,-2.3475,1010,91.75,2.57,190,0,0,75,0
2022-12-11 08:00:00,8954,0.52,-2.48,1010,92,2.57,190,0,0,75,0
2022-12-11 08:15:00,9127,0.575,-2.6325,1010,91.5,2.8275,192.5,0,0,75,0
2022-12-11 08:30:00,9159,0.63,-2.785,1010,91,3.085,195,0,0,75,0
2022-12-11 08:45:00,9239,0.685,-2.9375,1010,90.5,3.3425,197.5,0,0,75,0
2022-12-11 09:00:00,9398,0.74,-3.09,1010,90,3.6,200,0,0,75,0
2022-12-11 09:15:00,9553,0.6575,-3.09,1010,90.25,3.4725,205,0,0,75,0
2022-12-11 09:30:00,9739,0.575,-3.09,1010,90.5,3.345,210,0,0,75,0
2022-12-11 09:45:00,9690,0.4925,-3.09,1010,90.75,3.2175,215,0,0,75,0
2022-12-11 10:00:00,9949,0.41,-3.09,1010,91,3.09,220,0,0,75,0
2022-12-11 10:15:00,10090,0.4975,-2.865,1010,90.5,2.96,210,0,0,75,0
2022-12-11 10:30:00,10156,0.585,-2.64,1010,90,2.83,200,0,0,75,0
2022-12-11 10:45:00,10111,0.6725,-2.415,1010,89.5,2.7,190,0,0,75,0
2022-12-11 11:00:00,10189,0.76,-2.19,1010,89,2.57,180,0,0,75,0
2022-12-11 11:15:00,10256,0.8175,-2.24,1010,88.25,2.7,185,0,0,75,0
2022-12-11 11:30:00,10224,0.875,-2.29,1010,87.5,2.83,190,0,0,75,0
2022-12-11 11:45:00,10293,0.9325,-2.34,1010,86.75,2.96,195,0,0,75,0
2022-12-11 12:00:00,10404,0.99,-2.39,1010,86,3.09,200,0,0,75,0
2022-12-11 12:15:00,10366,1.22,-1.7025,1009.75,84.75,2.7025,195,0,0,66.25,0
2022-12-11 12:30:00,10452,1.45,-1.015,1009.5,83.5,2.315,190,0,0,57.5,0
2022-12-11 12:45:00,10417,1.68,-0.3275,1009.25,82.25,1.9275,185,0,0,48.75,0
2022-12-11 13:00:00,10301,1.91,0.36,1009,81,1.54,180,0,0,40,0
2022-12-11 13:15:00,10301,1.8475,0.29,1009,81.25,1.54,180,0,0,48.75,0
2022-12-11 13:30:00,10352,1.785,0.22,1009,81.5,1.54,180,0,0,57.5,0
2022-12-11 13:45:00,10194,1.7225,0.15,1009,81.75,1.54,180,0,0,66.25,0
2022-12-11 14:00:00,10164,1.66,0.08,1009,82,1.54,180,0,0,75,0
2022-12-11 14:15:00,10059,1.585,-0.175,1009,82.75,1.67,182.5,0,0,75,0
2022-12-11 14:30:00,10055,1.51,-0.43,1009,83.5,1.8,185,0,0,75,0
2022-12-11 14:45:00,10033,1.435,-0.685,1009,84.25,1.93,187.5,0,0,75,0
2022-12-11 15:00:00,10009,1.36,-0.94,1009,85,2.06,190,0,0,75,0
2022-12-11 15:15:00,10051,1.3375,-1.1525,1009.25,85.5,2.2425,193.25,0,0,76.25,0
2022-12-11 15:30:00,9894,1.315,-1.365,1009.5,86,2.425,196.5,0,0,77.5,0
2022-12-11 15:45:00,9960,1.2925,-1.5775,1009.75,86.5,2.6075,199.75,0,0,78.75,0
2022-12-11 16:00:00,10072,1.27,-1.79,1010,87,2.79,203,0,0,80,0
2022-12-11 16:15:00,10077,1.24,-1.055,1009.75,87.25,2.35,197.25,0,0,78.75,0
2022-12-11 16:30:00,10241,1.21,-0.32,1009.5,87.5,1.91,191.5,0,0,77.5,0
2022-12-11 16:45:00,10259,1.18,0.415,1009.25,87.75,1.47,185.75,0,0,76.25,0
2022-12-11 17:00:00,10390,1.15,1.15,1009,88,1.03,180,0,0,75,0
2022-12-11 17:15:00,10556,0.99,0.99,1009,88.5,1.03,165,0,0,56.25,0
2022-12-11 17:30:00,10687,0.83,0.83,1009,89,1.03,150,0,0,37.5,0
2022-12-11 17:45:00,10772,0.67,0.67,1009,89.5,1.03,135,0,0,18.75,0
2022-12-11 18:00:00,10803,0.51,0.51,1009,90,1.03,120,0,0,0,0
2022-12-11 18:15:00,10831,0.4625,-0.1575,1009,89.75,1.2875,135,0,0,0,0
2022-12-11 18:30:00,10773,0.415,-0.825,1009,89.5,1.545,150,0,0,0,0
2022-12-11 18:45:00,10855,0.3675,-1.4925,1009,89.25,1.8025,165,0,0,0,0
2022-12-11 19:00:00,10872,0.32,-2.16,1009,89,2.06,180,0,0,0,0
2022-12-11 19:15:00,10678,0.11,-2.405,1009,89,2.06,182.5,0,0,0,0
2022-12-11 19:30:00,10619,-0.1,-2.65,1009,89,2.06,185,0,0,0,0
2022-12-11 19:45:00,10474,-0.31,-2.895,1009,89,2.06,187.5,0,0,0,0
2022-12-11 20:00:00,10492,-0.52,-3.14,1009,89,2.06,190,0,0,0,0
2022-12-11 20:15:00,10311,-0.62,-3.5275,1009,89.25,2.3175,190,0,0,0,0
2022-12-11 20:30:00,10323,-0.72,-3.915,1009,89.5,2.575,190,0,0,0,0
2022-12-11 20:45:00,10141,-0.82,-4.3025,1009,89.75,2.8325,190,0,0,0,0
2022-12-11 21:00:00,10128,-0.92,-4.69,1009,90,3.09,190,0,0,0,0
2022-12-11 21:15:00,9897,-0.9625,-4.615,1009,89.75,2.96,192.5,0,0,0,0
2022-12-11 21:30:00,9976,-1.005,-4.54,1009,89.5,2.83,195,0,0,0,0
2022-12-11 21:45:00,9872,-1.0475,-4.465,1009,89.25,2.7,197.5,0,0,0,0
2022-12-11 22:00:00,9715,-1.09,-4.39,1009,89,2.57,200,0,0,0,0
2022-12-11 22:15:00,9789,-1.11,-4.4125,1009,89,2.57,200,0,0,0,0
2022-12-11 22:30:00,9753,-1.13,-4.435,1009,89,2.57,200,0,0,0,0
2022-12-11 22:45:00,9741,-1.15,-4.4575,1009,89,2.57,200,0,0,0,0
2022-12-11 23:00:00,9754,-1.17,-4.48,1009,89,2.57,200,0,0,0,0
2022-12-11 23:15:00,9561,-1.1975,-4.18,1009.25,89,2.3125,200,0,0,0,0
2022-12-11 23:30:00,9574,-1.225,-3.88,1009.5,89,2.055,200,0,0,0,0
2022-12-11 23:45:00,9456,-1.2525,-3.58,1009.75,89,1.7975,200,0,0,0,0
2022-12-12 00:00:00,9239,-1.28,-3.28,1010,89,1.54,200,0,0,0,0
2022-12-12 00:15:00,9052,-1.3,-3.3025,1010,88.75,1.54,192.5,0,0,0,0
2022-12-12 00:30:00,9038,-1.32,-3.325,1010,88.5,1.54,185,0,0,0,0
2022-12-12 00:45:00,8927,-1.34,-3.3475,1010,88.25,1.54,177.5,0,0,0,0
2022-12-12 01:00:00,8915,-1.36,-3.37,1010,88,1.54,170,0,0,0,0
2022-12-12 01:15:00,8710,-1.605,-3.65,1010,88.5,1.54,167.5,0,0,0,0
2022-12-12 01:30:00,8635,-1.85,-3.93,1010,89,1.54,165,0,0,0,0
2022-12-12 01:45:00,8651,-2.095,-4.21,1010,89.5,1.54,162.5,0,0,0,0
2022-12-12 02:00:00,8559,-2.34,-4.49,1010,90,1.54,160,0,0,0,0
2022-12-12 02:15:00,8499,-2.45,-4.8125,1010,89.75,1.67,162.5,0,0,0,0
2022-12-12 02:30:00,8514,-2.56,-5.135,1010,89.5,1.8,165,0,0,0,0
2022-12-12 02:45:00,8450,-2.67,-5.4575,1010,89.25,1.93,167.5,0,0,0,0
2022-12-12 03:00:00,8424,-2.78,-5.78,1010,89,2.06,170,0,0,0,0
2022-12-12 03:15:00,8430,-2.9175,-6.0975,1010,89.5,2.1875,175,0,0,0,0
2022-12-12 03:30:00,8455,-3.055,-6.415,1010,90,2.315,180,0,0,0,0
2022-12-12 03:45:00,8480,-3.1925,-6.7325,1010,90.5,2.4425,185,0,0,0,0
2022-12-12 04:00:00,8388,-3.33,-7.05,1010,91,2.57,190,0,0,0,0
2022-12-12 04:15:00,8354,-3.4325,-6.2225,1010,90.75,2.185,185,0,0,0,0
2022-12-12 04:30:00,8535,-3.535,-5.395,1010,90.5,1.8,180,0,0,0,0
2022-12-12 04:45:00,8541,-3.6375,-4.5675,1010,90.25,1.415,175,0,0,0,0
2022-12-12 05:00:00,8664,-3.74,-3.74,1010,90,1.03,170,0,0,0,0
2022-12-12 05:15:00,8712,-3.8325,-4.4325,1010.25,90.5,1.1575,170,0,0,0,0
2022-12-12 05:30:00,9023,-3.925,-5.125,1010.5,91,1.285,170,0,0,0,0
2022-12-12 05:45:00,9191,-4.0175,-5.8175,1010.75,91.5,1.4125,170,0,0,0,0
2022-12-12 06:00:00,9692,-4.11,-6.51,1011,92,1.54,170,0,0,0,0
2022-12-12 06:15:00,9914,-4.18,-5.98,1011,92,1.4125,172.5,0,0,0,0
2022-12-12 06:30:00,10188,-4.25,-5.45,1011,92,1.285,175,0,0,0,0
2022-12-12 06:45:00,10502,-4.32,-4.92,1011,92,1.1575,177.5,0,0,0,0
2022-12-12 07:00:00,10830,-4.39,-4.39,1011,92,1.03,180,0,0,0,0
2022-12-12 07:15:00,10987,-4.4625,-4.4625,1011,92,1.03,177.5,0,0,0,0
2022-12-12 07:30:00,11118,-4.535,-4.535,1011,92,1.03,175,0,0,0,0
2022-12-12 07:45:00,11232,-4.6075,-4.6075,1011,92,1.03,172.5,0,0,0,0
2022-12-12 08:00:00,11492,-4.68,-4.68,1011,92,1.03,170,0,0,0,0
2022-12-12 08:15:00,11583,-4.6475,-5.47,1011.25,92,1.2875,170,0,0,1.25,0
2022-12-12 08:30:00,11632,-4.615,-6.26,1011.5,92,1.545,170,0,0,2.5,0
2022-12-12 08:45:00,11743,-4.5825,-7.05,1011.75,92,1.8025,170,0,0,3.75,0
2022-12-12 09:00:00,11691,-4.55,-7.84,1012,92,2.06,170,0,0,5,0
2022-12-12 09:15:00,11613,-4.2725,-7.925,1012,92,2.445,172.5,0,0,5,0
2022-12-12 09:30:00,11614,-3.995,-8.01,1012,92,2.83,175,0,0,5,0
2022-12-12 09:45:00,11626,-3.7175,-8.095,1012,92,3.215,177.5,0,0,5,0
2022-12-12 10:00:00,11634,-3.44,-8.18,1012,92,3.6,180,0,0,5,0
2022-12-12 10:15:00,11562,-3.0475,-7.4625,1012,91.5,3.3425,177.5,0,0,3.75,0
2022-12-12 10:30:00,11494,-2.655,-6.745,1012,91,3.085,175,0,0,2.5,0
2022-12-12 10:45:00,11617,-2.2625,-6.0275,1012,90.5,2.8275,172.5,0,0,1.25,0
2022-12-12 11:00:00,11572,-1.87,-5.31,1012,90,2.57,170,0,0,0,0
2022-12-12 11:15:00,11625,-1.525,-4.105,1012,88.5,2.185,127.5,0,0,0,0
2022-12-12 11:30:00,11607,-1.18,-2.9,1012,87,1.8,85,0,0,0,0
2022-12-12 11:45:00,11651,-0.835,-1.695,1012,85.5,1.415,42.5,0,0,0,0
2022-12-12 12:00:00,11386,-0.49,-0.49,1012,84,1.03,0,0,0,0,0
2022-12-12 12:15:00,11245,-0.26,-0.875,1012,83.5,1.2875,35,0,0,0,0
2022-12-12 12:30:00,11440,-0.03,-1.26,1012,83,1.545,70,0,0,0,0
2022-12-12 12:45:00,11346,0.2,-1.645,1012,82.5,1.8025,105,0,0,0,0
2022-12-12 13:00:00,11111,0.43,-2.03,1012,82,2.06,140,0,0,0,0
2022-12-12 13:15:00,11051,0.64,-1.785,1011.75,81,2.06,145,0,0,0,0
2022-12-12 13:30:00,11159,0.85,-1.54,1011.5,80,2.06,150,0,0,0,0
2022-12-12 13:45:00,11148,1.06,-1.295,1011.25,79,2.06,155,0,0,0,0
2022-12-12 14:00:00,10827,1.27,-1.05,1011,78,2.06,160,0,0,0,0
2022-12-12 14:15:00,10783,1.35,-0.955,1011,77.75,2.06,152.5,0,0,0,0
2022-12-12 14:30:00,10852,1.43,-0.86,1011,77.5,2.06,145,0,0,0,0
2022-12-12 14:45:00,10902,1.51,-0.765,1011,77.25,2.06,137.5,0,0,0,0
2022-12-12 15:00:00,10978,1.59,-0.67,1011,77,2.06,130,0,0,0,0
2022-12-12 15:15:00,10984,1.36,-0.94,1011,77.25,2.06,130,0,0,0,0
2022-12-12 15:30:00,10940,1.13,-1.21,1011,77.5,2.06,130,0,0,0,0
2022-12-12 15:45:00,11049,0.9,-1.48,1011,77.75,2.06,130,0,0,0,0
2022-12-12 16:00:00,11272,0.67,-1.75,1011,78,2.06,130,0,0,0,0
2022-12-12 16:15:00,11325,0.3025,-1.995,1011.25,79.25,1.93,127.5,0,0,0,0
2022-12-12 16:30:00,11547,-0.065,-2.24,1011.5,80.5,1.8,125,0,0,0,0
2022-12-12 16:45:00,11836,-0.4325,-2.485,1011.75,81.75,1.67,122.5,0,0,0,0
2022-12-12 17:00:00,12089,-0.8,-2.73,1012,83,1.54,120,0,0,0,0
2022-12-12 17:15:00,12057,-1.045,-2.4925,1011.75,83.75,1.4125,122.5,0,0,0,0
2022-12-12 17:30:00,12177,-1.29,-2.255,1011.5,84.5,1.285,125,0,0,0,0
2022-12-12 17:45:00,12216,-1.535,-2.0175,1011.25,85.25,1.1575,127.5,0,0,0,0
2022-12-12 18:00:00,12208,-1.78,-1.78,1011,86,1.03,130,0,0,0,0
2022-12-12 18:15:00,12124,-1.9375,-1.9375,1011,86.5,1.03,127.5,0,0,0,0
2022-12-12 18:30:00,12057,-2.095,-2.095,1011,87,1.03,125,0,0,0,0
2022-12-12 18:45:00,11968,-2.2525,-2.2525,1011,87.5,1.03,122.5,0,0,0,0
2022-12-12 19:00:00,11820,-2.41,-2.41,1011,88,1.03,120,0,0,0,0
2022-12-12 19:15:00,11755,-2.4925,-3.24,1011,88.25,1.2875,117.5,0,0,0,0
2022-12-12 19:30:00,11666,-2.575,-4.07,1011,88.5,1.545,115,0,0,0,0
2022-12-12 19:45:00,11503,-2.6575,-4.9,1011,88.75,1.8025,112.5,0,0,0,0
2022-12-12 20:00:00,11322,-2.74,-5.73,1011,89,2.06,110,0,0,0,0
2022-12-12 20:15:00,11125,-2.97,-6.2325,1011.25,89.25,2.2575,111,0,0,1,0
2022-12-12 20:30:00,11038,-3.2,-6.735,1011.5,89.5,2.455,112,0,0,2,0
2022-12-12 20:45:00,10878,-3.43,-7.2375,1011.75,89.75,2.6525,113,0,0,3,0
2022-12-12 21:00:00,10700,-3.66,-7.74,1012,90,2.85,114,0,0,4,0
2022-12-12 21:15:00,10624,-3.8275,-7.905,1012,90,2.8175,113.75,0,0,4,0
2022-12-12 21:30:00,10516,-3.995,-8.07,1012,90,2.785,113.5,0,0,4,0
2022-12-12 21:45:00,10361,-4.1625,-8.235,1012,90,2.7525,113.25,0,0,4,0
2022-12-12 22:00:00,10523,-4.33,-8.4,1012,90,2.72,113,0,0,4,0
2022-12-12 22:15:00,10628,-4.2725,-7.325,1011.75,90.5,2.1675,84.75,0,0,3,0
2022-12-12 22:30:00,10581,-4.215,-6.25,1011.5,91,1.615,56.5,0,0,2,0
2022-12-12 22:45:00,10480,-4.1575,-5.175,1011.25,91.5,1.0625,28.25,0,0,1,0
2022-12-12 23:00:00,10554,-4.1,-4.1,1011,92,0.51,0,0,0,0,0
2022-12-12 23:15:00,10419,-4.195,-4.195,1011,91.5,0.64,30,0,0,0,0
2022-12-12 23:30:00,10349,-4.29,-4.29,1011,91,0.77,60,0,0,0,0
2022-12-12 23:45:00,10230,-4.385,-4.385,1011,90.5,0.9,90,0,0,0,0
2022-12-13 00:00:00,9988,-4.48,-4.48,1011,90,1.03,120,0,0,0,0
2022-12-13 00:15:00,9947,-4.5375,-5.16,1011,90.75,1.1575,117.5,0,0,0,0
2022-12-13 00:30:00,9915,-4.595,-5.84,1011,91.5,1.285,115,0,0,0,0
2022-12-13 00:45:00,9776,-4.6525,-6.52,1011,92.25,1.4125,112.5,0,0,0,0
2022-12-13 01:00:00,9661,-4.71,-7.2,1011,93,1.54,110,0,0,0,0
2022-12-13 01:15:00,9545,-4.6125,-7.0875,1010.75,93,1.54,112.5,0,0,0,0
2022-12-13 01:30:00,9385,-4.515,-6.975,1010.5,93,1.54,115,0,0,0,0
2022-12-13 01:45:00,9297,-4.4175,-6.8625,1010.25,93,1.54,117.5,0,0,0,0
2022-12-13 02:00:00,9235,-4.32,-6.75,1010,93,1.54,120,0,0,0,0
2022-12-13 02:15:00,9038,-4.3875,-7.035,1010,92.75,1.67,120,0,0,0,0
2022-12-13 02:30:00,8994,-4.455,-7.32,1010,92.5,1.8,120,0,0,0,0
2022-12-13 02:45:00,9007,-4.5225,-7.605,1010,92.25,1.93,120,0,0,0,0
2022-12-13 03:00:00,8969,-4.59,-7.89,1010,92,2.06,120,0,0,0,0
2022-12-13 03:15:00,8909,-4.695,-7.17,1010,92.25,1.8025,117.5,0,0,0,0
2022-12-13 03:30:00,8887,-4.8,-6.45,1010,92.5,1.545,115,0,0,0,0
2022-12-13 03:45:00,8897,-4.905,-5.73,1010,92.75,1.2875,112.5,0,0,0,0
2022-12-13 04:00:00,8865,-5.01,-5.01,1010,93,1.03,110,0,0,0,0
2022-12-13 04:15:00,8827,-4.97,-5.805,1010,92.5,1.2875,110,0,0,0,0
2022-12-13 04:30:00,8948,-4.93,-6.6,1010,92,1.545,110,0,0,0,0
2022-12-13 04:45:00,8994,-4.89,-7.395,1010,91.5,1.8025,110,0,0,0,0
2022-12-13 05:00:00,9152,-4.85,-8.19,1010,91,2.06,110,0,0,0,0
2022-12-13 05:15:00,9203,-4.7925,-7.9175,1009.75,90.5,1.93,112.5,0,0,0,0
2022-12-13 05:30:00,9315,-4.735,-7.645,1009.5,90,1.8,115,0,0,0,0
2022-12-13 05:45:00,9550,-4.6775,-7.3725,1009.25,89.5,1.67,117.5,0,0,0,0
2022-12-13 06:00:00,9951,-4.62,-7.1,1009,89,1.54,120,0,0,0,0
2022-12-13 06:15:00,10244,-4.765,-7.265,1009.25,89,1.54,120,0,0,0,0
2022-12-13 06:30:00,10418,-4.91,-7.43,1009.5,89,1.54,120,0,0,0,0
2022-12-13 06:45:00,10734,-5.055,-7.595,1009.75,89,1.54,120,0,0,0,0
2022-12-13 07:00:00,10969,-5.2,-7.76,1010,89,1.54,120,0,0,0,0
2022-12-13 07:15:00,11217,-5.2075,-7.1275,1009.75,88.75,1.4125,112.5,0,0,0,0
2022-12-13 07:30:00,11538,-5.215,-6.495,1009.5,88.5,1.285,105,0,0,0,0
2022-12-13 07:45:00,11719,-5.2225,-5.8625,1009.25,88.25,1.1575,97.5,0,0,0,0
2022-12-13 08:00:00,11895,-5.23,-5.23,1009,88,1.03,90,0,0,0,0
2022-12-13 08:15:00,11927,-5.415,-5.415,1009,89,0.9,67.5,0,0,0,0
2022-12-13 08:30:00,11974,-5.6,-5.6,1009,90,0.77,45,0,0,0,0
2022-12-13 08:45:00,12114,-5.785,-5.785,1009,91,0.64,22.5,0,0,0,0
2022-12-13 09:00:00,12069,-5.97,-5.97,1009,92,0.51,0,0,0,0,0
2022-12-13 09:15:00,11964,-5.64,-5.64,1009.25,92,0.51,0,0,0,0,0
2022-12-13 09:30:00,11956,-5.31,-5.31,1009.5,92,0.51,0,0,0,0,0
2022-12-13 09:45:00,11920,-4.98,-4.98,1009.75,92,0.51,0,0,0,0,0
2022-12-13 10:00:00,11754,-4.65,-4.65,1010,92,0.51,0,0,0,0,0
2022-12-13 10:15:00,11802,-4.2025,-4.2025,1010,91,0.64,20,0,0,0,0
2022-12-13 10:30:00,11794,-3.755,-3.755,1010,90,0.77,40,0,0,0,0
2022-12-13 10:45:00,11710,-3.3075,-3.3075,1010,89,0.9,60,0,0,0,0
2022-12-13 11:00:00,11773,-2.86,-2.86,1010,88,1.03,80,0,0,0,0
2022-12-13 11:15:00,11909,-2.5325,-3.23,1010,87,1.2875,77.5,0,0,0,0
2022-12-13 11:30:00,11925,-2.205,-3.6,1010,86,1.545,75,0,0,0,0
2022-12-13 11:45:00,11914,-1.8775,-3.97,1010,85,1.8025,72.5,0,0,0,0
2022-12-13 12:00:00,11768,-1.55,-4.34,1010,84,2.06,70,0,0,0,0
2022-12-13 12:15:00,11729,-1.37,-3.9475,1009.75,82.75,1.93,80,0,0,0,0
2022-12-13 12:30:00,11654,-1.19,-3.555,1009.5,81.5,1.8,90,0,0,0,0
2022-12-13 12:45:00,11623,-1.01,-3.1625,1009.25,80.25,1.67,100,0,0,0,0
2022-12-13 13:00:00,11716,-0.83,-2.77,1009,79,1.54,110,0,0,0,0
2022-12-13 13:15:00,11569,-0.74,-2.8475,1008.75,78.5,1.67,107.5,0,0,0,0
2022-12-13 13:30:00,11514,-0.65,-2.925,1008.5,78,1.8,105,0,0,0,0
2022-12-13 13:45:00,11580,-0.56,-3.0025,1008.25,77.5,1.93,102.5,0,0,0,0
2022-12-13 14:00:00,11612,-0.47,-3.08,1008,77,2.06,100,0,0,0,0
2022-12-13 14:15:00,11630,-0.4875,-3.2425,1008,77,2.1875,97.5,0,0,0,0
2022-12-13 14:30:00,11575,-0.505,-3.405,1008,77,2.315,95,0,0,0,0
2022-12-13 14:45:00,11564,-0.5225,-3.5675,1008,77,2.4425,92.5,0,0,0,0
2022-12-13 15:00:00,11687,-0.54,-3.73,1008,77,2.57,90,0,0,0,0
2022-12-13 15:15:00,11659,-0.6225,-3.955,1007.75,77.5,2.7,90,0,0,0,0
2022-12-13 15:30:00,11731,-0.705,-4.18,1007.5,78,2.83,90,0,0,0,0
2022-12-13 15:45:00,11751,-0.7875,-4.405,1007.25,78.5,2.96,90,0,0,0,0
2022-12-13 16:00:00,11788,-0.87,-4.63,1007,79,3.09,90,0,0,0,0
2022-12-13 16:15:00,11834,-1.01,-4.5225,1007,80,2.8325,87.5,0,0,0,0
2022-12-13 16:30:00,11872,-1.15,-4.415,1007,81,2.575,85,0,0,0,0
2022-12-13 16:45:00,12127,-1.29,-4.3075,1007,82,2.3175,82.5,0,0,0,0
2022-12-13 17:00:00,12326,-1.43,-4.2,1007,83,2.06,80,0,0,0,0
2022-12-13 17:15:00,12357,-1.52,-4.455,1007,83.75,2.1875,80,0,0,25,0
2022-12-13 17:30:00,12449,-1.61,-4.71,1007,84.5,2.315,80,0,0,50,0
2022-12-13 17:45:00,12563,-1.7,-4.965,1007,85.25,2.4425,80,0,0,75,0
2022-12-13 18:00:00,12504,-1.79,-5.22,1007,86,2.57,80,0,0,100,0
2022-12-13 18:15:00,12468,-1.83,-5.2675,1006.75,86.25,2.57,77.5,0,0,100,0
2022-12-13 18:30:00,12457,-1.87,-5.315,1006.5,86.5,2.57,75,0,0,100,0
2022-12-13 18:45:00,12438,-1.91,-5.3625,1006.25,86.75,2.57,72.5,0,0,100,0
2022-12-13 19:00:00,12270,-1.95,-5.41,1006,87,2.57,70,0,0,100,0
2022-12-13 19:15:00,12074,-1.99,-5.4575,1006,86.5,2.57,75,0,0,75,0
2022-12-13 19:30:00,12002,-2.03,-5.505,1006,86,2.57,80,0,0,50,0
2022-12-13 19:45:00,11845,-2.07,-5.5525,1006,85.5,2.57,85,0,0,25,0
2022-12-13 20:00:00,11595,-2.11,-5.6,1006,85,2.57,90,0,0,0,0
2022-12-13 20:15:00,11347,-2.275,-4.8925,1005.75,85.25,2.185,67.5,0,0,0,0
2022-12-13 20:30:00,11168,-2.44,-4.185,1005.5,85.5,1.8,45,0,0,0,0
2022-12-13 20:45:00,11148,-2.605,-3.4775,1005.25,85.75,1.415,22.5,0,0,0,0
2022-12-13 21:00:00,11054,-2.77,-2.77,1005,86,1.03,0,0,0,0,0
2022-12-13 21:15:00,10823,-2.735,-3.4775,1004.75,86,1.2875,22.5,0,0,0,0
2022-12-13 21:30:00,10811,-2.7,-4.185,1004.5,86,1.545,45,0,0,0,0
2022-12-13 21:45:00,10643,-2.665,-4.8925,1004.25,86,1.8025,67.5,0,0,0,0
2022-12-13 22:00:00,10701,-2.63,-5.6,1004,86,2.06,90,0,0,0,0
2022-12-13 22:15:00,10733,-2.69,-5.475,1004,85.75,1.93,85,0,0,0,0
2022-12-13 22:30:00,10716,-2.75,-5.35,1004,85.5,1.8,80,0,0,0,0
2022-12-13 22:45:00,10691,-2.81,-5.225,1004,85.25,1.67,75,0,0,0,0
2022-12-13 23:00:00,10718,-2.87,-5.1,1004,85,1.54,70,0,0,0,0
2022-12-13 23:15:00,10511,-3.045,-4.7175,1004,85.25,1.4125,70,0,0,0,0
2022-12-13 23:30:00,10374,-3.22,-4.335,1004,85.5,1.285,70,0,0,0,0
2022-12-13 23:45:00,10348,-3.395,-3.9525,1004,85.75,1.1575,70,0,0,0,0
2022-12-14 00:00:00,10170,-3.57,-3.57,1004,86,1.03,70,0,0,0,0
2022-12-14 00:15:00,10078,-3.6275,-3.6275,1003.75,86,1.03,80,0,0,0,0
2022-12-14 00:30:00,9954,-3.685,-3.685,1003.5,86,1.03,90,0,0,0,0
2022-12-14 00:45:00,9756,-3.7425,-3.7425,1003.25,86,1.03,100,0,0,0,0
2022-12-14 01:00:00,9655,-3.8,-3.8,1003,86,1.03,110,0,0,0,0
2022-12-14 01:15:00,9510,-3.82,-3.82,1003,86.25,1.03,105,0,0,0,0
2022-12-14 01:30:00,9420,-3.84,-3.84,1003,86.5,1.03,100,0,0,0,0
2022-12-14 01:45:00,9390,-3.86,-3.86,1003,86.75,1.03,95,0,0,0,0
2022-12-14 02:00:00,9389,-3.88,-3.88,1003,87,1.03,90,0,0,0,0
2022-12-14 02:15:00,9281,-3.895,-4.49,1002.75,87.25,1.1575,97.5,0,0,0,0
2022-12-14 02:30:00,9319,-3.91,-5.1,1002.5,87.5,1.285,105,0,0,0,0
2022-12-14 02:45:00,9256,-3.925,-5.71,1002.25,87.75,1.4125,112.5,0,0,0,0
2022-12-14 03:00:00,9231,-3.94,-6.32,1002,88,1.54,120,0,0,0,0
2022-12-14 03:15:00,9198,-3.8075,-5.5925,1002,87.75,1.4125,125,0,0,0,0
2022-12-14 03:30:00,9123,-3.675,-4.865,1002,87.5,1.285,130,0,0,0,0
2022-12-14 03:45:00,9088,-3.5425,-4.1375,1002,87.25,1.1575,135,0,0,0,0
2022-12-14 04:00:00,9105,-3.41,-3.41,1002,87,1.03,140,0,0,0,0
2022-12-14 04:15:00,9168,-3.3725,-4.1425,1001.75,87,1.2875,137.5,0,0,0,0
2022-12-14 04:30:00,9160,-3.335,-4.875,1001.5,87,1.545,135,0,0,0,0
2022-12-14 04:45:00,9174,-3.2975,-5.6075,1001.25,87,1.8025,132.5,0,0,0,0
2022-12-14 05:00:00,9329,-3.26,-6.34,1001,87,2.06,130,0,0,0,0
2022-12-14 05:15:00,9422,-3.255,-5.565,1001,87,1.6725,122.5,0,0,0,0
2022-12-14 05:30:00,9561,-3.25,-4.79,1001,87,1.285,115,0,0,0,0
2022-12-14 05:45:00,9835,-3.245,-4.015,1001,87,0.8975,107.5,0,0,0,0
2022-12-14 06:00:00,10154,-3.24,-3.24,1001,87,0.51,100,0,0,0,0
2022-12-14 06:15:00,10336,-3.33,-3.33,1001,87.5,0.3825,75,0,0.0375,0,0
2022-12-14 06:30:00,10620,-3.42,-3.42,1001,88,0.255,50,0,0.075,0,0
2022-12-14 06:45:00,10862,-3.51,-3.51,1001,88.5,0.1275,25,0,0.1125,0,0
2022-12-14 07:00:00,11130,-3.6,-3.6,1001,89,0,0,0,0.15,0,0
2022-12-14 07:15:00,11460,-3.5125,-3.5125,1001,88.75,0.2575,2.5,0,0.1125,0,0
2022-12-14 07:30:00,11617,-3.425,-3.425,1001,88.5,0.515,5,0,0.075,0,0
2022-12-14 07:45:00,11758,-3.3375,-3.3375,1001,88.25,0.7725,7.5,0,0.0375,0,0
2022-12-14 08:00:00,12002,-3.25,-3.25,1001,88,1.03,10,0,0,0,0
2022-12-14 08:15:00,12063,-3.3175,-3.3175,1001,88.5,1.03,12.5,0,0,0,0
2022-12-14 08:30:00,12169,-3.385,-3.385,1001,89,1.03,15,0,0,0,0
2022-12-14 08:45:00,12202,-3.4525,-3.4525,1001,89.5,1.03,17.5,0,0,0,0
2022-12-14 09:00:00,12254,-3.52,-3.52,1001,90,1.03,20,0,0,0,0
2022-12-14 09:15:00,12287,-3.4425,-3.4425,1001,89.5,0.9,15,0,0,0,0
2022-12-14 09:30:00,12214,-3.365,-3.365,1001,89,0.77,10,0,0,0,0
2022-12-14 09:45:00,12243,-3.2875,-3.2875,1001,88.5,0.64,5,0,0,0,0
2022-12-14 10:00:00,11994,-3.21,-3.21,1001,88,0.51,0,0,0,0,0
2022-12-14 10:15:00,11996,-2.9625,-2.9625,1001.25,87.25,0.3825,0,0,0,0,0
2022-12-14 10:30:00,12011,-2.715,-2.715,1001.5,86.5,0.255,0,0,0,0,0
2022-12-14 10:45:00,11974,-2.4675,-2.4675,1001.75,85.75,0.1275,0,0,0,0,0
2022-12-14 11:00:00,11898,-2.22,-2.22,1002,85,0,0,0,0,0,0
2022-12-14 11:15:00,11931,-1.985,-1.985,1002,83.75,0,0,0,0,0,0
2022-12-14 11:30:00,11941,-1.75,-1.75,1002,82.5,0,0,0,0,0,0
2022-12-14 11:45:00,11857,-1.515,-1.515,1002,81.25,0,0,0,0,0,0
2022-12-14 12:00:00,11679,-1.28,-1.28,1002,80,0,0,0,0,0,0
2022-12-14 12:15:00,11649,-1.155,-1.6375,1002,79.25,0.385,87.5,0,0,0,0
2022-12-14 12:30:00,11578,-1.03,-1.995,1002,78.5,0.77,175,0,0,0,0
2022-12-14 12:45:00,11544,-0.905,-2.3525,1002,77.75,1.155,262.5,0,0,0,0
2022-12-14 13:00:00,11376,-0.78,-2.71,1002,77,1.54,350,0,0,0,0
2022-12-14 13:15:00,11358,-0.6575,-2.57,1002,76,1.54,270,0,0,0,0
2022-12-14 13:30:00,11428,-0.535,-2.43,1002,75,1.54,190,0,0,0,0
2022-12-14 13:45:00,11214,-0.4125,-2.29,1002,74,1.54,110,0,0,0,0
2022-12-14 14:00:00,11244,-0.29,-2.15,1002,73,1.54,30,0,0,0,0
2022-12-14 14:15:00,11286,-0.345,-2.2125,1002.25,73.25,1.54,110,0,0,0,0
2022-12-14 14:30:00,11261,-0.4,-2.275,1002.5,73.5,1.54,190,0,0,0,0
2022-12-14 14:45:00,11255,-0.455,-2.3375,1002.75,73.75,1.54,270,0,0,0,0
2022-12-14 15:00:00,11370,-0.51,-2.4,1003,74,1.54,350,0,0,0,0
2022-12-14 15:15:00,11519,-0.655,-2.0725,1003,74,1.2825,352.5,0,0,0,0
2022-12-14 15:30:00,11689,-0.8,-1.745,1003,74,1.025,355,0,0,0,0
2022-12-14 15:45:00,11699,-0.945,-1.4175,1003,74,0.7675,357.5,0,0,0,0
2022-12-14 16:00:00,11867,-1.09,-1.09,1003,74,0.51,360,0,0,0,0
2022-12-14 16:15:00,12001,-1.5975,-1.5975,1003.25,76,0.51,360,0,0,0,0
2022-12-14 16:30:00,11999,-2.105,-2.105,1003.5,78,0.51,360,0,0,0,0
2022-12-14 16:45:00,12184,-2.6125,-2.6125,1003.75,80,0.51,360,0,0,0,0
2022-12-14 17:00:00,12337,-3.12,-3.12,1004,82,0.51,360,0,0,0,0
2022-12-14 17:15:00,12460,-3.2125,-3.2125,1004,82,0.3825,270,0,0,0,0
2022-12-14 17:30:00,12662,-3.305,-3.305,1004,82,0.255,180,0,0,0,0
2022-12-14 17:45:00,12652,-3.3975,-3.3975,1004,82,0.1275,90,0,0,0,0
2022-12-14 18:00:00,12649,-3.49,-3.49,1004,82,0,0,0,0,0,0
2022-12-14 18:15:00,12602,-3.73,-3.73,1004,83,0,0,0,0,0,0
2022-12-14 18:30:00,12501,-3.97,-3.97,1004,84,0,0,0,0,0,0
2022-12-14 18:45:00,12382,-4.21,-4.21,1004,85,0,0,0,0,0,0
2022-12-14 19:00:00,12330,-4.45,-4.45,1004,86,0,0,0,0,0,0
2022-12-14 19:15:00,12189,-4.425,-4.425,1004,85.5,0.2575,0,0,0,0,0
2022-12-14 19:30:00,12100,-4.4,-4.4,1004,85,0.515,0,0,0,0,0
2022-12-14 19:45:00,11976,-4.375,-4.375,1004,84.5,0.7725,0,0,0,0,0
2022-12-14 20:00:00,11805,-4.35,-4.35,1004,84,1.03,0,0,0,0,0
2022-12-14 20:15:00,11538,-4.655,-5.3075,1004.25,86.25,1.1575,47.5,0,0,0,0
2022-12-14 20:30:00,11300,-4.96,-6.265,1004.5,88.5,1.285,95,0,0,0,0
2022-12-14 20:45:00,11421,-5.265,-7.2225,1004.75,90.75,1.4125,142.5,0,0,0,0
2022-12-14 21:00:00,11298,-5.57,-8.18,1005,93,1.54,190,0,0,0,0
2022-12-14 21:15:00,11051,-5.575,-8.185,1005,93,1.54,192.5,0,0,0,0
2022-12-14 21:30:00,10995,-5.58,-8.19,1005,93,1.54,195,0,0,0,0
2022-12-14 21:45:00,10830,-5.585,-8.195,1005,93,1.54,197.5,0,0,0,0
2022-12-14 22:00:00,10922,-5.59,-8.2,1005,93,1.54,200,0,0,0,0
2022-12-14 22:15:00,10941,-5.6725,-8.295,1005,93,1.54,220,0,0,0,0
2022-12-14 22:30:00,10952,-5.755,-8.39,1005,93,1.54,240,0,0,0,0
2022-12-14 22:45:00,10927,-5.8375,-8.485,1005,93,1.54,260,0,0,0,0
2022-12-14 23:00:00,10907,-5.92,-8.58,1005,93,1.54,280,0,0,0,0
2022-12-14 23:15:00,10686,-5.67,-7.665,1005.25,91.25,1.2825,210,0,0,0,0
2022-12-14 23:30:00,10770,-5.42,-6.75,1005.5,89.5,1.025,140,0,0,0,0
2022-12-14 23:45:00,10604,-5.17,-5.835,1005.75,87.75,0.7675,70,0,0,0,0
2022-12-15 00:00:00,10473,-4.92,-4.92,1006,86,0.51,0,0,0,0,0
2022-12-15 00:15:00,10265,-5.17,-5.17,1006,87.75,0.51,50,0,0,0,0
2022-12-15 00:30:00,10271,-5.42,-5.42,1006,89.5,0.51,100,0,0,0,0
2022-12-15 00:45:00,10147,-5.67,-5.67,1006,91.25,0.51,150,0,0,0,0
2022-12-15 01:00:00,9978,-5.92,-5.92,1006,93,0.51,200,0,0,0,0
2022-12-15 01:15:00,9889,-5.92,-6.585,1006,93,0.7675,197.5,0,0,0,0
2022-12-15 01:30:00,9724,-5.92,-7.25,1006,93,1.025,195,0,0,0,0
2022-12-15 01:45:00,9555,-5.92,-7.915,1006,93,1.2825,192.5,0,0,0,0
2022-12-15 02:00:00,9504,-5.92,-8.58,1006,93,1.54,190,0,0,0,0
2022-12-15 02:15:00,9447,-5.92,-8.795,1006.25,93,1.67,192.5,0,0,0,0
2022-12-15 02:30:00,9483,-5.92,-9.01,1006.5,93,1.8,195,0,0,0,0
2022-12-15 02:45:00,9344,-5.92,-9.225,1006.75,93,1.93,197.5,0,0,0,0
2022-12-15 03:00:00,9326,-5.92,-9.44,1007,93,2.06,200,0,0,0,0
2022-12-15 03:15:00,9326,-5.92,-9.44,1007,93,2.06,197.5,0,0,0,0
2022-12-15 03:30:00,9300,-5.92,-9.44,1007,93,2.06,195,0,0,0,0
2022-12-15 03:45:00,9336,-5.92,-9.44,1007,93,2.06,192.5,0,0,0,0
2022-12-15 04:00:00,9368,-5.92,-9.44,1007,93,2.06,190,0,0,0,0
2022-12-15 04:15:00,9394,-5.92,-9.61,1007,93,2.1875,190,0,0,0,0
2022-12-15 04:30:00,9362,-5.92,-9.78,1007,93,2.315,190,0,0,0,0
2022-12-15 04:45:00,9440,-5.92,-9.95,1007,93,2.4425,190,0,0,0,0
2022-12-15 05:00:00,9558,-5.92,-10.12,1007,93,2.57,190,0,0,0,0
2022-12-15 05:15:00,9671,-5.67,-9.6575,1007,91.25,2.4425,190,0,0,0,0
2022-12-15 05:30:00,9726,-5.42,-9.195,1007,89.5,2.315,190,0,0,0,0
2022-12-15 05:45:00,9953,-5.17,-8.7325,1007,87.75,2.1875,190,0,0,0,0
2022-12-15 06:00:00,10380,-4.92,-8.27,1007,86,2.06,190,0,0,0,0
2022-12-15 06:15:00,10641,-5.17,-8.3475,1007.25,86,1.93,190,0,0,0,0
2022-12-15 06:30:00,10925,-5.42,-8.425,1007.5,86,1.8,190,0,0,0,0
2022-12-15 06:45:00,11280,-5.67,-8.5025,1007.75,86,1.67,190,0,0,0,0
2022-12-15 07:00:00,11315,-5.92,-8.58,1008,86,1.54,190,0,0,0,0
2022-12-15 07:15:00,11634,-5.67,-8.5025,1008,86,1.67,190,0,0,0,0
2022-12-15 07:30:00,11753,-5.42,-8.425,1008,86,1.8,190,0,0,0,0
2022-12-15 07:45:00,12006,-5.17,-8.3475,1008,86,1.93,190,0,0,0,0
2022-12-15 08:00:00,12121,-4.92,-8.27,1008,86,2.06,190,0,0,0,0
2022-12-15 08:15:00,12258,-5.17,-8.5625,1008,87.75,2.06,187.5,0,0,0,0
2022-12-15 08:30:00,12312,-5.42,-8.855,1008,89.5,2.06,185,0,0,0,0
2022-12-15 08:45:00,12434,-5.67,-9.1475,1008,91.25,2.06,182.5,0,0,0,0
2022-12-15 09:00:00,12458,-5.92,-9.44,1008,93,2.06,180,0,0,0,0
2022-12-15 09:15:00,12430,-5.42,-8.8575,1008.25,91.25,2.06,180,0,0,0,0
2022-12-15 09:30:00,12371,-4.92,-8.275,1008.5,89.5,2.06,180,0,0,0,0
2022-12-15 09:45:00,12313,-4.42,-7.6925,1008.75,87.75,2.06,180,0,0,0,0
2022-12-15 10:00:00,12112,-3.92,-7.11,1009,86,2.06,180,0,0,0,0
2022-12-15 10:15:00,12129,-3.425,-6.53,1009,85,2.06,182.5,0,0,0,0
2022-12-15 10:30:00,12049,-2.93,-5.95,1009,84,2.06,185,0,0,0,0
2022-12-15 10:45:00,12003,-2.435,-5.37,1009,83,2.06,187.5,0,0,0,0
2022-12-15 11:00:00,11953,-1.94,-4.79,1009,82,2.06,190,0,0,0,0
2022-12-15 11:15:00,12054,-1.5925,-3.73,1009.25,82.5,1.8025,187.5,0,0,0,0
2022-12-15 11:30:00,12062,-1.245,-2.67,1009.5,83,1.545,185,0,0,0,0
2022-12-15 11:45:00,11941,-0.8975,-1.61,1009.75,83.5,1.2875,182.5,0,0,0,0
2022-12-15 12:00:00,11752,-0.55,-0.55,1010,84,1.03,180,0,0,0,0
2022-12-15 12:15:00,11629,-0.055,-0.055,1009.75,81.75,0.9,185,0,0,0,0
2022-12-15 12:30:00,11580,0.44,0.44,1009.5,79.5,0.77,190,0,0,0,0
2022-12-15 12:45:00,11550,0.935,0.935,1009.25,77.25,0.64,195,0,0,0,0
2022-12-15 13:00:00,11512,1.43,1.43,1009,75,0.51,200,0,0,0,0
2022-12-15 13:15:00,11516,1.575,1.575,1009,74.25,0.3825,150,0,0,0,0
2022-12-15 13:30:00,11378,1.72,1.72,1009,73.5,0.255,100,0,0,0,0
2022-12-15 13:45:00,11215,1.865,1.865,1009,72.75,0.1275,50,0,0,0,0
2022-12-15 14:00:00,11204,2.01,2.01,1009,72,0,0,0,0,0,0
2022-12-15 14:15:00,11130,1.9275,1.9275,1008.75,71.75,0.1275,0,0,0,0,0
2022-12-15 14:30:00,11167,1.845,1.845,1008.5,71.5,0.255,0,0,0,0,0
2022-12-15 14:45:00,11121,1.7625,1.7625,1008.25,71.25,0.3825,0,0,0,0,0
2022-12-15 15:00:00,11157,1.68,1.68,1008,71,0.51,0,0,0,0,0
2022-12-15 15:15:00,11199,1.45,1.45,1008,71.5,0.64,10,0,0,0,0
2022-12-15 15:30:00,11358,1.22,1.22,1008,72,0.77,20,0,0,0,0
2022-12-15 15:45:00,11406,0.99,0.99,1008,72.5,0.9,30,0,0,0,0
2022-12-15 16:00:00,11578,0.76,0.76,1008,73,1.03,40,0,0,0,0
2022-12-15 16:15:00,11722,0.0825,-0.525,1008,75,1.21,35.25,0,0,2.75,0
2022-12-15 16:30:00,11838,-0.595,-1.81,1008,77,1.39,30.5,0,0,5.5,0
2022-12-15 16:45:00,12039,-1.2725,-3.095,1008,79,1.57,25.75,0,0,8.25,0
2022-12-15 17:00:00,12365,-1.95,-4.38,1008,81,1.75,21,0,0,11,0
2022-12-15 17:15:00,12417,-2.1025,-3.925,1008,81.75,1.57,55.75,0,0,13.25,0
2022-12-15 17:30:00,12508,-2.255,-3.47,1008,82.5,1.39,90.5,0,0,15.5,0
2022-12-15 17:45:00,12542,-2.4075,-3.015,1008,83.25,1.21,125.25,0,0,17.75,0
2022-12-15 18:00:00,12475,-2.56,-2.56,1008,84,1.03,160,0,0,20,0
2022-12-15 18:15:00,12384,-2.405,-3.27,1008.25,84,1.415,162.5,0,0,33.75,0
2022-12-15 18:30:00,12439,-2.25,-3.98,1008.5,84,1.8,165,0,0,47.5,0
2022-12-15 18:45:00,12455,-2.095,-4.69,1008.75,84,2.185,167.5,0,0,61.25,0
2022-12-15 19:00:00,12370,-1.94,-5.4,1009,84,2.57,170,0,0,75,0
2022-12-15 19:15:00,12140,-2.06,-5.5425,1009,84,2.57,172.5,0,0,66.25,0
2022-12-15 19:30:00,12019,-2.18,-5.685,1009,84,2.57,175,0,0,57.5,0
2022-12-15 19:45:00,11819,-2.3,-5.8275,1009,84,2.57,177.5,0,0,48.75,0
2022-12-15 20:00:00,11805,-2.42,-5.97,1009,84,2.57,180,0,0,40,0
2022-12-15 20:15:00,11569,-2.705,-5.3675,1009.25,84.5,2.105,215,0,0,33,0
2022-12-15 20:30:00,11395,-2.99,-4.765,1009.5,85,1.64,250,0,0,26,0
2022-12-15 20:45:00,11162,-3.275,-4.1625,1009.75,85.5,1.175,285,0,0,19,0
2022-12-15 21:00:00,11026,-3.56,-3.56,1010,86,0.71,320,0,0,12,0
2022-12-15 21:15:00,10985,-3.5275,-4.5975,1009.75,85.75,1.305,300,0,0,9,0
2022-12-15 21:30:00,10906,-3.495,-5.635,1009.5,85.5,1.9,280,0,0,6,0
2022-12-15 21:45:00,10778,-3.4625,-6.6725,1009.25,85.25,2.495,260,0,0,3,0
2022-12-15 22:00:00,11058,-3.43,-7.71,1009,85,3.09,240,0,0,0,0
2022-12-15 22:15:00,11006,-3.7725,-7.6075,1009,86.5,2.7025,232.5,0,0,0,0
2022-12-15 22:30:00,10896,-4.115,-7.505,1009,88,2.315,225,0,0,0,0
2022-12-15 22:45:00,10941,-4.4575,-7.4025,1009,89.5,1.9275,217.5,0,0,0,0
2022-12-15 23:00:00,10866,-4.8,-7.3,1009,91,1.54,210,0,0,0,0
2022-12-15 23:15:00,10990,-4.58,-7.4125,1009,91.5,1.7975,205,0,0,0,0
2022-12-15 23:30:00,10555,-4.36,-7.525,1009,92,2.055,200,0,0,0,0
2022-12-15 23:45:00,10370,-4.14,-7.6375,1009,92.5,2.3125,195,0,0,0,0
2022-12-16 00:00:00,10279,-3.92,-7.75,1009,93,2.57,190,0,0,0,0
2022-12-16 00:15:00,10292,-3.6125,-7.385,1009,91.5,2.57,192.5,0,0,10,0
2022-12-16 00:30:00,10165,-3.305,-7.02,1009,90,2.57,195,0,0,20,0
2022-12-16 00:45:00,10023,-2.9975,-6.655,1009,88.5,2.57,197.5,0,0,30,0
2022-12-16 01:00:00,9944,-2.69,-6.29,1009,87,2.57,200,0,0,40,0
2022-12-16 01:15:00,9775,-2.81,-5.51,1009.25,88,2.17,199.25,0,0,40.25,0
2022-12-16 01:30:00,9592,-2.93,-4.73,1009.5,89,1.77,198.5,0,0,40.5,0
2022-12-16 01:45:00,9458,-3.05,-3.95,1009.75,90,1.37,197.75,0,0,40.75,0
2022-12-16 02:00:00,9400,-3.17,-3.17,1010,91,0.97,197,0,0,41,0
2022-12-16 02:15:00,9263,-2.835,-3.695,1010,90.5,1.37,202.75,0,0,49.5,0
2022-12-16 02:30:00,9288,-2.5,-4.22,1010,90,1.77,208.5,0,0,58,0
2022-12-16 02:45:00,9243,-2.165,-4.745,1010,89.5,2.17,214.25,0,0,66.5,0
2022-12-16 03:00:00,9292,-1.83,-5.27,1010,89,2.57,220,0,0,75,0
2022-12-16 03:15:00,9098,-1.765,-4.855,1010,89.25,2.3125,235,0,0,75,0
2022-12-16 03:30:00,9272,-1.7,-4.44,1010,89.5,2.055,250,0,0,75,0
2022-12-16 03:45:00,9080,-1.635,-4.025,1010,89.75,1.7975,265,0,0,75,0
2022-12-16 04:00:00,9079,-1.57,-3.61,1010,90,1.54,280,0,0,75,0
2022-12-16 04:15:00,8915,-1.3925,-3.59,1010.25,90.25,1.67,290,0,0,75,0
2022-12-16 04:30:00,9101,-1.215,-3.57,1010.5,90.5,1.8,300,0,0,75,0
2022-12-16 04:45:00,9124,-1.0375,-3.55,1010.75,90.75,1.93,310,0,0,75,0
2022-12-16 05:00:00,9107,-0.86,-3.53,1011,91,2.06,320,0,0,75,0
2022-12-16 05:15:00,9330,-0.7725,-3.43,1011,91.5,2.06,330,0,0,75,0
2022-12-16 05:30:00,9410,-0.685,-3.33,1011,92,2.06,340,0,0,75,0
2022-12-16 05:45:00,9598,-0.5975,-3.23,1011,92.5,2.06,350,0,0,75,0
2022-12-16 06:00:00,9806,-0.51,-3.13,1011,93,2.06,360,0,0,75,0
2022-12-16 06:15:00,10235,-0.435,-3.41,1011.25,93.5,2.445,275,0,0,75,0
2022-12-16 06:30:00,10496,-0.36,-3.69,1011.5,94,2.83,190,0,0,75,0
2022-12-16 06:45:00,10642,-0.285,-3.97,1011.75,94.5,3.215,105,0,0,75,0
2022-12-16 07:00:00,10924,-0.21,-4.25,1012,95,3.6,20,0,0,75,0
2022-12-16 07:15:00,11073,-0.39,-3.42,1012.25,95,2.9575,15,0,0,75,0
2022-12-16 07:30:00,11366,-0.57,-2.59,1012.5,95,2.315,10,0,0,75,0
2022-12-16 07:45:00,11537,-0.75,-1.76,1012.75,95,1.6725,5,0,0,75,0
2022-12-16 08:00:00,11648,-0.93,-0.93,1013,95,1.03,0,0,0,75,0
2022-12-16 08:15:00,11645,-0.96,-2.015,1013,95,1.6725,7.5,0,0,75,0
2022-12-16 08:30:00,11645,-0.99,-3.1,1013,95,2.315,15,0,0,75,0
2022-12-16 08:45:00,11729,-1.02,-4.185,1013,95,2.9575,22.5,0,0,75,0
2022-12-16 09:00:00,11734,-1.05,-5.27,1013,95,3.6,30,0,0,75,0
2022-12-16 09:15:00,11738,-0.86,-4.67,1013.25,94.5,3.215,27.5,0,0,75,0
2022-12-16 09:30:00,11831,-0.67,-4.07,1013.5,94,2.83,25,0,0,75,0
2022-12-16 09:45:00,11873,-0.48,-3.47,1013.75,93.5,2.445,22.5,0,0,75,0
2022-12-16 10:00:00,11751,-0.29,-2.87,1014,93,2.06,20,0,0,75,0
2022-12-16 10:15:00,11754,-0.2175,-2.6075,1014.25,93.5,1.93,25,0,0,75,0
2022-12-16 10:30:00,11738,-0.145,-2.345,1014.5,94,1.8,30,0,0,75,0
2022-12-16 10:45:00,11725,-0.0725,-2.0825,1014.75,94.5,1.67,35,0,0,75,0
2022-12-16 11:00:00,11775,0,-1.82,1015,95,1.54,40,0,0,75,0
2022-12-16 11:15:00,11748,0.0275,-1.3375,1015.25,94.5,1.4125,30,0,0,75,0
2022-12-16 11:30:00,11840,0.055,-0.855,1015.5,94,1.285,20,0,0,75,0
2022-12-16 11:45:00,11836,0.0825,-0.3725,1015.75,93.5,1.1575,10,0,0,75,0
2022-12-16 12:00:00,11644,0.11,0.11,1016,93,1.03,0,0,0,75,0
2022-12-16 12:15:00,11543,0.27,0.27,1016,92.75,1.03,0,0,0,61.25,0
2022-12-16 12:30:00,11475,0.43,0.43,1016,92.5,1.03,0,0,0,47.5,0
2022-12-16 12:45:00,11372,0.59,0.59,1016,92.25,1.03,0,0,0,33.75,0
2022-12-16 13:00:00,11313,0.75,0.75,1016,92,1.03,0,0,0,20,0
2022-12-16 13:15:00,11163,1.01,1.01,1016,90.5,1.03,0,0,0,20,0
2022-12-16 13:30:00,11069,1.27,1.27,1016,89,1.03,0,0,0,20,0
2022-12-16 13:45:00,10942,1.53,1.53,1016,87.5,1.03,0,0,0,20,0
2022-12-16 14:00:00,10900,1.79,1.79,1016,86,1.03,0,0,0,20,0
2022-12-16 14:15:00,10931,1.85,1.85,1016.25,85.5,1.03,0,0,0,15,0
2022-12-16 14:30:00,10846,1.91,1.91,1016.5,85,1.03,0,0,0,10,0
2022-12-16 14:45:00,10761,1.97,1.97,1016.75,84.5,1.03,0,0,0,5,0
2022-12-16 15:00:00,10754,2.03,2.03,1017,84,1.03,0,0,0,0,0
2022-12-16 15:15:00,10744,1.83,1.83,1017,83.5,1.03,0,0,0,5,0
2022-12-16 15:30:00,10817,1.63,1.63,1017,83,1.03,0,0,0,10,0
2022-12-16 15:45:00,10911,1.43,1.43,1017,82.5,1.03,0,0,0,15,0
2022-12-16 16:00:00,11016,1.23,1.23,1017,82,1.03,0,0,0,20,0
2022-12-16 16:15:00,11120,0.635,-0.0075,1017.25,83,1.2575,4.75,0,0,16.75,0
2022-12-16 16:30:00,11158,0.04,-1.245,1017.5,84,1.485,9.5,0,0,13.5,0
2022-12-16 16:45:00,11446,-0.555,-2.4825,1017.75,85,1.7125,14.25,0,0,10.25,0
2022-12-16 17:00:00,11555,-1.15,-3.72,1018,86,1.94,19,0,0,7,0
2022-12-16 17:15:00,11632,-1.48,-4.01,1018.25,86.5,1.8775,22.75,0,0,6.75,0
2022-12-16 17:30:00,11783,-1.81,-4.3,1018.5,87,1.815,26.5,0,0,6.5,0
2022-12-16 17:45:00,11764,-2.14,-4.59,1018.75,87.5,1.7525,30.25,0,0,6.25,0
2022-12-16 18:00:00,11647,-2.47,-4.88,1019,88,1.69,34,0,0,6,0
2022-12-16 18:15:00,11608,-2.5275,-4.335,1019,88,1.525,25.5,0,0,4.5,0
2022-12-16 18:30:00,11545,-2.585,-3.79,1019,88,1.36,17,0,0,3,0
2022-12-16 18:45:00,11494,-2.6425,-3.245,1019,88,1.195,8.5,0,0,1.5,0
2022-12-16 19:00:00,11350,-2.7,-2.7,1019,88,1.03,0,0,0,0,0
2022-12-16 19:15:00,11246,-2.8575,-2.8575,1019,89,1.03,57.5,0,0,0,0
2022-12-16 19:30:00,11206,-3.015,-3.015,1019,90,1.03,115,0,0,0,0
2022-12-16 19:45:00,11072,-3.1725,-3.1725,1019,91,1.03,172.5,0,0,0,0
2022-12-16 20:00:00,10917,-3.33,-3.33,1019,92,1.03,230,0,0,0,0
2022-12-16 20:15:00,10824,-3.49,-4.085,1019.25,92,1.1575,232.5,0,0,1.5,0
2022-12-16 20:30:00,10743,-3.65,-4.84,1019.5,92,1.285,235,0,0,3,0
2022-12-16 20:45:00,10590,-3.81,-5.595,1019.75,92,1.4125,237.5,0,0,4.5,0
2022-12-16 21:00:00,10476,-3.97,-6.35,1020,92,1.54,240,0,0,6,0
2022-12-16 21:15:00,10358,-3.83,-6.5475,1020,92,1.7975,240,0,0,6,0
2022-12-16 21:30:00,10281,-3.69,-6.745,1020,92,2.055,240,0,0,6,0
2022-12-16 21:45:00,10200,-3.55,-6.9425,1020,92,2.3125,240,0,0,6,0
2022-12-16 22:00:00,10358,-3.41,-7.14,1020,92,2.57,240,0,0,6,0
2022-12-16 22:15:00,10429,-3.575,-6.3725,1020.25,92,2.185,237.5,0,0,6,0
2022-12-16 22:30:00,10456,-3.74,-5.605,1020.5,92,1.8,235,0,0,6,0
2022-12-16 22:45:00,10364,-3.905,-4.8375,1020.75,92,1.415,232.5,0,0,6,0
2022-12-16 23:00:00,10434,-4.07,-4.07,1021,92,1.03,230,0,0,6,0
2022-12-16 23:15:00,10310,-4.0325,-4.6275,1021,92.25,1.1575,232.5,0,0,6,0
2022-12-16 23:30:00,10210,-3.995,-5.185,1021,92.5,1.285,235,0,0,6,0
2022-12-16 23:45:00,10174,-3.9575,-5.7425,1021,92.75,1.4125,237.5,0,0,6,0
2022-12-17 00:00:00,10058,-3.92,-6.3,1021,93,1.54,240,0,0,6,0
2022-12-17 00:15:00,9943,-3.92,-6.3,1021.25,93,1.54,235,0,0,5.75,0
2022-12-17 00:30:00,9807,-3.92,-6.3,1021.5,93,1.54,230,0,0,5.5,0
2022-12-17 00:45:00,9667,-3.92,-6.3,1021.75,93,1.54,225,0,0,5.25,0
2022-12-17 01:00:00,9631,-3.92,-6.3,1022,93,1.54,220,0,0,5,0
2022-12-17 01:15:00,9520,-4.17,-6.9575,1022,94.75,1.7975,215,0,0,5.25,0
2022-12-17 01:30:00,9436,-4.42,-7.615,1022,96.5,2.055,210,0,0,5.5,0
2022-12-17 01:45:00,9337,-4.67,-8.2725,1022,98.25,2.3125,205,0,0,5.75,0
2022-12-17 02:00:00,9259,-4.92,-8.93,1022,100,2.57,200,0,0,6,0
2022-12-17 02:15:00,9150,-4.92,-8.765,1022,98.25,2.4425,202.5,0,0,6,0
2022-12-17 02:30:00,9095,-4.92,-8.6,1022,96.5,2.315,205,0,0,6,0
2022-12-17 02:45:00,9070,-4.92,-8.435,1022,94.75,2.1875,207.5,0,0,6,0
2022-12-17 03:00:00,8989,-4.92,-8.27,1022,93,2.06,210,0,0,6,0
2022-12-17 03:15:00,8883,-4.92,-8.27,1022,93,2.06,210,0,0,6,0
2022-12-17 03:30:00,8836,-4.92,-8.27,1022,93,2.06,210,0,0,6,0
2022-12-17 03:45:00,8782,-4.92,-8.27,1022,93,2.06,210,0,0,6,0
2022-12-17 04:00:00,8795,-4.92,-8.27,1022,93,2.06,210,0,0,6,0
2022-12-17 04:15:00,8791,-5.17,-8.3475,1022.25,93,1.93,202.5,0,0,6,0
2022-12-17 04:30:00,8774,-5.42,-8.425,1022.5,93,1.8,195,0,0,6,0
2022-12-17 04:45:00,8741,-5.67,-8.5025,1022.75,93,1.67,187.5,0,0,6,0
2022-12-17 05:00:00,8764,-5.92,-8.58,1023,93,1.54,180,0,0,6,0
2022-12-17 05:15:00,8809,-5.92,-8.58,1023,93,1.54,135,0,0,6,0
2022-12-17 05:30:00,8866,-5.92,-8.58,1023,93,1.54,90,0,0,6,0
2022-12-17 05:45:00,8973,-5.92,-8.58,1023,93,1.54,45,0,0,6,0
2022-12-17 06:00:00,9113,-5.92,-8.58,1023,93,1.54,0,0,0,6,0
2022-12-17 06:15:00,9103,-6.17,-8.165,1023,93,1.4125,50,0,0,16.25,0
2022-12-17 06:30:00,9309,-6.42,-7.75,1023,93,1.285,100,0,0,26.5,0
2022-12-17 06:45:00,9435,-6.67,-7.335,1023,93,1.1575,150,0,0,36.75,0
2022-12-17 07:00:00,9336,-6.92,-6.92,1023,93,1.03,200,0,0,47,0
2022-12-17 07:15:00,9458,-6.67,-7.55,1023.25,93,1.2875,192.5,0,0,48.75,0
2022-12-17 07:30:00,9643,-6.42,-8.18,1023.5,93,1.545,185,0,0,50.5,0
2022-12-17 07:45:00,9771,-6.17,-8.81,1023.75,93,1.8025,177.5,0,0,52.25,0
2022-12-17 08:00:00,10024,-5.92,-9.44,1024,93,2.06,170,0,0,54,0
2022-12-17 08:15:00,10151,-5.67,-9.455,1024,93,2.3175,170,0,0,54.5,0
2022-12-17 08:30:00,10303,-5.42,-9.47,1024,93,2.575,170,0,0,55,0
2022-12-17 08:45:00,10435,-5.17,-9.485,1024,93,2.8325,170,0,0,55.5,0
2022-12-17 09:00:00,10535,-4.92,-9.5,1024,93,3.09,170,0,0,56,0
2022-12-17 09:15:00,10585,-4.92,-9.3575,1024.25,93,2.96,172.5,0,0,58.25,0
2022-12-17 09:30:00,10611,-4.92,-9.215,1024.5,93,2.83,175,0,0,60.5,0
2022-12-17 09:45:00,10652,-4.92,-9.0725,1024.75,93,2.7,177.5,0,0,62.75,0
2022-12-17 10:00:00,10684,-4.92,-8.93,1025,93,2.57,180,0,0,65,0
2022-12-17 10:15:00,10614,-4.67,-8.475,1025.25,93,2.4425,175,0,0,65.75,0
2022-12-17 10:30:00,10615,-4.42,-8.02,1025.5,93,2.315,170,0,0,66.5,0
2022-12-17 10:45:00,10748,-4.17,-7.565,1025.75,93,2.1875,165,0,0,67.25,0
2022-12-17 11:00:00,10726,-3.92,-7.11,1026,93,2.06,160,0,0,68,0
2022-12-17 11:15:00,10682,-3.92,-6.3125,1026,93,1.8025,120,0,0,66,0
2022-12-17 11:30:00,10682,-3.92,-5.515,1026,93,1.545,80,0,0,64,0
2022-12-17 11:45:00,10753,-3.92,-4.7175,1026,93,1.2875,40,0,0,62,0
2022-12-17 12:00:00,10639,-3.92,-3.92,1026,93,1.03,0,0,0,60,0
2022-12-17 12:15:00,10497,-3.575,-4.4675,1026,92.25,1.415,32.5,0,0,47.5,0
2022-12-17 12:30:00,10524,-3.23,-5.015,1026,91.5,1.8,65,0,0,35,0
2022-12-17 12:45:00,10510,-2.885,-5.5625,1026,90.75,2.185,97.5,0,0,22.5,0
2022-12-17 13:00:00,10432,-2.54,-6.11,1026,90,2.57,130,0,0,10,0
2022-12-17 13:15:00,10514,-2.43,-5.98,1026,90.5,2.57,132.5,0,0,11.25,0
2022-12-17 13:30:00,10377,-2.32,-5.85,1026,91,2.57,135,0,0,12.5,0
2022-12-17 13:45:00,10266,-2.21,-5.72,1026,91.5,2.57,137.5,0,0,13.75,0
2022-12-17 14:00:00,10158,-2.1,-5.59,1026,92,2.57,140,0,0,15,0
2022-12-17 14:15:00,10171,-1.915,-5.2225,1025.75,91.5,2.4425,140,0,0,16.25,0
2022-12-17 14:30:00,10173,-1.73,-4.855,1025.5,91,2.315,140,0,0,17.5,0
2022-12-17 14:45:00,10258,-1.545,-4.4875,1025.25,90.5,2.1875,140,0,0,18.75,0
2022-12-17 15:00:00,10341,-1.36,-4.12,1025,90,2.06,140,0,0,20,0
2022-12-17 15:15:00,10302,-1.6,-4.4,1025.25,90.75,2.06,137.5,0,0,22,0
2022-12-17 15:30:00,10397,-1.84,-4.68,1025.5,91.5,2.06,135,0,0,24,0
2022-12-17 15:45:00,10494,-2.08,-4.96,1025.75,92.25,2.06,132.5,0,0,26,0
2022-12-17 16:00:00,10561,-2.32,-5.24,1026,93,2.06,130,0,0,28,0
2022-12-17 16:15:00,10643,-2.6325,-5.7625,1026,93.25,2.1875,127.5,0,0,31,0
2022-12-17 16:30:00,10756,-2.945,-6.285,1026,93.5,2.315,125,0,0,34,0
2022-12-17 16:45:00,10957,-3.2575,-6.8075,1026,93.75,2.4425,122.5,0,0,37,0
2022-12-17 17:00:00,11149,-3.57,-7.33,1026,94,2.57,120,0,0,40,0
2022-12-17 17:15:00,11289,-3.5875,-6.4075,1026,94.25,2.185,120,0,0,48.75,0
2022-12-17 17:30:00,11369,-3.605,-5.485,1026,94.5,1.8,120,0,0,57.5,0
2022-12-17 17:45:00,11426,-3.6225,-4.5625,1026,94.75,1.415,120,0,0,66.25,0
2022-12-17 18:00:00,11404,-3.64,-3.64,1026,95,1.03,120,0,0,75,0
2022-12-17 18:15:00,11324,-3.7075,-4.3025,1026,94.5,1.1575,120,0,0,75,0
2022-12-17 18:30:00,11358,-3.775,-4.965,1026,94,1.285,120,0,0,75,0
2022-12-17 18:45:00,11307,-3.8425,-5.6275,1026,93.5,1.4125,120,0,0,75,0
2022-12-17 19:00:00,11139,-3.91,-6.29,1026,93,1.54,120,0,0,75,0
2022-12-17 19:15:00,10935,-3.9875,-5.7725,1026,93.5,1.4125,117.5,0,0,75,0
2022-12-17 19:30:00,10862,-4.065,-5.255,1026,94,1.285,115,0,0,75,0
2022-12-17 19:45:00,10800,-4.1425,-4.7375,1026,94.5,1.1575,112.5,0,0,75,0
2022-12-17 20:00:00,10724,-4.22,-4.22,1026,95,1.03,110,0,0,75,0
2022-12-17 20:15:00,10565,-4.2625,-4.2625,1026.25,94.75,1.03,110,0,0,66.25,0
2022-12-17 20:30:00,10534,-4.305,-4.305,1026.5,94.5,1.03,110,0,0,57.5,0
2022-12-17 20:45:00,10444,-4.3475,-4.3475,1026.75,94.25,1.03,110,0,0,48.75,0
2022-12-17 21:00:00,10315,-4.39,-4.39,1027,94,1.03,110,0,0,40,0
2022-12-17 21:15:00,10257,-4.485,-5.11,1026.75,94,1.1575,112.5,0,0,40,0
2022-12-17 21:30:00,10135,-4.58,-5.83,1026.5,94,1.285,115,0,0,40,0
2022-12-17 21:45:00,10004,-4.675,-6.55,1026.25,94,1.4125,117.5,0,0,40,0
2022-12-17 22:00:00,10113,-4.77,-7.27,1026,94,1.54,120,0,0,40,0
2022-12-17 22:15:00,10153,-4.775,-6.65,1026.25,94,1.4125,120,0,0,54.75,0
2022-12-17 22:30:00,10196,-4.78,-6.03,1026.5,94,1.285,120,0,0,69.5,0
2022-12-17 22:45:00,10173,-4.785,-5.41,1026.75,94,1.1575,120,0,0,84.25,0
2022-12-17 23:00:00,10226,-4.79,-4.79,1027,94,1.03,120,0,0,99,0
2022-12-17 23:15:00,10159,-5.0725,-5.0725,1027,93.75,0.9,90,0,0,99,0
2022-12-17 23:30:00,10105,-5.355,-5.355,1027,93.5,0.77,60,0,0,99,0
2022-12-17 23:45:00,9955,-5.6375,-5.6375,1027,93.25,0.64,30,0,0,99,0
2022-12-18 00:00:00,9783,-5.92,-5.92,1027,93,0.51,0,0,0,99,0
2022-12-18 00:15:00,9657,-5.92,-6.8,1026.75,93,0.8975,30,0,0,91.5,0
2022-12-18 00:30:00,9625,-5.92,-7.68,1026.5,93,1.285,60,0,0,84,0
2022-12-18 00:45:00,9512,-5.92,-8.56,1026.25,93,1.6725,90,0,0,76.5,0
2022-12-18 01:00:00,9460,-5.92,-9.44,1026,93,2.06,120,0,0,69,0
2022-12-18 01:15:00,9301,-5.92,-9.61,1026,93,2.1875,120,0,0,70.25,0
2022-12-18 01:30:00,9192,-5.92,-9.78,1026,93,2.315,120,0,0,71.5,0
2022-12-18 01:45:00,9129,-5.92,-9.95,1026,93,2.4425,120,0,0,72.75,0
2022-12-18 02:00:00,9118,-5.92,-10.12,1026,93,2.57,120,0,0,74,0
2022-12-18 02:15:00,9053,-5.67,-9.6575,1026,91.25,2.4425,122.5,0,0,65.25,0
2022-12-18 02:30:00,9020,-5.42,-9.195,1026,89.5,2.315,125,0,0,56.5,0
2022-12-18 02:45:00,9007,-5.17,-8.7325,1026,87.75,2.1875,127.5,0,0,47.75,0
2022-12-18 03:00:00,8910,-4.92,-8.27,1026,86,2.06,130,0,0,39,0
2022-12-18 03:15:00,8893,-5.17,-8.7325,1026,87.75,2.1875,130,0,0,35.75,0
2022-12-18 03:30:00,8831,-5.42,-9.195,1026,89.5,2.315,130,0,0,32.5,0
2022-12-18 03:45:00,8781,-5.67,-9.6575,1026,91.25,2.4425,130,0,0,29.25,0
2022-12-18 04:00:00,8785,-5.92,-10.12,1026,93,2.57,130,0,0,26,0
2022-12-18 04:15:00,8705,-5.92,-9.95,1026,91.25,2.4425,127.5,0,0,19.5,0
2022-12-18 04:30:00,8693,-5.92,-9.78,1026,89.5,2.315,125,0,0,13,0
2022-12-18 04:45:00,8767,-5.92,-9.61,1026,87.75,2.1875,122.5,0,0,6.5,0
2022-12-18 05:00:00,8729,-5.92,-9.44,1026,86,2.06,120,0,0,0,0
2022-12-18 05:15:00,8745,-6.17,-9.51,1026,87.75,1.93,125,0,0,0,0
2022-12-18 05:30:00,8782,-6.42,-9.58,1026,89.5,1.8,130,0,0,0,0
2022-12-18 05:45:00,8779,-6.67,-9.65,1026,91.25,1.67,135,0,0,0,0
2022-12-18 06:00:00,8897,-6.92,-9.72,1026,93,1.54,140,0,0,0,0
2022-12-18 06:15:00,8912,-6.67,-9.82,1025.75,91.25,1.7975,130,0,0,0,0
2022-12-18 06:30:00,8964,-6.42,-9.92,1025.5,89.5,2.055,120,0,0,0,0
2022-12-18 06:45:00,8954,-6.17,-10.02,1025.25,87.75,2.3125,110,0,0,0,0
2022-12-18 07:00:00,9006,-5.92,-10.12,1025,86,2.57,100,0,0,0,0
2022-12-18 07:15:00,9139,-5.67,-9.8225,1025,84.5,2.57,107.5,0,0,0,0
2022-12-18 07:30:00,9177,-5.42,-9.525,1025,83,2.57,115,0,0,0,0
2022-12-18 07:45:00,9305,-5.17,-9.2275,1025,81.5,2.57,122.5,0,0,0,0
2022-12-18 08:00:00,9523,-4.92,-8.93,1025,80,2.57,130,0,0,0,0
2022-12-18 08:15:00,9564,-5.17,-9.375,1024.75,81.5,2.7,130,0,0,0,0
2022-12-18 08:30:00,9595,-5.42,-9.82,1024.5,83,2.83,130,0,0,0,0
2022-12-18 08:45:00,9662,-5.67,-10.265,1024.25,84.5,2.96,130,0,0,0,0
2022-12-18 09:00:00,9780,-5.92,-10.71,1024,86,3.09,130,0,0,0,0
2022-12-18 09:15:00,9928,-5.615,-10.4625,1024,85.5,3.2175,130,0,0,0,0
2022-12-18 09:30:00,10129,-5.31,-10.215,1024,85,3.345,130,0,0,0,0
2022-12-18 09:45:00,10217,-5.005,-9.9675,1024,84.5,3.4725,130,0,0,0,0
2022-12-18 10:00:00,10351,-4.7,-9.72,1024,84,3.6,130,0,0,0,0
2022-12-18 10:15:00,10435,-4.27,-8.7925,1024,83.75,3.215,127.5,0,0,0,0
2022-12-18 10:30:00,10519,-3.84,-7.865,1024,83.5,2.83,125,0,0,0,0
2022-12-18 10:45:00,10567,-3.41,-6.9375,1024,83.25,2.445,122.5,0,0,0,0
2022-12-18 11:00:00,10648,-2.98,-6.01,1024,83,2.06,120,0,0,0,0
2022-12-18 11:15:00,10773,-2.6825,-5.6625,1023.75,83,2.06,120,0,0,0,0
2022-12-18 11:30:00,10823,-2.385,-5.315,1023.5,83,2.06,120,0,0,0,0
2022-12-18 11:45:00,10872,-2.0875,-4.9675,1023.25,83,2.06,120,0,0,0,0
2022-12-18 12:00:00,10791,-1.79,-4.62,1023,83,2.06,120,0,0,0,0
2022-12-18 12:15:00,10752,-1.595,-4.2075,1023,82.75,1.93,125,0,0,0,0
2022-12-18 12:30:00,10865,-1.4,-3.795,1023,82.5,1.8,130,0,0,0,0
2022-12-18 12:45:00,10836,-1.205,-3.3825,1023,82.25,1.67,135,0,0,0,0
2022-12-18 13:00:00,10730,-1.01,-2.97,1023,82,1.54,140,0,0,0,0
2022-12-18 13:15:00,10715,-0.895,-3.2875,1022.75,81.75,1.9275,147.5,0,0,0,0
2022-12-18 13:30:00,10665,-0.78,-3.605,1022.5,81.5,2.315,155,0,0,0,0
2022-12-18 13:45:00,10529,-0.665,-3.9225,1022.25,81.25,2.7025,162.5,0,0,0,0
2022-12-18 14:00:00,10449,-0.55,-4.24,1022,81,3.09,170,0,0,0,0
2022-12-18 14:15:00,10440,-0.5,-4.18,1021.75,80.75,3.09,170,0,0,0,0
2022-12-18 14:30:00,10286,-0.45,-4.12,1021.5,80.5,3.09,170,0,0,0,0
2022-12-18 14:45:00,10208,-0.4,-4.06,1021.25,80.25,3.09,170,0,0,0,0
2022-12-18 15:00:00,10289,-0.35,-4,1021,80,3.09,170,0,0,0,0
2022-12-18 15:15:00,10359,-0.3225,-3.9675,1021,80,3.09,172.5,0,0,0,0
2022-12-18 15:30:00,10299,-0.295,-3.935,1021,80,3.09,175,0,0,0,0
2022-12-18 15:45:00,10286,-0.2675,-3.9025,1021,80,3.09,177.5,0,0,0,0
2022-12-18 16:00:00,10349,-0.24,-3.87,1021,80,3.09,180,0,0,0,0
2022-12-18 16:15:00,10327,-0.255,-3.8875,1021,80,3.09,175,0,0,0,0
2022-12-18 16:30:00,10384,-0.27,-3.905,1021,80,3.09,170,0,0,0,0
2022-12-18 16:45:00,10615,-0.285,-3.9225,1021,80,3.09,165,0,0,0,0
2022-12-18 17:00:00,10699,-0.3,-3.94,1021,80,3.09,160,0,0,0,0
2022-12-18 17:15:00,10754,-0.205,-4.0225,1020.75,79,3.3475,162.5,0,0,0,0
2022-12-18 17:30:00,10841,-0.11,-4.105,1020.5,78,3.605,165,0,0,0,0
2022-12-18 17:45:00,10757,-0.015,-4.1875,1020.25,77,3.8625,167.5,0,0,0,0
2022-12-18 18:00:00,10799,0.08,-4.27,1020,76,4.12,170,0,0,0,0
2022-12-18 18:15:00,10806,0.125,-4.37,1020,77,4.375,170,0.08,0,25,0
2022-12-18 18:30:00,10730,0.17,-4.47,1020,78,4.63,170,0.16,0,50,0
2022-12-18 18:45:00,10768,0.215,-4.57,1020,79,4.885,170,0.24,0,75,0
2022-12-18 19:00:00,11007,0.26,-4.67,1020,80,5.14,170,0.32,0,100,0
2022-12-18 19:15:00,10938,0.29,-4.5575,1020,81.25,5.0125,170,0.2925,0,80,0
2022-12-18 19:30:00,10800,0.32,-4.445,1020,82.5,4.885,170,0.265,0,60,0
2022-12-18 19:45:00,10749,0.35,-4.3325,1020,83.75,4.7575,170,0.2375,0,40,0
2022-12-18 20:00:00,10743,0.38,-4.22,1020,85,4.63,170,0.21,0,20,0
2022-12-18 20:15:00,10607,0.4725,-4.18,1020,85.5,4.7575,170,0.2025,0,20,0
2022-12-18 20:30:00,10634,0.565,-4.14,1020,86,4.885,170,0.195,0,20,0
2022-12-18 20:45:00,10666,0.6575,-4.1,1020,86.5,5.0125,170,0.1875,0,20,0
2022-12-18 21:00:00,10582,0.75,-4.06,1020,87,5.14,170,0.18,0,20,0
2022-12-18 21:15:00,10498,0.845,-4.07,1020,87.5,5.3975,170,0.18,0,25,0
2022-12-18 21:30:00,10348,0.94,-4.08,1020,88,5.655,170,0.18,0,30,0
2022-12-18 21:45:00,10182,1.035,-4.09,1020,88.5,5.9125,170,0.18,0,35,0
2022-12-18 22:00:00,10215,1.13,-4.1,1020,89,6.17,170,0.18,0,40,0
2022-12-18 22:15:00,10291,1.3275,-3.9575,1019.5,89.25,6.4275,170,0.1875,0,48.75,0
2022-12-18 22:30:00,10214,1.525,-3.815,1019,89.5,6.685,170,0.195,0,57.5,0
2022-12-18 22:45:00,10125,1.7225,-3.6725,1018.5,89.75,6.9425,170,0.2025,0,66.25,0
2022-12-18 23:00:00,10114,1.92,-3.53,1018,90,7.2,170,0.21,0,75,0
2022-12-18 23:15:00,9953,2.08,-3.3225,1018,90.5,7.2,170,0.1575,0,75,0
2022-12-18 23:30:00,9919,2.24,-3.115,1018,91,7.2,170,0.105,0,75,0
2022-12-18 23:45:00,9810,2.4,-2.9075,1018,91.5,7.2,170,0.0525,0,75,0
2022-12-19 00:00:00,9584,2.56,-2.7,1018,92,7.2,170,0,0,75,0
2022-12-19 00:15:00,9466,2.78,-2.5075,1017.75,91.75,7.4575,170,0,0,75,0
2022-12-19 00:30:00,9389,3,-2.315,1017.5,91.5,7.715,170,0,0,75,0
2022-12-19 00:45:00,9365,3.22,-2.1225,1017.25,91.25,7.9725,170,0,0,75,0
2022-12-19 01:00:00,9315,3.44,-1.93,1017,91,8.23,170,0,0,75,0
2022-12-19 01:15:00,9127,3.68,-1.53,1016.75,91.5,7.9725,175,0,0,75,0
2022-12-19 01:30:00,9068,3.92,-1.13,1016.5,92,7.715,180,0,0,75,0
2022-12-19 01:45:00,8883,4.16,-0.73,1016.25,92.5,7.4575,185,0,0,75,0
2022-12-19 02:00:00,8887,4.4,-0.33,1016,93,7.2,190,0,0,75,0
2022-12-19 02:15:00,8809,4.6875,-0.0025,1016,93.25,7.33,190,0.0525,0,75,0
2022-12-19 02:30:00,8713,4.975,0.325,1016,93.5,7.46,190,0.105,0,75,0
2022-12-19 02:45:00,8594,5.2625,0.6525,1016,93.75,7.59,190,0.1575,0,75,0
2022-12-19 03:00:00,8606,5.55,0.98,1016,94,7.72,190,0.21,0,75,0
2022-12-19 03:15:00,8532,5.69,1.1225,1016,94,7.8475,192.5,0.19,0,75,0
2022-12-19 03:30:00,8464,5.83,1.265,1016,94,7.975,195,0.17,0,75,0
2022-12-19 03:45:00,8542,5.97,1.4075,1016,94,8.1025,197.5,0.15,0,75,0
2022-12-19 04:00:00,8569,6.11,1.55,1016,94,8.23,200,0.13,0,75,0
2022-12-19 04:15:00,8437,6.19,1.615,1015.75,93.75,8.36,197.5,0.13,0,75,0
2022-12-19 04:30:00,8509,6.27,1.68,1015.5,93.5,8.49,195,0.13,0,75,0
2022-12-19 04:45:00,8512,6.35,1.745,1015.25,93.25,8.62,192.5,0.13,0,75,0
2022-12-19 05:00:00,8770,6.43,1.81,1015,93,8.75,190,0.13,0,75,0
2022-12-19 05:15:00,8898,6.5875,2.09,1015.25,92.75,8.4925,192.5,0.165,0,75,0
2022-12-19 05:30:00,8991,6.745,2.37,1015.5,92.5,8.235,195,0.2,0,75,0
2022-12-19 05:45:00,9175,6.9025,2.65,1015.75,92.25,7.9775,197.5,0.235,0,75,0
2022-12-19 06:00:00,9579,7.06,2.93,1016,92,7.72,200,0.27,0,75,0
2022-12-19 06:15:00,9876,7.1075,2.955,1015.75,91.75,7.8475,200,0.2025,0,75,0
2022-12-19 06:30:00,10055,7.155,2.98,1015.5,91.5,7.975,200,0.135,0,75,0
2022-12-19 06:45:00,10231,7.2025,3.005,1015.25,91.25,8.1025,200,0.0675,0,75,0
2022-12-19 07:00:00,10633,7.25,3.03,1015,91,8.23,200,0,0,75,0
2022-12-19 07:15:00,10821,7.305,3.14,1015.25,90.5,8.1025,197.5,0,0,56.25,0
2022-12-19 07:30:00,10977,7.36,3.25,1015.5,90,7.975,195,0,0,37.5,0
2022-12-19 07:45:00,11120,7.415,3.36,1015.75,89.5,7.8475,192.5,0,0,18.75,0
2022-12-19 08:00:00,11218,7.47,3.47,1016,89,7.72,190,0,0,0,0
2022-12-19 08:15:00,11289,7.6175,3.625,1015.75,88.75,7.8475,190,0,0,18.75,0
2022-12-19 08:30:00,11364,7.765,3.78,1015.5,88.5,7.975,190,0,0,37.5,0
2022-12-19 08:45:00,11464,7.9125,3.935,1015.25,88.25,8.1025,190,0,0,56.25,0
2022-12-19 09:00:00,11438,8.06,4.09,1015,88,8.23,190,0,0,75,0
2022-12-19 09:15:00,11465,8.115,4.16,1015.25,88,8.23,192.5,0,0,75,0
2022-12-19 09:30:00,11421,8.17,4.23,1015.5,88,8.23,195,0,0,75,0
2022-12-19 09:45:00,11431,8.225,4.3,1015.75,88,8.23,197.5,0,0,75,0
2022-12-19 10:00:00,11449,8.28,4.37,1016,88,8.23,200,0,0,75,0
2022-12-19 10:15:00,11433,8.275,4.4,1016,88.25,8.1025,200,0.0675,0,75,0
2022-12-19 10:30:00,11328,8.27,4.43,1016,88.5,7.975,200,0.135,0,75,0
2022-12-19 10:45:00,11340,8.265,4.46,1016,88.75,7.8475,200,0.2025,0,75,0
2022-12-19 11:00:00,11291,8.26,4.49,1016,89,7.72,200,0.27,0,75,0
2022-12-19 11:15:00,11391,8.5475,4.8625,1016,87.75,7.72,197.5,0.2025,0,66.25,0
2022-12-19 11:30:00,11407,8.835,5.235,1016,86.5,7.72,195,0.135,0,57.5,0
2022-12-19 11:45:00,11437,9.1225,5.6075,1016,85.25,7.72,192.5,0.0675,0,48.75,0
2022-12-19 12:00:00,11185,9.41,5.98,1016,84,7.72,190,0,0,40,0
2022-12-19 12:15:00,11028,9.5925,6.8025,1016,82.75,7.59,192.5,0,0,48.75,0
2022-12-19 12:30:00,11063,9.775,7.625,1016,81.5,7.46,195,0,0,57.5,0
2022-12-19 12:45:00,11071,9.9575,8.4475,1016,80.25,7.33,197.5,0,0,66.25,0
2022-12-19 13:00:00,11143,10.14,9.27,1016,79,7.2,200,0,0,75,0
2022-12-19 13:15:00,11033,10.1875,9.31,1015.75,78.5,7.2,197.5,0,0,56.25,0
2022-12-19 13:30:00,11004,10.235,9.35,1015.5,78,7.2,195,0,0,37.5,0
2022-12-19 13:45:00,10948,10.2825,9.39,1015.25,77.5,7.2,192.5,0,0,18.75,0
2022-12-19 14:00:00,11106,10.33,9.43,1015,77,7.2,190,0,0,0,0
2022-12-19 14:15:00,11067,10.35,9.445,1014.75,76.75,7.0725,190,0,0,0,0
2022-12-19 14:30:00,10902,10.37,9.46,1014.5,76.5,6.945,190,0,0,0,0
2022-12-19 14:45:00,10863,10.39,9.475,1014.25,76.25,6.8175,190,0,0,0,0
2022-12-19 15:00:00,10865,10.41,9.49,1014,76,6.69,190,0,0,0,0
2022-12-19 15:15:00,10893,10.3325,9.4125,1014,76.25,6.69,190,0,0,0,0
2022-12-19 15:30:00,10792,10.255,9.335,1014,76.5,6.69,190,0,0,0,0
2022-12-19 15:45:00,10806,10.1775,9.2575,1014,76.75,6.69,190,0,0,0,0
2022-12-19 16:00:00,10841,10.1,9.18,1014,77,6.69,190,0,0,0,0
2022-12-19 16:15:00,10836,10.1075,9.1875,1014.25,77,6.3025,190,0,0,10,0
2022-12-19 16:30:00,10911,10.115,9.195,1014.5,77,5.915,190,0,0,20,0
2022-12-19 16:45:00,11133,10.1225,9.2025,1014.75,77,5.5275,190,0,0,30,0
2022-12-19 17:00:00,11305,10.13,9.21,1015,77,5.14,190,0,0,40,0
2022-12-19 17:15:00,11356,10.135,9.2275,1014.75,77.5,5.785,190,0,0,35,0
2022-12-19 17:30:00,11481,10.14,9.245,1014.5,78,6.43,190,0,0,30,0
2022-12-19 17:45:00,11542,10.145,9.2625,1014.25,78.5,7.075,190,0,0,25,0
2022-12-19 18:00:00,11497,10.15,9.28,1014,79,7.72,190,0,0,20,0
2022-12-19 18:15:00,11454,10.1825,9.3225,1014,79.25,7.59,190,0,0,20,0
2022-12-19 18:30:00,11353,10.215,9.365,1014,79.5,7.46,190,0,0,20,0
2022-12-19 18:45:00,11249,10.2475,9.4075,1014,79.75,7.33,190,0,0,20,0
2022-12-19 19:00:00,11155,10.28,9.45,1014,80,7.2,190,0,0,20,0
2022-12-19 19:15:00,11031,10.275,9.445,1014.25,80,7.0725,190,0,0,15,0
2022-12-19 19:30:00,10857,10.27,9.44,1014.5,80,6.945,190,0,0,10,0
2022-12-19 19:45:00,10701,10.265,9.435,1014.75,80,6.8175,190,0,0,5,0
2022-12-19 20:00:00,10558,10.26,9.43,1015,80,6.69,190,0,0,0,0
2022-12-19 20:15:00,10366,10.28,9.445,1014.75,79.75,6.56,190,0,0,0,0
2022-12-19 20:30:00,10288,10.3,9.46,1014.5,79.5,6.43,190,0,0,0,0
2022-12-19 20:45:00,10083,10.32,9.475,1014.25,79.25,6.3,190,0,0,0,0
2022-12-19 21:00:00,9802,10.34,9.49,1014,79,6.17,190,0,0,0,0
2022-12-19 21:15:00,9634,10.4325,9.585,1014.25,78.75,6.17,190,0,0,0,0
2022-12-19 21:30:00,9616,10.525,9.68,1014.5,78.5,6.17,190,0,0,0,0
2022-12-19 21:45:00,9553,10.6175,9.775,1014.75,78.25,6.17,190,0,0,0,0
2022-12-19 22:00:00,9679,10.71,9.87,1015,78,6.17,190,0,0,0,0
2022-12-19 22:15:00,9615,10.825,9.985,1014.75,77.5,6.17,192.5,0,0,0,0
2022-12-19 22:30:00,9571,10.94,10.1,1014.5,77,6.17,195,0,0,0,0
2022-12-19 22:45:00,9530,11.055,10.215,1014.25,76.5,6.17,197.5,0,0,0,0
2022-12-19 23:00:00,9538,11.17,10.33,1014,76,6.17,200,0,0,0,0
2022-12-19 23:15:00,9360,11.19,10.345,1014,75.75,6.0425,200,0,0,0,0
2022-12-19 23:30:00,9261,11.21,10.36,1014,75.5,5.915,200,0,0,0,0
2022-12-19 23:45:00,9242,11.23,10.375,1014,75.25,5.7875,200,0,0,0,0
2022-12-20 00:00:00,8979,11.25,10.39,1014,75,5.66,200,0,0,0,0
2022-12-20 00:15:00,8717,11.3025,10.4475,1014,75,5.66,197.5,0,0,5,0
2022-12-20 00:30:00,8500,11.355,10.505,1014,75,5.66,195,0,0,10,0
2022-12-20 00:45:00,8446,11.4075,10.5625,1014,75,5.66,192.5,0,0,15,0
2022-12-20 01:00:00,8448,11.46,10.62,1014,75,5.66,190,0,0,20,0
2022-12-20 01:15:00,8359,11.3825,10.56,1013.75,76,5.66,190,0,0,25,0
2022-12-20 01:30:00,8246,11.305,10.5,1013.5,77,5.66,190,0,0,30,0
2022-12-20 01:45:00,8165,11.2275,10.44,1013.25,78,5.66,190,0,0,35,0
2022-12-20 02:00:00,7932,11.15,10.38,1013,79,5.66,190,0,0,40,0
2022-12-20 02:15:00,7963,11.175,10.415,1013,79.25,5.9175,187.5,0,0,30,0
2022-12-20 02:30:00,7943,11.2,10.45,1013,79.5,6.175,185,0,0,20,0
2022-12-20 02:45:00,7879,11.225,10.485,1013,79.75,6.4325,182.5,0,0,10,0
2022-12-20 03:00:00,7701,11.25,10.52,1013,80,6.69,180,0,0,0,0
2022-12-20 03:15:00,7690,11.285,10.5575,1013,80,7.075,182.5,0,0,0,0
2022-12-20 03:30:00,7634,11.32,10.595,1013,80,7.46,185,0,0,0,0
2022-12-20 03:45:00,7637,11.355,10.6325,1013,80,7.845,187.5,0,0,0,0
2022-12-20 04:00:00,7724,11.39,10.67,1013,80,8.23,190,0,0,0,0
2022-12-20 04:15:00,7638,11.35,10.6275,1013,80,7.845,190,0,0,10,0
2022-12-20 04:30:00,7715,11.31,10.585,1013,80,7.46,190,0,0,20,0
2022-12-20 04:45:00,7796,11.27,10.5425,1013,80,7.075,190,0,0,30,0
2022-12-20 05:00:00,7975,11.23,10.5,1013,80,6.69,190,0,0,40,0
2022-12-20 05:15:00,7986,11.26,10.525,1012.75,79.75,6.69,190,0,0,30,0
2022-12-20 05:30:00,8197,11.29,10.55,1012.5,79.5,6.69,190,0,0,20,0
2022-12-20 05:45:00,8517,11.32,10.575,1012.25,79.25,6.69,190,0,0,10,0
2022-12-20 06:00:00,8910,11.35,10.6,1012,79,6.69,190,0,0,0,0
2022-12-20 06:15:00,9120,11.3475,10.5925,1011.75,78.75,6.56,190,0,0,0,0
2022-12-20 06:30:00,9347,11.345,10.585,1011.5,78.5,6.43,190,0,0,0,0
2022-12-20 06:45:00,9570,11.3425,10.5775,1011.25,78.25,6.3,190,0,0,0,0
2022-12-20 07:00:00,9900,11.34,10.57,1011,78,6.17,190,0,0,0,0
2022-12-20 07:15:00,10074,11.3275,10.55,1011,77.75,6.0425,190,0,0,0,0
2022-12-20 07:30:00,10161,11.315,10.53,1011,77.5,5.915,190,0,0,0,0
2022-12-20 07:45:00,10287,11.3025,10.51,1011,77.25,5.7875,190,0,0,0,0
2022-12-20 08:00:00,10553,11.29,10.49,1011,77,5.66,190,0,0,0,0
2022-12-20 08:15:00,10679,11.15,10.3875,1011.25,79,5.7875,192.5,0.09,0,5,0
2022-12-20 08:30:00,10741,11.01,10.285,1011.5,81,5.915,195,0.18,0,10,0
2022-12-20 08:45:00,10789,10.87,10.1825,1011.75,83,6.0425,197.5,0.27,0,15,0
2022-12-20 09:00:00,10843,10.73,10.08,1012,85,6.17,200,0.36,0,20,0
2022-12-20 09:15:00,10795,10.655,10.0175,1011.75,85.75,6.3,197.5,0.27,0,20,0
2022-12-20 09:30:00,10822,10.58,9.955,1011.5,86.5,6.43,195,0.18,0,20,0
2022-12-20 09:45:00,10889,10.505,9.8925,1011.25,87.25,6.56,192.5,0.09,0,20,0
2022-12-20 10:00:00,10871,10.43,9.83,1011,88,6.69,190,0,0,20,0
2022-12-20 10:15:00,10811,10.5075,9.915,1011,88,6.56,192.5,0.06,0,33.75,0
2022-12-20 10:30:00,10909,10.585,10,1011,88,6.43,195,0.12,0,47.5,0
2022-12-20 10:45:00,10895,10.6625,10.085,1011,88,6.3,197.5,0.18,0,61.25,0
2022-12-20 11:00:00,10935,10.74,10.17,1011,88,6.17,200,0.24,0,75,0
2022-12-20 11:15:00,11007,10.745,10.195,1011,88.75,6.3,200,0.225,0,81.25,0
2022-12-20 11:30:00,11022,10.75,10.22,1011,89.5,6.43,200,0.21,0,87.5,0
2022-12-20 11:45:00,11038,10.755,10.245,1011,90.25,6.56,200,0.195,0,93.75,0
2022-12-20 12:00:00,10935,10.76,10.27,1011,91,6.69,200,0.18,0,100,0
2022-12-20 12:15:00,10740,10.665,10.1725,1011,91.25,6.4325,200,0.24,0,93.75,0
2022-12-20 12:30:00,10740,10.57,10.075,1011,91.5,6.175,200,0.3,0,87.5,0
2022-12-20 12:45:00,10832,10.475,9.9775,1011,91.75,5.9175,200,0.36,0,81.25,0
2022-12-20 13:00:00,10834,10.38,9.88,1011,92,5.66,200,0.42,0,75,0
2022-12-20 13:15:00,10882,10.3425,9.845,1010.75,92.25,5.66,200,0.405,0,75,0
2022-12-20 13:30:00,11032,10.305,9.81,1010.5,92.5,5.66,200,0.39,0,75,0
2022-12-20 13:45:00,10943,10.2675,9.775,1010.25,92.75,5.66,200,0.375,0,75,0
2022-12-20 14:00:00,11041,10.23,9.74,1010,93,5.66,200,0.36,0,75,0
2022-12-20 14:15:00,10932,10.1775,9.6825,1010,93,5.4025,200,0.35,0,75,0
2022-12-20 14:30:00,10847,10.125,9.625,1010,93,5.145,200,0.34,0,75,0
2022-12-20 14:45:00,10922,10.0725,9.5675,1010,93,4.8875,200,0.33,0,75,0
2022-12-20 15:00:00,10914,10.02,9.51,1010,93,4.63,200,0.32,0,75,0
2022-12-20 15:15:00,10832,10.0225,9.5125,1010,93,4.63,200,0.3,0,75,0
2022-12-20 15:30:00,10905,10.025,9.515,1010,93,4.63,200,0.28,0,75,0
2022-12-20 15:45:00,10905,10.0275,9.5175,1010,93,4.63,200,0.26,0,75,0
2022-12-20 16:00:00,10836,10.03,9.52,1010,93,4.63,200,0.24,0,75,0
2022-12-20 16:15:00,11004,10.0225,9.0725,1010,93.25,4.63,202.5,0.2475,0,81.25,0
2022-12-20 16:30:00,11066,10.015,8.625,1010,93.5,4.63,205,0.255,0,87.5,0
2022-12-20 16:45:00,11275,10.0075,8.1775,1010,93.75,4.63,207.5,0.2625,0,93.75,0
2022-12-20 17:00:00,11254,10,7.73,1010,94,4.63,210,0.27,0,100,0
2022-12-20 17:15:00,11241,9.9575,7.7325,1010,94,4.5025,207.5,0.255,0,93.75,0
2022-12-20 17:30:00,11399,9.915,7.735,1010,94,4.375,205,0.24,0,87.5,0
2022-12-20 17:45:00,11479,9.8725,7.7375,1010,94,4.2475,202.5,0.225,0,81.25,0
2022-12-20 18:00:00,11421,9.83,7.74,1010,94,4.12,200,0.21,0,75,0
2022-12-20 18:15:00,11355,9.845,7.82,1010,94,3.99,202.5,0.2625,0,75,0
2022-12-20 18:30:00,11191,9.86,7.9,1010,94,3.86,205,0.315,0,75,0
2022-12-20 18:45:00,11151,9.875,7.98,1010,94,3.73,207.5,0.3675,0,75,0
2022-12-20 19:00:00,11048,9.89,8.06,1010,94,3.6,210,0.42,0,75,0
2022-12-20 19:15:00,10949,9.8475,8.0075,1010,94,3.6,210,0.3825,0,75,0
2022-12-20 19:30:00,10780,9.805,7.955,1010,94,3.6,210,0.345,0,75,0
2022-12-20 19:45:00,10697,9.7625,7.9025,1010,94,3.6,210,0.3075,0,75,0
2022-12-20 20:00:00,10476,9.72,7.85,1010,94,3.6,210,0.27,0,75,0
2022-12-20 20:15:00,10307,9.7275,7.86,1010,94,3.6,212.5,0.325,0,75,0
2022-12-20 20:30:00,10158,9.735,7.87,1010,94,3.6,215,0.38,0,75,0
2022-12-20 20:45:00,10039,9.7425,7.88,1010,94,3.6,217.5,0.435,0,75,0
2022-12-20 21:00:00,9961,9.75,7.89,1010,94,3.6,220,0.49,0,75,0
2022-12-20 21:15:00,9777,9.74,7.945,1010,94,3.4725,220,0.405,0,75,0
2022-12-20 21:30:00,9631,9.73,8,1010,94,3.345,220,0.32,0,75,0
2022-12-20 21:45:00,9562,9.72,8.055,1010,94,3.2175,220,0.235,0,75,0
2022-12-20 22:00:00,9677,9.71,8.11,1010,94,3.09,220,0.15,0,75,0
2022-12-20 22:15:00,9716,9.7275,8.1325,1010.25,94,3.09,227.5,0.1125,0,75,0
2022-12-20 22:30:00,9699,9.745,8.155,1010.5,94,3.09,235,0.075,0,75,0
2022-12-20 22:45:00,9616,9.7625,8.1775,1010.75,94,3.09,242.5,0.0375,0,75,0
2022-12-20 23:00:00,9642,9.78,8.2,1011,94,3.09,250,0,0,75,0
2022-12-20 23:15:00,9493,9.7025,8.0375,1011,94.25,3.2175,252.5,0,0,81.25,0
2022-12-20 23:30:00,9278,9.625,7.875,1011,94.5,3.345,255,0,0,87.5,0
2022-12-20 23:45:00,9136,9.5475,7.7125,1011,94.75,3.4725,257.5,0,0,93.75,0
2022-12-21 00:00:00,8962,9.47,7.55,1011,95,3.6,260,0,0,100,0
2022-12-21 00:15:00,8801,9.3375,7.64,1011,95,3.215,265,0,0,100,0
2022-12-21 00:30:00,8655,9.205,7.73,1011,95,2.83,270,0,0,100,0
2022-12-21 00:45:00,8522,9.0725,7.82,1011,95,2.445,275,0,0,100,0
2022-12-21 01:00:00,8538,8.94,7.91,1011,95,2.06,280,0,0,100,0
2022-12-21 01:15:00,8347,8.8675,8.095,1011,95,1.8025,267.5,0,0,93.75,0
2022-12-21 01:30:00,8227,8.795,8.28,1011,95,1.545,255,0,0,87.5,0
2022-12-21 01:45:00,8163,8.7225,8.465,1011,95,1.2875,242.5,0,0,81.25,0
2022-12-21 02:00:00,8101,8.65,8.65,1011,95,1.03,230,0,0,75,0
2022-12-21 02:15:00,7937,8.52,8.2275,1011,95.5,1.2875,227.5,0,0,75,0
2022-12-21 02:30:00,7910,8.39,7.805,1011,96,1.545,225,0,0,75,0
2022-12-21 02:45:00,7861,8.26,7.3825,1011,96.5,1.8025,222.5,0,0,75,0
2022-12-21 03:00:00,7869,8.13,6.96,1011,97,2.06,220,0,0,75,0
2022-12-21 03:15:00,7854,8.1,7.0525,1011,96.5,1.93,222.5,0,0,75,0
2022-12-21 03:30:00,7856,8.07,7.145,1011,96,1.8,225,0,0,75,0
2022-12-21 03:45:00,7907,8.04,7.2375,1011,95.5,1.67,227.5,0,0,75,0
2022-12-21 04:00:00,7940,8.01,7.33,1011,95,1.54,230,0,0,75,0
2022-12-21 04:15:00,7962,7.935,7.245,1011,95,1.54,227.5,0,0,75,0
2022-12-21 04:30:00,7974,7.86,7.16,1011,95,1.54,225,0,0,75,0
2022-12-21 04:45:00,8035,7.785,7.075,1011,95,1.54,222.5,0,0,75,0
2022-12-21 05:00:00,8211,7.71,6.99,1011,95,1.54,220,0,0,75,0
2022-12-21 05:15:00,8276,7.6925,6.84,1010.75,95,1.67,215,0,0,75,0
2022-12-21 05:30:00,8364,7.675,6.69,1010.5,95,1.8,210,0,0,75,0
2022-12-21 05:45:00,8610,7.6575,6.54,1010.25,95,1.93,205,0,0,75,0
2022-12-21 06:00:00,8800,7.64,6.39,1010,95,2.06,200,0,0,75,0
2022-12-21 06:15:00,9109,7.5375,6.075,1010,95.25,2.3175,202.5,0,0,75,0
2022-12-21 06:30:00,9359,7.435,5.76,1010,95.5,2.575,205,0,0,75,0
2022-12-21 06:45:00,9523,7.3325,5.445,1010,95.75,2.8325,207.5,0,0,75,0
2022-12-21 07:00:00,9768,7.23,5.13,1010,96,3.09,210,0,0,75,0
2022-12-21 07:15:00,9941,7.21,5.195,1010.25,95.75,2.96,212.5,0,0,75,0
2022-12-21 07:30:00,10221,7.19,5.26,1010.5,95.5,2.83,215,0,0,75,0
2022-12-21 07:45:00,10327,7.17,5.325,1010.75,95.25,2.7,217.5,0,0,75,0
2022-12-21 08:00:00,10553,7.15,5.39,1011,95,2.57,220,0,0,75,0
2022-12-21 08:15:00,10664,7.2175,5.305,1011,95,2.8275,222.5,0,0,75,0
2022-12-21 08:30:00,10685,7.285,5.22,1011,95,3.085,225,0,0,75,0
2022-12-21 08:45:00,10787,7.3525,5.135,1011,95,3.3425,227.5,0,0,75,0
2022-12-21 09:00:00,10878,7.42,5.05,1011,95,3.6,230,0,0,75,0
2022-12-21 09:15:00,10808,7.5225,5.1075,1011,95,3.73,227.5,0,0,75,0
2022-12-21 09:30:00,10803,7.625,5.165,1011,95,3.86,225,0,0,75,0
2022-12-21 09:45:00,10842,7.7275,5.2225,1011,95,3.99,222.5,0,0,75,0
2022-12-21 10:00:00,10886,7.83,5.28,1011,95,4.12,220,0,0,75,0
2022-12-21 10:15:00,10852,7.865,5.3225,1011.25,94.75,4.12,217.5,0,0,75,0
2022-12-21 10:30:00,10766,7.9,5.365,1011.5,94.5,4.12,215,0,0,75,0
2022-12-21 10:45:00,10810,7.935,5.4075,1011.75,94.25,4.12,212.5,0,0,75,0
2022-12-21 11:00:00,10837,7.97,5.45,1012,94,4.12,210,0,0,75,0
2022-12-21 11:15:00,10830,8.0225,5.3525,1011.75,93.75,4.505,212.5,0,0,75,0
2022-12-21 11:30:00,10876,8.075,5.255,1011.5,93.5,4.89,215,0,0,75,0
2022-12-21 11:45:00,10877,8.1275,5.1575,1011.25,93.25,5.275,217.5,0,0,75,0
2022-12-21 12:00:00,10630,8.18,5.06,1011,93,5.66,220,0,0,75,0
2022-12-21 12:15:00,10475,8.25,5.1975,1011,92,5.53,220,0,0,75,0
2022-12-21 12:30:00,10593,8.32,5.335,1011,91,5.4,220,0,0,75,0
2022-12-21 12:45:00,10785,8.39,5.4725,1011,90,5.27,220,0,0,75,0
2022-12-21 13:00:00,10699,8.46,5.61,1011,89,5.14,220,0,0,75,0
2022-12-21 13:15:00,10703,8.555,5.78,1010.75,89,5.0125,215,0,0,61.25,0
2022-12-21 13:30:00,10721,8.65,5.95,1010.5,89,4.885,210,0,0,47.5,0
2022-12-21 13:45:00,10641,8.745,6.12,1010.25,89,4.7575,205,0,0,33.75,0
2022-12-21 14:00:00,10606,8.84,6.29,1010,89,4.63,200,0,0,20,0
2022-12-21 14:15:00,10565,8.865,6.27,1010,89,4.7575,202.5,0,0,20,0
2022-12-21 14:30:00,10555,8.89,6.25,1010,89,4.885,205,0,0,20,0
2022-12-21 14:45:00,10454,8.915,6.23,1010,89,5.0125,207.5,0,0,20,0
2022-12-21 15:00:00,10542,8.94,6.21,1010,89,5.14,210,0,0,20,0
2022-12-21 15:15:00,10526,8.945,6.2675,1009.75,89,5.0125,207.5,0,0,25,0
2022-12-21 15:30:00,10606,8.95,6.325,1009.5,89,4.885,205,0,0,30,0
2022-12-21 15:45:00,10639,8.955,6.3825,1009.25,89,4.7575,202.5,0,0,35,0
2022-12-21 16:00:00,10684,8.96,6.44,1009,89,4.63,200,0,0,40,0
2022-12-21 16:15:00,10710,8.9525,6.43,1009,89.25,4.63,200,0.0675,0,40,0
2022-12-21 16:30:00,10843,8.945,6.42,1009,89.5,4.63,200,0.135,0,40,0
2022-12-21 16:45:00,11059,8.9375,6.41,1009,89.75,4.63,200,0.2025,0,40,0
2022-12-21 17:00:00,11179,8.93,6.4,1009,90,4.63,200,0.27,0,40,0
2022-12-21 17:15:00,11239,8.93,6.4,1008.75,90.75,4.63,197.5,0.2825,0,48.75,0
2022-12-21 17:30:00,11371,8.93,6.4,1008.5,91.5,4.63,195,0.295,0,57.5,0
2022-12-21 17:45:00,11392,8.93,6.4,1008.25,92.25,4.63,192.5,0.3075,0,66.25,0
2022-12-21 18:00:00,11308,8.93,6.4,1008,93,4.63,190,0.32,0,75,0
2022-12-21 18:15:00,11134,8.945,6.42,1008,93,4.63,192.5,0.24,0,75,0
2022-12-21 18:30:00,10987,8.96,6.44,1008,93,4.63,195,0.16,0,75,0
2022-12-21 18:45:00,10940,8.975,6.46,1008,93,4.63,197.5,0.08,0,75,0
2022-12-21 19:00:00,10778,8.99,6.48,1008,93,4.63,200,0,0,75,0
2022-12-21 19:15:00,10664,9.0025,6.495,1007.75,93.25,4.63,200,0,0,75,0
2022-12-21 19:30:00,10591,9.015,6.51,1007.5,93.5,4.63,200,0,0,75,0
2022-12-21 19:45:00,10376,9.0275,6.525,1007.25,93.75,4.63,200,0,0,75,0
2022-12-21 20:00:00,10233,9.04,6.54,1007,94,4.63,200,0,0,75,0
2022-12-21 20:15:00,10012,9.175,6.7075,1007,93.75,4.63,202.5,0,0,75,0
2022-12-21 20:30:00,9810,9.31,6.875,1007,93.5,4.63,205,0,0,75,0
2022-12-21 20:45:00,9794,9.445,7.0425,1007,93.25,4.63,207.5,0,0,75,0
2022-12-21 21:00:00,9695,9.58,7.21,1007,93,4.63,210,0,0,75,0
2022-12-21 21:15:00,9598,9.6,7.3525,1006.75,93.25,4.3725,207.5,0,0,75,0
2022-12-21 21:30:00,9520,9.62,7.495,1006.5,93.5,4.115,205,0,0,75,0
2022-12-21 21:45:00,9312,9.64,7.6375,1006.25,93.75,3.8575,202.5,0,0,75,0
2022-12-21 22:00:00,9421,9.66,7.78,1006,94,3.6,200,0,0,75,0
2022-12-21 22:15:00,9355,9.6125,7.9675,1005.75,94.5,3.215,195,0,0,75,0
2022-12-21 22:30:00,9333,9.565,8.155,1005.5,95,2.83,190,0,0,75,0
2022-12-21 22:45:00,9256,9.5175,8.3425,1005.25,95.5,2.445,185,0,0,75,0
2022-12-21 23:00:00,9416,9.47,8.53,1005,96,2.06,180,0,0,75,0
2022-12-21 23:15:00,9220,9.525,8.71,1005,96,1.93,177.5,0,0,75,0
2022-12-21 23:30:00,9114,9.58,8.89,1005,96,1.8,175,0,0,75,0
2022-12-21 23:45:00,8954,9.635,9.07,1005,96,1.67,172.5,0,0,75,0
2022-12-22 00:00:00,8866,9.69,9.25,1005,96,1.54,170,0,0,75,0
2022-12-22 00:15:00,8851,9.755,9.1175,1004.75,95.75,1.7975,170,0,0,75,0
2022-12-22 00:30:00,8727,9.82,8.985,1004.5,95.5,2.055,170,0,0,75,0
2022-12-22 00:45:00,8582,9.885,8.8525,1004.25,95.25,2.3125,170,0,0,75,0
2022-12-22 01:00:00,8425,9.95,8.72,1004,95,2.57,170,0,0,75,0
2022-12-22 01:15:00,8216,9.935,8.7025,1003.75,95,2.57,175,0,0,75,0
2022-12-22 01:30:00,8206,9.92,8.685,1003.5,95,2.57,180,0,0,75,0
2022-12-22 01:45:00,8100,9.905,8.6675,1003.25,95,2.57,185,0,0,75,0
2022-12-22 02:00:00,8065,9.89,8.65,1003,95,2.57,190,0,0,75,0
2022-12-22 02:15:00,8078,9.7675,8.7175,1002.75,95.25,2.3125,185,0.08,0,81.25,0
2022-12-22 02:30:00,7891,9.645,8.785,1002.5,95.5,2.055,180,0.16,0,87.5,0
2022-12-22 02:45:00,7966,9.5225,8.8525,1002.25,95.75,1.7975,175,0.24,0,93.75,0
2022-12-22 03:00:00,7923,9.4,8.92,1002,96,1.54,170,0.32,0,100,0
2022-12-22 03:15:00,7872,9.4,9.04,1002,96,1.155,127.5,0.49,0,93.75,0
2022-12-22 03:30:00,7987,9.4,9.16,1002,96,0.77,85,0.66,0,87.5,0
2022-12-22 03:45:00,7887,9.4,9.28,1002,96,0.385,42.5,0.83,0,81.25,0
2022-12-22 04:00:00,7818,9.4,9.4,1002,96,0,0,1,0,75,0
2022-12-22 04:15:00,7979,9.46,9.46,1001.75,95.75,0.2575,0,0.855,0,75,0
2022-12-22 04:30:00,8071,9.52,9.52,1001.5,95.5,0.515,0,0.71,0,75,0
2022-12-22 04:45:00,8003,9.58,9.58,1001.25,95.25,0.7725,0,0.565,0,75,0
2022-12-22 05:00:00,8163,9.64,9.64,1001,95,1.03,0,0.42,0,75,0
2022-12-22 05:15:00,8227,9.67,9.205,1001.25,95.5,1.6725,70,0.315,0,75,0
2022-12-22 05:30:00,8399,9.7,8.77,1001.5,96,2.315,140,0.21,0,75,0
2022-12-22 05:45:00,8532,9.73,8.335,1001.75,96.5,2.9575,210,0.105,0,75,0
2022-12-22 06:00:00,8823,9.76,7.9,1002,97,3.6,280,0,0,75,0
2022-12-22 06:15:00,9078,9.7375,7.8725,1002.25,96.5,3.6,285,0,0,75,0
2022-12-22 06:30:00,9180,9.715,7.845,1002.5,96,3.6,290,0,0,75,0
2022-12-22 06:45:00,9359,9.6925,7.8175,1002.75,95.5,3.6,295,0,0,75,0
2022-12-22 07:00:00,9680,9.67,7.79,1003,95,3.6,300,0,0,75,0
2022-12-22 07:15:00,9836,9.5875,7.76,1003.25,95.5,3.4725,305,0,0,75,0
2022-12-22 07:30:00,10003,9.505,7.73,1003.5,96,3.345,310,0,0,75,0
2022-12-22 07:45:00,10152,9.4225,7.7,1003.75,96.5,3.2175,315,0,0,75,0
2022-12-22 08:00:00,10351,9.34,7.67,1004,97,3.09,320,0,0,75,0
2022-12-22 08:15:00,10492,9.26,7.5725,1004.25,96.75,3.09,312.5,0,0,75,0
2022-12-22 08:30:00,10511,9.18,7.475,1004.5,96.5,3.09,305,0,0,75,0
2022-12-22 08:45:00,10473,9.1,7.3775,1004.75,96.25,3.09,297.5,0,0,75,0
2022-12-22 09:00:00,10602,9.02,7.28,1005,96,3.09,290,0,0,75,0
2022-12-22 09:15:00,10537,8.945,7.19,1005.5,95.75,3.09,285,0,0,75,0
2022-12-22 09:30:00,10659,8.87,7.1,1006,95.5,3.09,280,0,0,75,0
2022-12-22 09:45:00,10669,8.795,7.01,1006.5,95.25,3.09,275,0,0,75,0
2022-12-22 10:00:00,10599,8.72,6.92,1007,95,3.09,270,0,0,75,0
2022-12-22 10:15:00,10652,8.7675,6.8425,1007,94.75,3.3475,267.5,0,0,75,0
2022-12-22 10:30:00,10687,8.815,6.765,1007,94.5,3.605,265,0,0,75,0
2022-12-22 10:45:00,10635,8.8625,6.6875,1007,94.25,3.8625,262.5,0,0,75,0
2022-12-22 11:00:00,10646,8.91,6.61,1007,94,4.12,260,0,0,75,0
2022-12-22 11:15:00,10515,8.8925,6.4775,1007.25,93.5,4.375,255,0,0,75,0
2022-12-22 11:30:00,10577,8.875,6.345,1007.5,93,4.63,250,0,0,75,0
2022-12-22 11:45:00,10811,8.8575,6.2125,1007.75,92.5,4.885,245,0,0,75,0
2022-12-22 12:00:00,10466,8.84,6.08,1008,92,5.14,240,0,0,75,0
2022-12-22 12:15:00,10333,8.9275,6.2425,1007.75,91.75,5.0125,237.5,0,0,75,0
2022-12-22 12:30:00,10452,9.015,6.405,1007.5,91.5,4.885,235,0,0,75,0
2022-12-22 12:45:00,10325,9.1025,6.5675,1007.25,91.25,4.7575,232.5,0,0,75,0
2022-12-22 13:00:00,10490,9.19,6.73,1007,91,4.63,230,0,0,75,0
2022-12-22 13:15:00,10385,9.2325,6.7825,1007,90.75,4.63,225,0,0,75,0
2022-12-22 13:30:00,10374,9.275,6.835,1007,90.5,4.63,220,0,0,75,0
2022-12-22 13:45:00,10477,9.3175,6.8875,1007,90.25,4.63,215,0,0,75,0
2022-12-22 14:00:00,10459,9.36,6.94,1007,90,4.63,210,0,0,75,0
2022-12-22 14:15:00,10484,9.3375,6.9125,1006.75,90.75,4.63,205,0,0,75,0
2022-12-22 14:30:00,10439,9.315,6.885,1006.5,91.5,4.63,200,0,0,75,0
2022-12-22 14:45:00,10433,9.2925,6.8575,1006.25,92.25,4.63,195,0,0,75,0
2022-12-22 15:00:00,10320,9.27,6.83,1006,93,4.63,190,0,0,75,0
2022-12-22 15:15:00,10235,9.4725,7.515,1005.75,93,4.3725,192.5,0,0,75,0
2022-12-22 15:30:00,10231,9.675,8.2,1005.5,93,4.115,195,0,0,75,0
2022-12-22 15:45:00,10168,9.8775,8.885,1005.25,93,3.8575,197.5,0,0,75,0
2022-12-22 16:00:00,10237,10.08,9.57,1005,93,3.6,200,0,0,75,0
2022-12-22 16:15:00,10284,10.215,9.7125,1005,92.75,3.8575,200,0,0,75,0
2022-12-22 16:30:00,10385,10.35,9.855,1005,92.5,4.115,200,0,0,75,0
2022-12-22 16:45:00,10494,10.485,9.9975,1005,92.25,4.3725,200,0,0,75,0
2022-12-22 17:00:00,10580,10.62,10.14,1005,92,4.63,200,0,0,75,0
2022-12-22 17:15:00,10509,10.6525,10.175,1004.75,92,4.7575,202.5,0,0,75,0
2022-12-22 17:30:00,10518,10.685,10.21,1004.5,92,4.885,205,0,0,75,0
2022-12-22 17:45:00,10673,10.7175,10.245,1004.25,92,5.0125,207.5,0,0,75,0
2022-12-22 18:00:00,10685,10.75,10.28,1004,92,5.14,210,0,0,75,0
2022-12-22 18:15:00,10571,10.75,10.28,1004,92,5.3975,212.5,0.0525,0,75,0
2022-12-22 18:30:00,10604,10.75,10.28,1004,92,5.655,215,0.105,0,75,0
2022-12-22 18:45:00,10612,10.75,10.28,1004,92,5.9125,217.5,0.1575,0,75,0
2022-12-22 19:00:00,10413,10.75,10.28,1004,92,6.17,220,0.21,0,75,0
2022-12-22 19:15:00,10385,10.735,10.265,1004,92,6.0425,222.5,0.195,0,75,0
2022-12-22 19:30:00,10330,10.72,10.25,1004,92,5.915,225,0.18,0,75,0
2022-12-22 19:45:00,10113,10.705,10.235,1004,92,5.7875,227.5,0.165,0,75,0
2022-12-22 20:00:00,9790,10.69,10.22,1004,92,5.66,230,0.15,0,75,0
2022-12-22 20:15:00,9560,10.5475,10.075,1004,92.5,5.145,230,0.1125,0,75,0
2022-12-22 20:30:00,9555,10.405,9.93,1004,93,4.63,230,0.075,0,75,0
2022-12-22 20:45:00,9355,10.2625,9.785,1004,93.5,4.115,230,0.0375,0,75,0
2022-12-22 21:00:00,9269,10.12,9.64,1004,94,3.6,230,0,0,75,0
2022-12-22 21:15:00,8947,10.1325,9.655,1004,94,3.4725,230,0,0,75,0
2022-12-22 21:30:00,8924,10.145,9.67,1004,94,3.345,230,0,0,75,0
2022-12-22 21:45:00,8895,10.1575,9.685,1004,94,3.2175,230,0,0,75,0
2022-12-22 22:00:00,8941,10.17,9.7,1004,94,3.09,230,0,0,75,0
2022-12-22 22:15:00,8975,10.1925,9.725,1004,94,3.475,227.5,0,0,75,0
2022-12-22 22:30:00,9054,10.215,9.75,1004,94,3.86,225,0,0,75,0
2022-12-22 22:45:00,9028,10.2375,9.775,1004,94,4.245,222.5,0,0,75,0
2022-12-22 23:00:00,9041,10.26,9.8,1004,94,4.63,220,0,0,75,0
2022-12-22 23:15:00,8863,10.3,9.8425,1004,94,4.7575,225,0,0,75,0
2022-12-22 23:30:00,8739,10.34,9.885,1004,94,4.885,230,0,0,75,0
2022-12-22 23:45:00,8568,10.38,9.9275,1004,94,5.0125,235,0,0,75,0
2022-12-23 00:00:00,8481,10.42,9.97,1004,94,5.14,240,0,0,75,0
2022-12-23 00:15:00,8433,10.45,9.99,1004.25,93.5,5.27,245,0,0,75,0
2022-12-23 00:30:00,8229,10.48,10.01,1004.5,93,5.4,250,0,0,75,0
2022-12-23 00:45:00,7982,10.51,10.03,1004.75,92.5,5.53,255,0,0,75,0
2022-12-23 01:00:00,7906,10.54,10.05,1005,92,5.66,260,0,0,75,0
2022-12-23 01:15:00,7666,10.5375,10.035,1005,91.5,5.66,257.5,0,0,75,0
2022-12-23 01:30:00,7761,10.535,10.02,1005,91,5.66,255,0,0,75,0
2022-12-23 01:45:00,7655,10.5325,10.005,1005,90.5,5.66,252.5,0,0,75,0
2022-12-23 02:00:00,7410,10.53,9.99,1005,90,5.66,250,0,0,75,0
2022-12-23 02:15:00,7375,10.4375,9.9,1005.25,90.5,5.66,250,0,0,75,0
2022-12-23 02:30:00,7339,10.345,9.81,1005.5,91,5.66,250,0,0,75,0
2022-12-23 02:45:00,7370,10.2525,9.72,1005.75,91.5,5.66,250,0,0,75,0
2022-12-23 03:00:00,7283,10.16,9.63,1006,92,5.66,250,0,0,75,0
2022-12-23 03:15:00,7266,10.1175,9.0575,1006,91.75,5.66,250,0,0,75,0
2022-12-23 03:30:00,7282,10.075,8.485,1006,91.5,5.66,250,0,0,75,0
2022-12-23 03:45:00,7359,10.0325,7.9125,1006,91.25,5.66,250,0,0,75,0
2022-12-23 04:00:00,7497,9.99,7.34,1006,91,5.66,250,0,0,75,0
2022-12-23 04:15:00,7403,9.9825,7.48,1006,91.25,5.275,250,0,0,75,0
2022-12-23 04:30:00,7419,9.975,7.62,1006,91.5,4.89,250,0,0,75,0
2022-12-23 04:45:00,7431,9.9675,7.76,1006,91.75,4.505,250,0,0,75,0
2022-12-23 05:00:00,7772,9.96,7.9,1006,92,4.12,250,0,0,75,0
2022-12-23 05:15:00,7725,9.94,7.82,1006,92.25,4.2475,245,0,0,75,0
2022-12-23 05:30:00,7875,9.92,7.74,1006,92.5,4.375,240,0,0,75,0
2022-12-23 05:45:00,8087,9.9,7.66,1006,92.75,4.5025,235,0,0,75,0
2022-12-23 06:00:00,8256,9.88,7.58,1006,93,4.63,230,0,0,75,0
2022-12-23 06:15:00,8429,9.8375,7.5825,1006,92.75,4.5025,232.5,0,0,75,0
2022-12-23 06:30:00,8632,9.795,7.585,1006,92.5,4.375,235,0,0,75,0
2022-12-23 06:45:00,8804,9.7525,7.5875,1006,92.25,4.2475,237.5,0,0,75,0
2022-12-23 07:00:00,9091,9.71,7.59,1006,92,4.12,240,0,0,75,0
2022-12-23 07:15:00,9328,9.6675,7.67,1006,92,3.8625,235,0,0,75,0
2022-12-23 07:30:00,9409,9.625,7.75,1006,92,3.605,230,0,0,75,0
2022-12-23 07:45:00,9603,9.5825,7.83,1006,92,3.3475,225,0,0,75,0
2022-12-23 08:00:00,9817,9.54,7.91,1006,92,3.09,220,0,0,75,0
2022-12-23 08:15:00,9944,9.4825,7.9225,1006,92.5,2.96,215,0.0525,0,75,0
2022-12-23 08:30:00,10021,9.425,7.935,1006,93,2.83,210,0.105,0,75,0
2022-12-23 08:45:00,10039,9.3675,7.9475,1006,93.5,2.7,205,0.1575,0,75,0
2022-12-23 09:00:00,10015,9.31,7.96,1006,94,2.57,200,0.21,0,75,0
2022-12-23 09:15:00,10100,9.3125,7.9625,1005.75,94,2.57,195,0.2375,0,75,0
2022-12-23 09:30:00,10010,9.315,7.965,1005.5,94,2.57,190,0.265,0,75,0
2022-12-23 09:45:00,10110,9.3175,7.9675,1005.25,94,2.57,185,0.2925,0,75,0
2022-12-23 10:00:00,10150,9.32,7.97,1005,94,2.57,180,0.32,0,75,0
2022-12-23 10:15:00,10124,9.3275,8.075,1004.75,94,2.4425,175,0.455,0,75,0
2022-12-23 10:30:00,10164,9.335,8.18,1004.5,94,2.315,170,0.59,0,75,0
2022-12-23 10:45:00,10200,9.3425,8.285,1004.25,94,2.1875,165,0.725,0,75,0
2022-12-23 11:00:00,10273,9.35,8.39,1004,94,2.06,160,0.86,0,75,0
2022-12-23 11:15:00,10332,9.3675,8.1625,1003.75,94.5,2.445,160,0.8075,0,75,0
2022-12-23 11:30:00,10374,9.385,7.935,1003.5,95,2.83,160,0.755,0,75,0
2022-12-23 11:45:00,10503,9.4025,7.7075,1003.25,95.5,3.215,160,0.7025,0,75,0
2022-12-23 12:00:00,10383,9.42,7.48,1003,96,3.6,160,0.65,0,75,0
2022-12-23 12:15:00,10315,9.655,8.0925,1002.5,95.75,3.73,160,0.555,0,75,0
2022-12-23 12:30:00,10437,9.89,8.705,1002,95.5,3.86,160,0.46,0,75,0
2022-12-23 12:45:00,10517,10.125,9.3175,1001.5,95.25,3.99,160,0.365,0,75,0
2022-12-23 13:00:00,10288,10.36,9.93,1001,95,4.12,160,0.27,0,75,0
2022-12-23 13:15:00,10302,11.03,10.655,1000.75,94.5,5.2775,177.5,0.2025,0,75,0
2022-12-23 13:30:00,10145,11.7,11.38,1000.5,94,6.435,195,0.135,0,75,0
2022-12-23 13:45:00,10130,12.37,12.105,1000.25,93.5,7.5925,212.5,0.0675,0,75,0
2022-12-23 14:00:00,9804,13.04,12.83,1000,93,8.75,230,0,0,75,0
2022-12-23 14:15:00,9358,13.0825,12.87,1000,92.75,8.62,235,0,0,75,0
2022-12-23 14:30:00,9251,13.125,12.91,1000,92.5,8.49,240,0,0,75,0
2022-12-23 14:45:00,9319,13.1675,12.95,1000,92.25,8.36,245,0,0,75,0
2022-12-23 15:00:00,9398,13.21,12.99,1000,92,8.23,250,0,0,75,0
2022-12-23 15:15:00,9484,13.135,12.88,1000.25,91,8.4875,250,0,0,75,0
2022-12-23 15:30:00,9460,13.06,12.77,1000.5,90,8.745,250,0,0,75,0
2022-12-23 15:45:00,9350,12.985,12.66,1000.75,89,9.0025,250,0,0,75,0
2022-12-23 16:00:00,9300,12.91,12.55,1001,88,9.26,250,0,0,75,0
2022-12-23 16:15:00,9361,12.88,12.485,1001.25,86.75,9.26,252.5,0,0,75,0
2022-12-23 16:30:00,9474,12.85,12.42,1001.5,85.5,9.26,255,0,0,75,0
2022-12-23 16:45:00,9707,12.82,12.355,1001.75,84.25,9.26,257.5,0,0,75,0
2022-12-23 17:00:00,9769,12.79,12.29,1002,83,9.26,260,0,0,75,0
2022-12-23 17:15:00,9856,12.72,12.2,1002.25,82.5,9.1325,257.5,0,0,75,0
2022-12-23 17:30:00,9884,12.65,12.11,1002.5,82,9.005,255,0,0,75,0
2022-12-23 17:45:00,9872,12.58,12.02,1002.75,81.5,8.8775,252.5,0,0,75,0
2022-12-23 18:00:00,9839,12.51,11.93,1003,81,8.75,250,0,0,75,0
2022-12-23 18:15:00,9746,12.4325,11.8575,1003,81.5,8.62,250,0,0,75,0
2022-12-23 18:30:00,9668,12.355,11.785,1003,82,8.49,250,0,0,75,0
2022-12-23 18:45:00,9621,12.2775,11.7125,1003,82.5,8.36,250,0,0,75,0
2022-12-23 19:00:00,9565,12.2,11.64,1003,83,8.23,250,0,0,75,0
2022-12-23 19:15:00,9376,12.135,11.57,1003.25,83,8.615,250,0,0,75,0
2022-12-23 19:30:00,9247,12.07,11.5,1003.5,83,9,250,0,0,75,0
2022-12-23 19:45:00,9169,12.005,11.43,1003.75,83,9.385,250,0,0,75,0
2022-12-23 20:00:00,9038,11.94,11.36,1004,83,9.77,250,0,0,75,0
2022-12-23 20:15:00,8883,11.9125,11.33,1004.25,83,9.77,250,0,0,75,0
2022-12-23 20:30:00,8751,11.885,11.3,1004.5,83,9.77,250,0,0,75,0
2022-12-23 20:45:00,8751,11.8575,11.27,1004.75,83,9.77,250,0,0,75,0
2022-12-23 21:00:00,8575,11.83,11.24,1005,83,9.77,250,0,0,75,0
2022-12-23 21:15:00,8461,11.6775,11.07,1005.25,83,9.515,250,0,0,75,0
2022-12-23 21:30:00,8376,11.525,10.9,1005.5,83,9.26,250,0,0,75,0
2022-12-23 21:45:00,8300,11.3725,10.73,1005.75,83,9.005,250,0,0,75,0
2022-12-23 22:00:00,8368,11.22,10.56,1006,83,8.75,250,0,0,75,0
2022-12-23 22:15:00,8478,11.14,10.4725,1006.25,83,8.8775,250,0,0,61.25,0
2022-12-23 22:30:00,8438,11.06,10.385,1006.5,83,9.005,250,0,0,47.5,0
2022-12-23 22:45:00,8392,10.98,10.2975,1006.75,83,9.1325,250,0,0,33.75,0
2022-12-23 23:00:00,8412,10.9,10.21,1007,83,9.26,250,0,0,20,0
2022-12-23 23:15:00,8347,10.9275,10.26,1007,83.75,8.4875,247.5,0,0,33.75,0
2022-12-23 23:30:00,8305,10.955,10.31,1007,84.5,7.715,245,0,0,47.5,0
2022-12-23 23:45:00,8197,10.9825,10.36,1007,85.25,6.9425,242.5,0,0,61.25,0
2022-12-24 00:00:00,8189,11.01,10.41,1007,86,6.17,240,0,0,75,0
2022-12-24 00:15:00,7937,10.925,10.3175,1007.25,86,6.4275,240,0,0,75,0
2022-12-24 00:30:00,7860,10.84,10.225,1007.5,86,6.685,240,0,0,75,0
2022-12-24 00:45:00,7700,10.755,10.1325,1007.75,86,6.9425,240,0,0,75,0
2022-12-24 01:00:00,7672,10.67,10.04,1008,86,7.2,240,0,0,75,0
2022-12-24 01:15:00,7434,10.5475,9.925,1008.25,86.75,7.0725,237.5,0.0675,0,66.25,0
2022-12-24 01:30:00,7271,10.425,9.81,1008.5,87.5,6.945,235,0.135,0,57.5,0
2022-12-24 01:45:00,7157,10.3025,9.695,1008.75,88.25,6.8175,232.5,0.2025,0,48.75,0
2022-12-24 02:00:00,7042,10.18,9.58,1009,89,6.69,230,0.27,0,40,0
2022-12-24 02:15:00,6968,10.115,9.0925,1009,90,6.175,235,0.2025,0,48.75,0
2022-12-24 02:30:00,6976,10.05,8.605,1009,91,5.66,240,0.135,0,57.5,0
2022-12-24 02:45:00,6939,9.985,8.1175,1009,92,5.145,245,0.0675,0,66.25,0
2022-12-24 03:00:00,6858,9.92,7.63,1009,93,4.63,250,0,0,75,0
2022-12-24 03:15:00,6851,9.9525,8.095,1009.25,92.5,5.4025,245,0,0,75,0
2022-12-24 03:30:00,6906,9.985,8.56,1009.5,92,6.175,240,0,0,75,0
2022-12-24 03:45:00,6824,10.0175,9.025,1009.75,91.5,6.9475,235,0,0,75,0
2022-12-24 04:00:00,6862,10.05,9.49,1010,91,7.72,230,0,0,75,0
2022-12-24 04:15:00,6877,10.04,9.4775,1010,91,7.59,230,0,0,75,0
2022-12-24 04:30:00,6868,10.03,9.465,1010,91,7.46,230,0,0,75,0
2022-12-24 04:45:00,6845,10.02,9.4525,1010,91,7.33,230,0,0,75,0
2022-12-24 05:00:00,6905,10.01,9.44,1010,91,7.2,230,0,0,75,0
2022-12-24 05:15:00,7008,10,8.8275,1010,90.75,7.0725,232.5,0,0,75,0
2022-12-24 05:30:00,6917,9.99,8.215,1010,90.5,6.945,235,0,0,75,0
2022-12-24 05:45:00,6888,9.98,7.6025,1010,90.25,6.8175,237.5,0,0,75,0
2022-12-24 06:00:00,6983,9.97,6.99,1010,90,6.69,240,0,0,75,0
2022-12-24 06:15:00,7063,9.97,7.03,1010.25,90,6.56,237.5,0,0,61.25,0
2022-12-24 06:30:00,7166,9.97,7.07,1010.5,90,6.43,235,0,0,47.5,0
2022-12-24 06:45:00,7199,9.97,7.11,1010.75,90,6.3,232.5,0,0,33.75,0
2022-12-24 07:00:00,7404,9.97,7.15,1011,90,6.17,230,0,0,20,0
2022-12-24 07:15:00,7413,9.945,7.16,1011,90,6.0425,230,0,0,33.75,0
2022-12-24 07:30:00,7396,9.92,7.17,1011,90,5.915,230,0,0,47.5,0
2022-12-24 07:45:00,7573,9.895,7.18,1011,90,5.7875,230,0,0,61.25,0
2022-12-24 08:00:00,7831,9.87,7.19,1011,90,5.66,230,0,0,75,0
2022-12-24 08:15:00,7947,9.845,7.115,1011.25,90,5.7875,230,0,0,66.25,0
2022-12-24 08:30:00,7958,9.82,7.04,1011.5,90,5.915,230,0,0,57.5,0
2022-12-24 08:45:00,8003,9.795,6.965,1011.75,90,6.0425,230,0,0,48.75,0
2022-12-24 09:00:00,8187,9.77,6.89,1012,90,6.17,230,0,0,40,0
2022-12-24 09:15:00,8390,9.8425,7.535,1012,90,6.17,230,0,0,35,0
2022-12-24 09:30:00,8494,9.915,8.18,1012,90,6.17,230,0,0,30,0
2022-12-24 09:45:00,8630,9.9875,8.825,1012,90,6.17,230,0,0,25,0
2022-12-24 10:00:00,8733,10.06,9.47,1012,90,6.17,230,0,0,20,0
2022-12-24 10:15:00,8790,10.08,9.485,1012.25,89.75,5.9125,230,0,0,25,0
2022-12-24 10:30:00,8793,10.1,9.5,1012.5,89.5,5.655,230,0,0,30,0
2022-12-24 10:45:00,8787,10.12,9.515,1012.75,89.25,5.3975,230,0,0,35,0
2022-12-24 11:00:00,8841,10.14,9.53,1013,89,5.14,230,0,0,40,0
2022-12-24 11:15:00,8942,10.325,9.7225,1013,88.5,5.0125,230,0,0,48.75,0
2022-12-24 11:30:00,8880,10.51,9.915,1013,88,4.885,230,0,0,57.5,0
2022-12-24 11:45:00,8983,10.695,10.1075,1013,87.5,4.7575,230,0,0,66.25,0
2022-12-24 12:00:00,8919,10.88,10.3,1013,87,4.63,230,0,0,75,0
2022-12-24 12:15:00,8851,10.97,10.3975,1013.25,87,4.8875,230,0,0,75,0
2022-12-24 12:30:00,8842,11.06,10.495,1013.5,87,5.145,230,0,0,75,0
2022-12-24 12:45:00,8767,11.15,10.5925,1013.75,87,5.4025,230,0,0,75,0
2022-12-24 13:00:00,8728,11.24,10.69,1014,87,5.66,230,0,0,75,0
2022-12-24 13:15:00,8714,11.265,10.705,1014,86.5,5.4025,235,0,0,66.25,0
2022-12-24 13:30:00,8734,11.29,10.72,1014,86,5.145,240,0,0,57.5,0
2022-12-24 13:45:00,8647,11.315,10.735,1014,85.5,4.8875,245,0,0,48.75,0
2022-12-24 14:00:00,8676,11.34,10.75,1014,85,4.63,250,0,0,40,0
2022-12-24 14:15:00,8610,11.3425,10.7525,1014,85,4.63,245,0,0,40,0
2022-12-24 14:30:00,8549,11.345,10.755,1014,85,4.63,240,0,0,40,0
2022-12-24 14:45:00,8537,11.3475,10.7575,1014,85,4.63,235,0,0,40,0
2022-12-24 15:00:00,8589,11.35,10.76,1014,85,4.63,230,0,0,40,0
2022-12-24 15:15:00,8552,11.26,10.66,1014,85,4.115,232.5,0,0,40,0
2022-12-24 15:30:00,8575,11.17,10.56,1014,85,3.6,235,0,0,40,0
2022-12-24 15:45:00,8621,11.08,10.46,1014,85,3.085,237.5,0,0,40,0
2022-12-24 16:00:00,8772,10.99,10.36,1014,85,2.57,240,0,0,40,0
2022-12-24 16:15:00,8809,10.72,10.1475,1014,85.75,2.3125,227.5,0,0,40,0
2022-12-24 16:30:00,8855,10.45,9.935,1014,86.5,2.055,215,0,0,40,0
2022-12-24 16:45:00,9077,10.18,9.7225,1014,87.25,1.7975,202.5,0,0,40,0
2022-12-24 17:00:00,9153,9.91,9.51,1014,88,1.54,190,0,0,40,0
2022-12-24 17:15:00,9131,9.7625,9.0425,1014,88.75,1.9275,190,0,0,35,0
2022-12-24 17:30:00,9069,9.615,8.575,1014,89.5,2.315,190,0,0,30,0
2022-12-24 17:45:00,9024,9.4675,8.1075,1014,90.25,2.7025,190,0,0,25,0
2022-12-24 18:00:00,8992,9.32,7.64,1014,91,3.09,190,0,0,20,0
2022-12-24 18:15:00,8813,9.2825,7.6775,1014,91,2.96,187.5,0,0,15,0
2022-12-24 18:30:00,8731,9.245,7.715,1014,91,2.83,185,0,0,10,0
2022-12-24 18:45:00,8652,9.2075,7.7525,1014,91,2.7,182.5,0,0,5,0
2022-12-24 19:00:00,8597,9.17,7.79,1014,91,2.57,180,0,0,0,0
2022-12-24 19:15:00,8481,9.155,7.62,1014,91.25,2.8275,182.5,0,0,0,0
2022-12-24 19:30:00,8482,9.14,7.45,1014,91.5,3.085,185,0,0,0,0
2022-12-24 19:45:00,8292,9.125,7.28,1014,91.75,3.3425,187.5,0,0,0,0
2022-12-24 20:00:00,8263,9.11,7.11,1014,92,3.6,190,0,0,0,0
2022-12-24 20:15:00,8171,9.1,7.0325,1014,92,3.73,187.5,0,0,0,0
2022-12-24 20:30:00,8121,9.09,6.955,1014,92,3.86,185,0,0,0,0
2022-12-24 20:45:00,8060,9.08,6.8775,1014,92,3.99,182.5,0,0,0,0
2022-12-24 21:00:00,7850,9.07,6.8,1014,92,4.12,180,0,0,0,0
2022-12-24 21:15:00,7856,9.1475,6.96,1014,92,3.99,182.5,0,0,0,0
2022-12-24 21:30:00,7794,9.225,7.12,1014,92,3.86,185,0,0,0,0
2022-12-24 21:45:00,8076,9.3025,7.28,1014,92,3.73,187.5,0,0,0,0
2022-12-24 22:00:00,8087,9.38,7.44,1014,92,3.6,190,0,0,0,0
2022-12-24 22:15:00,7936,9.425,7.4325,1014,92,3.73,190,0,0,10,0
2022-12-24 22:30:00,7847,9.47,7.425,1014,92,3.86,190,0,0,20,0
2022-12-24 22:45:00,7877,9.515,7.4175,1014,92,3.99,190,0,0,30,0
2022-12-24 23:00:00,7780,9.56,7.41,1014,92,4.12,190,0,0,40,0
2022-12-24 23:15:00,7515,9.67,7.49,1014,91.75,4.2475,190,0,0,40,0
2022-12-24 23:30:00,7482,9.78,7.57,1014,91.5,4.375,190,0,0,40,0
2022-12-24 23:45:00,7499,9.89,7.65,1014,91.25,4.5025,190,0,0,40,0
2022-12-25 00:00:00,7583,10,7.73,1014,91,4.63,190,0,0,40,1
2022-12-25 00:15:00,7442,10,7.845,1014,91,4.3725,192.5,0,0,40,1
2022-12-25 00:30:00,7418,10,7.96,1014,91,4.115,195,0,0,40,1
2022-12-25 00:45:00,7225,10,8.075,1014,91,3.8575,197.5,0,0,40,1
2022-12-25 01:00:00,7190,10,8.19,1014,91,3.6,200,0,0,40,1
2022-12-25 01:15:00,6986,9.97,8.2225,1014,91,3.4725,200,0,0,30,1
2022-12-25 01:30:00,6875,9.94,8.255,1014,91,3.345,200,0,0,20,1
2022-12-25 01:45:00,6819,9.91,8.2875,1014,91,3.2175,200,0,0,10,1
2022-12-25 02:00:00,6768,9.88,8.32,1014,91,3.09,200,0,0,0,1
2022-12-25 02:15:00,6520,9.855,8.29,1014,90.75,3.09,197.5,0,0,10,1
2022-12-25 02:30:00,6531,9.83,8.26,1014,90.5,3.09,195,0,0,20,1
2022-12-25 02:45:00,6551,9.805,8.23,1014,90.25,3.09,192.5,0,0,30,1
2022-12-25 03:00:00,6607,9.78,8.2,1014,90,3.09,190,0,0,40,1
2022-12-25 03:15:00,6379,9.7825,8.135,1014,90,3.2175,190,0,0,48.75,1
2022-12-25 03:30:00,6320,9.785,8.07,1014,90,3.345,190,0,0,57.5,1
2022-12-25 03:45:00,6333,9.7875,8.005,1014,90,3.4725,190,0,0,66.25,1
2022-12-25 04:00:00,6281,9.79,7.94,1014,90,3.6,190,0,0,75,1
2022-12-25 04:15:00,6372,9.705,7.7725,1013.75,90.5,3.73,185,0,0,75,1
2022-12-25 04:30:00,6450,9.62,7.605,1013.5,91,3.86,180,0,0,75,1
2022-12-25 04:45:00,6381,9.535,7.4375,1013.25,91.5,3.99,175,0,0,75,1
2022-12-25 05:00:00,6463,9.45,7.27,1013,92,4.12,170,0,0,75,1
2022-12-25 05:15:00,6414,9.465,7.35,1013,92,3.99,172.5,0,0,75,1
2022-12-25 05:30:00,6324,9.48,7.43,1013,92,3.86,175,0,0,75,1
2022-12-25 05:45:00,6336,9.495,7.51,1013,92,3.73,177.5,0,0,75,1
2022-12-25 06:00:00,6400,9.51,7.59,1013,92,3.6,180,0,0,75,1
2022-12-25 06:15:00,6432,9.4825,7.9225,1012.75,92,3.085,180,0,0,75,1
2022-12-25 06:30:00,6465,9.455,8.255,1012.5,92,2.57,180,0,0,75,1
2022-12-25 06:45:00,6499,9.4275,8.5875,1012.25,92,2.055,180,0,0,75,1
2022-12-25 07:00:00,6623,9.4,8.92,1012,92,1.54,180,0,0,75,1
2022-12-25 07:15:00,6703,9.3475,8.86,1011.75,92.25,1.54,170,0,0,75,1
2022-12-25 07:30:00,6742,9.295,8.8,1011.5,92.5,1.54,160,0,0,75,1
2022-12-25 07:45:00,6800,9.2425,8.74,1011.25,92.75,1.54,150,0,0,75,1
2022-12-25 08:00:00,6916,9.19,8.68,1011,93,1.54,140,0,0,75,1
2022-12-25 08:15:00,7108,9.19,8.68,1011.25,93.25,1.54,157.5,0.0325,0,66.25,1
2022-12-25 08:30:00,7089,9.19,8.68,1011.5,93.5,1.54,175,0.065,0,57.5,1
2022-12-25 08:45:00,7137,9.19,8.68,1011.75,93.75,1.54,192.5,0.0975,0,48.75,1
2022-12-25 09:00:00,7307,9.19,8.68,1012,94,1.54,210,0.13,0,40,1
2022-12-25 09:15:00,7535,9.1875,8.805,1012,94,1.2825,195,0.1575,0,48.75,1
2022-12-25 09:30:00,7586,9.185,8.93,1012,94,1.025,180,0.185,0,57.5,1
2022-12-25 09:45:00,7912,9.1825,9.055,1012,94,0.7675,165,0.2125,0,66.25,1
2022-12-25 10:00:00,7997,9.18,9.18,1012,94,0.51,150,0.24,0,75,1
2022-12-25 10:15:00,8095,9.215,9.0925,1011.75,94.5,0.7675,142.5,0.26,0,75,1
2022-12-25 10:30:00,8161,9.25,9.005,1011.5,95,1.025,135,0.28,0,75,1
2022-12-25 10:45:00,8176,9.285,8.9175,1011.25,95.5,1.2825,127.5,0.3,0,75,1
2022-12-25 11:00:00,8229,9.32,8.83,1011,96,1.54,120,0.32,0,75,1
2022-12-25 11:15:00,8329,9.3225,8.955,1011,96,1.4125,112.5,0.3625,0,75,1
2022-12-25 11:30:00,8333,9.325,9.08,1011,96,1.285,105,0.405,0,75,1
2022-12-25 11:45:00,8432,9.3275,9.205,1011,96,1.1575,97.5,0.4475,0,75,1
2022-12-25 12:00:00,8556,9.33,9.33,1011,96,1.03,90,0.49,0,75,1
2022-12-25 12:15:00,8618,9.33,9.33,1010.75,96,0.9,67.5,0.4125,0,75,1
2022-12-25 12:30:00,8667,9.33,9.33,1010.5,96,0.77,45,0.335,0,75,1
2022-12-25 12:45:00,8601,9.33,9.33,1010.25,96,0.64,22.5,0.2575,0,75,1
2022-12-25 13:00:00,8553,9.33,9.33,1010,96,0.51,0,0.18,0,75,1
2022-12-25 13:15:00,8534,9.3475,9.3475,1009.75,96,0.64,0,0.1725,0,75,1
2022-12-25 13:30:00,8527,9.365,9.365,1009.5,96,0.77,0,0.165,0,75,1
2022-12-25 13:45:00,8503,9.3825,9.3825,1009.25,96,0.9,0,0.1575,0,75,1
2022-12-25 14:00:00,8505,9.4,9.4,1009,96,1.03,0,0.15,0,75,1
2022-12-25 14:15:00,8486,9.39,9.15,1009,96.25,1.2875,32.5,0.1125,0,75,1
2022-12-25 14:30:00,8496,9.38,8.9,1009,96.5,1.545,65,0.075,0,75,1
2022-12-25 14:45:00,8512,9.37,8.65,1009,96.75,1.8025,97.5,0.0375,0,75,1
2022-12-25 15:00:00,8492,9.36,8.4,1009,97,2.06,130,0,0,75,1
2022-12-25 15:15:00,8410,9.4225,8.7025,1008.75,97,1.6725,137.5,0,0,75,1
2022-12-25 15:30:00,8360,9.485,9.005,1008.5,97,1.285,145,0,0,75,1
2022-12-25 15:45:00,8286,9.5475,9.3075,1008.25,97,0.8975,152.5,0,0,75,1
2022-12-25 16:00:00,8253,9.61,9.61,1008,97,0.51,160,0,0,75,1
2022-12-25 16:15:00,8305,9.6425,9.6425,1008,97,0.51,120,0,0,75,1
2022-12-25 16:30:00,8339,9.675,9.675,1008,97,0.51,80,0,0,75,1
2022-12-25 16:45:00,8455,9.7075,9.7075,1008,97,0.51,40,0,0,75,1
2022-12-25 17:00:00,8552,9.74,9.74,1008,97,0.51,0,0,0,75,1
2022-12-25 17:15:00,8604,9.8675,9.765,1008.25,96.75,0.7675,57.5,0,0,75,1
2022-12-25 17:30:00,8619,9.995,9.79,1008.5,96.5,1.025,115,0,0,75,1
2022-12-25 17:45:00,8547,10.1225,9.815,1008.75,96.25,1.2825,172.5,0,0,75,1
2022-12-25 18:00:00,8570,10.25,9.84,1009,96,1.54,230,0,0,75,1
2022-12-25 18:15:00,8522,10.365,9.9525,1009,95.5,2.055,225,0,0,75,1
2022-12-25 18:30:00,8463,10.48,10.065,1009,95,2.57,220,0,0,75,1
2022-12-25 18:45:00,8424,10.595,10.1775,1009,94.5,3.085,215,0,0,75,1
2022-12-25 19:00:00,8353,10.71,10.29,1009,94,3.6,210,0,0,75,1
2022-12-25 19:15:00,8248,10.7325,10.315,1009,94,3.8575,210,0,0,75,1
2022-12-25 19:30:00,8251,10.755,10.34,1009,94,4.115,210,0,0,75,1
2022-12-25 19:45:00,8229,10.7775,10.365,1009,94,4.3725,210,0,0,75,1
2022-12-25 20:00:00,8166,10.8,10.39,1009,94,4.63,210,0,0,75,1
2022-12-25 20:15:00,8187,10.7825,10.3775,1009,94.25,4.3725,217.5,0.385,0,75,1
2022-12-25 20:30:00,8119,10.765,10.365,1009,94.5,4.115,225,0.77,0,75,1
2022-12-25 20:45:00,8107,10.7475,10.3525,1009,94.75,3.8575,232.5,1.155,0,75,1
2022-12-25 21:00:00,8063,10.73,10.34,1009,95,3.6,240,1.54,0,75,1
2022-12-25 21:15:00,8039,10.715,10.3225,1009,95,3.6,237.5,1.155,0,75,1
2022-12-25 21:30:00,8008,10.7,10.305,1009,95,3.6,235,0.77,0,75,1
2022-12-25 21:45:00,7931,10.685,10.2875,1009,95,3.6,232.5,0.385,0,75,1
2022-12-25 22:00:00,7951,10.67,10.27,1009,95,3.6,230,0,0,75,1
2022-12-25 22:15:00,8067,10.685,10.2875,1009.25,95,3.8575,232.5,0,0,75,1
2022-12-25 22:30:00,8036,10.7,10.305,1009.5,95,4.115,235,0,0,75,1
2022-12-25 22:45:00,7923,10.715,10.3225,1009.75,95,4.3725,237.5,0,0,75,1
2022-12-25 23:00:00,7877,10.73,10.34,1010,95,4.63,240,0,0,75,1
2022-12-25 23:15:00,7785,10.595,10.1975,1010,95.25,3.9875,250,0,0,75,1
2022-12-25 23:30:00,7651,10.46,10.055,1010,95.5,3.345,260,0,0,75,1
2022-12-25 23:45:00,7505,10.325,9.9125,1010,95.75,2.7025,270,0,0,75,1
2022-12-26 00:00:00,7466,10.19,9.77,1010,96,2.06,280,0,0,75,1
2022-12-26 00:15:00,7318,10.1525,9.7225,1010.25,95.75,2.575,270,0,0,75,1
2022-12-26 00:30:00,7181,10.115,9.675,1010.5,95.5,3.09,260,0,0,75,1
2022-12-26 00:45:00,7183,10.0775,9.6275,1010.75,95.25,3.605,250,0,0,75,1
2022-12-26 01:00:00,7007,10.04,9.58,1011,95,4.12,240,0,0,75,1
2022-12-26 01:15:00,6845,10.015,9.1,1011,95,4.2475,242.5,0,0,66.25,1
2022-12-26 01:30:00,6774,9.99,8.62,1011,95,4.375,245,0,0,57.5,1
2022-12-26 01:45:00,6797,9.965,8.14,1011,95,4.5025,247.5,0,0,48.75,1
2022-12-26 02:00:00,6729,9.94,7.66,1011,95,4.63,250,0,0,40,1
2022-12-26 02:15:00,6606,9.8625,7.5625,1011.25,94.75,4.63,247.5,0,0,40,1
2022-12-26 02:30:00,6554,9.785,7.465,1011.5,94.5,4.63,245,0,0,40,1
2022-12-26 02:45:00,6470,9.7075,7.3675,1011.75,94.25,4.63,242.5,0,0,40,1
2022-12-26 03:00:00,6428,9.63,7.27,1012,94,4.63,240,0,0,40,1
2022-12-26 03:15:00,6526,9.6325,7.3275,1012,93.75,4.5025,237.5,0,0,48.75,1
2022-12-26 03:30:00,6636,9.635,7.385,1012,93.5,4.375,235,0,0,57.5,1
2022-12-26 03:45:00,6726,9.6375,7.4425,1012,93.25,4.2475,232.5,0,0,66.25,1
2022-12-26 04:00:00,6519,9.64,7.5,1012,93,4.12,230,0,0,75,1
2022-12-26 04:15:00,6534,9.66,7.4225,1012,92.75,4.375,227.5,0,0,75,1
2022-12-26 04:30:00,6613,9.68,7.345,1012,92.5,4.63,225,0,0,75,1
2022-12-26 04:45:00,6635,9.7,7.2675,1012,92.25,4.885,222.5,0,0,75,1
2022-12-26 05:00:00,6806,9.72,7.19,1012,92,5.14,220,0,0,75,1
2022-12-26 05:15:00,6821,9.725,7.245,1012,92,5.0125,220,0,0,75,1
2022-12-26 05:30:00,6990,9.73,7.3,1012,92,4.885,220,0,0,75,1
2022-12-26 05:45:00,7043,9.735,7.355,1012,92,4.7575,220,0,0,75,1
2022-12-26 06:00:00,7362,9.74,7.41,1012,92,4.63,220,0,0,75,1
2022-12-26 06:15:00,7509,9.775,7.3575,1012,91.75,4.8875,222.5,0,0,66.25,1
2022-12-26 06:30:00,7543,9.81,7.305,1012,91.5,5.145,225,0,0,57.5,1
2022-12-26 06:45:00,7669,9.845,7.2525,1012,91.25,5.4025,227.5,0,0,48.75,1
2022-12-26 07:00:00,7654,9.88,7.2,1012,91,5.66,230,0,0,40,1
2022-12-26 07:15:00,7831,9.88,7.0475,1012,90.75,6.175,232.5,0,0,48.75,1
2022-12-26 07:30:00,8024,9.88,6.895,1012,90.5,6.69,235,0,0,57.5,1
2022-12-26 07:45:00,8126,9.88,6.7425,1012,90.25,7.205,237.5,0,0,66.25,1
2022-12-26 08:00:00,8120,9.88,6.59,1012,90,7.72,240,0,0,75,1
2022-12-26 08:15:00,8293,9.8875,6.5675,1012.25,89.75,7.8475,237.5,0,0,66.25,1
2022-12-26 08:30:00,8255,9.895,6.545,1012.5,89.5,7.975,235,0,0,57.5,1
2022-12-26 08:45:00,8294,9.9025,6.5225,1012.75,89.25,8.1025,232.5,0,0,48.75,1
2022-12-26 09:00:00,8567,9.91,6.5,1013,89,8.23,230,0,0,40,1
2022-12-26 09:15:00,8601,9.925,6.4875,1013,88.25,8.36,230,0,0,40,1
2022-12-26 09:30:00,8610,9.94,6.475,1013,87.5,8.49,230,0,0,40,1
2022-12-26 09:45:00,8633,9.955,6.4625,1013,86.75,8.62,230,0,0,40,1
2022-12-26 10:00:00,8850,9.97,6.45,1013,86,8.75,230,0,0,40,1
2022-12-26 10:15:00,8914,10.005,7.205,1013.25,86.5,8.105,235,0,0,48.75,1
2022-12-26 10:30:00,9026,10.04,7.96,1013.5,87,7.46,240,0,0,57.5,1
2022-12-26 10:45:00,9006,10.075,8.715,1013.75,87.5,6.815,245,0,0,66.25,1
2022-12-26 11:00:00,9146,10.11,9.47,1014,88,6.17,250,0,0,75,1
2022-12-26 11:15:00,9254,9.955,8.78,1014.25,88,6.0425,250,0,0,75,1
2022-12-26 11:30:00,9311,9.8,8.09,1014.5,88,5.915,250,0,0,75,1
2022-12-26 11:45:00,9439,9.645,7.4,1014.75,88,5.7875,250,0,0,75,1
2022-12-26 12:00:00,9486,9.49,6.71,1015,88,5.66,250,0,0,75,1
2022-12-26 12:15:00,9379,9.245,6.45,1015,86.75,5.53,257.5,0,0,75,1
2022-12-26 12:30:00,9392,9,6.19,1015,85.5,5.4,265,0,0,75,1
2022-12-26 12:45:00,9276,8.755,5.93,1015,84.25,5.27,272.5,0,0,75,1
2022-12-26 13:00:00,9275,8.51,5.67,1015,83,5.14,280,0,0,75,1
2022-12-26 13:15:00,9282,8.3175,5.4275,1015.25,82,5.14,285,0,0,75,1
2022-12-26 13:30:00,9191,8.125,5.185,1015.5,81,5.14,290,0,0,75,1
2022-12-26 13:45:00,9267,7.9325,4.9425,1015.75,80,5.14,295,0,0,75,1
2022-12-26 14:00:00,9139,7.74,4.7,1016,79,5.14,300,0,0,75,1
2022-12-26 14:15:00,9115,7.5525,4.5225,1016,78.5,5.0125,297.5,0,0,75,1
2022-12-26 14:30:00,9046,7.365,4.345,1016,78,4.885,295,0,0,75,1
2022-12-26 14:45:00,8947,7.1775,4.1675,1016,77.5,4.7575,292.5,0,0,75,1
2022-12-26 15:00:00,9009,6.99,3.99,1016,77,4.63,290,0,0,75,1
2022-12-26 15:15:00,9059,6.7225,3.5425,1016.5,76.5,4.8875,292.5,0,0,61.25,1
2022-12-26 15:30:00,8956,6.455,3.095,1017,76,5.145,295,0,0,47.5,1
2022-12-26 15:45:00,8874,6.1875,2.6475,1017.5,75.5,5.4025,297.5,0,0,33.75,1
2022-12-26 16:00:00,9076,5.92,2.2,1018,75,5.66,300,0,0,20,1
2022-12-26 16:15:00,9198,5.66,2.1375,1018.25,75.25,5.145,290,0,0,20,1
2022-12-26 16:30:00,9274,5.4,2.075,1018.5,75.5,4.63,280,0,0,20,1
2022-12-26 16:45:00,9442,5.14,2.0125,1018.75,75.75,4.115,270,0,0,20,1
2022-12-26 17:00:00,9651,4.88,1.95,1019,76,3.6,260,0,0,20,1
2022-12-26 17:15:00,9790,4.6325,1.65,1019,77.25,3.6,252.5,0,0,15,1
2022-12-26 17:30:00,9928,4.385,1.35,1019,78.5,3.6,245,0,0,10,1
2022-12-26 17:45:00,10009,4.1375,1.05,1019,79.75,3.6,237.5,0,0,5,1
2022-12-26 18:00:00,9973,3.89,0.75,1019,81,3.6,230,0,0,0,1
2022-12-26 18:15:00,9837,3.86,0.7125,1019.25,81.25,3.6,230,0,0,0,1
2022-12-26 18:30:00,9931,3.83,0.675,1019.5,81.5,3.6,230,0,0,0,1
2022-12-26 18:45:00,10006,3.8,0.6375,1019.75,81.75,3.6,230,0,0,0,1
2022-12-26 19:00:00,9781,3.77,0.6,1020,82,3.6,230,0,0,0,1
2022-12-26 19:15:00,9624,3.8525,0.62,1020.25,82,3.73,230,0,0,0,1
2022-12-26 19:30:00,9643,3.935,0.64,1020.5,82,3.86,230,0,0,0,1
2022-12-26 19:45:00,9488,4.0175,0.66,1020.75,82,3.99,230,0,0,0,1
2022-12-26 20:00:00,9288,4.1,0.68,1021,82,4.12,230,0,0,0,1
2022-12-26 20:15:00,9161,4.035,0.6,1021,82.5,4.12,227.5,0,0,5,1
2022-12-26 20:30:00,9065,3.97,0.52,1021,83,4.12,225,0,0,10,1
2022-12-26 20:45:00,9056,3.905,0.44,1021,83.5,4.12,222.5,0,0,15,1
2022-12-26 21:00:00,8894,3.84,0.36,1021,84,4.12,220,0,0,20,1
2022-12-26 21:15:00,8791,3.8675,0.2575,1021.25,84.25,4.375,220,0,0,15,1
2022-12-26 21:30:00,8697,3.895,0.155,1021.5,84.5,4.63,220,0,0,10,1
2022-12-26 21:45:00,8521,3.9225,0.0525,1021.75,84.75,4.885,220,0,0,5,1
2022-12-26 22:00:00,8668,3.95,-0.05,1022,85,5.14,220,0,0,0,1
2022-12-26 22:15:00,8759,3.9225,-0.0825,1022,85.25,5.14,220,0,0,0,1
2022-12-26 22:30:00,8743,3.895,-0.115,1022,85.5,5.14,220,0,0,0,1
2022-12-26 22:45:00,8718,3.8675,-0.1475,1022,85.75,5.14,220,0,0,0,1
2022-12-26 23:00:00,8844,3.84,-0.18,1022,86,5.14,220,0,0,0,1
2022-12-26 23:15:00,8693,3.8925,-0.115,1022.25,86.5,5.14,220,0,0,5,1
2022-12-26 23:30:00,8624,3.945,-0.05,1022.5,87,5.14,220,0,0,10,1
2022-12-26 23:45:00,8549,3.9975,0.015,1022.75,87.5,5.14,220,0,0,15,1
2022-12-27 00:00:00,8246,4.05,0.08,1023,88,5.14,220,0,0,20,0
2022-12-27 00:15:00,8227,4.1575,0.1025,1023,87.75,5.3975,222.5,0,0,20,0
2022-12-27 00:30:00,8071,4.265,0.125,1023,87.5,5.655,225,0,0,20,0
2022-12-27 00:45:00,7897,4.3725,0.1475,1023,87.25,5.9125,227.5,0,0,20,0
2022-12-27 01:00:00,7826,4.48,0.17,1023,87,6.17,230,0,0,20,0
2022-12-27 01:15:00,7666,4.41,0.08,1023,87.5,6.17,230,0,0,15,0
2022-12-27 01:30:00,7708,4.34,-0.01,1023,88,6.17,230,0,0,10,0
2022-12-27 01:45:00,7661,4.27,-0.1,1023,88.5,6.17,230,0,0,5,0
2022-12-27 02:00:00,7402,4.2,-0.19,1023,89,6.17,230,0,0,0,0
2022-12-27 02:15:00,7377,4.1625,-0.1825,1023.25,89,6.0425,227.5,0,0,5,0
2022-12-27 02:30:00,7237,4.125,-0.175,1023.5,89,5.915,225,0,0,10,0
2022-12-27 02:45:00,7218,4.0875,-0.1675,1023.75,89,5.7875,222.5,0,0,15,0
2022-12-27 03:00:00,7201,4.05,-0.16,1024,89,5.66,220,0,0,20,0
2022-12-27 03:15:00,7241,4,-0.28,1024,89.25,5.7875,220,0,0,20,0
2022-12-27 03:30:00,7125,3.95,-0.4,1024,89.5,5.915,220,0,0,20,0
2022-12-27 03:45:00,7143,3.9,-0.52,1024,89.75,6.0425,220,0,0,20,0
2022-12-27 04:00:00,7271,3.85,-0.64,1024,90,6.17,220,0,0,20,0
2022-12-27 04:15:00,7232,3.825,-0.615,1024,90,6.0425,220,0,0,20,0
2022-12-27 04:30:00,7179,3.8,-0.59,1024,90,5.915,220,0,0,20,0
2022-12-27 04:45:00,7256,3.775,-0.565,1024,90,5.7875,220,0,0,20,0
2022-12-27 05:00:00,7351,3.75,-0.54,1024,90,5.66,220,0,0,20,0
2022-12-27 05:15:00,7619,3.77,-0.455,1024.25,90,5.53,220,0,0,20,0
2022-12-27 05:30:00,7723,3.79,-0.37,1024.5,90,5.4,220,0,0,20,0
2022-12-27 05:45:00,7566,3.81,-0.285,1024.75,90,5.27,220,0,0,20,0
2022-12-27 06:00:00,7692,3.83,-0.2,1025,90,5.14,220,0,0,20,0
2022-12-27 06:15:00,8108,3.855,-0.1025,1025,90.25,5.0125,220,0,0,20,0
2022-12-27 06:30:00,8140,3.88,-0.005,1025,90.5,4.885,220,0,0,20,0
2022-12-27 06:45:00,8142,3.905,0.0925,1025,90.75,4.7575,220,0,0,20,0
2022-12-27 07:00:00,8223,3.93,0.19,1025,91,4.63,220,0,0,20,0
2022-12-27 07:15:00,8476,3.9275,0.1225,1025,91,4.7575,220,0,0,25,0
2022-12-27 07:30:00,8620,3.925,0.055,1025,91,4.885,220,0,0,30,0
2022-12-27 07:45:00,8745,3.9225,-0.0125,1025,91,5.0125,220,0,0,35,0
2022-12-27 08:00:00,8979,3.92,-0.08,1025,91,5.14,220,0,0,40,0
2022-12-27 08:15:00,9111,3.9475,0.0175,1025.25,91.25,5.0125,220,0,0,35,0
2022-12-27 08:30:00,9080,3.975,0.115,1025.5,91.5,4.885,220,0,0,30,0
2022-12-27 08:45:00,9070,4.0025,0.2125,1025.75,91.75,4.7575,220,0,0,25,0
2022-12-27 09:00:00,9259,4.03,0.31,1026,92,4.63,220,0,0,20,0
2022-12-27 09:15:00,9382,4.195,0.395,1026,91.5,4.8875,220,0,0,15,0
2022-12-27 09:30:00,9415,4.36,0.48,1026,91,5.145,220,0,0,10,0
2022-12-27 09:45:00,9381,4.525,0.565,1026,90.5,5.4025,220,0,0,5,0
2022-12-27 10:00:00,9459,4.69,0.65,1026,90,5.66,220,0,0,0,0
2022-12-27 10:15:00,9373,4.945,1.0275,1026,89.25,5.53,217.5,0,0,0,0
2022-12-27 10:30:00,9363,5.2,1.405,1026,88.5,5.4,215,0,0,0,0
2022-12-27 10:45:00,9453,5.455,1.7825,1026,87.75,5.27,212.5,0,0,0,0
2022-12-27 11:00:00,9454,5.71,2.16,1026,87,5.14,210,0,0,0,0
2022-12-27 11:15:00,9535,5.97,2.485,1026,86.5,5.14,212.5,0,0,5,0
2022-12-27 11:30:00,9595,6.23,2.81,1026,86,5.14,215,0,0,10,0
2022-12-27 11:45:00,9616,6.49,3.135,1026,85.5,5.14,217.5,0,0,15,0
2022-12-27 12:00:00,9513,6.75,3.46,1026,85,5.14,220,0,0,20,0
2022-12-27 12:15:00,9428,6.985,3.755,1025.75,84.25,5.14,220,0,0,20,0
2022-12-27 12:30:00,9491,7.22,4.05,1025.5,83.5,5.14,220,0,0,20,0
2022-12-27 12:45:00,9316,7.455,4.345,1025.25,82.75,5.14,220,0,0,20,0
2022-12-27 13:00:00,9445,7.69,4.64,1025,82,5.14,220,0,0,20,0
2022-12-27 13:15:00,9354,7.735,4.6975,1025,82,5.14,220,0,0,20,0
2022-12-27 13:30:00,9085,7.78,4.755,1025,82,5.14,220,0,0,20,0
2022-12-27 13:45:00,9187,7.825,4.8125,1025,82,5.14,220,0,0,20,0
2022-12-27 14:00:00,9136,7.87,4.87,1025,82,5.14,220,0,0,20,0
2022-12-27 14:15:00,8981,7.9625,4.935,1024.75,81.75,5.27,217.5,0,0,20,0
2022-12-27 14:30:00,8946,8.055,5,1024.5,81.5,5.4,215,0,0,20,0
2022-12-27 14:45:00,9038,8.1475,5.065,1024.25,81.25,5.53,212.5,0,0,20,0
2022-12-27 15:00:00,8998,8.24,5.13,1024,81,5.66,210,0,0,20,0
2022-12-27 15:15:00,8961,8.1375,5,1023.75,80.75,5.66,210,0,0,15,0
2022-12-27 15:30:00,8955,8.035,4.87,1023.5,80.5,5.66,210,0,0,10,0
2022-12-27 15:45:00,9010,7.9325,4.74,1023.25,80.25,5.66,210,0,0,5,0
2022-12-27 16:00:00,9120,7.83,4.61,1023,80,5.66,210,0,0,0,0
2022-12-27 16:15:00,9230,7.61,4.4425,1023,80.5,5.4025,207.5,0,0,0,0
2022-12-27 16:30:00,9320,7.39,4.275,1023,81,5.145,205,0,0,0,0
2022-12-27 16:45:00,9533,7.17,4.1075,1023,81.5,4.8875,202.5,0,0,0,0
2022-12-27 17:00:00,9786,6.95,3.94,1023,82,4.63,200,0,0,0,0
2022-12-27 17:15:00,9900,6.7925,3.5825,1023,82.5,5.015,197.5,0,0,0,0
2022-12-27 17:30:00,10026,6.635,3.225,1023,83,5.4,195,0,0,0,0
2022-12-27 17:45:00,10071,6.4775,2.8675,1023,83.5,5.785,192.5,0,0,0,0
2022-12-27 18:00:00,10041,6.32,2.51,1023,84,6.17,190,0,0,0,0
2022-12-27 18:15:00,9978,6.2175,2.3775,1022.75,84,6.17,190,0,0,0,0
2022-12-27 18:30:00,9958,6.115,2.245,1022.5,84,6.17,190,0,0,0,0
2022-12-27 18:45:00,9926,6.0125,2.1125,1022.25,84,6.17,190,0,0,0,0
2022-12-27 19:00:00,9833,5.91,1.98,1022,84,6.17,190,0,0,0,0
2022-12-27 19:15:00,9736,5.83,1.88,1022,84.25,6.17,190,0,0,0,0
2022-12-27 19:30:00,9649,5.75,1.78,1022,84.5,6.17,190,0,0,0,0
2022-12-27 19:45:00,9632,5.67,1.68,1022,84.75,6.17,190,0,0,0,0
2022-12-27 20:00:00,9369,5.59,1.58,1022,85,6.17,190,0,0,0,0
2022-12-27 20:15:00,9202,5.6725,1.635,1021.75,85,6.3,190,0,0,0,0
2022-12-27 20:30:00,9121,5.755,1.69,1021.5,85,6.43,190,0,0,0,0
2022-12-27 20:45:00,9180,5.8375,1.745,1021.25,85,6.56,190,0,0,0,0
2022-12-27 21:00:00,8944,5.92,1.8,1021,85,6.69,190,0,0,0,0
2022-12-27 21:15:00,8777,5.965,1.9075,1020.75,85.25,6.56,192.5,0,0,0,0
2022-12-27 21:30:00,8722,6.01,2.015,1020.5,85.5,6.43,195,0,0,0,0
2022-12-27 21:45:00,8680,6.055,2.1225,1020.25,85.75,6.3,197.5,0,0,0,0
2022-12-27 22:00:00,8682,6.1,2.23,1020,86,6.17,200,0,0,0,0
2022-12-27 22:15:00,8774,6.245,2.3675,1019.75,86,6.3,200,0,0,5,0
2022-12-27 22:30:00,8808,6.39,2.505,1019.5,86,6.43,200,0,0,10,0
2022-12-27 22:45:00,8779,6.535,2.6425,1019.25,86,6.56,200,0,0,15,0
2022-12-27 23:00:00,8806,6.68,2.78,1019,86,6.69,200,0,0,20,0
2022-12-27 23:15:00,8670,6.71,2.8175,1018.75,86,6.69,200,0,0,20,0
2022-12-27 23:30:00,8624,6.74,2.855,1018.5,86,6.69,200,0,0,20,0
2022-12-27 23:45:00,8562,6.77,2.8925,1018.25,86,6.69,200,0,0,20,0
2022-12-28 00:00:00,8414,6.8,2.93,1018,86,6.69,200,0,0,20,0
2022-12-28 00:15:00,8188,6.825,2.88,1017.75,86,6.9475,202.5,0,0,20,0
2022-12-28 00:30:00,8152,6.85,2.83,1017.5,86,7.205,205,0,0,20,0
2022-12-28 00:45:00,8047,6.875,2.78,1017.25,86,7.4625,207.5,0,0,20,0
2022-12-28 01:00:00,8116,6.9,2.73,1017,86,7.72,210,0,0,20,0
2022-12-28 01:15:00,7883,7.015,2.9175,1016.75,86,7.59,210,0,0,20,0
2022-12-28 01:30:00,7777,7.13,3.105,1016.5,86,7.46,210,0,0,20,0
2022-12-28 01:45:00,7796,7.245,3.2925,1016.25,86,7.33,210,0,0,20,0
2022-12-28 02:00:00,7531,7.36,3.48,1016,86,7.2,210,0,0,20,0
2022-12-28 02:15:00,7455,7.495,3.545,1015.75,86.25,7.5875,210,0,0,33.75,0
2022-12-28 02:30:00,7524,7.63,3.61,1015.5,86.5,7.975,210,0,0,47.5,0
2022-12-28 02:45:00,7441,7.765,3.675,1015.25,86.75,8.3625,210,0,0,61.25,0
2022-12-28 03:00:00,7250,7.9,3.74,1015,87,8.75,210,0,0,75,0
2022-12-28 03:15:00,7260,8,3.8075,1014.75,87.25,9.005,210,0,0,75,0
2022-12-28 03:30:00,7272,8.1,3.875,1014.5,87.5,9.26,210,0,0,75,0
2022-12-28 03:45:00,7264,8.2,3.9425,1014.25,87.75,9.515,210,0,0,75,0
2022-12-28 04:00:00,7365,8.3,4.01,1014,88,9.77,210,0,0,75,0
2022-12-28 04:15:00,7352,8.3275,4.0475,1014,88,9.77,210,0,0,75,0
2022-12-28 04:30:00,7369,8.355,4.085,1014,88,9.77,210,0,0,75,0
2022-12-28 04:45:00,7384,8.3825,4.1225,1014,88,9.77,210,0,0,75,0
2022-12-28 05:00:00,7386,8.41,4.16,1014,88,9.77,210,0,0,75,0
2022-12-28 05:15:00,7417,8.3825,4.1525,1013.75,88.75,9.6425,210,0,0,75,0
2022-12-28 05:30:00,7401,8.355,4.145,1013.5,89.5,9.515,210,0,0,75,0
2022-12-28 05:45:00,7486,8.3275,4.1375,1013.25,90.25,9.3875,210,0,0,75,0
2022-12-28 06:00:00,7892,8.3,4.13,1013,91,9.26,210,0,0,75,0
2022-12-28 06:15:00,7963,8.3875,4.345,1013,91,8.875,210,0,0,75,0
2022-12-28 06:30:00,8019,8.475,4.56,1013,91,8.49,210,0,0,75,0
2022-12-28 06:45:00,8112,8.5625,4.775,1013,91,8.105,210,0,0,75,0
2022-12-28 07:00:00,8324,8.65,4.99,1013,91,7.72,210,0,0,75,0
2022-12-28 07:15:00,8465,8.73,5.095,1013,90.5,7.72,212.5,0,0,75,0
2022-12-28 07:30:00,8796,8.81,5.2,1013,90,7.72,215,0,0,75,0
2022-12-28 07:45:00,8722,8.89,5.305,1013,89.5,7.72,217.5,0,0,75,0
2022-12-28 08:00:00,8894,8.97,5.41,1013,89,7.72,220,0,0,75,0
2022-12-28 08:15:00,9083,8.9675,5.3725,1013,89.25,7.8475,217.5,0,0,75,0
2022-12-28 08:30:00,9172,8.965,5.335,1013,89.5,7.975,215,0,0,75,0
2022-12-28 08:45:00,9220,8.9625,5.2975,1013,89.75,8.1025,212.5,0,0,75,0
2022-12-28 09:00:00,9219,8.96,5.26,1013,90,8.23,210,0,0,75,0
2022-12-28 09:15:00,9387,8.935,5.2975,1012.75,90.25,7.9725,210,0,0,75,0
2022-12-28 09:30:00,9481,8.91,5.335,1012.5,90.5,7.715,210,0,0,75,0
2022-12-28 09:45:00,9561,8.885,5.3725,1012.25,90.75,7.4575,210,0,0,75,0
2022-12-28 10:00:00,9705,8.86,5.41,1012,91,7.2,210,0,0,75,0
2022-12-28 10:15:00,9687,8.925,5.425,1012,91.25,7.4575,210,0,0,75,0
2022-12-28 10:30:00,9758,8.99,5.44,1012,91.5,7.715,210,0,0,75,0
2022-12-28 10:45:00,9766,9.055,5.455,1012,91.75,7.9725,210,0,0,75,0
2022-12-28 11:00:00,9848,9.12,5.47,1012,92,8.23,210,0,0,75,0
2022-12-28 11:15:00,9984,9.1125,5.4275,1012,91.5,8.36,212.5,0.03,0,75,0
2022-12-28 11:30:00,9930,9.105,5.385,1012,91,8.49,215,0.06,0,75,0
2022-12-28 11:45:00,10036,9.0975,5.3425,1012,90.5,8.62,217.5,0.09,0,75,0
2022-12-28 12:00:00,9854,9.09,5.3,1012,90,8.75,220,0.12,0,75,0
2022-12-28 12:15:00,9839,9.2625,5.5575,1011.75,89.25,8.62,217.5,0.09,0,75,0
2022-12-28 12:30:00,9824,9.435,5.815,1011.5,88.5,8.49,215,0.06,0,75,0
2022-12-28 12:45:00,9789,9.6075,6.0725,1011.25,87.75,8.36,212.5,0.03,0,75,0
2022-12-28 13:00:00,9687,9.78,6.33,1011,87,8.23,210,0,0,75,0
2022-12-28 13:15:00,9660,9.8475,7.0725,1010.75,86.25,8.23,210,0,0,75,0
2022-12-28 13:30:00,9643,9.915,7.815,1010.5,85.5,8.23,210,0,0,75,0
2022-12-28 13:45:00,9622,9.9825,8.5575,1010.25,84.75,8.23,210,0,0,75,0
2022-12-28 14:00:00,9539,10.05,9.3,1010,84,8.23,210,0,0,75,0
2022-12-28 14:15:00,9578,10.105,9.3425,1009.5,83.25,8.23,207.5,0,0,75,0
2022-12-28 14:30:00,9483,10.16,9.385,1009,82.5,8.23,205,0,0,75,0
2022-12-28 14:45:00,9398,10.215,9.4275,1008.5,81.75,8.23,202.5,0,0,75,0
2022-12-28 15:00:00,9419,10.27,9.47,1008,81,8.23,200,0,0,75,0
2022-12-28 15:15:00,9343,10.26,9.4575,1007.75,81,8.4875,200,0,0,75,0
2022-12-28 15:30:00,9370,10.25,9.445,1007.5,81,8.745,200,0,0,75,0
2022-12-28 15:45:00,9472,10.24,9.4325,1007.25,81,9.0025,200,0,0,75,0
2022-12-28 16:00:00,9553,10.23,9.42,1007,81,9.26,200,0,0,75,0
2022-12-28 16:15:00,9519,10.105,8.6,1006.75,82.25,9.1325,200,0.0325,0,75,0
2022-12-28 16:30:00,9633,9.98,7.78,1006.5,83.5,9.005,200,0.065,0,75,0
2022-12-28 16:45:00,9871,9.855,6.96,1006.25,84.75,8.8775,200,0.0975,0,75,0
2022-12-28 17:00:00,10023,9.73,6.14,1006,86,8.75,200,0.13,0,75,0
2022-12-28 17:15:00,10082,9.615,5.93,1005.75,86.5,9.005,200,0.1425,0,75,0
2022-12-28 17:30:00,10112,9.5,5.72,1005.5,87,9.26,200,0.155,0,75,0
2022-12-28 17:45:00,10124,9.385,5.51,1005.25,87.5,9.515,200,0.1675,0,75,0
2022-12-28 18:00:00,10169,9.27,5.3,1005,88,9.77,200,0.18,0,75,0
2022-12-28 18:15:00,10152,9.38,5.4175,1004.75,88.25,9.9,200,0.135,0,75,0
2022-12-28 18:30:00,10086,9.49,5.535,1004.5,88.5,10.03,200,0.09,0,75,0
2022-12-28 18:45:00,9955,9.6,5.6525,1004.25,88.75,10.16,200,0.045,0,75,0
2022-12-28 19:00:00,9761,9.71,5.77,1004,89,10.29,200,0,0,75,0
2022-12-28 19:15:00,9697,9.8375,6.74,1004,89.25,9.775,200,0,0,75,0
2022-12-28 19:30:00,9520,9.965,7.71,1004,89.5,9.26,200,0,0,75,0
2022-12-28 19:45:00,9434,10.0925,8.68,1004,89.75,8.745,200,0,0,75,0
2022-12-28 20:00:00,9209,10.22,9.65,1004,90,8.23,200,0,0,75,0
2022-12-28 20:15:00,9183,10.38,9.805,1003.75,89.25,8.615,202.5,0,0,75,0
2022-12-28 20:30:00,9071,10.54,9.96,1003.5,88.5,9,205,0,0,75,0
2022-12-28 20:45:00,9044,10.7,10.115,1003.25,87.75,9.385,207.5,0,0,75,0
2022-12-28 21:00:00,8924,10.86,10.27,1003,87,9.77,210,0,0,75,0
2022-12-28 21:15:00,8771,10.9575,10.3725,1003,86.75,9.6425,210,0,0,75,0
2022-12-28 21:30:00,8661,11.055,10.475,1003,86.5,9.515,210,0,0,75,0
2022-12-28 21:45:00,8647,11.1525,10.5775,1003,86.25,9.3875,210,0,0,75,0
2022-12-28 22:00:00,8666,11.25,10.68,1003,86,9.26,210,0,0,75,0
2022-12-28 22:15:00,8660,11.2675,10.6975,1003,86,9.26,210,0,0,75,0
2022-12-28 22:30:00,8670,11.285,10.715,1003,86,9.26,210,0,0,75,0
2022-12-28 22:45:00,8591,11.3025,10.7325,1003,86,9.26,210,0,0,75,0
2022-12-28 23:00:00,8575,11.32,10.75,1003,86,9.26,210,0,0,75,0
2022-12-28 23:15:00,8442,11.26,10.71,1002.75,87,9.26,212.5,0.06,0,75,0
2022-12-28 23:30:00,8463,11.2,10.67,1002.5,88,9.26,215,0.12,0,75,0
2022-12-28 23:45:00,8367,11.14,10.63,1002.25,89,9.26,217.5,0.18,0,75,0
2022-12-29 00:00:00,8199,11.08,10.59,1002,90,9.26,220,0.24,0,75,0
2022-12-29 00:15:00,8104,11.23,10.73,1001.75,89,9.5175,220,0.2325,0,75,0
2022-12-29 00:30:00,7958,11.38,10.87,1001.5,88,9.775,220,0.225,0,75,0
2022-12-29 00:45:00,7865,11.53,11.01,1001.25,87,10.0325,220,0.2175,0,75,0
2022-12-29 01:00:00,7793,11.68,11.15,1001,86,10.29,220,0.21,0,75,0
2022-12-29 01:15:00,7552,11.7075,11.155,1001,85,10.29,220,0.1575,0,75,0
2022-12-29 01:30:00,7442,11.735,11.16,1001,84,10.29,220,0.105,0,75,0
2022-12-29 01:45:00,7354,11.7625,11.165,1001,83,10.29,220,0.0525,0,75,0
2022-12-29 02:00:00,7275,11.79,11.17,1001,82,10.29,220,0,0,75,0
2022-12-29 02:15:00,7171,11.5725,10.9625,1001,83.25,10.16,217.5,0.0525,0,66.25,0
2022-12-29 02:30:00,7077,11.355,10.755,1001,84.5,10.03,215,0.105,0,57.5,0
2022-12-29 02:45:00,7054,11.1375,10.5475,1001,85.75,9.9,212.5,0.1575,0,48.75,0
2022-12-29 03:00:00,6970,10.92,10.34,1001,87,9.77,210,0.21,0,40,0
2022-12-29 03:15:00,6958,10.6975,10.115,1001,87.75,10.285,215,0.28,0,35,0
2022-12-29 03:30:00,7089,10.475,9.89,1001,88.5,10.8,220,0.35,0,30,0
2022-12-29 03:45:00,7045,10.2525,9.665,1001,89.25,11.315,225,0.42,0,25,0
2022-12-29 04:00:00,7085,10.03,9.44,1001,90,11.83,230,0.49,0,20,0
2022-12-29 04:15:00,7132,10.0275,9.425,1001,89.5,11.06,227.5,0.3675,0,15,0
2022-12-29 04:30:00,7138,10.025,9.41,1001,89,10.29,225,0.245,0,10,0
2022-12-29 04:45:00,7139,10.0225,9.395,1001,88.5,9.52,222.5,0.1225,0,5,0
2022-12-29 05:00:00,7395,10.02,9.38,1001,88,8.75,220,0,0,0,0
2022-12-29 05:15:00,7500,10.0325,9.38,1001,87.5,8.3625,220,0,0,18.75,0
2022-12-29 05:30:00,7543,10.045,9.38,1001,87,7.975,220,0,0,37.5,0
2022-12-29 05:45:00,7565,10.0575,9.38,1001,86.5,7.5875,220,0,0,56.25,0
2022-12-29 06:00:00,7756,10.07,9.38,1001,86,7.2,220,0,0,75,0
2022-12-29 06:15:00,7969,10.19,9.485,1001,85,7.5875,220,0,0,75,0
2022-12-29 06:30:00,8055,10.31,9.59,1001,84,7.975,220,0,0,75,0
2022-12-29 06:45:00,8128,10.43,9.695,1001,83,8.3625,220,0,0,75,0
2022-12-29 07:00:00,8266,10.55,9.8,1001,82,8.75,220,0,0,75,0
2022-12-29 07:15:00,8379,10.5,9.725,1001.25,81.25,9.005,222.5,0,0,75,0
2022-12-29 07:30:00,8452,10.45,9.65,1001.5,80.5,9.26,225,0,0,75,0
2022-12-29 07:45:00,8630,10.4,9.575,1001.75,79.75,9.515,227.5,0,0,75,0
2022-12-29 08:00:00,8829,10.35,9.5,1002,79,9.77,230,0,0,75,0
2022-12-29 08:15:00,8976,10.3475,9.4925,1002,78.75,10.1575,227.5,0,0,75,0
2022-12-29 08:30:00,9037,10.345,9.485,1002,78.5,10.545,225,0,0,75,0
2022-12-29 08:45:00,9067,10.3425,9.4775,1002,78.25,10.9325,222.5,0,0,75,0
2022-12-29 09:00:00,9178,10.34,9.47,1002,78,11.32,220,0,0,75,0
2022-12-29 09:15:00,9265,10.3225,9.45,1002.25,78,11.32,220,0,0,75,0
2022-12-29 09:30:00,9308,10.305,9.43,1002.5,78,11.32,220,0,0,75,0
2022-12-29 09:45:00,9352,10.2875,9.41,1002.75,78,11.32,220,0,0,75,0
2022-12-29 10:00:00,9480,10.27,9.39,1003,78,11.32,220,0,0,75,0
2022-12-29 10:15:00,9411,10.195,8.495,1003.25,78.5,11.4475,222.5,0.045,0,75,0
2022-12-29 10:30:00,9538,10.12,7.6,1003.5,79,11.575,225,0.09,0,75,0
2022-12-29 10:45:00,9510,10.045,6.705,1003.75,79.5,11.7025,227.5,0.135,0,75,0
2022-12-29 11:00:00,9501,9.97,5.81,1004,80,11.83,230,0.18,0,75,0
2022-12-29 11:15:00,9405,10.0925,6.745,1004.25,79,11.5725,230,0.135,0,75,0
2022-12-29 11:30:00,9544,10.215,7.68,1004.5,78,11.315,230,0.09,0,75,0
2022-12-29 11:45:00,9710,10.3375,8.615,1004.75,77,11.0575,230,0.045,0,75,0
2022-12-29 12:00:00,9669,10.46,9.55,1005,76,10.8,230,0,0,75,0
2022-12-29 12:15:00,9647,10.4,9.5025,1005.25,76.75,10.6725,230,0,0,75,0
2022-12-29 12:30:00,9558,10.34,9.455,1005.5,77.5,10.545,230,0,0,75,0
2022-12-29 12:45:00,9515,10.28,9.4075,1005.75,78.25,10.4175,230,0,0,75,0
2022-12-29 13:00:00,9516,10.22,9.36,1006,79,10.29,230,0,0,75,0
2022-12-29 13:15:00,9452,10.1675,9.315,1006,79.5,9.6475,227.5,0,0,75,0
2022-12-29 13:30:00,9473,10.115,9.27,1006,80,9.005,225,0,0,75,0
2022-12-29 13:45:00,9434,10.0625,9.225,1006,80.5,8.3625,222.5,0,0,75,0
2022-12-29 14:00:00,9349,10.01,9.18,1006,81,7.72,220,0,0,75,0
2022-12-29 14:15:00,9292,10.025,9.185,1006,80.5,8.105,222.5,0,0,75,0
2022-12-29 14:30:00,9272,10.04,9.19,1006,80,8.49,225,0,0,75,0
2022-12-29 14:45:00,9194,10.055,9.195,1006,79.5,8.875,227.5,0,0,75,0
2022-12-29 15:00:00,9271,10.07,9.2,1006,79,9.26,230,0,0,75,0
2022-12-29 15:15:00,9235,9.6625,8.1575,1006,80.25,8.6175,232.5,0,0,66.25,0
2022-12-29 15:30:00,9328,9.255,7.115,1006,81.5,7.975,235,0,0,57.5,0
2022-12-29 15:45:00,9214,8.8475,6.0725,1006,82.75,7.3325,237.5,0,0,48.75,0
2022-12-29 16:00:00,9320,8.44,5.03,1006,84,6.69,240,0,0,40,0
2022-12-29 16:15:00,9414,8.28,4.87,1006.25,84.75,6.56,237.5,0,0,48.75,0
2022-12-29 16:30:00,9442,8.12,4.71,1006.5,85.5,6.43,235,0,0,57.5,0
2022-12-29 16:45:00,9668,7.96,4.55,1006.75,86.25,6.3,232.5,0,0,66.25,0
2022-12-29 17:00:00,9835,7.8,4.39,1007,87,6.17,230,0,0,75,0
2022-12-29 17:15:00,9870,7.715,4.38,1007,87,5.9125,227.5,0,0,56.25,0
2022-12-29 17:30:00,10008,7.63,4.37,1007,87,5.655,225,0,0,37.5,0
2022-12-29 17:45:00,10057,7.545,4.36,1007,87,5.3975,222.5,0,0,18.75,0
2022-12-29 18:00:00,10075,7.46,4.35,1007,87,5.14,220,0,0,0,0
2022-12-29 18:15:00,10027,7.5,4.2175,1007.25,86,5.655,222.5,0,0,10,0
2022-12-29 18:30:00,9974,7.54,4.085,1007.5,85,6.17,225,0,0,20,0
2022-12-29 18:45:00,9921,7.58,3.9525,1007.75,84,6.685,227.5,0,0,30,0
2022-12-29 19:00:00,9818,7.62,3.82,1008,83,7.2,230,0,0,40,0
2022-12-29 19:15:00,9720,7.6575,3.7575,1008.25,82.5,7.5875,230,0,0,30,0
2022-12-29 19:30:00,9603,7.695,3.695,1008.5,82,7.975,230,0,0,20,0
2022-12-29 19:45:00,9537,7.7325,3.6325,1008.75,81.5,8.3625,230,0,0,10,0
2022-12-29 20:00:00,9300,7.77,3.57,1009,81,8.75,230,0,0,0,0
2022-12-29 20:15:00,9218,7.7575,3.5525,1009,81,8.75,230,0,0,0,0
2022-12-29 20:30:00,9095,7.745,3.535,1009,81,8.75,230,0,0,0,0
2022-12-29 20:45:00,9057,7.7325,3.5175,1009,81,8.75,230,0,0,0,0
2022-12-29 21:00:00,9055,7.72,3.5,1009,81,8.75,230,0,0,0,0
2022-12-29 21:15:00,8823,7.7125,3.49,1009,81,8.75,230,0,0,0,0
2022-12-29 21:30:00,8705,7.705,3.48,1009,81,8.75,230,0,0,0,0
2022-12-29 21:45:00,8663,7.6975,3.47,1009,81,8.75,230,0,0,0,0
2022-12-29 22:00:00,8769,7.69,3.46,1009,81,8.75,230,0,0,0,0
2022-12-29 22:15:00,8851,7.5225,3.355,1009.25,81,8.3625,230,0,0,0,0
2022-12-29 22:30:00,8866,7.355,3.25,1009.5,81,7.975,230,0,0,0,0
2022-12-29 22:45:00,8902,7.1875,3.145,1009.75,81,7.5875,230,0,0,0,0
2022-12-29 23:00:00,8895,7.02,3.04,1010,81,7.2,230,0,0,0,0
2022-12-29 23:15:00,8745,6.9375,2.9775,1010,81.5,7.0725,230,0,0,0,0
2022-12-29 23:30:00,8698,6.855,2.915,1010,82,6.945,230,0,0,0,0
2022-12-29 23:45:00,8539,6.7725,2.8525,1010,82.5,6.8175,230,0,0,0,0
2022-12-30 00:00:00,8498,6.69,2.79,1010,83,6.69,230,0,0,0,0
2022-12-30 00:15:00,8228,6.68,2.825,1010,82.75,6.56,227.5,0,0,0,0
2022-12-30 00:30:00,8063,6.67,2.86,1010,82.5,6.43,225,0,0,0,0
2022-12-30 00:45:00,8000,6.66,2.895,1010,82.25,6.3,222.5,0,0,0,0
2022-12-30 01:00:00,7714,6.65,2.93,1010,82,6.17,220,0,0,0,0
2022-12-30 01:15:00,7574,6.4975,2.84,1010.25,82.5,5.9125,217.5,0,0,0,0
2022-12-30 01:30:00,7510,6.345,2.75,1010.5,83,5.655,215,0,0,0,0
2022-12-30 01:45:00,7587,6.1925,2.66,1010.75,83.5,5.3975,212.5,0,0,0,0
2022-12-30 02:00:00,7321,6.04,2.57,1011,84,5.14,210,0,0,0,0
2022-12-30 02:15:00,7198,5.9525,2.5225,1011,84.5,5.0125,210,0,0,0,0
2022-12-30 02:30:00,7184,5.865,2.475,1011,85,4.885,210,0,0,0,0
2022-12-30 02:45:00,7378,5.7775,2.4275,1011,85.5,4.7575,210,0,0,0,0
2022-12-30 03:00:00,7284,5.69,2.38,1011,86,4.63,210,0,0,0,0
2022-12-30 03:15:00,7148,5.625,2.365,1010.75,86.25,4.5025,207.5,0,0,0,0
2022-12-30 03:30:00,7084,5.56,2.35,1010.5,86.5,4.375,205,0,0,0,0
2022-12-30 03:45:00,7109,5.495,2.335,1010.25,86.75,4.2475,202.5,0,0,0,0
2022-12-30 04:00:00,7206,5.43,2.32,1010,87,4.12,200,0,0,0,0
2022-12-30 04:15:00,7268,5.33,2.1975,1010,87.5,4.12,197.5,0,0,0,0
2022-12-30 04:30:00,7227,5.23,2.075,1010,88,4.12,195,0,0,0,0
2022-12-30 04:45:00,7228,5.13,1.9525,1010,88.5,4.12,192.5,0,0,0,0
2022-12-30 05:00:00,7396,5.03,1.83,1010,89,4.12,190,0,0,0,0
2022-12-30 05:15:00,7379,5.05,1.6675,1010,89.25,4.505,187.5,0,0,0,0
2022-12-30 05:30:00,7553,5.07,1.505,1010,89.5,4.89,185,0,0,0,0
2022-12-30 05:45:00,7599,5.09,1.3425,1010,89.75,5.275,182.5,0,0,0,0
2022-12-30 06:00:00,7895,5.11,1.18,1010,90,5.66,180,0,0,0,0
2022-12-30 06:15:00,8043,5.17,1.3125,1009.75,90.25,5.53,180,0,0,10,0
2022-12-30 06:30:00,8169,5.23,1.445,1009.5,90.5,5.4,180,0,0,20,0
2022-12-30 06:45:00,8204,5.29,1.5775,1009.25,90.75,5.27,180,0,0,30,0
2022-12-30 07:00:00,8219,5.35,1.71,1009,91,5.14,180,0,0,40,0
2022-12-30 07:15:00,8374,5.5275,1.735,1008.75,90.75,5.655,180,0,0,48.75,0
2022-12-30 07:30:00,8585,5.705,1.76,1008.5,90.5,6.17,180,0,0,57.5,0
2022-12-30 07:45:00,8726,5.8825,1.785,1008.25,90.25,6.685,180,0,0,66.25,0
2022-12-30 08:00:00,8826,6.06,1.81,1008,90,7.2,180,0,0,75,0
2022-12-30 08:15:00,8979,6.135,1.95,1007.75,89.75,7.0725,177.5,0,0,66.25,0
2022-12-30 08:30:00,9104,6.21,2.09,1007.5,89.5,6.945,175,0,0,57.5,0
2022-12-30 08:45:00,9171,6.285,2.23,1007.25,89.25,6.8175,172.5,0,0,48.75,0
2022-12-30 09:00:00,9223,6.36,2.37,1007,89,6.69,170,0,0,40,0
2022-12-30 09:15:00,9307,6.585,2.615,1006.75,88.75,6.8175,172.5,0,0,35,0
2022-12-30 09:30:00,9404,6.81,2.86,1006.5,88.5,6.945,175,0,0,30,0
2022-12-30 09:45:00,9468,7.035,3.105,1006.25,88.25,7.0725,177.5,0,0,25,0
2022-12-30 10:00:00,9419,7.26,3.35,1006,88,7.2,180,0,0,20,0
2022-12-30 10:15:00,9578,7.465,3.505,1005.75,87,7.5875,180,0,0,20,0
2022-12-30 10:30:00,9596,7.67,3.66,1005.5,86,7.975,180,0,0,20,0
2022-12-30 10:45:00,9543,7.875,3.815,1005.25,85,8.3625,180,0,0,20,0
2022-12-30 11:00:00,9693,8.08,3.97,1005,84,8.75,180,0,0,20,0
2022-12-30 11:15:00,9714,8.3075,4.3025,1004.5,83.5,8.62,180,0,0,20,0
2022-12-30 11:30:00,9713,8.535,4.635,1004,83,8.49,180,0,0,20,0
2022-12-30 11:45:00,9801,8.7625,4.9675,1003.5,82.5,8.36,180,0,0,20,0
2022-12-30 12:00:00,9823,8.99,5.3,1003,82,8.23,180,0,0,20,0
2022-12-30 12:15:00,9735,8.84,5.1775,1002.5,83.5,7.9725,180,0.5125,0,33.75,0
2022-12-30 12:30:00,9733,8.69,5.055,1002,85,7.715,180,1.025,0,47.5,0
2022-12-30 12:45:00,9755,8.54,4.9325,1001.5,86.5,7.4575,180,1.5375,0,61.25,0
2022-12-30 13:00:00,9797,8.39,4.81,1001,88,7.2,180,2.05,0,75,0
2022-12-30 13:15:00,9758,8.435,4.83,1000.5,89,7.33,177.5,1.575,0,75,0
2022-12-30 13:30:00,9684,8.48,4.85,1000,90,7.46,175,1.1,0,75,0
2022-12-30 13:45:00,9669,8.525,4.87,999.5,91,7.59,172.5,0.625,0,75,0
2022-12-30 14:00:00,9623,8.57,4.89,999,92,7.72,170,0.15,0,75,0
2022-12-30 14:15:00,9590,8.815,5.085,998.75,91.75,8.2325,177.5,0.1125,0,75,0
2022-12-30 14:30:00,9537,9.06,5.28,998.5,91.5,8.745,185,0.075,0,75,0
2022-12-30 14:45:00,9567,9.305,5.475,998.25,91.25,9.2575,192.5,0.0375,0,75,0
2022-12-30 15:00:00,9562,9.55,5.67,998,91,9.77,200,0,0,75,0
2022-12-30 15:15:00,9512,9.865,6.8325,998,91,10.0275,202.5,0,0,75,0
2022-12-30 15:30:00,9484,10.18,7.995,998,91,10.285,205,0,0,75,0
2022-12-30 15:45:00,9408,10.495,9.1575,998,91,10.5425,207.5,0,0,75,0
2022-12-30 16:00:00,9521,10.81,10.32,998,91,10.8,210,0,0,75,0
2022-12-30 16:15:00,9578,11.0925,10.6325,998.25,91,10.415,210,0,0,75,0
2022-12-30 16:30:00,9618,11.375,10.945,998.5,91,10.03,210,0,0,75,0
2022-12-30 16:45:00,9709,11.6575,11.2575,998.75,91,9.645,210,0,0,75,0
2022-12-30 17:00:00,9883,11.94,11.57,999,91,9.26,210,0,0,75,0
2022-12-30 17:15:00,9912,12.16,11.805,999.25,90.75,9.1325,215,0,0,75,0
2022-12-30 17:30:00,9933,12.38,12.04,999.5,90.5,9.005,220,0,0,75,0
2022-12-30 17:45:00,9961,12.6,12.275,999.75,90.25,8.8775,225,0,0,75,0
2022-12-30 18:00:00,9953,12.82,12.51,1000,90,8.75,230,0,0,75,0
2022-12-30 18:15:00,9930,12.8725,12.5675,1000.25,90,8.3625,230,0,0,75,0
2022-12-30 18:30:00,9873,12.925,12.625,1000.5,90,7.975,230,0,0,75,0
2022-12-30 18:45:00,9696,12.9775,12.6825,1000.75,90,7.5875,230,0,0,75,0
2022-12-30 19:00:00,9558,13.03,12.74,1001,90,7.2,230,0,0,75,0
2022-12-30 19:15:00,9351,13.0675,12.78,1001.25,90,7.0725,227.5,0,0,75,0
2022-12-30 19:30:00,9278,13.105,12.82,1001.5,90,6.945,225,0,0,75,0
2022-12-30 19:45:00,9287,13.1425,12.86,1001.75,90,6.8175,222.5,0,0,75,0
2022-12-30 20:00:00,8978,13.18,12.9,1002,90,6.69,220,0,0,75,0
2022-12-30 20:15:00,8870,13.24,12.96,1002.25,89.75,7.075,220,0,0,66.25,0
2022-12-30 20:30:00,8797,13.3,13.02,1002.5,89.5,7.46,220,0,0,57.5,0
2022-12-30 20:45:00,8682,13.36,13.08,1002.75,89.25,7.845,220,0,0,48.75,0
2022-12-30 21:00:00,8538,13.42,13.14,1003,89,8.23,220,0,0,40,0
2022-12-30 21:15:00,8523,13.41,13.1425,1003,89.5,8.23,220,0.045,0,48.75,0
2022-12-30 21:30:00,8426,13.4,13.145,1003,90,8.23,220,0.09,0,57.5,0
2022-12-30 21:45:00,8386,13.39,13.1475,1003,90.5,8.23,220,0.135,0,66.25,0
2022-12-30 22:00:00,8400,13.38,13.15,1003,91,8.23,220,0.18,0,75,0
2022-12-30 22:15:00,8539,13.515,13.28,1003.25,90.25,7.715,220,0.135,0,75,0
2022-12-30 22:30:00,8533,13.65,13.41,1003.5,89.5,7.2,220,0.09,0,75,0
2022-12-30 22:45:00,8515,13.785,13.54,1003.75,88.75,6.685,220,0.045,0,75,0
2022-12-30 23:00:00,8430,13.92,13.67,1004,88,6.17,220,0,0,75,0
2022-12-30 23:15:00,8310,13.89,13.65,1004,88.5,6.815,217.5,0,0,75,0
2022-12-30 23:30:00,8241,13.86,13.63,1004,89,7.46,215,0,0,75,0
2022-12-30 23:45:00,8186,13.83,13.61,1004,89.5,8.105,212.5,0,0,75,0
2022-12-31 00:00:00,7977,13.8,13.59,1004,90,8.75,210,0,0,75,0
2022-12-31 00:15:00,7805,13.81,13.6125,1003.75,90.5,8.75,210,0.0375,0,75,0
2022-12-31 00:30:00,7690,13.82,13.635,1003.5,91,8.75,210,0.075,0,75,0
2022-12-31 00:45:00,7561,13.83,13.6575,1003.25,91.5,8.75,210,0.1125,0,75,0
2022-12-31 01:00:00,7421,13.84,13.68,1003,92,8.75,210,0.15,0,75,0
2022-12-31 01:15:00,7341,14.07,13.9,1002.75,90.75,9.52,210,0.1125,0,75,0
2022-12-31 01:30:00,7307,14.3,14.12,1002.5,89.5,10.29,210,0.075,0,75,0
2022-12-31 01:45:00,7465,14.53,14.34,1002.25,88.25,11.06,210,0.0375,0,75,0
2022-12-31 02:00:00,7076,14.76,14.56,1002,87,11.83,210,0,0,75,0
2022-12-31 02:15:00,7239,14.62,14.4275,1002.5,87.75,10.545,220,0,0,75,0
2022-12-31 02:30:00,7180,14.48,14.295,1003,88.5,9.26,230,0,0,75,0
2022-12-31 02:45:00,6937,14.34,14.1625,1003.5,89.25,7.975,240,0,0,75,0
2022-12-31 03:00:00,6859,14.2,14.03,1004,90,6.69,250,0,0,75,0
2022-12-31 03:15:00,6815,14.3575,14.195,1004,89.75,7.8475,242.5,0,0,75,0
2022-12-31 03:30:00,6692,14.515,14.36,1004,89.5,9.005,235,0,0,75,0
2022-12-31 03:45:00,6519,14.6725,14.525,1004,89.25,10.1625,227.5,0,0,75,0
2022-12-31 04:00:00,6534,14.83,14.69,1004,89,11.32,220,0,0,75,0
2022-12-31 04:15:00,6459,14.965,14.8125,1003.75,88,11.5775,217.5,0.0325,0,75,0
2022-12-31 04:30:00,6372,15.1,14.935,1003.5,87,11.835,215,0.065,0,75,0
2022-12-31 04:45:00,6422,15.235,15.0575,1003.25,86,12.0925,212.5,0.0975,0,75,0
2022-12-31 05:00:00,6630,15.37,15.18,1003,85,12.35,210,0.13,0,75,0
2022-12-31 05:15:00,6621,15.465,15.2725,1003.25,84.5,12.6075,212.5,0.0975,0,75,0
2022-12-31 05:30:00,6573,15.56,15.365,1003.5,84,12.865,215,0.065,0,75,0
2022-12-31 05:45:00,6646,15.655,15.4575,1003.75,83.5,13.1225,217.5,0.0325,0,75,0
2022-12-31 06:00:00,6831,15.75,15.55,1004,83,13.38,220,0,0,75,0
2022-12-31 06:15:00,6888,15.8625,15.66,1004.25,82.5,13.1225,220,0,0,75,0
2022-12-31 06:30:00,6962,15.975,15.77,1004.5,82,12.865,220,0,0,75,0
2022-12-31 06:45:00,7049,16.0875,15.88,1004.75,81.5,12.6075,220,0,0,75,0
2022-12-31 07:00:00,7084,16.2,15.99,1005,81,12.35,220,0,0,75,0
2022-12-31 07:15:00,7194,16.1275,15.9175,1005,81.25,12.35,220,0,0,75,0
2022-12-31 07:30:00,7297,16.055,15.845,1005,81.5,12.35,220,0,0,75,0
2022-12-31 07:45:00,7360,15.9825,15.7725,1005,81.75,12.35,220,0,0,75,0
2022-12-31 08:00:00,7581,15.91,15.7,1005,82,12.35,220,0,0,75,0
2022-12-31 08:15:00,7671,15.8375,15.6325,1005.25,82.5,12.4775,220,0,0,75,0
2022-12-31 08:30:00,7801,15.765,15.565,1005.5,83,12.605,220,0,0,75,0
2022-12-31 08:45:00,7821,15.6925,15.4975,1005.75,83.5,12.7325,220,0,0,75,0
2022-12-31 09:00:00,7961,15.62,15.43,1006,84,12.86,220,0,0,75,0
2022-12-31 09:15:00,8081,15.725,15.525,1006.25,83.25,12.475,220,0,0,75,0
2022-12-31 09:30:00,8171,15.83,15.62,1006.5,82.5,12.09,220,0,0,75,0
2022-12-31 09:45:00,8291,15.935,15.715,1006.75,81.75,11.705,220,0,0,75,0
2022-12-31 10:00:00,8394,16.04,15.81,1007,81,11.32,220,0,0,75,0
2022-12-31 10:15:00,8420,16.04,15.81,1007,81,11.19,220,0.03,0,75,0
2022-12-31 10:30:00,8476,16.04,15.81,1007,81,11.06,220,0.06,0,75,0
2022-12-31 10:45:00,8539,16.04,15.81,1007,81,10.93,220,0.09,0,75,0
2022-12-31 11:00:00,8567,16.04,15.81,1007,81,10.8,220,0.12,0,75,0
2022-12-31 11:15:00,8620,16.1075,15.865,1007.25,80.25,10.2875,220,0.09,0,75,0
2022-12-31 11:30:00,8698,16.175,15.92,1007.5,79.5,9.775,220,0.06,0,75,0
2022-12-31 11:45:00,8719,16.2425,15.975,1007.75,78.75,9.2625,220,0.03,0,75,0
2022-12-31 12:00:00,8742,16.31,16.03,1008,78,8.75,220,0,0,75,0
2022-12-31 12:15:00,8715,16.2375,15.97,1008,78.75,9.52,217.5,0,0,75,0
2022-12-31 12:30:00,8731,16.165,15.91,1008,79.5,10.29,215,0,0,75,0
2022-12-31 12:45:00,8720,16.0925,15.85,1008,80.25,11.06,212.5,0,0,75,0
2022-12-31 13:00:00,8747,16.02,15.79,1008,81,11.83,210,0,0,75,0
2022-12-31 13:15:00,8712,15.9925,15.74,1008,80.25,11.5725,212.5,0,0,66.25,0
2022-12-31 13:30:00,8657,15.965,15.69,1008,79.5,11.315,215,0,0,57.5,0
2022-12-31 13:45:00,8623,15.9375,15.64,1008,78.75,11.0575,217.5,0,0,48.75,0
2022-12-31 14:00:00,8613,15.91,15.59,1008,78,10.8,220,0,0,40,0
2022-12-31 14:15:00,8539,15.91,15.5775,1008,77.5,10.5425,217.5,0,0,30,0
2022-12-31 14:30:00,8497,15.91,15.565,1008,77,10.285,215,0,0,20,0
2022-12-31 14:45:00,8464,15.91,15.5525,1008,76.5,10.0275,212.5,0,0,10,0
2022-12-31 15:00:00,8530,15.91,15.54,1008,76,9.77,210,0,0,0,0
2022-12-31 15:15:00,8511,15.8,15.42,1008,76,9.515,210,0,0,0,0
2022-12-31 15:30:00,8493,15.69,15.3,1008,76,9.26,210,0,0,0,0
2022-12-31 15:45:00,8477,15.58,15.18,1008,76,9.005,210,0,0,0,0
2022-12-31 16:00:00,8516,15.47,15.06,1008,76,8.75,210,0,0,0,0
2022-12-31 16:15:00,8552,15.51,15.07,1007.75,74.75,8.8775,210,0,0,0,0
2022-12-31 16:30:00,8623,15.55,15.08,1007.5,73.5,9.005,210,0,0,0,0
2022-12-31 16:45:00,8755,15.59,15.09,1007.25,72.25,9.1325,210,0,0,0,0
2022-12-31 17:00:00,8973,15.63,15.1,1007,71,9.26,210,0,0,0,0
2022-12-31 17:15:00,8981,15.52,14.9475,1007,69.75,9.3875,210,0,0,0,0
2022-12-31 17:30:00,8958,15.41,14.795,1007,68.5,9.515,210,0,0,0,0
2022-12-31 17:45:00,8947,15.3,14.6425,1007,67.25,9.6425,210,0,0,0,0
2022-12-31 18:00:00,8942,15.19,14.49,1007,66,9.77,210,0,0,0,0
2022-12-31 18:15:00,8875,15.255,14.5475,1007,65.5,9.515,207.5,0,0,0,0
2022-12-31 18:30:00,8845,15.32,14.605,1007,65,9.26,205,0,0,0,0
2022-12-31 18:45:00,8853,15.385,14.6625,1007,64.5,9.005,202.5,0,0,0,0
2022-12-31 19:00:00,8683,15.45,14.72,1007,64,8.75,200,0,0,0,0
2022-12-31 19:15:00,8510,15.5475,14.795,1007,62.75,9.7775,202.5,0,0,0,0
2022-12-31 19:30:00,8479,15.645,14.87,1007,61.5,10.805,205,0,0,0,0
2022-12-31 19:45:00,8472,15.7425,14.945,1007,60.25,11.8325,207.5,0,0,0,0
2022-12-31 20:00:00,8298,15.84,15.02,1007,59,12.86,210,0,0,0,0
2022-12-31 20:15:00,8171,15.7925,14.975,1007.25,59.25,12.475,212.5,0,0,0,0
2022-12-31 20:30:00,8135,15.745,14.93,1007.5,59.5,12.09,215,0,0,0,0
2022-12-31 20:45:00,8083,15.6975,14.885,1007.75,59.75,11.705,217.5,0,0,0,0
2022-12-31 21:00:00,7964,15.65,14.84,1008,60,11.32,220,0,0,0,0
2022-12-31 21:15:00,7865,15.645,14.8275,1008,59.75,11.19,217.5,0,0,0,0
2022-12-31 21:30:00,7811,15.64,14.815,1008,59.5,11.06,215,0,0,0,0
2022-12-31 21:45:00,7745,15.635,14.8025,1008,59.25,10.93,212.5,0,0,0,0
2022-12-31 22:00:00,7794,15.63,14.79,1008,59,10.8,210,0,0,0,0
2022-12-31 22:15:00,7866,15.6175,14.775,1008.25,59,10.8,212.5,0,0,0,0
2022-12-31 22:30:00,7770,15.605,14.76,1008.5,59,10.8,215,0,0,0,0
2022-12-31 22:45:00,7746,15.5925,14.745,1008.75,59,10.8,217.5,0,0,0,0
2022-12-31 23:00:00,7810,15.58,14.73,1009,59,10.8,220,0,0,0,0
2022-12-31 23:15:00,7708,15.7025,14.84,1009,58,11.1875,222.5,0,0,0,0
2022-12-31 23:30:00,7609,15.825,14.95,1009,57,11.575,225,0,0,0,0
2022-12-31 23:45:00,7493,15.9475,15.06,1009,56,11.9625,227.5,0,0,0,0
2023-01-01 00:00:00,7547,16.07,15.17,1009,55,12.35,230,0,0,0,1
2023-01-01 00:15:00,7420,15.9,14.99,1009,55.25,11.9625,227.5,0,0,0,1
2023-01-01 00:30:00,7300,15.73,14.81,1009,55.5,11.575,225,0,0,0,1
2023-01-01 00:45:00,7247,15.56,14.63,1009,55.75,11.1875,222.5,0,0,0,1
2023-01-01 01:00:00,7224,15.39,14.45,1009,56,10.8,220,0,0,0,1
2023-01-01 01:15:00,7104,15.3025,14.36,1009.25,56.25,10.5425,220,0,0,0,1
2023-01-01 01:30:00,7057,15.215,14.27,1009.5,56.5,10.285,220,0,0,0,1
2023-01-01 01:45:00,6947,15.1275,14.18,1009.75,56.75,10.0275,220,0,0,0,1
2023-01-01 02:00:00,6896,15.04,14.09,1010,57,9.77,220,0,0,0,1
2023-01-01 02:15:00,6843,14.99,14.055,1010,57.75,9.77,220,0,0,24.5,1
2023-01-01 02:30:00,6781,14.94,14.02,1010,58.5,9.77,220,0,0,49,1
2023-01-01 02:45:00,6761,14.89,13.985,1010,59.25,9.77,220,0,0,73.5,1
2023-01-01 03:00:00,6671,14.84,13.95,1010,60,9.77,220,0,0,98,1
2023-01-01 03:15:00,6576,14.7175,13.835,1010,60.75,9.6425,217.5,0,0,73.5,1
2023-01-01 03:30:00,6639,14.595,13.72,1010,61.5,9.515,215,0,0,49,1
2023-01-01 03:45:00,6468,14.4725,13.605,1010,62.25,9.3875,212.5,0,0,24.5,1
2023-01-01 04:00:00,6433,14.35,13.49,1010,63,9.26,210,0,0,0,1
2023-01-01 04:15:00,6437,14.2725,13.4375,1010.25,64.25,9.3875,212.5,0.0525,0,0,1
2023-01-01 04:30:00,6440,14.195,13.385,1010.5,65.5,9.515,215,0.105,0,0,1
2023-01-01 04:45:00,6413,14.1175,13.3325,1010.75,66.75,9.6425,217.5,0.1575,0,0,1
2023-01-01 05:00:00,6491,14.04,13.28,1011,68,9.77,220,0.21,0,0,1
2023-01-01 05:15:00,6435,14.01,13.2525,1011,68.25,9.515,220,0.1575,0,0,1
2023-01-01 05:30:00,6459,13.98,13.225,1011,68.5,9.26,220,0.105,0,0,1
2023-01-01 05:45:00,6472,13.95,13.1975,1011,68.75,9.005,220,0.0525,0,0,1
2023-01-01 06:00:00,6596,13.92,13.17,1011,69,8.75,220,0,0,0,1
2023-01-01 06:15:00,6655,13.87,13.1275,1011.25,69.5,8.62,220,0,0,10,1
2023-01-01 06:30:00,6645,13.82,13.085,1011.5,70,8.49,220,0,0,20,1
2023-01-01 06:45:00,6640,13.77,13.0425,1011.75,70.5,8.36,220,0,0,30,1
2023-01-01 07:00:00,6645,13.72,13,1012,71,8.23,220,0,0,40,1
2023-01-01 07:15:00,6698,13.5375,12.8325,1012.25,72.25,8.36,220,0,0,48.75,1
2023-01-01 07:30:00,6745,13.355,12.665,1012.5,73.5,8.49,220,0,0,57.5,1
2023-01-01 07:45:00,6776,13.1725,12.4975,1012.75,74.75,8.62,220,0,0,66.25,1
2023-01-01 08:00:00,6813,12.99,12.33,1013,76,8.75,220,0,0,75,1
2023-01-01 08:15:00,6845,12.985,12.325,1013.25,76,8.8775,220,0,0,66.25,1
2023-01-01 08:30:00,6838,12.98,12.32,1013.5,76,9.005,220,0,0,57.5,1
2023-01-01 08:45:00,6816,12.975,12.315,1013.75,76,9.1325,220,0,0,48.75,1
2023-01-01 09:00:00,6946,12.97,12.31,1014,76,9.26,220,0,0,40,1
2023-01-01 09:15:00,6940,12.95,12.295,1014.25,76.25,8.875,220,0,0,35,1
2023-01-01 09:30:00,7052,12.93,12.28,1014.5,76.5,8.49,220,0,0,30,1
2023-01-01 09:45:00,7094,12.91,12.265,1014.75,76.75,8.105,220,0,0,25,1
2023-01-01 10:00:00,7238,12.89,12.25,1015,77,7.72,220,0,0,20,1
2023-01-01 10:15:00,7271,12.955,12.315,1015,76.75,7.72,222.5,0,0,20,1
2023-01-01 10:30:00,7396,13.02,12.38,1015,76.5,7.72,225,0,0,20,1
2023-01-01 10:45:00,7464,13.085,12.445,1015,76.25,7.72,227.5,0,0,20,1
2023-01-01 11:00:00,7677,13.15,12.51,1015,76,7.72,230,0,0,20,1
2023-01-01 11:15:00,7866,13.2525,12.615,1015.25,75.75,7.3325,227.5,0,0,20,1
2023-01-01 11:30:00,8057,13.355,12.72,1015.5,75.5,6.945,225,0,0,20,1
2023-01-01 11:45:00,8167,13.4575,12.825,1015.75,75.25,6.5575,222.5,0,0,20,1
2023-01-01 12:00:00,7989,13.56,12.93,1016,75,6.17,220,0,0,20,1
2023-01-01 12:15:00,8140,13.5575,12.92,1015.75,74.75,6.3,220,0,0,20,1
2023-01-01 12:30:00,7777,13.555,12.91,1015.5,74.5,6.43,220,0,0,20,1
2023-01-01 12:45:00,7649,13.5525,12.9,1015.25,74.25,6.56,220,0,0,20,1
2023-01-01 13:00:00,7674,13.55,12.89,1015,74,6.69,220,0,0,20,1
2023-01-01 13:15:00,7560,13.4875,12.8275,1015,74.25,6.56,217.5,0,0,25,1
2023-01-01 13:30:00,7596,13.425,12.765,1015,74.5,6.43,215,0,0,30,1
2023-01-01 13:45:00,7567,13.3625,12.7025,1015,74.75,6.3,212.5,0,0,35,1
2023-01-01 14:00:00,7769,13.3,12.64,1015,75,6.17,210,0,0,40,1
2023-01-01 14:15:00,7794,13.23,12.5775,1015,75.5,6.0425,210,0,0,35,1
2023-01-01 14:30:00,7695,13.16,12.515,1015,76,5.915,210,0,0,30,1
2023-01-01 14:45:00,7558,13.09,12.4525,1015,76.5,5.7875,210,0,0,25,1
2023-01-01 15:00:00,7514,13.02,12.39,1015,77,5.66,210,0,0,20,1
2023-01-01 15:15:00,7474,12.98,12.34,1015,76.75,5.4025,207.5,0,0,40,1
2023-01-01 15:30:00,7453,12.94,12.29,1015,76.5,5.145,205,0,0,60,1
2023-01-01 15:45:00,7442,12.9,12.24,1015,76.25,4.8875,202.5,0,0,80,1
2023-01-01 16:00:00,7563,12.86,12.19,1015,76,4.63,200,0,0,100,1
2023-01-01 16:15:00,7674,12.64,12,1015,78,4.7575,197.5,0.0525,0,93.75,1
2023-01-01 16:30:00,7780,12.42,11.81,1015,80,4.885,195,0.105,0,87.5,1
2023-01-01 16:45:00,8022,12.2,11.62,1015,82,5.0125,192.5,0.1575,0,81.25,1
2023-01-01 17:00:00,8098,11.98,11.43,1015,84,5.14,190,0.21,0,75,1
2023-01-01 17:15:00,8094,11.7875,11.2425,1014.75,85,4.755,185,0.195,0,75,1
2023-01-01 17:30:00,8210,11.595,11.055,1014.5,86,4.37,180,0.18,0,75,1
2023-01-01 17:45:00,8240,11.4025,10.8675,1014.25,87,3.985,175,0.165,0,75,1
2023-01-01 18:00:00,8326,11.21,10.68,1014,88,3.6,170,0.15,0,75,1
2023-01-01 18:15:00,8289,11.14,10.6225,1013.75,88.75,3.4725,170,0.165,0,75,1
2023-01-01 18:30:00,8339,11.07,10.565,1013.5,89.5,3.345,170,0.18,0,75,1
2023-01-01 18:45:00,8405,11,10.5075,1013.25,90.25,3.2175,170,0.195,0,75,1
2023-01-01 19:00:00,8284,10.93,10.45,1013,91,3.09,170,0.21,0,75,1
2023-01-01 19:15:00,8142,10.9425,10.465,1013,91,3.475,170,0.2025,0,61.25,1
2023-01-01 19:30:00,8034,10.955,10.48,1013,91,3.86,170,0.195,0,47.5,1
2023-01-01 19:45:00,8124,10.9675,10.495,1013,91,4.245,170,0.1875,0,33.75,1
2023-01-01 20:00:00,8055,10.98,10.51,1013,91,4.63,170,0.18,0,20,1
2023-01-01 20:15:00,8011,10.9625,10.485,1012.5,90.75,4.3725,167.5,0.1875,0,20,1
2023-01-01 20:30:00,7983,10.945,10.46,1012,90.5,4.115,165,0.195,0,20,1
2023-01-01 20:45:00,8001,10.9275,10.435,1011.5,90.25,3.8575,162.5,0.2025,0,20,1
2023-01-01 21:00:00,7907,10.91,10.41,1011,90,3.6,160,0.21,0,20,1
2023-01-01 21:15:00,7784,11.0025,10.5175,1011,90.25,3.985,167.5,0.21,0,33.75,1
2023-01-01 21:30:00,7778,11.095,10.625,1011,90.5,4.37,175,0.21,0,47.5,1
2023-01-01 21:45:00,7637,11.1875,10.7325,1011,90.75,4.755,182.5,0.21,0,61.25,1
2023-01-01 22:00:00,7721,11.28,10.84,1011,91,5.14,190,0.21,0,75,1
2023-01-01 22:15:00,7943,11.365,10.94,1011,91.25,4.755,190,0.2025,0,61.25,1
2023-01-01 22:30:00,7789,11.45,11.04,1011,91.5,4.37,190,0.195,0,47.5,1
2023-01-01 22:45:00,7575,11.535,11.14,1011,91.75,3.985,190,0.1875,0,33.75,1
2023-01-01 23:00:00,7633,11.62,11.24,1011,92,3.6,190,0.18,0,20,1
2023-01-01 23:15:00,7546,11.8975,11.5125,1010.75,90.75,4.5,195,0.135,0,25,1
2023-01-01 23:30:00,7601,12.175,11.785,1010.5,89.5,5.4,200,0.09,0,30,1
2023-01-01 23:45:00,7485,12.4525,12.0575,1010.25,88.25,6.3,205,0.045,0,35,1
2023-01-02 00:00:00,7446,12.73,12.33,1010,87,7.2,210,0,0,40,0
2023-01-02 00:15:00,7176,12.905,12.5025,1010,86.25,7.0725,207.5,0.0675,0,35,0
2023-01-02 00:30:00,7080,13.08,12.675,1010,85.5,6.945,205,0.135,0,30,0
2023-01-02 00:45:00,7035,13.255,12.8475,1010,84.75,6.8175,202.5,0.2025,0,25,0
2023-01-02 01:00:00,6886,13.43,13.02,1010,84,6.69,200,0.27,0,20,0
2023-01-02 01:15:00,6707,13.335,12.935,1010,84.75,7.205,202.5,0.2825,0,20,0
2023-01-02 01:30:00,6614,13.24,12.85,1010,85.5,7.72,205,0.295,0,20,0
2023-01-02 01:45:00,6514,13.145,12.765,1010,86.25,8.235,207.5,0.3075,0,20,0
2023-01-02 02:00:00,6289,13.05,12.68,1010,87,8.75,210,0.32,0,20,0
2023-01-02 02:15:00,6255,12.955,12.575,1010,87,8.4925,207.5,0.2925,0,40,0
2023-01-02 02:30:00,6203,12.86,12.47,1010,87,8.235,205,0.265,0,60,0
2023-01-02 02:45:00,6143,12.765,12.365,1010,87,7.9775,202.5,0.2375,0,80,0
2023-01-02 03:00:00,6206,12.67,12.26,1010,87,7.72,200,0.21,0,100,0
2023-01-02 03:15:00,6212,12.6675,12.265,1010,87.25,7.4625,202.5,0.21,0,85,0
2023-01-02 03:30:00,6203,12.665,12.27,1010,87.5,7.205,205,0.21,0,70,0
2023-01-02 03:45:00,6180,12.6625,12.275,1010,87.75,6.9475,207.5,0.21,0,55,0
2023-01-02 04:00:00,6225,12.66,12.28,1010,88,6.69,210,0.21,0,40,0
2023-01-02 04:15:00,6289,12.5825,12.2,1010,88.25,7.075,210,0.2025,0,48.75,0
2023-01-02 04:30:00,6317,12.505,12.12,1010,88.5,7.46,210,0.195,0,57.5,0
2023-01-02 04:45:00,6413,12.4275,12.04,1010,88.75,7.845,210,0.1875,0,66.25,0
2023-01-02 05:00:00,6582,12.35,11.96,1010,89,8.23,210,0.18,0,75,0
2023-01-02 05:15:00,6746,12.2925,11.905,1010.25,89.25,8.1025,212.5,0.18,0,75,0
2023-01-02 05:30:00,6739,12.235,11.85,1010.5,89.5,7.975,215,0.18,0,75,0
2023-01-02 05:45:00,6784,12.1775,11.795,1010.75,89.75,7.8475,217.5,0.18,0,75,0
2023-01-02 06:00:00,7055,12.12,11.74,1011,90,7.72,220,0.18,0,75,0
2023-01-02 06:15:00,7517,11.8675,11.4625,1011.25,90,7.4625,222.5,0.165,0,75,0
2023-01-02 06:30:00,7671,11.615,11.185,1011.5,90,7.205,225,0.15,0,75,0
2023-01-02 06:45:00,7748,11.3625,10.9075,1011.75,90,6.9475,227.5,0.135,0,75,0
2023-01-02 07:00:00,7649,11.11,10.63,1012,90,6.69,230,0.12,0,75,0
2023-01-02 07:15:00,7750,10.8125,9.745,1012.5,90.25,6.56,240,0.09,0,61.25,0
2023-01-02 07:30:00,8049,10.515,8.86,1013,90.5,6.43,250,0.06,0,47.5,0
2023-01-02 07:45:00,8048,10.2175,7.975,1013.5,90.75,6.3,260,0.03,0,33.75,0
2023-01-02 08:00:00,8370,9.92,7.09,1014,91,6.17,270,0,0,20,0
2023-01-02 08:15:00,8728,9.8375,7.1225,1014.25,91,5.785,267.5,0.045,0,33.75,0
2023-01-02 08:30:00,8647,9.755,7.155,1014.5,91,5.4,265,0.09,0,47.5,0
2023-01-02 08:45:00,8635,9.6725,7.1875,1014.75,91,5.015,262.5,0.135,0,61.25,0
2023-01-02 09:00:00,8717,9.59,7.22,1015,91,4.63,260,0.18,0,75,0
2023-01-02 09:15:00,8945,9.5725,7.385,1015.25,91,4.245,257.5,0.135,0,66.25,0
2023-01-02 09:30:00,9033,9.555,7.55,1015.5,91,3.86,255,0.09,0,57.5,0
2023-01-02 09:45:00,9155,9.5375,7.715,1015.75,91,3.475,252.5,0.045,0,48.75,0
2023-01-02 10:00:00,9250,9.52,7.88,1016,91,3.09,250,0,0,40,0
2023-01-02 10:15:00,9226,9.585,7.83,1016.25,90.75,3.3475,247.5,0,0,40,0
2023-01-02 10:30:00,9297,9.65,7.78,1016.5,90.5,3.605,245,0,0,40,0
2023-01-02 10:45:00,9342,9.715,7.73,1016.75,90.25,3.8625,242.5,0,0,40,0
2023-01-02 11:00:00,9534,9.78,7.68,1017,90,4.12,240,0,0,40,0
2023-01-02 11:15:00,9530,9.7975,7.7625,1017,89.75,3.99,240,0,0,40,0
2023-01-02 11:30:00,9602,9.815,7.845,1017,89.5,3.86,240,0,0,40,0
2023-01-02 11:45:00,9672,9.8325,7.9275,1017,89.25,3.73,240,0,0,40,0
2023-01-02 12:00:00,9632,9.85,8.01,1017,89,3.6,240,0,0,40,0
2023-01-02 12:15:00,9617,9.845,8.0025,1017,89,3.6,240,0,0,48.75,0
2023-01-02 12:30:00,9620,9.84,7.995,1017,89,3.6,240,0,0,57.5,0
2023-01-02 12:45:00,9543,9.835,7.9875,1017,89,3.6,240,0,0,66.25,0
2023-01-02 13:00:00,9456,9.83,7.98,1017,89,3.6,240,0,0,75,0
2023-01-02 13:15:00,9413,9.85,8.005,1017.25,89,3.6,237.5,0,0,75,0
2023-01-02 13:30:00,9414,9.87,8.03,1017.5,89,3.6,235,0,0,75,0
2023-01-02 13:45:00,9374,9.89,8.055,1017.75,89,3.6,232.5,0,0,75,0
2023-01-02 14:00:00,9410,9.91,8.08,1018,89,3.6,230,0,0,75,0
2023-01-02 14:15:00,9419,9.84,7.8775,1018,88.75,3.8575,232.5,0,0,75,0
2023-01-02 14:30:00,9358,9.77,7.675,1018,88.5,4.115,235,0,0,75,0
2023-01-02 14:45:00,9233,9.7,7.4725,1018,88.25,4.3725,237.5,0,0,75,0
2023-01-02 15:00:00,9277,9.63,7.27,1018,88,4.63,240,0,0,75,0
2023-01-02 15:15:00,9355,9.4375,7.0325,1018.25,88,4.63,242.5,0,0,75,0
2023-01-02 15:30:00,9354,9.245,6.795,1018.5,88,4.63,245,0,0,75,0
2023-01-02 15:45:00,9284,9.0525,6.5575,1018.75,88,4.63,247.5,0,0,75,0
2023-01-02 16:00:00,9285,8.86,6.32,1019,88,4.63,250,0,0,75,0
2023-01-02 16:15:00,9328,8.815,6.32,1019.25,88.5,4.5025,250,0,0,61.25,0
2023-01-02 16:30:00,9395,8.77,6.32,1019.5,89,4.375,250,0,0,47.5,0
2023-01-02 16:45:00,9523,8.725,6.32,1019.75,89.5,4.2475,250,0,0,33.75,0
2023-01-02 17:00:00,9752,8.68,6.32,1020,90,4.12,250,0,0,20,0
2023-01-02 17:15:00,9900,8.6275,6.05,1020.25,90,4.6325,250,0,0,20,0
2023-01-02 17:30:00,10018,8.575,5.78,1020.5,90,5.145,250,0,0,20,0
2023-01-02 17:45:00,10146,8.5225,5.51,1020.75,90,5.6575,250,0,0,20,0
2023-01-02 18:00:00,10133,8.47,5.24,1021,90,6.17,250,0,0,20,0
2023-01-02 18:15:00,10062,8.2675,5.08,1021.25,90,5.9125,247.5,0,0,15,0
2023-01-02 18:30:00,10047,8.065,4.92,1021.5,90,5.655,245,0,0,10,0
2023-01-02 18:45:00,9993,7.8625,4.76,1021.75,90,5.3975,242.5,0,0,5,0
2023-01-02 19:00:00,9835,7.66,4.6,1022,90,5.14,240,0,0,0,0
2023-01-02 19:15:00,9639,7.6025,4.585,1022.25,90.25,5.0125,242.5,0,0,5,0
2023-01-02 19:30:00,9569,7.545,4.57,1022.5,90.5,4.885,245,0,0,10,0
2023-01-02 19:45:00,9532,7.4875,4.555,1022.75,90.75,4.7575,247.5,0,0,15,0
2023-01-02 20:00:00,9384,7.43,4.54,1023,91,4.63,250,0,0,20,0
2023-01-02 20:15:00,9201,7.3275,4.6225,1023.25,91.25,4.245,245,0,0,20,0
2023-01-02 20:30:00,9110,7.225,4.705,1023.5,91.5,3.86,240,0,0,20,0
2023-01-02 20:45:00,8979,7.1225,4.7875,1023.75,91.75,3.475,235,0,0,20,0
2023-01-02 21:00:00,8921,7.02,4.87,1024,92,3.09,230,0,0,20,0
2023-01-02 21:15:00,8735,6.9925,4.76,1024,92,3.2175,230,0,0,25,0
2023-01-02 21:30:00,8602,6.965,4.65,1024,92,3.345,230,0,0,30,0
2023-01-02 21:45:00,8515,6.9375,4.54,1024,92,3.4725,230,0,0,35,0
2023-01-02 22:00:00,8667,6.91,4.43,1024,92,3.6,230,0,0,40,0
2023-01-02 22:15:00,8763,6.8325,4.2625,1024.25,91.5,3.73,235,0,0,35,0
2023-01-02 22:30:00,8779,6.755,4.095,1024.5,91,3.86,240,0,0,30,0
2023-01-02 22:45:00,8736,6.6775,3.9275,1024.75,90.5,3.99,245,0,0,25,0
2023-01-02 23:00:00,8777,6.6,3.76,1025,90,4.12,250,0,0,20,0
2023-01-02 23:15:00,8695,6.3125,3.565,1025,90,3.8625,245,0,0,20,0
2023-01-02 23:30:00,8556,6.025,3.37,1025,90,3.605,240,0,0,20,0
2023-01-02 23:45:00,8406,5.7375,3.175,1025,90,3.3475,235,0,0,20,0
2023-01-03 00:00:00,,5.45,2.98,1025,90,3.09,230,0,0,20,0
2023-01-03 00:15:00,,5.4125,2.965,1025.25,90.25,3.05,230,0,0,15.25,0
2023-01-03 00:30:00,,5.375,2.95,1025.5,90.5,3.01,230,0,0,10.5,0
2023-01-03 00:45:00,,5.3375,2.935,1025.75,90.75,2.97,230,0,0,5.75,0
2023-01-03 01:00:00,,5.3,2.92,1026,91,2.93,230,0,0,1,0
2023-01-03 01:15:00,,5.255,2.92,1026,91.25,2.86,226.75,0,0,1,0
2023-01-03 01:30:00,,5.21,2.92,1026,91.5,2.79,223.5,0,0,1,0
2023-01-03 01:45:00,,5.165,2.92,1026,91.75,2.72,220.25,0,0,1,0
2023-01-03 02:00:00,,5.12,2.92,1026,92,2.65,217,0,0,1,0
2023-01-03 02:15:00,,5.1125,2.88,1026,92.25,2.6875,212.75,0,0,1,0
2023-01-03 02:30:00,,5.105,2.84,1026,92.5,2.725,208.5,0,0,1,0
2023-01-03 02:45:00,,5.0975,2.8,1026,92.75,2.7625,204.25,0,0,1,0
2023-01-03 03:00:00,,5.09,2.76,1026,93,2.8,200,0,0,1,0
2023-01-03 03:15:00,,5.1025,2.7025,1026,93.25,2.9025,197.75,0,0,1,0
2023-01-03 03:30:00,,5.115,2.645,1026,93.5,3.005,195.5,0,0,1,0
2023-01-03 03:45:00,,5.1275,2.5875,1026,93.75,3.1075,193.25,0,0,1,0
2023-01-03 04:00:00,,5.14,2.53,1026,94,3.21,191,0,0,1,0
2023-01-03 04:15:00,,5.165,2.49,1026,94,3.315,190.25,0,0,1.25,0
2023-01-03 04:30:00,,5.19,2.45,1026,94,3.42,189.5,0,0,1.5,0
2023-01-03 04:45:00,,5.215,2.41,1026,94,3.525,188.75,0,0,1.75,0
2023-01-03 05:00:00,,5.24,2.37,1026,94,3.63,188,0,0,2,0
2023-01-03 05:15:00,,5.29,2.3225,1025.75,93.75,3.825,187.25,0,0,2.25,0
2023-01-03 05:30:00,,5.34,2.275,1025.5,93.5,4.02,186.5,0,0,2.5,0
2023-01-03 05:45:00,,5.39,2.2275,1025.25,93.25,4.215,185.75,0,0,2.75,0
2023-01-03 06:00:00,,5.44,2.18,1025,93,4.41,185,0,0,3,0
2023-01-03 06:15:00,,5.505,2.2025,1025.25,92.75,4.5275,186.75,0,0,3.25,0
2023-01-03 06:30:00,,5.57,2.225,1025.5,92.5,4.645,188.5,0,0,3.5,0
2023-01-03 06:45:00,,5.635,2.2475,1025.75,92.25,4.7625,190.25,0,0,3.75,0
2023-01-03 07:00:00,,5.7,2.27,1026,92,4.88,192,0,0,4,0
2023-01-03 07:15:00,,5.765,2.275,1026,91.75,5.0525,192.25,0,0,6,0
2023-01-03 07:30:00,,5.83,2.28,1026,91.5,5.225,192.5,0,0,8,0
2023-01-03 07:45:00,,5.895,2.285,1026,91.25,5.3975,192.75,0,0,10,0
2023-01-03 08:00:00,,5.96,2.29,1026,91,5.57,193,0,0,12,0
2023-01-03 08:15:00,,6,2.29,1026,91,5.695,193.75,0,0,12,0
2023-01-03 08:30:00,,6.04,2.29,1026,91,5.82,194.5,0,0,12,0
2023-01-03 08:45:00,,6.08,2.29,1026,91,5.945,195.25,0,0,12,0
2023-01-03 09:00:00,,6.12,2.29,1026,91,6.07,196,0,0,12,0
2023-01-03 09:15:00,,6.24,2.435,1026,90.75,6.0925,197.75,0,0,11.75,0
2023-01-03 09:30:00,,6.36,2.58,1026,90.5,6.115,199.5,0,0,11.5,0
2023-01-03 09:45:00,,6.48,2.725,1026,90.25,6.1375,201.25,0,0,11.25,0
2023-01-03 10:00:00,,6.6,2.87,1026,90,6.16,203,0,0,11,0
2023-01-03 10:15:00,,6.8275,3.1425,1026,89.25,6.2025,203.75,0,0,11,0
2023-01-03 10:30:00,,7.055,3.415,1026,88.5,6.245,204.5,0,0,11,0
2023-01-03 10:45:00,,7.2825,3.6875,1026,87.75,6.2875,205.25,0,0,11,0
2023-01-03 11:00:00,,7.51,3.96,1026,87,6.33,206,0,0,11,0
2023-01-03 11:15:00,,7.7225,4.21,1026,86,6.395,207,0,0,11.75,0
2023-01-03 11:30:00,,7.935,4.46,1026,85,6.46,208,0,0,12.5,0
2023-01-03 11:45:00,,8.1475,4.71,1026,84,6.525,209,0,0,13.25,0
2023-01-03 12:00:00,,8.36,4.96,1026,83,6.59,210,0,0,14,0
2023-01-03 12:15:00,,8.4875,5.12,1026,82.5,6.5975,210,0,0,16,0
2023-01-03 12:30:00,,8.615,5.28,1026,82,6.605,210,0,0,18,0
2023-01-03 12:45:00,,8.7425,5.44,1026,81.5,6.6125,210,0,0,20,0
2023-01-03 13:00:00,,8.87,5.6,1026,81,6.62,210,0,0,22,0
2023-01-03 13:15:00,,8.945,5.6775,1025.75,80.75,6.68,209.5,0,0,41.5,0
2023-01-03 13:30:00,,9.02,5.755,1025.5,80.5,6.74,209,0,0,61,0
2023-01-03 13:45:00,,9.095,5.8325,1025.25,80.25,6.8,208.5,0,0,80.5,0
2023-01-03 14:00:00,,9.17,5.91,1025,80,6.86,208,0,0,100,0
2023-01-03 14:15:00,,9.1675,5.9,1025,80,6.8875,207.75,0,0,100,0
2023-01-03 14:30:00,,9.165,5.89,1025,80,6.915,207.5,0,0,100,0
2023-01-03 14:45:00,,9.1625,5.88,1025,80,6.9425,207.25,0,0,100,0
2023-01-03 15:00:00,,9.16,5.87,1025,80,6.97,207,0,0,100,0
2023-01-03 15:15:00,,9.105,5.7675,1025,80,7.08,207,0,0,99.5,0
2023-01-03 15:30:00,,9.05,5.665,1025,80,7.19,207,0,0,99,0
2023-01-03 15:45:00,,8.995,5.5625,1025,80,7.3,207,0,0,98.5,0
2023-01-03 16:00:00,,8.94,5.46,1025,80,7.41,207,0,0,98,0
2023-01-03 16:15:00,,8.805,5.265,1024.75,80.5,7.4825,206.25,0,0,96.75,0
2023-01-03 16:30:00,,8.67,5.07,1024.5,81,7.555,205.5,0,0,95.5,0
2023-01-03 16:45:00,,8.535,4.875,1024.25,81.5,7.6275,204.75,0,0,94.25,0
2023-01-03 17:00:00,,8.4,4.68,1024,82,7.7,204,0,0,93,0
2023-01-03 17:15:00,,8.3575,4.6175,1024,82.25,7.72,203.75,0,0,91.5,0
2023-01-03 17:30:00,,8.315,4.555,1024,82.5,7.74,203.5,0,0,90,0
2023-01-03 17:45:00,,8.2725,4.4925,1024,82.75,7.76,203.25,0,0,88.5,0
2023-01-03 18:00:00,,8.23,4.43,1024,83,7.78,203,0,0,87,0
2023-01-03 18:15:00,,8.225,4.3775,1024,83,7.955,203.5,0,0,87.5,0
2023-01-03 18:30:00,,8.22,4.325,1024,83,8.13,204,0,0,88,0
2023-01-03 18:45:00,,8.215,4.2725,1024,83,8.305,204.5,0,0,88.5,0
2023-01-03 19:00:00,,8.21,4.22,1024,83,8.48,205,0,0,89,0
2023-01-03 19:15:00,,8.2125,4.2025,1024,83,8.5575,204.75,0,0,91,0
2023-01-03 19:30:00,,8.215,4.185,1024,83,8.635,204.5,0,0,93,0
2023-01-03 19:45:00,,8.2175,4.1675,1024,83,8.7125,204.25,0,0,95,0
2023-01-03 20:00:00,,8.22,4.15,1024,83,8.79,204,0,0,97,0
2023-01-03 20:15:00,,8.3025,4.2425,1023.75,83,8.8525,203.75,0,0,97.5,0
2023-01-03 20:30:00,,8.385,4.335,1023.5,83,8.915,203.5,0,0,98,0
2023-01-03 20:45:00,,8.4675,4.4275,1023.25,83,8.9775,203.25,0,0,98.5,0
2023-01-03 21:00:00,,8.55,4.52,1023,83,9.04,203,0,0,99,0
2023-01-03 21:15:00,,8.5425,4.4925,1023,83.25,9.105,203.25,0,0,99,0
2023-01-03 21:30:00,,8.535,4.465,1023,83.5,9.17,203.5,0,0,99,0
2023-01-03 21:45:00,,8.5275,4.4375,1023,83.75,9.235,203.75,0,0,99,0
2023-01-03 22:00:00,,8.52,4.41,1023,84,9.3,204,0,0,99,0
2023-01-03 22:15:00,,8.5075,4.3725,1022.75,84,9.3975,204,0,0,99,0
2023-01-03 22:30:00,,8.495,4.335,1022.5,84,9.495,204,0,0,99,0
2023-01-03 22:45:00,,8.4825,4.2975,1022.25,84,9.5925,204,0,0,99,0
2023-01-03 23:00:00,,8.47,4.26,1022,84,9.69,204,0,0,99,0
2023-01-03 23:15:00,,8.5975,4.3975,1021.75,83.5,9.8225,204.75,0,0,99,0
2023-01-03 23:30:00,,8.725,4.535,1021.5,83,9.955,205.5,0,0,99,0
2023-01-03 23:45:00,,8.8525,4.6725,1021.25,82.5,10.0875,206.25,0,0,99,0
