"timestamp","Energy","wind_speed_mean_10m_1h.ms","wind_speed_mean_80m_1h.ms","wind_speed_mean_100m_1h.ms","wind_speed_mean_120m_1h.ms","wind_dir_mean_100m_1h.d"
2018-04-16 00:00:00,1897.75,1.9,4.6,5,5.6,231.2
2018-04-16 01:00:00,1695.95,2,5,5.3,6.2,217.1
2018-04-16 02:00:00,1648.54,2.3,5.4,5.4,6.7,210.8
2018-04-16 03:00:00,1309.68,2.3,5.7,5.4,7.1,203.9
2018-04-16 04:00:00,774.02,2.3,5.9,5.5,7.4,199.2
2018-04-16 05:00:00,1650.3,2.6,6.1,5.9,7.7,195.3
2018-04-16 06:00:00,1741.59,2.8,6.3,6,7.9,185.6
2018-04-16 07:00:00,1427.8,3.2,6.4,6,8,183.4
2018-04-16 08:00:00,2333.46,4.3,6.6,7.3,8.1,189.1
2018-04-16 09:00:00,4206.44,5.2,6.8,8.9,8.2,199.2
2018-04-16 10:00:00,6045.31,5.4,7.1,9.4,8.4,208.3
2018-04-16 11:00:00,6855.25,5.7,7.3,9.9,8.5,210.6
2018-04-16 12:00:00,7453.04,5.9,7.4,10,8.5,209.2
2018-04-16 13:00:00,6408.5,5.9,7.4,10,8.4,203.8
2018-04-16 14:00:00,6100.86,5.7,7.3,9.9,8.4,201
2018-04-16 15:00:00,6709.2,5.5,7.5,9.5,8.5,201.1
2018-04-16 16:00:00,4825.07,5.3,7.8,9.2,8.9,201
2018-04-16 17:00:00,4579.16,5,8.1,9,9.3,196.6
2018-04-16 18:00:00,2837.9,4.7,8.5,8.7,9.8,187.1
2018-04-16 19:00:00,1269.92,4.1,9,8.2,10.6,185.9
2018-04-16 20:00:00,3490.7,3.7,9.5,7.9,11.4,195.1
2018-04-16 21:00:00,5281.16,4.5,9.8,8.8,12,202
2018-04-16 22:00:00,4375.4,5.3,10.1,9.9,12.4,200.4
2018-04-16 23:00:00,5654.07,5.3,10.4,9.8,12.8,195.2
2018-04-17 00:00:00,7655.93,4.9,10.6,9.3,13,187.4
2018-04-17 01:00:00,10352.05,4.6,10.6,8.9,12.9,179.9
2018-04-17 02:00:00,8187.63,4,10.6,8.1,12.9,174.1
2018-04-17 03:00:00,8395.24,3.6,10.5,7.6,12.8,169.3
2018-04-17 04:00:00,5696.78,3.7,10.4,7.7,12.6,167.5
2018-04-17 05:00:00,4666.88,3.9,10.3,7.9,12.5,167.2
2018-04-17 06:00:00,4106.01,4.1,10,8,12.1,168.8
2018-04-17 07:00:00,3655.4,4.1,9.5,7.7,11.4,172.2
2018-04-17 08:00:00,6491.79,4.2,9,7.4,10.8,173.9
2018-04-17 09:00:00,8384.03,4.8,8.6,8.4,10.2,181.2
2018-04-17 10:00:00,9323.99,5.7,8.3,10.1,9.8,194
2018-04-17 11:00:00,8232.46,5.9,8,10.6,9.3,200.1
2018-04-17 12:00:00,6528.74,5.5,7.5,9.6,8.6,201.6
2018-04-17 13:00:00,7157.81,5.2,6.8,8.9,7.8,202.2
2018-04-17 14:00:00,4687.01,4.8,6.2,8.4,7,204.1
2018-04-17 15:00:00,3314.97,4.3,5.7,7.5,6.4,211.3
2018-04-17 16:00:00,1982.86,3.6,5.4,6.3,6,219.5
2018-04-17 17:00:00,1578.31,2.7,5.1,4.8,5.7,226.8
2018-04-17 18:00:00,917.23,1.9,4.6,3.7,5.1,229.5
2018-04-17 19:00:00,208.93,1.4,4,2.8,4.5,222.3
2018-04-17 20:00:00,51.12,1.2,3.4,1.5,3.8,220.7
2018-04-17 21:00:00,0,1.2,2.7,0.5,3,208.2
2018-04-17 22:00:00,0,1.4,2.1,0.5,2.1,84.5
2018-04-17 23:00:00,0,1.4,1.4,0.9,1.1,96.3
2018-04-18 00:00:00,364.52,1.6,1.2,2,0.8,122.5
2018-04-18 01:00:00,634.79,1.9,1.3,3.2,1.1,130.8
2018-04-18 02:00:00,1194.32,2.1,1.5,3.4,1.4,134.6
2018-04-18 03:00:00,1187.24,2.2,1.5,2.7,1.5,139
2018-04-18 04:00:00,494.31,2.4,1.5,2.6,1.4,148.7
2018-04-18 05:00:00,676.1,2.4,1.4,2.7,1.3,150.2
2018-04-18 06:00:00,488.03,2,1.4,2.5,1.5,146.4
2018-04-18 07:00:00,364.71,1.6,1.5,3,2.1,146.5
2018-04-18 08:00:00,393.72,1.9,1.7,3.7,2.6,143.1
2018-04-18 09:00:00,3293.48,2.8,2.3,4.5,3.4,141.6
2018-04-18 10:00:00,5066.42,3.5,3.5,5.9,4.4,154.4
2018-04-18 11:00:00,2872.7,3.7,4.7,6.8,5.4,178.4
2018-04-18 12:00:00,3692.24,3.9,5.2,7.1,5.7,194.2
2018-04-18 13:00:00,2526.96,4.1,4.9,7,5.3,198.9
2018-04-18 14:00:00,895.9,3.6,4.6,6.2,4.9,207
2018-04-18 15:00:00,927.49,3,4.2,5.3,4.4,213.6
2018-04-18 16:00:00,646.78,3,3.8,4.8,3.8,242.4
2018-04-18 17:00:00,1204.07,3,3.3,4.5,3.2,278.2
2018-04-18 18:00:00,19.41,2.2,3,3.9,3,309.8
2018-04-18 19:00:00,13.47,1.8,3,2.9,3.1,329.7
2018-04-18 20:00:00,337,1.7,2.9,2.2,3.2,304.5
2018-04-18 21:00:00,0.27,1.5,2.8,1.3,3.1,295.7
2018-04-18 22:00:00,315.01,1.4,2.4,0.4,2.8,311.6
2018-04-18 23:00:00,605.41,1.2,2.1,0.3,2.5,24
2018-04-19 00:00:00,192.8,1.7,2.2,1.1,2.6,65.7
2018-04-19 01:00:00,137.16,1.4,2.8,1.7,3.3,55.5
2018-04-19 02:00:00,782.17,0.9,3.3,1.5,4,18.6
2018-04-19 03:00:00,2026.47,1.7,3.4,1.2,4,15.4
2018-04-19 04:00:00,1450,2,3,1.1,3.5,77.8
2018-04-19 05:00:00,2007.81,1.8,2.6,1.5,2.9,114.4
2018-04-19 06:00:00,2533.24,1.7,2.2,2.5,2.5,126
2018-04-19 07:00:00,1889.4,1.4,1.7,3.5,2.2,131.5
2018-04-19 08:00:00,733.18,0.9,1.3,2.6,1.9,141.8
2018-04-19 09:00:00,32.66,0.6,1.2,0.8,1.7,148.6
2018-04-19 10:00:00,0.01,0.9,1.3,0.7,1.7,349.3
2018-04-19 11:00:00,0,1.2,1.4,1.1,1.7,326.9
2018-04-19 12:00:00,118.05,1,1.8,0.7,2.1,297.7
2018-04-19 13:00:00,586.97,1.3,2.5,0.7,2.8,256.5
2018-04-19 14:00:00,1849.95,2.8,3.3,3.4,3.5,306.8
2018-04-19 15:00:00,2404.22,4,3.8,6.3,4,332.7
2018-04-19 16:00:00,1249.59,4,4.1,6.7,4.4,7.7
2018-04-19 17:00:00,544.4,3.4,4.5,5.5,4.8,29.3
2018-04-19 18:00:00,2609.37,2.7,4.4,4.4,4.8,35.8
2018-04-19 19:00:00,2854.75,2.4,4.1,4.6,4.6,44
2018-04-19 20:00:00,2063.77,1.9,3.7,4.3,4.4,53.1
2018-04-19 21:00:00,2937.8,1.7,3.4,4.2,4.1,54.7
2018-04-19 22:00:00,4079.61,1.5,3.2,3.7,3.9,70.6
2018-04-19 23:00:00,2886.97,0.9,3,2.3,3.6,86.5
2018-04-20 00:00:00,2206.73,1,2.8,1,3.4,80.1
2018-04-20 01:00:00,1430.88,1.2,2.6,1,3.2,55.4
2018-04-20 02:00:00,3370,0.9,2.4,2.1,3,62.3
2018-04-20 03:00:00,3032.05,0.7,2.2,2.7,2.8,79
2018-04-20 04:00:00,1559.67,1.4,1.9,2.7,2.5,108.6
2018-04-20 05:00:00,3714.7,1.9,1.7,3.4,2.2,135.4
2018-04-20 06:00:00,3063.32,1.4,1.5,3.5,2,125.4
2018-04-20 07:00:00,3700.3,0.8,1.4,2.9,1.8,88.3
2018-04-20 08:00:00,2586.96,0.8,1.2,2.8,1.6,86.3
2018-04-20 09:00:00,968.62,1.2,1.1,2.4,1.5,115.1
2018-04-20 10:00:00,186.12,1.3,1.2,2.1,1.6,134.7
2018-04-20 11:00:00,0.07,0.8,1.3,1.4,1.6,142.6
2018-04-20 12:00:00,6.9,0.8,1.7,1.2,2,97.2
2018-04-20 13:00:00,8.65,1.8,2.4,3,2.7,77.8
2018-04-20 14:00:00,1.59,2.6,3,4.4,3.4,73
2018-04-20 15:00:00,656.69,2.6,3.4,4.2,3.7,67.3
2018-04-20 16:00:00,56.35,2.7,3.4,4.2,3.8,64.6
2018-04-20 17:00:00,7.21,1.9,3.4,3.3,3.8,58.8
2018-04-20 18:00:00,0.05,1,3.2,1.4,3.5,59.7
2018-04-20 19:00:00,35.81,0.7,2.7,1.1,3,120
2018-04-20 20:00:00,196.89,0.8,2.1,1.3,2.4,125
2018-04-20 21:00:00,1827.21,1.5,1.9,1.8,2.2,113.7
2018-04-20 22:00:00,1727.43,1.9,2,3.2,2.4,123.7
2018-04-20 23:00:00,1168.53,2,2.2,4.6,2.7,129.1
2018-04-21 00:00:00,1551.51,2.1,2.6,5.1,3.4,135.4
2018-04-21 01:00:00,2187.11,2,3.5,4.7,4.6,141.5
2018-04-21 02:00:00,1397.66,2,4.3,4,5.7,149.7
2018-04-21 03:00:00,1510.17,2,4.4,4,5.8,159.2
2018-04-21 04:00:00,2747.55,2.2,3.7,4.6,4.8,152.8
2018-04-21 05:00:00,2669.64,2.2,3,5,3.8,140.2
2018-04-21 06:00:00,2422.39,1.8,2.5,4.5,3.1,137.4
2018-04-21 07:00:00,1601.19,1.5,2,4,2.6,136.1
2018-04-21 08:00:00,1050.73,1.6,1.5,3.7,2.1,129.7
2018-04-21 09:00:00,709.5,2.5,1.2,4.3,1.7,140
2018-04-21 10:00:00,286.12,2.7,1.1,4.6,1.4,146.9
2018-04-21 11:00:00,466.3,2,1,3.5,1.1,148.3
2018-04-21 12:00:00,634.78,1.9,0.9,3.3,0.9,162.1
2018-04-21 13:00:00,8.47,1.9,0.9,3,0.9,179.7
2018-04-21 14:00:00,32.46,1.4,0.8,2.2,0.9,208.3
2018-04-21 15:00:00,5.15,1.9,1.1,3.1,1.1,219
2018-04-21 16:00:00,161.09,2.4,1.6,4.5,1.7,212.6
2018-04-21 17:00:00,108.59,3.4,2.1,6.4,2.2,233.6
2018-04-21 18:00:00,464.18,3.2,2.4,6.2,2.5,257.4
2018-04-21 19:00:00,44.27,1.4,2.5,3,2.7,292.5
2018-04-21 20:00:00,3.17,0.9,2.6,1.4,2.9,307.9
2018-04-21 21:00:00,180.58,1.3,2.7,1.5,3.2,232
2018-04-21 22:00:00,795.49,1.7,2.7,2.9,3.4,266.2
2018-04-21 23:00:00,670.59,1.6,2.8,3.4,3.7,295.9
2018-04-22 00:00:00,1096.08,1.2,2.7,3.4,3.7,282.5
2018-04-22 01:00:00,84.27,1.2,2.4,3.6,3.2,264.2
2018-04-22 02:00:00,269.98,1.8,2.1,3.7,2.8,243.2
2018-04-22 03:00:00,536.24,1.9,1.9,3.4,2.5,230.1
2018-04-22 04:00:00,316.02,1.7,1.7,3.1,2.2,237.9
2018-04-22 05:00:00,363.76,1.8,1.4,2.6,2,236.8
2018-04-22 06:00:00,405.49,1.8,1.3,2.7,1.7,193.1
2018-04-22 07:00:00,1.67,1.8,1.1,3.2,1.4,160
2018-04-22 08:00:00,0,1.6,1,2.8,1.1,159
2018-04-22 09:00:00,0,1.8,1.1,2.8,1,220.9
2018-04-22 10:00:00,0.06,2.8,1.3,4,1.2,275.8
2018-04-22 11:00:00,39.36,2.9,1.6,4.6,1.4,291.9
2018-04-22 12:00:00,288.96,2.1,2,3.5,1.8,304.2
2018-04-22 13:00:00,184.97,2.3,2.4,3.7,2.4,315.2
2018-04-22 14:00:00,1053.18,3.2,2.8,5.1,3,315.6
2018-04-22 15:00:00,1585.11,3.2,2.9,5.3,3.2,319.3
2018-04-22 16:00:00,855.77,3.4,2.8,5.7,3,329.8
2018-04-22 17:00:00,641.68,3.7,2.7,6.2,2.9,339.8
2018-04-22 18:00:00,398.34,3.1,2.6,5.1,2.8,353
2018-04-22 19:00:00,0.23,2.5,2.5,4.1,2.7,15.6
2018-04-22 20:00:00,0,2.2,2.3,3.4,2.7,37.9
2018-04-22 21:00:00,0,1.7,2.2,2.6,2.5,62
2018-04-22 22:00:00,0,1.2,2,1.5,2.3,72.3
2018-04-22 23:00:00,0,0.9,1.7,1,2.1,78.1
2018-04-23 00:00:00,0.03,1.1,1.6,1.4,1.9,47.1
2018-04-23 01:00:00,0,2,1.5,3.4,1.9,19
2018-04-23 02:00:00,0,2.5,1.4,4.6,1.8,36.3
2018-04-23 03:00:00,71.92,1.8,1.3,3.4,1.8,70
2018-04-23 04:00:00,821.54,1.4,1.4,2.4,2,89.9
2018-04-23 05:00:00,1273.73,1.6,1.5,2.4,2.1,92.1
2018-04-23 06:00:00,525.16,2.1,1.5,2.9,2.1,91.5
2018-04-23 07:00:00,1220.23,2.3,1.5,3,2,102.4
2018-04-23 08:00:00,1659.37,2.6,1.5,3.5,1.9,121.2
2018-04-23 09:00:00,1514.01,2.5,1.6,3.4,2,113
2018-04-23 10:00:00,1.28,1.9,1.9,2.5,2.3,105.3
2018-04-23 11:00:00,0,1.6,2.2,2,2.6,119.8
2018-04-23 12:00:00,0,1.6,2.5,2.2,2.9,96.4
2018-04-23 13:00:00,3.69,1.6,2.8,2,3.2,85.7
2018-04-23 14:00:00,0.03,1.3,3.2,1.5,3.5,61
2018-04-23 15:00:00,0.08,1.6,3.3,1.9,3.7,33.5
2018-04-23 16:00:00,14.39,1.9,3.3,2.3,3.7,43.3
2018-04-23 17:00:00,0,2.1,3.3,2.6,3.8,60.9
2018-04-23 18:00:00,587.19,2.5,3.3,3.3,3.8,95.8
2018-04-23 19:00:00,814.85,2.6,3.3,4.1,3.8,125.2
2018-04-23 20:00:00,1222.4,2.4,3.3,3.9,3.8,137.2
2018-04-23 21:00:00,1374.53,1.9,3.1,3.1,3.6,138.4
2018-04-23 22:00:00,1307.32,1.3,2.7,1.7,3.2,130.5
2018-04-23 23:00:00,730.66,1.1,2.3,1,2.7,112.3
2018-04-24 00:00:00,72.63,0.7,2.1,1.5,2.5,121.2
2018-04-24 01:00:00,676.96,0.7,1.9,1.5,2.4,126.9
2018-04-24 02:00:00,3192.06,1.8,1.8,2.1,2.4,127.7
2018-04-24 03:00:00,2849.18,2.8,1.7,4,2.2,132.1
2018-04-24 04:00:00,1822.53,3.3,1.5,5.1,2,134.7
2018-04-24 05:00:00,1779.3,3.4,1.3,5.4,1.9,134
2018-04-24 06:00:00,1903.56,2.7,1.3,4.2,1.7,130.7
2018-04-24 07:00:00,940.31,1.6,1.2,2.3,1.6,123.4
2018-04-24 08:00:00,563.78,1.4,1.2,1.8,1.5,124.2
2018-04-24 09:00:00,94.99,1.5,1.2,2.1,1.5,128.8
2018-04-24 10:00:00,0,1.5,1.2,2.5,1.5,137.4
2018-04-24 11:00:00,0,1.8,1.2,2.6,1.6,207.6
2018-04-24 12:00:00,445.3,2.8,1.7,3.9,2,308.8
2018-04-24 13:00:00,2535.82,3.9,2.6,6.1,2.9,325.7
2018-04-24 14:00:00,2407.87,4.4,3.5,7.1,3.7,347.4
2018-04-24 15:00:00,932.31,3.6,4,5.8,4.2,2.8
2018-04-24 16:00:00,382.2,2.4,4,3.7,4.2,10.6
2018-04-24 17:00:00,950.9,2.3,4,3.3,4.2,356.3
2018-04-24 18:00:00,466.45,3.2,3.9,5.1,4.1,348.5
2018-04-24 19:00:00,254.49,3.2,3.6,5.4,3.9,1.6
2018-04-24 20:00:00,201.48,2.6,3.2,4.2,3.6,16.2
2018-04-24 21:00:00,547.19,2.7,2.8,4.4,3.2,11.1
2018-04-24 22:00:00,28.35,2.7,2.4,4.4,2.7,32.1
2018-04-24 23:00:00,110.01,1.9,1.9,2.9,2.2,65.7
2018-04-25 00:00:00,1.88,1.6,1.6,2.2,1.9,23
2018-04-25 01:00:00,318.86,1.7,1.5,3.3,1.7,349.2
2018-04-25 02:00:00,135.04,1.8,1.4,3.8,1.5,359
2018-04-25 03:00:00,6.22,1.8,1.3,3.4,1.4,9.7
2018-04-25 04:00:00,0.07,1.4,1.3,3.2,1.4,9.8
2018-04-25 05:00:00,0,1,1.2,2.9,1.4,11.9
2018-04-25 06:00:00,45.11,0.8,1.2,2.3,1.5,17.2
2018-04-25 07:00:00,77.37,1.3,1.3,2.9,1.7,356
2018-04-25 08:00:00,337.11,2.3,1.3,4.5,1.9,348.7
2018-04-25 09:00:00,1159.53,3.1,2,5.5,2.6,359.4
2018-04-25 10:00:00,721.98,3.8,3.2,6.3,3.8,9.5
2018-04-25 11:00:00,1245.88,4,4.4,6.6,5.1,11.9
2018-04-25 12:00:00,1103.11,4.1,5,6.6,5.6,6.7
2018-04-25 13:00:00,853.88,4.2,4.9,6.6,5.5,6.4
2018-04-25 14:00:00,795.5,3.9,4.8,6.1,5.4,17.1
2018-04-25 15:00:00,1275.93,3.8,4.9,5.9,5.4,25
2018-04-25 16:00:00,998.14,4,5.2,6.2,5.7,25.3
2018-04-25 17:00:00,1694.57,4.3,5.4,6.9,6,24.3
2018-04-25 18:00:00,1158.18,3.9,5.6,6.5,6.2,26
2018-04-25 19:00:00,1495.94,3.5,5.7,6.1,6.4,26.2
2018-04-25 20:00:00,2344.24,3.6,5.8,6.1,6.6,31.2
2018-04-25 21:00:00,3065.39,3.4,5.9,5.8,6.8,43.4
2018-04-25 22:00:00,2634.91,3.4,6,5.8,7,47
2018-04-25 23:00:00,3112.68,3.3,6,5.6,7.2,48
2018-04-26 00:00:00,2565.34,2.7,6.1,5,7.3,45.9
2018-04-26 01:00:00,2610.94,2.4,6.2,4.5,7.3,43
2018-04-26 02:00:00,2391.48,2.4,6.2,4.4,7.4,46.5
2018-04-26 03:00:00,3101.19,2.5,6.2,4.8,7.5,52.3
2018-04-26 04:00:00,3911.45,2.7,6.3,4.9,7.6,57.4
2018-04-26 05:00:00,3446.66,2.6,6.3,4.8,7.7,54.6
2018-04-26 06:00:00,3218.58,2.7,6.1,4.7,7.5,50
2018-04-26 07:00:00,2064.31,3.1,5.9,4.9,7,57.4
2018-04-26 08:00:00,2885.27,3.4,5.6,5.4,6.5,67.6
2018-04-26 09:00:00,2389.3,3.4,5.2,5.3,6,69.8
2018-04-26 10:00:00,1996.37,2.9,4.6,4.4,5.3,70.7
2018-04-26 11:00:00,495.99,2.4,4.1,3.4,4.7,76
2018-04-26 12:00:00,757.74,2.4,3.6,3.5,4,74.2
2018-04-26 13:00:00,7.82,2.3,3,3.4,3.3,72.7
2018-04-26 14:00:00,0,1.8,2.4,2.6,2.7,82.7
2018-04-26 15:00:00,0,1.4,2,2.1,2.2,106
2018-04-26 16:00:00,24.37,1,1.9,1.4,2,127.8
2018-04-26 17:00:00,302.17,1.3,1.7,1.2,1.8,211.3
2018-04-26 18:00:00,713.99,1.8,1.8,1.1,1.9,252.5
2018-04-26 19:00:00,112.69,2.1,2.1,2,2.2,236.3
2018-04-26 20:00:00,629.55,2.5,2.4,3.7,2.5,236.4
2018-04-26 21:00:00,1167.44,2.9,3,4.9,3.3,248.4
2018-04-26 22:00:00,3040.84,3,3.9,5.2,4.6,247.8
2018-04-26 23:00:00,5234.47,3,4.8,5.6,5.9,252.9
2018-04-27 00:00:00,6546.67,3.5,5.6,7.1,7.1,253.2
2018-04-27 01:00:00,5625.18,3.9,6.3,7.7,7.9,246.5
2018-04-27 02:00:00,5344.44,4.5,7,8.4,8.8,253.8
2018-04-27 03:00:00,7921.75,4.6,6.9,8.5,8.8,270.8
2018-04-27 04:00:00,6353.97,4.2,6.2,7.7,7.7,281.7
2018-04-27 05:00:00,6575.38,3.9,5.4,7.1,6.6,285.6
2018-04-27 06:00:00,4314.21,3.6,4.9,6.6,6,287.7
2018-04-27 07:00:00,4012.87,3.5,4.8,6.4,5.9,287
2018-04-27 08:00:00,3778.51,4,4.7,7,5.7,286.6
2018-04-27 09:00:00,4847.2,4.3,4.6,7.4,5.5,282.1
2018-04-27 10:00:00,4107.6,4.5,4.4,7.7,5.1,280.2
2018-04-27 11:00:00,4243,4.6,4.2,7.7,4.8,282
2018-04-27 12:00:00,2840.51,4.3,4.1,7,4.6,281.4
2018-04-27 13:00:00,4094.26,4,4.1,6.4,4.7,281.3
2018-04-27 14:00:00,2891.48,3.9,4.2,6.3,4.7,284.3
2018-04-27 15:00:00,3314.4,3.8,4.1,6.2,4.6,285.9
2018-04-27 16:00:00,2045.35,3.8,3.8,6.3,4.3,291.9
2018-04-27 17:00:00,2320.57,4,3.6,6.7,4.1,300.6
2018-04-27 18:00:00,1816.85,3.4,3.4,6.1,3.9,308.4
2018-04-27 19:00:00,1290.1,2.4,3.3,4.8,3.7,315.7
2018-04-27 20:00:00,211.62,1.6,3.1,3.6,3.6,319.3
2018-04-27 21:00:00,1.24,1,2.7,2.5,3.1,319.3
2018-04-27 22:00:00,0,1.1,2,2.2,2.5,322
2018-04-27 23:00:00,0,1.1,1.3,1.9,1.8,333.6
2018-04-28 00:00:00,0,1,0.9,1.4,1.3,20.6
2018-04-28 01:00:00,0,0.8,0.9,0.8,1.1,135.7
2018-04-28 02:00:00,0,0.7,0.8,0.4,0.9,164.9
2018-04-28 03:00:00,0,1.3,0.7,0.7,0.7,163.6
2018-04-28 04:00:00,0,1.5,0.5,0.7,0.6,160.9
2018-04-28 05:00:00,0,1,0.4,0.5,0.5,44.1
2018-04-28 06:00:00,0,0.8,0.4,0.5,0.5,18.4
2018-04-28 07:00:00,0,0.6,0.5,0.4,0.6,26.5
2018-04-28 08:00:00,0,0.5,0.7,0.4,0.7,7.4
2018-04-28 09:00:00,0,0.8,0.9,0.5,1,314.5
2018-04-28 10:00:00,0,1.2,1.3,1.2,1.5,313.8
2018-04-28 11:00:00,0,1.7,1.7,2.2,1.9,323.3
2018-04-28 12:00:00,0.01,1.7,2.2,2.3,2.4,319.9
2018-04-28 13:00:00,473,2,2.6,2.5,2.8,304.2
2018-04-28 14:00:00,1747.75,3.4,3.1,4.3,3.2,323.6
2018-04-28 15:00:00,481.85,4.5,3.2,6.3,3.4,351.8
2018-04-28 16:00:00,365.82,4.1,3,6.7,3.2,15.3
2018-04-28 17:00:00,110.07,3.4,2.8,6.1,3,11.5
2018-04-28 18:00:00,1.26,2,2.9,3.6,3.2,9.7
2018-04-28 19:00:00,0,1.1,3.3,1.7,3.6,89.8
2018-04-28 20:00:00,3.86,1.1,3.6,1.7,4.1,102.4
2018-04-28 21:00:00,815.24,1.1,3.5,1.5,4,132.5
2018-04-28 22:00:00,385.55,1.1,2.8,1.5,3.2,177.3
2018-04-28 23:00:00,563.33,1.1,2.1,2.1,2.5,202.2
2018-04-29 00:00:00,509.51,0.9,1.7,1.9,2,199.7
2018-04-29 01:00:00,62.52,0.9,1.5,1.4,1.7,158.6
2018-04-29 02:00:00,0,1.1,1.4,2.1,1.4,171.2
2018-04-29 03:00:00,0.07,1.4,1.3,2.7,1.3,194.9
2018-04-29 04:00:00,256.05,2.2,1.4,3.9,1.5,216.2
2018-04-29 05:00:00,146.57,2.1,1.4,4.1,1.6,211.3
2018-04-29 06:00:00,9.5,1.6,1.4,3.2,1.7,196.3
2018-04-29 07:00:00,1.51,2,1.4,3.4,1.7,199.3
2018-04-29 08:00:00,85.67,2.1,1.4,3.6,1.8,206.4
2018-04-29 09:00:00,237.74,1.9,1.4,3.3,1.9,224
2018-04-29 10:00:00,1894.67,2.3,1.7,3.7,2.1,247.8
2018-04-29 11:00:00,1336.37,3.5,1.9,5.8,2.3,268.7
2018-04-29 12:00:00,1038.2,3.9,2.6,6.4,3.2,262.6
2018-04-29 13:00:00,6058.4,3.9,3.9,6.4,4.7,250.7
2018-04-29 14:00:00,5209.83,4.5,5.2,7.5,6.2,261.5
2018-04-29 15:00:00,8781.15,5.5,5.9,9.5,7,279.8
2018-04-29 16:00:00,8907.96,5.2,6.1,9.7,7.3,287.3
2018-04-29 17:00:00,5662.5,4.1,6.3,8,7.5,283
2018-04-29 18:00:00,3566.02,3.6,6.3,6.8,7.6,259.4
2018-04-29 19:00:00,4044.66,3.4,6.2,6.1,7.5,231.2
2018-04-29 20:00:00,3243.5,3.3,6.1,6,7.4,224.8
2018-04-29 21:00:00,2024.61,3.3,5.9,6,7.2,218.7
2018-04-29 22:00:00,2701.8,3.1,5.6,5.8,6.9,212.6
2018-04-29 23:00:00,1701.45,2.9,5.3,5.7,6.6,210.2
2018-04-30 00:00:00,759.33,2.7,4.6,5.5,5.8,215.1
2018-04-30 01:00:00,466.02,2.6,3.5,5,4.5,220
2018-04-30 02:00:00,141.66,2.7,2.4,5.1,3.2,225.6
2018-04-30 03:00:00,61.67,2.4,1.8,4.5,2.4,241.3
2018-04-30 04:00:00,26.65,2.4,1.6,4.4,2.1,252.1
2018-04-30 05:00:00,12.89,2.5,1.4,4.6,1.8,256.8
2018-04-30 06:00:00,0.05,2,1.4,3.3,1.8,268.1
2018-04-30 07:00:00,0,1.8,1.7,2.7,2.1,294.5
2018-04-30 08:00:00,9.75,1.9,1.9,3.2,2.4,319.6
2018-04-30 09:00:00,16.59,1.7,2.3,3.1,2.9,328.9
2018-04-30 10:00:00,532.61,1.6,2.9,3.1,3.4,335.1
2018-04-30 11:00:00,66.17,3.1,3.4,5.8,4,357.6
2018-04-30 12:00:00,1396.61,3.6,3.8,6.4,4.3,2.3
2018-04-30 13:00:00,866.88,2.7,3.9,4.3,4.4,0.4
2018-04-30 14:00:00,1526.33,3,4.1,5,4.5,359.9
2018-04-30 15:00:00,1771.99,3.9,4.1,6.6,4.6,1.6
2018-04-30 16:00:00,1611.64,4.6,4.1,7.7,4.6,4.2
2018-04-30 17:00:00,2391.08,4.4,4.1,7.6,4.6,5.1
2018-04-30 18:00:00,1070.63,3,4,5.8,4.5,9.5
2018-04-30 19:00:00,620.81,1.7,3.7,4,4.2,14.2
2018-04-30 20:00:00,135.95,1.3,3.4,3.2,3.9,10.9
2018-04-30 21:00:00,187.49,1.3,2.9,2.9,3.5,5.1
2018-04-30 22:00:00,22.76,1.4,2.4,3,3,358.8
2018-04-30 23:00:00,0,1.5,1.9,3,2.4,355.1
2018-05-01 00:00:00,0,1.4,1.5,1.7,2,351.2
2018-05-01 01:00:00,0,1.4,1.4,0.6,1.8,332.2
2018-05-01 02:00:00,0,1.6,1.3,0.7,1.6,321.4
2018-05-01 03:00:00,0,1.7,1.2,0.8,1.4,318.4
2018-05-01 04:00:00,0,1.9,1.1,0.7,1.3,298
2018-05-01 05:00:00,0,2,1,0.5,1.2,254.4
2018-05-01 06:00:00,0,1.7,0.9,0.9,1.2,219.5
2018-05-01 07:00:00,0,1.3,0.9,1.5,1.2,198.9
2018-05-01 08:00:00,0,1,0.9,1.6,1.2,193.5
2018-05-01 09:00:00,0,1.3,1.2,2.3,1.5,225.3
2018-05-01 10:00:00,74.58,2.3,1.7,3.8,2,243.3
2018-05-01 11:00:00,735.39,3.2,2.3,5.2,2.6,247.9
2018-05-01 12:00:00,1573.54,3.6,2.9,5.9,3.3,246.3
2018-05-01 13:00:00,2069.64,3.8,3.7,6.3,4.2,242.9
2018-05-01 14:00:00,1056.86,4.1,4.5,6.4,5.2,257.5
2018-05-01 15:00:00,1234.94,3.9,5.1,5.9,5.9,280
2018-05-01 16:00:00,1576.52,2.8,5.5,4.8,6.3,286.6
2018-05-01 17:00:00,3514.05,3.3,5.9,5.7,6.8,257.3
2018-05-01 18:00:00,5114,4,6.3,7.2,7.3,235
2018-05-01 19:00:00,2932.51,3.7,6.6,6.9,7.7,225.5
2018-05-01 20:00:00,2910.75,3.9,6.9,7,8.1,216.8
2018-05-01 21:00:00,3875.67,4.1,7.1,7.3,8.5,209
2018-05-01 22:00:00,4679.7,4.4,7.4,7.7,8.9,204.9
2018-05-01 23:00:00,5037.97,4.7,7.8,8.2,9.3,203.6
2018-05-02 00:00:00,4624.34,4.7,8.1,8.4,9.7,201.9
2018-05-02 01:00:00,4518,4.4,8.4,8.2,10.1,200.6
2018-05-02 02:00:00,4115.61,4.4,8.7,8,10.5,200.4
2018-05-02 03:00:00,3030.34,4.6,8.7,8.3,10.6,200.1
2018-05-02 04:00:00,3563.81,4.9,8.6,8.8,10.5,206.4
2018-05-02 05:00:00,4074.48,4.9,8.5,9.1,10.4,210.6
2018-05-02 06:00:00,3172.64,4.8,8.3,8.7,10.2,207.7
2018-05-02 07:00:00,3276.02,4.7,8.1,8.5,9.9,205.8
2018-05-02 08:00:00,2606.44,4.6,7.9,8.3,9.6,210.9
2018-05-02 09:00:00,3190.08,4.3,7.6,7.6,9.3,221.2
2018-05-02 10:00:00,5026.79,4.2,7.3,7.5,9,229.6
2018-05-02 11:00:00,5500.1,4.3,7,7.6,8.6,231.8
2018-05-02 12:00:00,4418.9,4.2,6.7,7.4,8.2,233.5
2018-05-02 13:00:00,5445.71,4.2,6.3,7.4,7.6,236.4
2018-05-02 14:00:00,4735.78,4.1,5.8,7.3,7.1,238.3
2018-05-02 15:00:00,4720.01,3.8,5.4,6.9,6.6,240.7
2018-05-02 16:00:00,3252.71,3.6,5.1,6.6,6.1,243.9
2018-05-02 17:00:00,1513.6,3.1,4.7,5.7,5.6,248.5
2018-05-02 18:00:00,573.73,3.1,4.2,5.7,5,327.5
2018-05-02 19:00:00,323.65,3.2,3.5,5.9,4.2,19.6
2018-05-02 20:00:00,441.54,2.4,2.8,4.3,3.5,25.8
2018-05-02 21:00:00,225.25,2.2,2.7,3.9,3.4,23.4
2018-05-02 22:00:00,410.85,2.6,3.2,4.6,4,17
2018-05-02 23:00:00,72.36,2.9,3.7,5.4,4.5,15.4
2018-05-03 00:00:00,423.09,2.8,4,5.4,4.9,17.7
2018-05-03 01:00:00,1356.8,1.9,4.2,4.4,5,25.1
2018-05-03 02:00:00,1364.32,1.4,4.3,3.9,5.2,30.9
2018-05-03 03:00:00,989.59,1.5,4.3,4,5.2,24.6
2018-05-03 04:00:00,830.41,1.5,4.3,4.3,5.2,18.2
2018-05-03 05:00:00,478.65,1.5,4.3,4.5,5.2,19.3
2018-05-03 06:00:00,355.77,1.4,4.2,4.3,5.1,24.1
2018-05-03 07:00:00,958.51,1.7,4.1,4,4.8,29.1
2018-05-03 08:00:00,1685.6,2.6,3.9,4.4,4.6,32.3
2018-05-03 09:00:00,2456.12,3.2,4,5.4,4.7,31.5
2018-05-03 10:00:00,2381.4,3.7,4.5,6.4,5.1,34.6
2018-05-03 11:00:00,3021.12,3.9,4.9,6.4,5.6,44.8
2018-05-03 12:00:00,3124.88,4,5.3,6.3,6,43.5
2018-05-03 13:00:00,3074.11,4.2,5.7,6.7,6.3,34.7
2018-05-03 14:00:00,3602.03,4.5,6,7.3,6.7,35.7
2018-05-03 15:00:00,4168.72,4.8,6.3,7.7,7,39.8
2018-05-03 16:00:00,4032.99,4.6,6.5,7.4,7.3,43
2018-05-03 17:00:00,2838.84,4.5,6.7,7.2,7.5,44.2
2018-05-03 18:00:00,3599.11,4.1,6.9,6.9,7.7,42.3
2018-05-03 19:00:00,2360.05,3.9,7,6.9,7.9,43.2
2018-05-03 20:00:00,2287.34,4,7.1,7.1,8.1,51.5
2018-05-03 21:00:00,2915.88,3.5,7.1,6.5,8.2,60.2
2018-05-03 22:00:00,1760.63,3.3,7,6.2,8.3,63.6
2018-05-03 23:00:00,1356.3,3.3,7,6.5,8.4,61.3
2018-05-04 00:00:00,1217.2,2.8,7,6.4,8.4,56.1
2018-05-04 01:00:00,1289.16,2.8,7.1,6.5,8.5,52
2018-05-04 02:00:00,3116.06,2.8,7.2,6.1,8.7,57.8
2018-05-04 03:00:00,3178.1,2,7.2,4.8,8.7,73.8
2018-05-04 04:00:00,3967.77,1.7,7.2,4.5,8.6,79.3
2018-05-04 05:00:00,4842.09,1.8,7.1,4.9,8.6,74.1
2018-05-04 06:00:00,6979.05,2.4,7.1,5.4,8.5,67.9
2018-05-04 07:00:00,9718.15,3.7,7,6.9,8.3,61.2
2018-05-04 08:00:00,10011.36,4.6,6.9,8.1,8.1,61.6
2018-05-04 09:00:00,6650.88,4.6,6.9,7.9,8,62.6
2018-05-04 10:00:00,5267.28,4.6,7,7.7,8,60.6
2018-05-04 11:00:00,4093.11,4.7,7,7.7,8,58.3
2018-05-04 12:00:00,4372.64,4.4,7.1,7.2,8.1,57.3
2018-05-04 13:00:00,4895.81,4.2,7.4,6.9,8.3,57.5
2018-05-04 14:00:00,6221.52,4.6,7.6,7.3,8.5,56.6
2018-05-04 15:00:00,6797.03,4.8,7.8,7.5,8.7,56.6
2018-05-04 16:00:00,7405.66,4.9,7.9,7.7,8.9,55.6
2018-05-04 17:00:00,5727.77,4.8,8.1,7.6,9.1,56.4
2018-05-04 18:00:00,3373.09,4.1,8.3,6.8,9.4,62.3
2018-05-04 19:00:00,1186.68,3.5,8.6,5.9,9.8,67.3
2018-05-04 20:00:00,6891.98,3.4,8.8,5.9,10.3,71
2018-05-04 21:00:00,7450.8,3.4,8.9,6.5,10.5,72.4
2018-05-04 22:00:00,8256.53,3.4,8.8,6.8,10.4,68.3
2018-05-04 23:00:00,9394.88,3.1,8.7,6.8,10.3,63.1
2018-05-05 00:00:00,8200.27,2.4,8.3,6.6,9.9,64.9
2018-05-05 01:00:00,8929.3,2.1,7.7,6.3,9.2,73.5
2018-05-05 02:00:00,8945.08,2.2,7.2,5.6,8.6,81.8
2018-05-05 03:00:00,7002.94,2.2,6.5,4.3,7.8,90.2
2018-05-05 04:00:00,9645.06,2.1,5.8,3.8,6.8,94.5
2018-05-05 05:00:00,5507.12,2,5,3.9,5.9,95
2018-05-05 06:00:00,3189.04,2.7,4.4,5,5.1,95.1
2018-05-05 07:00:00,1111.48,3.3,3.9,5.4,4.5,94
2018-05-05 08:00:00,1780.49,3.7,3.3,5.3,4,100.2
2018-05-05 09:00:00,2509.57,3.9,3.5,5.3,4,103.2
2018-05-05 10:00:00,2390.46,3.7,4.2,5.2,4.8,91.7
2018-05-05 11:00:00,1535.39,3.4,5,5.2,5.5,80.2
2018-05-05 12:00:00,2767.07,3.3,5.6,4.8,6.2,81.8
2018-05-05 13:00:00,3362.79,3,6.1,4.3,6.7,82.6
2018-05-05 14:00:00,2054.35,3.3,6.6,5,7.2,71.9
2018-05-05 15:00:00,3272.68,4.1,6.9,6.2,7.6,63.8
2018-05-05 16:00:00,3779.52,4.3,7.1,6.6,7.9,65.4
2018-05-05 17:00:00,4784.06,3.9,7.3,5.7,8.1,76.3
2018-05-05 18:00:00,7902.36,3.3,7.4,4.7,8.3,90.6
2018-05-05 19:00:00,6468.95,2.7,7.5,4.3,8.6,100.6
2018-05-05 20:00:00,6445,2.1,7.6,3.6,8.8,98.3
2018-05-05 21:00:00,6254.06,2.1,7.3,3.4,8.5,101.1
2018-05-05 22:00:00,9187.66,2.4,6.5,3.8,7.7,111.3
2018-05-05 23:00:00,6975.8,2.7,5.8,4.4,6.9,120.4
2018-05-06 00:00:00,5625.25,2.9,4.8,5.8,5.8,118.1
2018-05-06 01:00:00,6477.5,2.7,3.7,6.1,4.3,113.5
2018-05-06 02:00:00,5005.12,2.3,2.5,5.3,2.9,118.2
2018-05-06 03:00:00,3594.68,2.1,1.9,4.8,2.1,122.6
2018-05-06 04:00:00,2693.21,2,1.8,4.6,2,123.9
2018-05-06 05:00:00,2035.54,1.9,1.7,4.6,1.9,126.4
2018-05-06 06:00:00,2486.06,2.2,1.6,5.1,1.8,129
2018-05-06 07:00:00,2395.14,2.4,1.5,4.7,1.8,131.1
2018-05-06 08:00:00,1333.46,2.4,1.3,3.8,1.8,134.5
2018-05-06 09:00:00,731.22,2.6,1.2,3.8,1.7,132.4
2018-05-06 10:00:00,102.36,2.5,1.2,3.8,1.5,125.7
2018-05-06 11:00:00,0,1.8,1.1,2.8,1.4,126.5
2018-05-06 12:00:00,0,1.2,1.6,2.1,1.7,123.7
2018-05-06 13:00:00,113.42,1,2.5,1.7,2.7,114.1
2018-05-06 14:00:00,153.42,0.7,3.4,1.3,3.6,124.4
2018-05-06 15:00:00,439.33,1,3.8,2.1,4,115.8
2018-05-06 16:00:00,459.61,2.3,3.7,4,4,83.3
2018-05-06 17:00:00,601.94,3,3.6,4.9,3.9,62
2018-05-06 18:00:00,680.77,2.3,3.5,3.8,3.7,60.1
2018-05-06 19:00:00,411.35,1.5,3.2,2.8,3.4,77.2
2018-05-06 20:00:00,858.2,1.3,2.9,2.8,3.1,94.8
2018-05-06 21:00:00,3514.36,1.7,2.7,3.1,2.9,99.9
2018-05-06 22:00:00,2227.54,2.2,2.7,2.5,2.8,97.9
2018-05-06 23:00:00,2784.01,2.2,2.6,2,2.7,105.9
2018-05-07 00:00:00,2966.43,2.1,2.4,2.9,2.5,112.1
2018-05-07 01:00:00,2195.3,2.1,2,3.4,2.2,120
2018-05-07 02:00:00,1880.42,1.9,1.7,2.8,1.9,125.9
2018-05-07 03:00:00,1616.75,1.2,1.5,2.1,1.7,112
2018-05-07 04:00:00,1922.86,1.4,1.4,1.5,1.6,101.6
2018-05-07 05:00:00,1648.76,2,1.4,1.6,1.5,122.5
2018-05-07 06:00:00,813.94,1.6,1.3,2.2,1.5,136.1
2018-05-07 07:00:00,982.57,1.3,1.2,2.2,1.5,130.5
2018-05-07 08:00:00,30.2,1.4,1.1,1.7,1.6,118.1
2018-05-07 09:00:00,0.76,1.7,1.1,2.1,1.6,113
2018-05-07 10:00:00,0,1.8,1.2,2.4,1.6,113.5
2018-05-07 11:00:00,0,1.1,1.3,1.5,1.6,117
2018-05-07 12:00:00,0.01,0.8,1.6,0.7,1.8,47.5
2018-05-07 13:00:00,547.46,1.1,2,1.2,2.2,329.9
2018-05-07 14:00:00,1122.08,1.7,2.4,2,2.6,333.2
2018-05-07 15:00:00,1037.72,2.6,2.7,3.5,2.9,350
2018-05-07 16:00:00,782.66,3.3,2.8,5.1,3.1,1.8
2018-05-07 17:00:00,163.04,3.2,2.9,5,3.2,16.8
2018-05-07 18:00:00,0.99,2.4,3,3.7,3.3,34.4
2018-05-07 19:00:00,249.5,1.9,2.9,2.7,3.2,50.3
2018-05-07 20:00:00,285.9,1.6,2.8,2.1,3.1,57.3
2018-05-07 21:00:00,1575.57,1.5,2.6,1.5,2.8,18.1
2018-05-07 22:00:00,1009.18,1.8,2.1,2.8,2.4,326.1
2018-05-07 23:00:00,1243.36,2.2,1.7,4.3,2,341.2
2018-05-08 00:00:00,649.64,2.1,1.5,4,1.8,354.2
2018-05-08 01:00:00,1.66,1.9,1.5,3.7,1.8,346.1
2018-05-08 02:00:00,28.4,1.6,1.5,3.1,1.8,350.4
2018-05-08 03:00:00,53.28,1.4,1.5,2.5,1.8,2.3
2018-05-08 04:00:00,0,1.3,1.3,2.3,1.8,10.7
2018-05-08 05:00:00,0.12,1,1.2,1.7,1.7,31.7
2018-05-08 06:00:00,0,0.8,1,1.2,1.5,24.8
2018-05-08 07:00:00,0,0.7,0.8,1,1.1,5.1
2018-05-08 08:00:00,0,1.7,0.6,2.9,0.8,325.7
2018-05-08 09:00:00,247.76,2.5,0.9,4.3,0.9,325.5
2018-05-08 10:00:00,1615,2.9,1.5,5.1,1.6,332.9
2018-05-08 11:00:00,447.18,3.6,2.2,6.1,2.3,342.7
2018-05-08 12:00:00,378.31,3.3,2.8,5.4,3,2.1
2018-05-08 13:00:00,143.24,3.1,3.4,5.1,3.6,11.2
2018-05-08 14:00:00,472.49,3.2,3.9,5.2,4.2,8.3
2018-05-08 15:00:00,833.16,3.5,4.3,5.6,4.5,359.4
2018-05-08 16:00:00,704.49,3.8,4.3,5.8,4.6,350.7
2018-05-08 17:00:00,1184.91,3.8,4.4,5.9,4.7,353.8
2018-05-08 18:00:00,520.54,3.4,4.2,5.6,4.6,5.7
2018-05-08 19:00:00,411.08,2.9,3.8,4.8,4.2,18.3
2018-05-08 20:00:00,43.31,2.5,3.4,4.1,3.8,21.3
2018-05-08 21:00:00,26.83,2.1,3.1,3.4,3.6,23.3
2018-05-08 22:00:00,6.91,1.9,2.9,3,3.6,34.2
2018-05-08 23:00:00,0,1.8,2.8,2.9,3.5,27.7
2018-05-09 00:00:00,0,1.8,2.7,3.1,3.4,10.8
2018-05-09 01:00:00,0.06,2,2.5,3.7,3.3,9.2
2018-05-09 02:00:00,0,2.1,2.4,3.8,3.2,23.7
2018-05-09 03:00:00,0.02,2.2,2.2,3.7,3.1,25.7
2018-05-09 04:00:00,0.07,2.1,2.1,3.7,2.9,19.4
2018-05-09 05:00:00,0,1.8,2,3,2.8,17.3
2018-05-09 06:00:00,0,1.5,1.9,2.2,2.6,27.1
2018-05-09 07:00:00,0,1.3,1.9,1.7,2.5,33.5
2018-05-09 08:00:00,0,1.7,1.9,2.4,2.3,353
2018-05-09 09:00:00,0,2.4,1.9,3.5,2.3,337.5
2018-05-09 10:00:00,77.79,2.6,2.1,3.9,2.4,333
2018-05-09 11:00:00,979.88,2.8,2.2,4.2,2.4,331.2
2018-05-09 12:00:00,2424.32,3.4,2.6,5.1,2.8,318.4
2018-05-09 13:00:00,1198.47,3.5,3.2,5.6,3.4,311.9
2018-05-09 14:00:00,909.97,3.6,3.7,5.9,4,304.9
2018-05-09 15:00:00,2077.97,3.8,3.9,6.3,4.3,297.2
2018-05-09 16:00:00,3212.53,3.4,3.8,5.9,4.1,294.8
2018-05-09 17:00:00,2951.98,3.6,3.6,5.9,4,294
2018-05-09 18:00:00,1799.03,3.3,3.3,5.7,3.7,299.2
2018-05-09 19:00:00,1049.74,2.4,2.9,4.2,3.4,300.5
2018-05-09 20:00:00,638.02,2,2.4,3.4,3,295.2
2018-05-09 21:00:00,82.99,2.4,2.7,4.2,3.3,299.7
2018-05-09 22:00:00,30.93,2.4,3.6,4.5,4.4,311.8
2018-05-09 23:00:00,561.7,2.9,4.5,5.9,5.4,352.9
2018-05-10 00:00:00,856.61,3.5,5,6.8,6,9.4
2018-05-10 01:00:00,964.22,3.1,5.1,5.9,6.1,11.7
2018-05-10 02:00:00,1144.99,2.7,5.3,5.4,6.2,21.4
2018-05-10 03:00:00,2999.36,2.3,5.3,4.9,6.3,37.8
2018-05-10 04:00:00,2600.85,2.1,5.3,4.5,6.4,46.1
2018-05-10 05:00:00,2304.93,2.2,5.3,4.8,6.4,44.7
2018-05-10 06:00:00,999.32,2.5,5.2,4.7,6.3,44
2018-05-10 07:00:00,1317.04,3.2,5.1,5.4,6.1,53.2
2018-05-10 08:00:00,2744.14,3.9,5,6.4,6,61.7
2018-05-10 09:00:00,3269.79,4,5,6.5,5.8,66.4
2018-05-10 10:00:00,4833.59,4,4.9,6.4,5.6,69.4
2018-05-10 11:00:00,4711.42,3.9,4.9,6.1,5.5,72
2018-05-10 12:00:00,2901.14,3.7,4.8,5.8,5.4,79.3
2018-05-10 13:00:00,1491.48,2.8,4.8,4.5,5.4,77.8
2018-05-10 14:00:00,562.22,2.8,4.8,4.3,5.3,68.7
2018-05-10 15:00:00,697.23,3.8,4.6,5.7,5.2,72
2018-05-10 16:00:00,1156.74,3.8,4.4,5.8,4.9,81.6
2018-05-10 17:00:00,635.8,3.5,4.2,5.1,4.7,97.5
2018-05-10 18:00:00,1888.69,3.6,3.8,5.4,4.2,109.4
2018-05-10 19:00:00,1703.62,3.5,3.2,5.9,3.4,127.2
2018-05-10 20:00:00,1802.13,2.7,2.6,5,2.7,144.4
2018-05-10 21:00:00,1807.74,2.1,2.2,3.7,2.4,147.5
2018-05-10 22:00:00,1040.02,2.1,2,4.2,2.4,154
2018-05-10 23:00:00,2264.68,2.2,1.7,4.8,2.5,163.3
2018-05-11 00:00:00,2946.19,2,2.6,4.9,3.8,172.1
2018-05-11 01:00:00,3734.72,2.1,4.7,5.8,6.3,204
2018-05-11 02:00:00,5710.32,2.8,6.7,6.5,8.9,244.5
2018-05-11 03:00:00,6923.35,2.9,7.5,5.8,9.8,247.9
2018-05-11 04:00:00,6585.62,3.4,7.1,6.3,9.2,229.4
2018-05-11 05:00:00,5967.31,4.4,6.7,7.5,8.5,231.5
2018-05-11 06:00:00,4791.7,4.2,6.4,7.2,8.1,220.1
2018-05-11 07:00:00,5272.97,4.2,6.2,7.1,7.7,207.8
2018-05-11 08:00:00,3909.69,4.7,6,7.8,7.4,218.4
2018-05-11 09:00:00,2687.92,4.7,6,8.2,7.2,217.2
2018-05-11 10:00:00,1865.32,4.4,6.1,7.8,7.3,205.8
2018-05-11 11:00:00,1184.19,4.3,6.2,7.6,7.4,208.9
2018-05-11 12:00:00,1067.68,4,6.2,7.1,7.3,218.8
2018-05-11 13:00:00,1910.84,3.8,6.1,6.5,7.1,227.1
2018-05-11 14:00:00,2721.15,4,6,6.8,6.9,234.4
2018-05-11 15:00:00,2813.36,4,5.4,6.9,6.3,241.7
2018-05-11 16:00:00,4702.76,3.8,4.5,6.3,5.3,246.5
2018-05-11 17:00:00,1458.75,3.4,3.6,5.3,4.3,248
2018-05-11 18:00:00,1223.85,2.6,3.2,4.8,4,271.5
2018-05-11 19:00:00,2469.34,1.9,3.6,4.4,4.4,294.6
2018-05-11 20:00:00,1117.21,1.6,3.9,4.1,4.7,292.9
2018-05-11 21:00:00,1365.87,1.8,4.3,4.8,5.2,285.3
2018-05-11 22:00:00,2576.91,1.8,4.7,4.8,5.9,273.3
2018-05-11 23:00:00,1911.56,1.9,5.2,4.8,6.5,258.7
2018-05-12 00:00:00,3057.79,2.1,5.4,5.6,6.9,246.7
2018-05-12 01:00:00,3553.93,2.2,5.4,6.4,6.9,241.7
2018-05-12 02:00:00,2259.97,2.2,5.3,6,7,234.3
2018-05-12 03:00:00,2499.91,2.3,5.3,5.6,6.9,219.7
2018-05-12 04:00:00,6609.11,3.8,5.1,7.6,6.8,252.6
2018-05-12 05:00:00,5926.16,3.4,5,6.8,6.6,274.2
2018-05-12 06:00:00,5435.86,3.1,5,6.2,6.5,274.8
2018-05-12 07:00:00,4755.76,4.5,5.1,7.9,6.5,275.7
2018-05-12 08:00:00,4480.75,4.7,5.2,8,6.5,275.6
2018-05-12 09:00:00,7402.16,5.3,5.3,9.1,6.6,279.8
2018-05-12 10:00:00,10471.89,5.8,5.5,10,6.8,283.1
2018-05-12 11:00:00,9000.46,6,5.7,10.1,7,283
2018-05-12 12:00:00,9237.99,6.2,5.9,10.4,7.2,284.5
2018-05-12 13:00:00,9774.67,6.2,6.1,10.5,7.2,286.9
2018-05-12 14:00:00,8358.79,6,6.3,10.3,7.3,287.8
2018-05-12 15:00:00,6523.85,5.7,6.3,9.7,7.2,290.1
2018-05-12 16:00:00,7255.69,5.3,6.1,9.2,7,291.8
2018-05-12 17:00:00,5182.64,4.9,5.9,8.7,6.8,289.9
2018-05-12 18:00:00,4627.46,4.4,5.9,7.8,6.8,284.4
2018-05-12 19:00:00,3537.35,3.9,6.1,6.9,7.2,274.7
2018-05-12 20:00:00,3814.57,3.4,6.3,6.2,7.5,262.8
2018-05-12 21:00:00,4182.9,2.8,6.4,5.2,7.7,253.6
2018-05-12 22:00:00,1452.42,2.5,6.3,4.6,7.7,260.1
2018-05-12 23:00:00,2715.81,2.7,6.3,4.9,7.7,266.6
2018-05-13 00:00:00,2121.18,3.1,6.1,5.7,7.5,264.9
2018-05-13 01:00:00,2672.75,2.8,5.7,5.8,7.1,263.4
2018-05-13 02:00:00,2184.68,2.3,5.4,5.4,6.8,261.3
2018-05-13 03:00:00,1671.46,1.8,5.2,4.9,6.5,257.9
2018-05-13 04:00:00,1932.25,1.6,5,3.9,6.3,258.8
2018-05-13 05:00:00,1668.52,2,4.9,3.1,6.2,254.8
2018-05-13 06:00:00,2906.64,2.3,4.8,3.8,6.1,241.9
2018-05-13 07:00:00,1450.71,2.8,4.8,5,6.1,241.4
2018-05-13 08:00:00,1862.76,3.5,4.8,5.9,6.1,241.8
2018-05-13 09:00:00,3667.81,3.5,4.9,6,6.2,259.2
2018-05-13 10:00:00,4512.55,3.4,5.2,6.2,6.4,282.3
2018-05-13 11:00:00,3681.96,3.7,5.4,6.9,6.6,289.8
2018-05-13 12:00:00,3850.68,3.8,5.5,6.8,6.6,289.4
2018-05-13 13:00:00,2530.82,3.9,5.5,6.7,6.4,283.3
2018-05-13 14:00:00,2913.4,4.1,5.4,7.1,6.2,280.9
2018-05-13 15:00:00,2753.34,4.3,5.5,7.3,6.2,279.9
2018-05-13 16:00:00,2546.3,4.2,5.7,7.1,6.4,276.9
2018-05-13 17:00:00,3348.21,4,5.8,7,6.6,270.5
2018-05-13 18:00:00,4750.83,3.8,6,6.9,7,266.7
2018-05-13 19:00:00,3425.18,3.8,6.3,7,7.4,265.6
2018-05-13 20:00:00,3489.94,4.1,6.5,7.5,7.9,265.5
2018-05-13 21:00:00,3142.62,4.1,6.5,7.4,8,262.6
2018-05-13 22:00:00,4164.33,4,6.1,7.3,7.6,258
2018-05-13 23:00:00,3405.09,3.8,5.7,7,7.2,258.4
2018-05-14 00:00:00,3067.13,3.4,5.3,6.5,6.8,269.7
2018-05-14 01:00:00,3084.7,3.2,5.1,6.2,6.5,291.1
2018-05-14 02:00:00,3629.59,3.1,4.9,6.2,6.2,307.8
2018-05-14 03:00:00,3282.42,3,4.6,6.3,5.9,312.5
2018-05-14 04:00:00,3908.76,3.1,4.4,6.4,5.7,318.5
2018-05-14 05:00:00,1627.32,2.9,4.2,5.8,5.6,325.5
2018-05-14 06:00:00,1665.17,3,3.9,5.7,5.2,325.3
2018-05-14 07:00:00,2156.68,3.5,3.5,6.4,4.6,330.1
2018-05-14 08:00:00,1370.77,3.6,3.2,6.4,4,339.3
2018-05-14 09:00:00,1337.59,3.4,2.8,6.2,3.5,345.7
2018-05-14 10:00:00,1302.12,3.1,2.6,5.8,3.2,355.8
2018-05-14 11:00:00,1148.21,2.9,2.3,5,2.8,2.1
2018-05-14 12:00:00,969.58,2.7,2.5,4.4,2.8,358.2
2018-05-14 13:00:00,469.81,2.8,2.9,4.8,3.2,357.4
2018-05-14 14:00:00,515.94,3.2,3.3,5.4,3.6,359.5
2018-05-14 15:00:00,442.32,3.2,3.7,5.4,3.9,2.1
2018-05-14 16:00:00,222.68,3,3.8,5.1,4.1,7.7
2018-05-14 17:00:00,185.01,2.8,4,4.7,4.3,16.1
2018-05-14 18:00:00,417.41,2.8,3.9,4.8,4.3,12.5
2018-05-14 19:00:00,597.07,2.8,3.6,4.9,4.1,8.6
2018-05-14 20:00:00,419.19,2.4,3.3,4.5,3.9,13.2
2018-05-14 21:00:00,561.06,2.3,3.1,4.3,3.6,21.5
2018-05-14 22:00:00,1090.07,2.1,2.8,4.1,3.2,35.8
2018-05-14 23:00:00,496.95,1.8,2.5,3.7,2.8,50.8
2018-05-15 00:00:00,661.87,1.5,2.2,3.2,2.5,45.8
2018-05-15 01:00:00,789,1.2,2,2.9,2.2,45.5
2018-05-15 02:00:00,1565.62,1.2,1.8,2.8,1.9,56.4
2018-05-15 03:00:00,1448.17,1.1,1.5,3,1.8,44
2018-05-15 04:00:00,810.63,1.1,1.4,3.5,1.7,38.6
2018-05-15 05:00:00,920.45,1.2,1.2,3.3,1.7,36.6
2018-05-15 06:00:00,638.6,0.9,1.1,3.2,1.7,21.2
2018-05-15 07:00:00,698.85,1,1.2,3.6,1.8,13.4
2018-05-15 08:00:00,638.16,1.6,1.3,3.7,1.9,15.3
2018-05-15 09:00:00,1458.4,2.3,1.7,4.2,2.2,19.7
2018-05-15 10:00:00,1369.72,3,2.4,5.3,2.9,26.7
2018-05-15 11:00:00,1190.35,3.5,3.1,6,3.5,29.4
2018-05-15 12:00:00,1529.51,3.7,3.7,5.9,4.2,26.8
2018-05-15 13:00:00,2460.85,3.8,4.4,6,4.8,22.4
2018-05-15 14:00:00,3007.88,4.3,5,6.8,5.5,22.7
2018-05-15 15:00:00,4220.12,4.5,5.4,7.3,6,26.4
2018-05-15 16:00:00,4799.57,4.5,5.7,7.3,6.3,29.5
2018-05-15 17:00:00,5094.45,4.2,5.9,6.7,6.6,36.1
2018-05-15 18:00:00,2514.64,3.7,6.1,6,6.9,42.8
2018-05-15 19:00:00,4259.87,3.6,6.2,6.1,7.2,44.5
2018-05-15 20:00:00,2995.46,3.9,6.3,6.6,7.4,51.7
2018-05-15 21:00:00,2343.07,3.7,6.5,6.5,7.7,56.4
2018-05-15 22:00:00,3037.19,4,6.7,6.9,8,54.7
2018-05-15 23:00:00,3688.78,4.1,6.8,7.1,8.2,54.8
2018-05-16 00:00:00,3673.03,3.7,6.9,6.6,8.4,58.3
2018-05-16 01:00:00,5569.55,3.5,7,6.3,8.4,65
2018-05-16 02:00:00,4603.65,3.3,7,5.9,8.5,70.2
2018-05-16 03:00:00,5176.6,3,6.9,5.2,8.4,70.1
2018-05-16 04:00:00,4133.03,3,6.7,5.4,8.2,60.9
2018-05-16 05:00:00,4316.6,3.1,6.5,5.8,7.9,57.6
2018-05-16 06:00:00,2268.83,3.1,6.2,5.4,7.6,55.8
2018-05-16 07:00:00,2881.77,3.4,5.9,5.7,7,56.5
2018-05-16 08:00:00,4037.85,3.9,5.6,6.4,6.5,60.4
2018-05-16 09:00:00,3868.08,4.4,5.4,7,6.2,61.1
2018-05-16 10:00:00,4186.74,4.7,5.4,7.5,6.1,64.2
2018-05-16 11:00:00,4119.17,4.7,5.4,7.5,6.1,63.3
2018-05-16 12:00:00,3789.93,4.1,5.5,6.6,6.1,57.3
2018-05-16 13:00:00,3298.53,3.9,5.7,6.1,6.3,55.8
2018-05-16 14:00:00,2539.43,4.3,5.9,6.6,6.5,55.3
2018-05-16 15:00:00,2982.1,4.6,6,7.2,6.7,50.6
2018-05-16 16:00:00,3916.96,4.6,6.2,7.2,6.9,50.6
2018-05-16 17:00:00,5038.77,4.1,6.3,6.3,7,56.1
2018-05-16 18:00:00,4887.88,3.5,6.6,5.3,7.4,63.7
2018-05-16 19:00:00,4717.29,2.7,6.9,4.2,7.8,66.4
2018-05-16 20:00:00,4087.92,2.2,7.2,4.1,8.3,68.9
2018-05-16 21:00:00,3303.61,1.9,7.4,3.8,8.5,87.4
2018-05-16 22:00:00,3163.66,1.5,7.4,2.3,8.6,113.3
2018-05-16 23:00:00,3359.07,1.6,7.4,1.4,8.7,127.3
2018-05-17 00:00:00,5069.8,1.1,7.2,1.7,8.6,98.6
2018-05-17 01:00:00,4445.12,1,6.7,2.9,8.1,69
2018-05-17 02:00:00,2896.67,1.9,6.3,3.4,7.6,57.6
2018-05-17 03:00:00,5584.04,2,6,3.4,7.3,59.9
2018-05-17 04:00:00,4773.97,1.6,5.7,3.4,7,72.3
2018-05-17 05:00:00,4625.59,1,5.5,3.1,6.8,75.7
2018-05-17 06:00:00,3702.25,1,5.3,3.5,6.5,65.7
2018-05-17 07:00:00,973.58,1.9,5.1,3.6,6.2,59.8
2018-05-17 08:00:00,2139.36,2.6,5,3.8,5.9,60.7
2018-05-17 09:00:00,4329.23,3.3,5.2,5,6,64.5
2018-05-17 10:00:00,1828.51,3.8,5.7,5.9,6.4,61.4
2018-05-17 11:00:00,7.06,4.2,6.2,6.6,6.9,56.1
2018-05-17 12:00:00,8.53,4.6,6.6,7.5,7.3,54.3
2018-05-17 13:00:00,8.07,5,7,8.2,7.7,52
2018-05-17 14:00:00,7.58,5.4,7.4,8.7,8.1,52.2
2018-05-17 15:00:00,8.46,5.4,7.6,8.7,8.4,49.9
2018-05-17 16:00:00,8.94,5.2,7.7,8.2,8.5,49.8
2018-05-17 17:00:00,9.68,5,7.7,7.4,8.5,54
2018-05-17 18:00:00,10.09,4.2,7.8,6.6,8.7,60.6
2018-05-17 19:00:00,9.98,4.1,7.9,7.2,8.9,79.4
2018-05-17 20:00:00,8.03,4.1,8,7.6,9.1,84.4
2018-05-17 21:00:00,9.58,3.3,7.9,6.5,9.1,76.9
2018-05-17 22:00:00,9.14,2.7,7.8,5,9,50.3
2018-05-17 23:00:00,8.09,2.7,7.7,5,9,22
2018-05-18 00:00:00,1753.6,2.3,7.2,6,8.5,40.1
2018-05-18 01:00:00,4988.95,1.9,6.5,5.9,7.7,53.3
2018-05-18 02:00:00,4310.38,1.7,5.7,5.3,6.9,56.1
2018-05-18 03:00:00,2954.92,1.8,5.3,5.2,6.6,66.1
2018-05-18 04:00:00,4036.99,2,5.3,5.3,6.6,74.4
2018-05-18 05:00:00,3365.75,2.1,5.2,5.3,6.7,78.9
2018-05-18 06:00:00,4108.6,2.8,5.3,6,6.7,76.5
2018-05-18 07:00:00,1369.96,4.1,5.4,7.3,6.6,73.3
2018-05-18 08:00:00,4339.21,5,5.5,8.7,6.6,73.6
2018-05-18 09:00:00,5077.56,5.5,5.8,9.5,6.7,71.4
2018-05-18 10:00:00,3360.56,5.8,6.1,9.6,7,67.5
2018-05-18 11:00:00,981.81,5.7,6.5,9.4,7.2,62.2
2018-05-18 12:00:00,6.91,5.2,6.7,8.4,7.4,62.9
2018-05-18 13:00:00,3294.63,4.6,6.8,7.4,7.6,62.3
2018-05-18 14:00:00,3593.4,4.5,6.9,7.6,7.7,56.7
2018-05-18 15:00:00,4415.19,4.4,7,8,7.8,58.6
2018-05-18 16:00:00,2857.37,4.3,7.1,7.8,7.9,64.5
2018-05-18 17:00:00,1872.23,3.8,7.1,7.1,7.9,69.2
2018-05-18 18:00:00,3595.08,3.4,7.2,5.8,8,79.6
2018-05-18 19:00:00,4233.22,2.8,7.2,4.6,8.2,91
2018-05-18 20:00:00,8.63,2.2,7.2,4.6,8.3,79.9
2018-05-18 21:00:00,9.8,1.9,7.2,5.2,8.4,73.9
2018-05-18 22:00:00,7.17,2.1,7.1,5,8.4,84.2
2018-05-18 23:00:00,2160.19,2.3,7,5,8.4,100.8
2018-05-19 00:00:00,2018.54,2.5,6.4,6.2,7.7,98.7
2018-05-19 01:00:00,3340.22,2.5,5.2,6.8,6.2,95.5
2018-05-19 02:00:00,3331.69,2.3,4,6.9,4.8,97.7
2018-05-19 03:00:00,4793.94,2.4,3.2,7.2,3.8,98.1
2018-05-19 04:00:00,4743.6,2.4,2.6,6.8,3.1,101.3
2018-05-19 05:00:00,4616.59,2.3,2.1,6.5,2.4,102
2018-05-19 06:00:00,3895.21,2.6,1.7,6.9,2,95.5
2018-05-19 07:00:00,2631.38,3.3,1.6,7.1,1.9,90.9
2018-05-19 08:00:00,2196.68,3.8,1.4,7,1.9,91.4
2018-05-19 09:00:00,2566.07,4,1.4,6.9,1.8,90.2
2018-05-19 10:00:00,2374.61,4.2,1.6,6.9,1.9,85.5
2018-05-19 11:00:00,4128.68,4.3,1.7,7.1,1.9,80
2018-05-19 12:00:00,3247.85,3.8,2.4,6.1,2.6,82.1
2018-05-19 13:00:00,3355.91,3.2,3.6,5,4,86.9
2018-05-19 14:00:00,2525.42,3.4,4.9,5.5,5.3,75.1
2018-05-19 15:00:00,2823.72,3.8,5.6,6.1,6.1,67.1
2018-05-19 16:00:00,2684.55,3.7,5.8,6.1,6.3,65.8
2018-05-19 17:00:00,2480.34,3.2,6,5.8,6.6,67.3
2018-05-19 18:00:00,1154.31,2.7,6,4.8,6.7,77.6
2018-05-19 19:00:00,814.79,2.2,5.9,3.6,6.7,91.1
2018-05-19 20:00:00,3618.98,1.9,5.8,3.1,6.7,92.1
2018-05-19 21:00:00,2489.61,2,5.6,2.9,6.6,86.7
2018-05-19 22:00:00,1526.18,2.1,5.4,3,6.3,85.8
2018-05-19 23:00:00,3172.31,2.4,5.1,3.3,6.1,89.7
2018-05-20 00:00:00,3878.52,2.2,4.9,4.2,5.9,94.3
2018-05-20 01:00:00,4939.25,1.9,4.8,4.5,5.7,91.2
2018-05-20 02:00:00,4677.51,1.8,4.6,4,5.5,79.4
2018-05-20 03:00:00,3166.97,1.8,4.4,4.1,5.3,77.7
2018-05-20 04:00:00,3132.96,1.9,4.1,4,4.9,86.6
2018-05-20 05:00:00,4190.83,2.2,3.9,3.7,4.6,93.6
2018-05-20 06:00:00,4902.26,2.1,3.5,4.4,4.1,94.1
2018-05-20 07:00:00,2851.69,2.1,2.9,4.7,3.5,92.5
2018-05-20 08:00:00,1437.91,3.1,2.4,5.3,2.9,94.7
2018-05-20 09:00:00,2155.08,4,2.3,6.5,2.8,93
2018-05-20 10:00:00,2560.88,4.3,2.6,7.1,3.1,84.2
2018-05-20 11:00:00,2929.98,4.4,3,7.5,3.4,74
2018-05-20 12:00:00,4534.28,4,3.6,6.7,4,77.5
2018-05-20 13:00:00,986.7,3.7,4.6,5.7,5.1,82.4
2018-05-20 14:00:00,4493.27,3.7,5.6,5.9,6.2,70.5
2018-05-20 15:00:00,3255.29,3.7,6.1,6.3,6.8,64.6
2018-05-20 16:00:00,2426.52,3.7,6.2,6.5,6.9,67.1
2018-05-20 17:00:00,2495.57,3.5,6.3,6.3,7,69.7
2018-05-20 18:00:00,3237.98,3,6.3,5.2,7.1,80.4
2018-05-20 19:00:00,1517,2.5,6.2,4.1,7.1,104.1
2018-05-20 20:00:00,2893.15,2.3,6.1,3.9,7.1,109.8
2018-05-20 21:00:00,2862.14,2.2,5.7,3.5,6.7,109.3
2018-05-20 22:00:00,1693.13,2,4.9,3.1,5.8,108.4
2018-05-20 23:00:00,3600,2,4.1,2.9,4.8,108.3
2018-05-21 00:00:00,3572.29,2,3.4,3.9,3.9,117.8
2018-05-21 01:00:00,5033.64,2,2.7,4.5,3.1,127
2018-05-21 02:00:00,3266.83,1.9,2,3.5,2.2,134.2
2018-05-21 03:00:00,2056.35,1.9,1.6,3.1,1.8,142.5
2018-05-21 04:00:00,1820.98,1.9,1.5,2.9,1.7,149.7
2018-05-21 05:00:00,1106.28,1.8,1.5,3,1.6,153.9
2018-05-21 06:00:00,165.51,1.4,1.3,2.6,1.4,160.7
2018-05-21 07:00:00,15.67,0.6,1.1,1.2,1.1,176.8
2018-05-21 08:00:00,0,0.6,0.8,1,0.9,245.2
2018-05-21 09:00:00,0,1,0.8,1.4,0.9,277.8
2018-05-21 10:00:00,0,1.1,1,1.4,1.1,296.9
2018-05-21 11:00:00,0,1.3,1.3,1.7,1.3,306.9
2018-05-21 12:00:00,0,1.4,1.8,1.8,1.8,311.1
2018-05-21 13:00:00,234.15,1.7,2.5,2,2.6,331.9
2018-05-21 14:00:00,1501.69,2.6,3.3,3.2,3.3,335.7
2018-05-21 15:00:00,2050.62,3.8,3.6,5.4,3.6,333.8
2018-05-21 16:00:00,1594.32,4,3.4,6.4,3.5,344.3
2018-05-21 17:00:00,205.26,3.3,3.2,5.6,3.3,357.6
2018-05-21 18:00:00,0.04,2.6,3,4.3,3.3,13.3
2018-05-21 19:00:00,0.03,1.8,3,3,3.2,39.9
2018-05-21 20:00:00,0,1.3,2.9,2.2,3.2,76.6
2018-05-21 21:00:00,0,1.3,2.8,2,3.1,134.5
2018-05-21 22:00:00,101.43,1.4,2.6,1.9,2.8,143.3
2018-05-21 23:00:00,1502.36,1.3,2.4,1.3,2.5,127.6
2018-05-22 00:00:00,1623.9,1.4,2.2,1.6,2.2,113
2018-05-22 01:00:00,1004.1,1.3,1.9,2.1,1.9,111.2
2018-05-22 02:00:00,2966.04,1.4,1.7,2.1,1.6,117.5
2018-05-22 03:00:00,2120.28,1.8,1.5,2.3,1.4,133.9
2018-05-22 04:00:00,143.98,1.9,1.5,2.8,1.4,137.3
2018-05-22 05:00:00,1.29,1.8,1.4,3.5,1.3,131.9
2018-05-22 06:00:00,1.06,1.2,1.3,2.9,1.2,126.4
2018-05-22 07:00:00,1.34,0.9,1.2,1.5,1.1,121.9
2018-05-22 08:00:00,5.07,1.2,1.1,1.3,1.1,103
2018-05-22 09:00:00,380.13,1.6,1.3,1.9,1.3,88
2018-05-22 10:00:00,692.04,1.9,1.9,2.7,2,82.4
2018-05-22 11:00:00,572.08,2,2.4,3.1,2.6,81
2018-05-22 12:00:00,472.13,2.2,3,3.2,3.3,89.3
2018-05-22 13:00:00,121.81,2.1,3.7,3,4,89.5
2018-05-22 14:00:00,233.1,1.9,4.3,2.9,4.7,70.3
2018-05-22 15:00:00,2021.51,2.9,4.8,4.6,5.2,54.9
2018-05-22 16:00:00,1748.87,3.6,5.1,5.5,5.6,54.3
2018-05-22 17:00:00,1142.77,3.2,5.5,5,5.9,63.2
2018-05-22 18:00:00,584.1,2.7,5.5,4.3,6,82.1
2018-05-22 19:00:00,614.72,2.1,5.2,3.3,5.8,104.8
2018-05-22 20:00:00,1643.27,1.6,4.9,2.6,5.6,95.4
2018-05-22 21:00:00,4945.41,1.4,4.8,2.8,5.6,83.8
2018-05-22 22:00:00,4729.51,1.6,4.9,2.8,5.8,96.1
2018-05-22 23:00:00,4145.02,1.8,5.1,2.4,6,102.7
2018-05-23 00:00:00,4554.8,1.8,4.7,3.3,5.6,106
2018-05-23 01:00:00,2766.7,1.9,3.8,3.4,4.5,111.7
2018-05-23 02:00:00,3752.64,1.7,3,2.5,3.4,105.5
2018-05-23 03:00:00,3599.14,1.6,2.4,2.5,2.7,86.6
2018-05-23 04:00:00,4439.45,2,2.3,3.1,2.6,102.8
2018-05-23 05:00:00,6.73,2,2.2,3.3,2.4,118.7
2018-05-23 06:00:00,3155.08,2,2.1,4.1,2.3,119.2
2018-05-23 07:00:00,3586.43,2.5,1.9,4.2,2.3,116.6
2018-05-23 08:00:00,2835.81,3.1,1.7,4.3,2.2,113
2018-05-23 09:00:00,1983.3,3.3,1.7,4.9,2.3,113.9
2018-05-23 10:00:00,1426.66,3,1.9,4.5,2.3,119.2
2018-05-23 11:00:00,43.22,2.5,2.1,4,2.4,136.1
2018-05-23 12:00:00,0.78,2.1,2,3.3,2.2,132.3
2018-05-23 13:00:00,63.94,1.9,1.6,2.8,1.8,104.7
2018-05-23 14:00:00,851.68,1.3,1.2,2.4,1.3,112.2
2018-05-23 15:00:00,29.02,1.8,0.9,3.5,1,57.1
2018-05-23 16:00:00,67.19,3.2,0.7,5.3,0.9,36.4
2018-05-23 17:00:00,132.37,2.7,0.6,4.5,0.8,49.3
2018-05-23 18:00:00,604.98,2.2,0.7,3.5,1,92.3
2018-05-23 19:00:00,830.37,2.4,1.2,4.1,1.5,128.9
2018-05-23 20:00:00,235.34,2.4,1.8,4.5,2,140.8
2018-05-23 21:00:00,0.07,2.1,2,3.9,2.2,140.1
2018-05-23 22:00:00,1352.44,1.7,1.9,3.2,2.1,141
2018-05-23 23:00:00,1086.39,2,1.9,3.6,2,144.2
2018-05-24 00:00:00,982.83,2.3,1.8,4.5,1.9,141.6
2018-05-24 01:00:00,797.59,2,1.7,4.3,1.8,135.3
2018-05-24 02:00:00,834.01,1.7,1.6,3.3,1.7,138.3
2018-05-24 03:00:00,486.44,1.7,1.5,2.8,1.7,146.2
2018-05-24 04:00:00,341.29,1.7,1.6,2.7,1.7,142.9
2018-05-24 05:00:00,269.77,1.6,1.6,2.4,1.8,138.6
2018-05-24 06:00:00,710.39,1.7,1.6,2.4,1.8,137.2
2018-05-24 07:00:00,424.25,1.7,1.5,2.5,1.8,134.4
2018-05-24 08:00:00,376.37,1.8,1.5,2.5,1.9,131.1
2018-05-24 09:00:00,34.98,1.9,1.8,2.8,2.2,125.8
2018-05-24 10:00:00,516.76,1.9,2.6,2.9,3,117.9
2018-05-24 11:00:00,271.26,1.8,3.3,2.7,3.7,111.1
2018-05-24 12:00:00,17.46,1.9,3.8,2.8,4.2,102.6
2018-05-24 13:00:00,753.23,1.8,4,2.6,4.5,91.8
2018-05-24 14:00:00,1735.2,3.4,4.3,5.1,4.7,55.9
2018-05-24 15:00:00,2448.94,4.6,4.7,7.4,5.2,39.3
2018-05-24 16:00:00,2389.6,3.8,5.2,7.2,5.8,39
2018-05-24 17:00:00,1043.24,3.8,5.8,6.7,6.4,74.4
2018-05-24 18:00:00,0,3.5,6.2,5,6.9,97
2018-05-24 19:00:00,360.11,2.4,6.4,3.9,7.3,76.7
2018-05-24 20:00:00,1212.02,2,6.6,3.9,7.6,69.1
2018-05-24 21:00:00,1829.07,2.4,6.8,5,7.9,56.6
2018-05-24 22:00:00,1982.16,2.4,6.9,5,8.1,63.2
2018-05-24 23:00:00,4311.99,2.3,7,4.5,8.3,81
2018-05-25 00:00:00,2884.58,2.8,6.9,5.7,8.3,65.6
2018-05-25 01:00:00,4415.52,2.8,6.6,6,7.9,54.5
2018-05-25 02:00:00,1630.7,3,6.2,5.9,7.6,53.5
2018-05-25 03:00:00,3161.65,3.3,6.2,6.2,7.6,51.2
2018-05-25 04:00:00,3610.8,3.3,6.6,6.2,7.9,52.4
2018-05-25 05:00:00,3464.76,3.2,6.9,6.1,8.3,55.4
2018-05-25 06:00:00,1661.33,3.1,7.1,5.8,8.4,51.5
2018-05-25 07:00:00,4604.04,3.5,7.2,6.1,8.5,47.7
2018-05-25 08:00:00,3967.87,4.4,7.3,7.2,8.5,47.5
2018-05-25 09:00:00,6.51,4.9,7.4,8.2,8.5,46.8
2018-05-25 10:00:00,5023.86,5.1,7.5,8.4,8.6,47.9
2018-05-25 11:00:00,4561.87,4.9,7.6,8.2,8.6,49.6
2018-05-25 12:00:00,3351.15,4.5,7.2,7.6,8.2,51.3
2018-05-25 13:00:00,3110.77,4.3,6.4,6.7,7.3,52
2018-05-25 14:00:00,2770.63,3.8,5.7,5.9,6.5,46
2018-05-25 15:00:00,3157.99,3.5,5.4,6,6.2,33.2
2018-05-25 16:00:00,1869.9,3.8,5.8,6.8,6.6,27.4
2018-05-25 17:00:00,2201.71,4.1,6.1,7.3,7,25.2
2018-05-25 18:00:00,1576.17,3.9,6.4,6.9,7.3,22.9
2018-05-25 19:00:00,1760.95,3.5,6.6,6.4,7.7,20.8
2018-05-25 20:00:00,2081.06,3.3,6.8,6.1,8,20.2
2018-05-25 21:00:00,2069.96,3.3,6.7,6.4,8,20.3
2018-05-25 22:00:00,1341.41,3.2,6.3,6.4,7.6,19.8
2018-05-25 23:00:00,1014.98,2.8,5.8,5.7,7.1,18.1
2018-05-26 00:00:00,1238.18,2.4,5.1,5,6.4,16.6
2018-05-26 01:00:00,928.18,2.1,4.3,4.5,5.4,17.8
2018-05-26 02:00:00,457.71,2.1,3.4,4.3,4.5,21.9
2018-05-26 03:00:00,403.17,2.3,2.8,4.4,3.9,22.4
2018-05-26 04:00:00,565.73,2.4,2.6,4.6,3.7,16.3
2018-05-26 05:00:00,790.61,2.7,2.3,5.2,3.5,14.5
2018-05-26 06:00:00,151.12,2.5,2.4,4.8,3.5,13.5
2018-05-26 07:00:00,6.6,2.2,2.7,4,3.7,5.5
2018-05-26 08:00:00,4.01,1.9,3.1,3.3,3.9,353.8
2018-05-26 09:00:00,176.13,1.8,3.1,3,3.8,340.7
2018-05-26 10:00:00,92.64,1.9,2.6,3.3,3.2,341.2
2018-05-26 11:00:00,0.58,2,2.2,3.6,2.7,342.9
2018-05-26 12:00:00,76.34,2.1,2,3.8,2.4,347.6
2018-05-26 13:00:00,52.89,2.4,1.9,3.8,2.2,349.9
2018-05-26 14:00:00,14.98,2.3,1.8,3.6,2.1,344.9
2018-05-26 15:00:00,29.99,2.2,1.7,3.5,1.9,342.4
2018-05-26 16:00:00,57.22,2.6,1.7,3.9,1.9,336.4
2018-05-26 17:00:00,205.06,2.8,1.6,4.4,1.8,330.8
2018-05-26 18:00:00,342.75,2.4,1.5,4,1.7,329.9
2018-05-26 19:00:00,50.95,2,1.5,3.3,1.7,331.3
2018-05-26 20:00:00,0,1.8,1.4,3,1.6,333.3
2018-05-26 21:00:00,0,1.7,1.4,2.7,1.6,328.2
2018-05-26 22:00:00,0,1.5,1.3,2.4,1.6,312.6
2018-05-26 23:00:00,0,1.5,1.2,2.5,1.6,299.4
2018-05-27 00:00:00,0,1.5,1.2,2.7,1.5,292.2
2018-05-27 01:00:00,0,1.4,1.1,2.8,1.5,289
2018-05-27 02:00:00,0,1.5,1.1,2.9,1.5,283.1
2018-05-27 03:00:00,125.02,1.6,1,3,1.4,281.3
2018-05-27 04:00:00,301.59,1.3,0.9,2.4,1.4,285
2018-05-27 05:00:00,180.85,0.9,0.8,1.6,1.3,257.9
2018-05-27 06:00:00,1.22,1.3,0.8,2,1.3,246.2
2018-05-27 07:00:00,0.18,1.7,1,2.7,1.4,248.6
2018-05-27 08:00:00,27.56,1.9,1.2,3.1,1.5,246.9
2018-05-27 09:00:00,10.54,2.2,1.6,3.4,1.9,257.8
2018-05-27 10:00:00,28.88,2.7,2.3,4.3,2.6,276.1
2018-05-27 11:00:00,0,3.3,3,5.2,3.3,287.7
2018-05-27 12:00:00,727.66,3.6,3.4,5.7,3.7,291.2
2018-05-27 13:00:00,622.11,3.8,3.6,6,3.8,294.1
2018-05-27 14:00:00,518.55,4,3.7,6.3,4,293.8
2018-05-27 15:00:00,272.02,4.2,3.6,6.8,3.9,294.8
2018-05-27 16:00:00,71.69,3.9,3.2,6.4,3.5,301.4
2018-05-27 17:00:00,0,3.3,2.8,5.7,3.1,308.6
2018-05-27 18:00:00,168.93,2.9,2.5,4.9,2.8,311.8
2018-05-27 19:00:00,15.56,2.1,2.3,3.6,2.5,321.3
2018-05-27 20:00:00,0,1.5,2,2.9,2.3,332.1
2018-05-27 21:00:00,0,1.1,1.8,2.4,2,327.3
2018-05-27 22:00:00,0,1.2,1.5,2.6,1.8,321
2018-05-27 23:00:00,25.25,1.7,1.3,3.2,1.6,323.5
2018-05-28 00:00:00,0,1.5,1.2,2.9,1.5,323.6
2018-05-28 01:00:00,0,1.1,1.2,2.3,1.5,323.1
2018-05-28 02:00:00,0,1,1.3,1.9,1.5,329.2
2018-05-28 03:00:00,7.75,0.9,1.2,1.9,1.5,331.5
2018-05-28 04:00:00,0,1.1,1.1,2.4,1.5,335.9
2018-05-28 05:00:00,0,0.9,1,2.2,1.4,351.5
2018-05-28 06:00:00,0,0.4,1,1,1.4,17.4
2018-05-28 07:00:00,0,0.6,1.1,0.7,1.4,359
2018-05-28 08:00:00,0,1,1.2,1.1,1.4,347.3
2018-05-28 09:00:00,0,1.1,1.4,1.3,1.5,339
2018-05-28 10:00:00,0,1.1,1.6,1.5,1.8,329.7
2018-05-28 11:00:00,0,1.6,1.9,2.4,2,337.7
2018-05-28 12:00:00,0,2,2.3,1.8,2.4,334.2
2018-05-28 13:00:00,1.54,2.3,2.8,1.4,2.9,324.4
2018-05-28 14:00:00,0,3.4,3.2,4.3,3.4,341.1
2018-05-28 15:00:00,119.14,3.8,3.4,6.3,3.7,354.5
2018-05-28 16:00:00,798.22,3.4,3.3,5.7,3.6,13.8
2018-05-28 17:00:00,21.55,2.7,3.3,4.3,3.6,31.9
2018-05-28 18:00:00,0.05,2.1,3.2,3.3,3.6,49.9
2018-05-28 19:00:00,0.05,1.6,3.3,2.9,3.6,69.7
2018-05-28 20:00:00,2.32,1.4,3.3,2.8,3.7,77
2018-05-28 21:00:00,0.08,1.5,3.2,2.8,3.6,71.4
2018-05-28 22:00:00,0,1.5,2.8,2.7,3.4,64
2018-05-28 23:00:00,417.13,1.3,2.5,2.3,3.1,63.8
2018-05-29 00:00:00,605.06,0.9,2.2,1.7,2.8,67.9
2018-05-29 01:00:00,689.32,0.7,2,1.3,2.6,64.2
2018-05-29 02:00:00,0,0.5,1.8,1.3,2.4,72.2
2018-05-29 03:00:00,1.86,0.5,1.7,1.4,2.4,90.6
2018-05-29 04:00:00,11.26,0.6,1.8,1.2,2.6,82.6
2018-05-29 05:00:00,623.57,0.9,1.9,1.9,2.8,43.5
2018-05-29 06:00:00,72.19,1.1,2,2.5,2.8,36.8
2018-05-29 07:00:00,12.94,1.4,2.1,2.3,2.8,40.7
2018-05-29 08:00:00,72.03,1.6,2.3,2.5,2.7,47.1
2018-05-29 09:00:00,0.01,1.6,2.3,2.5,2.7,50
2018-05-29 10:00:00,0.08,1.7,2.3,2.7,2.6,34.4
2018-05-29 11:00:00,0.09,2,2.3,3.4,2.6,17
2018-05-29 12:00:00,0.04,2,2.5,3.1,2.8,7.4
2018-05-29 13:00:00,116.69,2.7,3.1,3.7,3.4,1.3
2018-05-29 14:00:00,162.17,3.6,3.6,5.4,3.9,359.1
2018-05-29 15:00:00,305.83,4.1,3.8,6.2,4.1,353.4
2018-05-29 16:00:00,184.29,3.6,3.6,5.8,3.9,349.6
2018-05-29 17:00:00,334.98,2.9,3.5,4.9,3.7,345.9
2018-05-29 18:00:00,516.28,2.5,3.2,4.2,3.5,342.5
2018-05-29 19:00:00,131.49,2,2.8,3.3,3.1,341.4
2018-05-29 20:00:00,0,1.7,2.4,2.9,2.8,324.8
2018-05-29 21:00:00,2.38,1.9,2.1,3.4,2.5,303
2018-05-29 22:00:00,128.54,2.4,2,4,2.3,291.9
2018-05-29 23:00:00,1074.86,2.4,1.9,4,2.1,283
2018-05-30 00:00:00,884.59,1.9,1.8,3.5,2.1,281.1
2018-05-30 01:00:00,1140.93,1.9,1.7,3.5,2.1,284.8
2018-05-30 02:00:00,1610.51,2.3,1.7,4.2,2.1,281.1
2018-05-30 03:00:00,1805.42,2.7,1.6,4.7,2.1,276.8
2018-05-30 04:00:00,1408.01,2.7,1.6,4.9,2.2,273.9
2018-05-30 05:00:00,1098.63,2.8,1.6,5,2.2,270.2
2018-05-30 06:00:00,1068.06,2.7,1.7,4.9,2.5,263.3
2018-05-30 07:00:00,1436.4,2.6,2,4.7,2.8,254.5
2018-05-30 08:00:00,1362.26,2.6,2.4,4.6,3.2,246.2
2018-05-30 09:00:00,1845.8,2.6,2.7,4.6,3.5,240.9
2018-05-30 10:00:00,2123.68,2.8,2.8,4.9,3.6,244.3
2018-05-30 11:00:00,1760.25,3,3,5.1,3.8,247.2
2018-05-30 12:00:00,2119.86,3.2,3.4,5.5,4.1,260.9
2018-05-30 13:00:00,2287.9,3.5,3.8,6.1,4.5,276.1
2018-05-30 14:00:00,2034,3.4,4.3,6.2,5,278.7
2018-05-30 15:00:00,1754.95,3.3,4.4,5.9,5.1,276.9
2018-05-30 16:00:00,2064.77,3,4.3,5.4,5,275.4
2018-05-30 17:00:00,1001.68,2.6,4.1,4.9,4.8,274.2
2018-05-30 18:00:00,878.51,2.2,3.9,4.3,4.7,270.9
2018-05-30 19:00:00,126.34,1.9,3.8,3.6,4.7,261.7
2018-05-30 20:00:00,46.24,1.7,3.8,3.1,4.7,241.3
2018-05-30 21:00:00,411.25,2.1,4,4,5,228.8
2018-05-30 22:00:00,1147.36,2.8,4.5,5.4,5.6,231.3
2018-05-30 23:00:00,900.05,3.3,4.9,6.1,6.2,230.8
2018-05-31 00:00:00,1164.8,3.4,5.2,6.3,6.5,229.9
2018-05-31 01:00:00,1461.02,3.4,5.3,6.3,6.6,230.6
2018-05-31 02:00:00,1031.95,3.4,5.3,6.4,6.6,231.6
2018-05-31 03:00:00,858.73,3.1,5.3,6,6.6,230.7
2018-05-31 04:00:00,777.14,2.5,5.2,5.1,6.5,224.5
2018-05-31 05:00:00,376.04,2.2,5.1,4.5,6.5,214.4
2018-05-31 06:00:00,616.93,2.4,5,4.7,6.3,206.3
2018-05-31 07:00:00,104.24,2.9,4.8,5.2,5.9,204.1
2018-05-31 08:00:00,476.83,3.2,4.6,5.4,5.6,204.9
2018-05-31 09:00:00,1017.4,3.4,4.4,5.8,5.3,210.8
2018-05-31 10:00:00,674.87,3.6,4.1,6.1,5.1,212.6
2018-05-31 11:00:00,1544.02,4,3.9,7.1,4.9,214.6
2018-05-31 12:00:00,3017.44,4.7,3.8,8.1,4.8,250.1
2018-05-31 13:00:00,1176.79,3.9,3.8,6.9,4.8,280.6
2018-05-31 14:00:00,1041.41,3.1,3.9,5.5,4.8,284.3
2018-05-31 15:00:00,142.55,2.9,4,5,4.9,285.4
2018-05-31 16:00:00,576.18,2.6,4.2,3.9,5.1,273.3
2018-05-31 17:00:00,1747.43,2.7,4.4,3.6,5.2,250
2018-05-31 18:00:00,2067.49,2.8,4.4,4.6,5.2,241.7
2018-05-31 19:00:00,2462.1,2.6,4.3,5.1,5.1,232.4
2018-05-31 20:00:00,2497.02,2.2,4.2,5,5,222.7
2018-05-31 21:00:00,1842.89,2.2,4.2,5.3,5.1,218.9
2018-05-31 22:00:00,1857.6,2.5,4.3,5.2,5.2,211.7
2018-05-31 23:00:00,845.54,2.7,4.3,5.2,5.4,212
2018-06-01 00:00:00,733.15,2.4,4.4,4.8,5.5,203.1
2018-06-01 01:00:00,428.19,2.1,4.5,4.3,5.6,193.5
2018-06-01 02:00:00,33.55,2,4.6,3.9,5.6,199.6
2018-06-01 03:00:00,172.03,1.5,4.4,3.3,5.4,201.6
2018-06-01 04:00:00,65.59,1.1,3.9,2.7,4.9,197.2
2018-06-01 05:00:00,1.68,1,3.4,2.5,4.4,205.3
2018-06-01 06:00:00,0.28,1.4,2.9,2.6,3.7,214.4
2018-06-01 07:00:00,0,1.8,2.2,2.8,2.8,226.7
2018-06-01 08:00:00,0,1.6,1.6,2.6,2,244.4
2018-06-01 09:00:00,0,1.1,1.2,1.8,1.4,245.2
2018-06-01 10:00:00,0,0.9,1.1,1.5,1.2,256.8
2018-06-01 11:00:00,0,0.7,1,1.2,1,267.6
2018-06-01 12:00:00,0,0.5,1.4,1,1.3,179
2018-06-01 13:00:00,0,1,2.2,1,2.2,86.4
2018-06-01 14:00:00,437.3,2.1,2.9,2.4,3,350
2018-06-01 15:00:00,209.94,2.9,3.4,4.2,3.5,1.2
2018-06-01 16:00:00,99.88,3.1,3.5,4.7,3.7,19.2
2018-06-01 17:00:00,131.34,3,3.6,4.5,3.9,27.6
2018-06-01 18:00:00,48.24,2.3,3.5,3.8,3.8,29.8
2018-06-01 19:00:00,0.23,1.8,3.2,3.6,3.5,34.6
2018-06-01 20:00:00,0,1.6,2.8,3.2,3.2,28.8
2018-06-01 21:00:00,0.02,1.6,2.5,3.2,2.9,8.5
2018-06-01 22:00:00,0,1.5,2.1,3.3,2.4,4.3
2018-06-01 23:00:00,0,1.4,1.7,2.8,2,2.9
2018-06-02 00:00:00,0.32,1.2,1.6,2.1,1.8,1.4
2018-06-02 01:00:00,0.11,1.1,1.5,1.8,1.8,344.4
2018-06-02 02:00:00,0.01,1.1,1.5,2.7,1.7,339.4
2018-06-02 03:00:00,0,0.9,1.5,3.1,1.7,356.3
2018-06-02 04:00:00,0.08,0.6,1.6,2.9,1.6,7.1
2018-06-02 05:00:00,259.27,0.6,1.6,2.5,1.6,19.9
2018-06-02 06:00:00,105.77,0.6,1.4,1.5,1.3,51.8
2018-06-02 07:00:00,0,0.6,0.9,0.9,0.9,112
2018-06-02 08:00:00,0,0.8,0.5,1.3,0.5,155.8
2018-06-02 09:00:00,0,0.9,0.5,1.5,0.6,179.4
2018-06-02 10:00:00,0,1,1,1.6,1,223.5
2018-06-02 11:00:00,0,1.7,1.5,2.4,1.5,265.8
2018-06-02 12:00:00,0,2,2,2.9,2.1,273.7
2018-06-02 13:00:00,309.19,2,2.6,3,2.7,255.9
2018-06-02 14:00:00,1018.17,2.4,3.3,3.6,3.3,252.5
2018-06-02 15:00:00,888.36,3,3.4,4.8,3.5,273.9
2018-06-02 16:00:00,278.1,3.3,3,5.5,3.1,293.9
2018-06-02 17:00:00,89.54,2.9,2.7,4.8,2.8,303.1
2018-06-02 18:00:00,5.52,1.6,2.6,2.6,2.7,310.4
2018-06-02 19:00:00,0,0.6,2.7,0.8,3,312.9
2018-06-02 20:00:00,130.73,0.9,2.8,1.6,3.2,191
2018-06-02 21:00:00,260.16,2.1,3,3.9,3.6,201.9
2018-06-02 22:00:00,615.85,2.7,3.2,4.7,4,213.2
2018-06-02 23:00:00,806.19,2.8,3.5,4.7,4.4,222.7
2018-06-03 00:00:00,1793.98,2.6,3.8,4.6,4.8,221
2018-06-03 01:00:00,1297.5,2.7,4.2,4.9,5.3,218.3
2018-06-03 02:00:00,6.5,2.6,4.6,4.8,5.8,223
2018-06-03 03:00:00,0,2.3,4.5,4,5.7,246.6
2018-06-03 04:00:00,113.33,2.7,3.9,4.3,5.1,277
2018-06-03 05:00:00,1554.46,3.2,3.3,5.5,4.5,272.2
2018-06-03 06:00:00,2469.19,3,3.3,5.1,4.4,261.6
2018-06-03 07:00:00,4791.8,2.5,4,4.2,5,236.6
2018-06-03 08:00:00,4346.15,3.2,4.7,5.4,5.5,218.1
2018-06-03 09:00:00,2404.57,4.2,5.1,7.3,5.8,211.9
2018-06-03 10:00:00,2080.83,4.2,5.2,7.3,5.9,212.9
2018-06-03 11:00:00,2202.77,3.8,5.3,6.5,6.1,217.5
2018-06-03 12:00:00,1880.03,4.1,5.4,6.9,6.2,219.5
2018-06-03 13:00:00,3689.57,4.9,5.4,8.2,6.2,227.1
2018-06-03 14:00:00,4632.75,5.4,5.5,9.2,6.3,229.3
2018-06-03 15:00:00,3859.94,5.5,5.6,9.4,6.4,224.2
2018-06-03 16:00:00,5591.96,5.1,5.7,8.7,6.4,219.2
2018-06-03 17:00:00,5942.59,4.9,5.8,8.6,6.5,219.1
2018-06-03 18:00:00,6187.52,4.7,5.8,8.5,6.5,220
2018-06-03 19:00:00,4267.25,4.3,5.7,7.8,6.5,219.8
2018-06-03 20:00:00,3301.8,3.9,5.6,7.3,6.5,220.2
2018-06-03 21:00:00,3904.91,3.5,5.7,6.8,6.7,216.3
2018-06-03 22:00:00,1943.13,3.3,5.9,6.2,7.1,215
2018-06-03 23:00:00,1259.13,3.2,6.1,6.1,7.4,216.8
2018-06-04 00:00:00,3461.2,3.2,5.8,6,7.2,218.2
2018-06-04 01:00:00,2934.64,3.2,4.9,5.9,6.3,218.2
2018-06-04 02:00:00,1623.57,3.3,4.1,6.1,5.4,213.7
2018-06-04 03:00:00,1442.12,3.2,3.9,6.1,5.1,213.2
2018-06-04 04:00:00,234.62,3.5,4.2,6.5,5.3,213.3
2018-06-04 05:00:00,689.86,4.2,4.5,7.3,5.6,212.1
2018-06-04 06:00:00,755.81,3.9,4.4,6.8,5.5,208.9
2018-06-04 07:00:00,1329.9,3.4,3.9,6.1,5.1,198.8
2018-06-04 08:00:00,696.6,3.6,3.4,6.4,4.6,192.4
2018-06-04 09:00:00,871.27,3.4,3.3,6.1,4.5,190.9
2018-06-04 10:00:00,1027.64,2.8,3.7,5,4.6,187.5
2018-06-04 11:00:00,1705.39,2.8,4,4.8,4.8,181.6
2018-06-04 12:00:00,727.29,2.7,3.9,4.7,4.5,191
2018-06-04 13:00:00,754.36,2.5,3.3,4.2,3.8,207.4
2018-06-04 14:00:00,754.01,2.1,2.8,3.6,3.1,209.1
2018-06-04 15:00:00,547.84,1.9,2.3,3.1,2.6,232.2
2018-06-04 16:00:00,82.87,2.9,1.9,4.2,2.1,262.9
2018-06-04 17:00:00,0,3.3,1.5,5.8,1.6,311.6
2018-06-04 18:00:00,0,2.1,1.4,3.8,1.5,338.7
2018-06-04 19:00:00,0,1.2,1.5,1.6,1.6,316.5
2018-06-04 20:00:00,0.02,1.1,1.5,1.9,1.7,330.2
2018-06-04 21:00:00,0,1.2,1.6,2.3,1.8,338.7
2018-06-04 22:00:00,0,1.3,1.5,2.4,1.8,340.3
2018-06-04 23:00:00,0,1.1,1.5,2,1.9,320.4
2018-06-05 00:00:00,31.89,1.2,1.6,2.2,2,287.9
2018-06-05 01:00:00,649.83,1.4,1.8,2.9,2.3,276.7
2018-06-05 02:00:00,578.5,1.5,2,3.2,2.6,272.1
2018-06-05 03:00:00,645.65,1.8,2.1,3.7,2.8,266.5
2018-06-05 04:00:00,1170.5,1.9,2.2,3.8,3,252.4
2018-06-05 05:00:00,1895,1.7,2.3,3.8,3.1,230.3
2018-06-05 06:00:00,3611.99,1.7,2.5,3.8,3.5,226.9
2018-06-05 07:00:00,1963.55,1.8,2.9,3.7,4,227.4
2018-06-05 08:00:00,878.12,2,3.3,3.6,4.5,224.7
2018-06-05 09:00:00,767.44,2.3,3.5,3.8,4.8,224.2
2018-06-05 10:00:00,719.66,2.7,3.5,4.4,4.8,227.9
2018-06-05 11:00:00,439.23,2.6,3.6,4,4.8,232.5
2018-06-05 12:00:00,393.99,2.8,3.3,4.3,4.4,220.9
2018-06-05 13:00:00,244.16,2.9,2.7,4.5,3.5,218.9
2018-06-05 14:00:00,48.6,2.3,2.1,3.3,2.7,233.2
2018-06-05 15:00:00,34.48,1.7,1.8,2.3,2.3,257.9
2018-06-05 16:00:00,0,1.1,1.9,1.5,2.3,273.3
2018-06-05 17:00:00,0,1.1,2,1.5,2.3,273.7
2018-06-05 18:00:00,0,1.3,2,2.2,2.3,291.1
2018-06-05 19:00:00,227.74,1.3,1.9,2.5,2.1,319
2018-06-05 20:00:00,331.73,1.4,1.7,3,2,348
2018-06-05 21:00:00,290.31,1.7,1.6,3.7,1.9,353
2018-06-05 22:00:00,9.41,1.5,1.6,3.3,1.9,350.8
2018-06-05 23:00:00,39.76,1.3,1.5,3.2,1.9,344.6
2018-06-06 00:00:00,0.01,1.3,1.4,3.1,1.8,339.4
2018-06-06 01:00:00,23.88,1,1.2,2.8,1.8,326.4
2018-06-06 02:00:00,0,1,1.1,2.7,1.7,311.8
2018-06-06 03:00:00,0,0.9,1,2.2,1.6,305.1
2018-06-06 04:00:00,33.55,0.8,1.1,2,1.6,292.9
2018-06-06 05:00:00,371.17,1.4,1.1,2.9,1.6,283.8
2018-06-06 06:00:00,166.48,2.1,1.1,3.7,1.5,291.9
2018-06-06 07:00:00,74.37,2.4,1.1,4.3,1.4,307.6
2018-06-06 08:00:00,37.65,2.3,1,4.3,1.3,310.9
2018-06-06 09:00:00,222.52,2,1.1,3.7,1.3,304.9
2018-06-06 10:00:00,473.98,2,1.3,3.7,1.6,294.1
2018-06-06 11:00:00,205.25,2.2,1.5,3.9,1.8,304.4
2018-06-06 12:00:00,435.65,2.2,1.8,3.7,2.1,315.1
2018-06-06 13:00:00,416.87,2.3,2.1,3.6,2.4,304.7
2018-06-06 14:00:00,1039.74,2.7,2.4,4.3,2.7,293
2018-06-06 15:00:00,1277.42,3.2,2.6,5,2.9,287.4
2018-06-06 16:00:00,1042.24,3.2,2.5,5.1,2.8,288.7
2018-06-06 17:00:00,766.97,2.8,2.3,4.6,2.7,296.7
2018-06-06 18:00:00,106.07,1.8,2.2,2.9,2.5,306.2
2018-06-06 19:00:00,9.8,0.8,1.9,1.5,2.3,288.9
2018-06-06 20:00:00,0,0.6,1.7,1.1,2.1,242
2018-06-06 21:00:00,4.65,0.9,1.5,1,2,217.5
2018-06-06 22:00:00,13.67,1.3,1.4,1.4,2,215.4
2018-06-06 23:00:00,0.23,1.5,1.3,2.2,1.9,224.3
2018-06-07 00:00:00,354.41,1.5,1.5,3.1,2.2,212.8
2018-06-07 01:00:00,121.88,1.8,2.1,3.9,2.8,199.5
2018-06-07 02:00:00,212.4,2.3,2.6,4.4,3.4,199.2
2018-06-07 03:00:00,921.26,2.4,3.2,4.6,4,200.5
2018-06-07 04:00:00,701.31,2.5,3.7,4.9,4.8,207.5
2018-06-07 05:00:00,1322.01,2.5,4.2,4.7,5.5,206.4
2018-06-07 06:00:00,1487.99,2.4,4.6,4.6,5.9,188.2
2018-06-07 07:00:00,1081.18,2.5,4.7,4.8,5.9,172.1
2018-06-07 08:00:00,420.84,2.7,4.9,4.9,5.9,167.5
2018-06-07 09:00:00,858.21,2.8,5,5.1,6,169.5
2018-06-07 10:00:00,2665.09,2.4,5.1,5.1,6.2,168.9
2018-06-07 11:00:00,2581.27,2.1,5.2,4.8,6.4,165.1
2018-06-07 12:00:00,1089.58,2.5,5.3,4.9,6.4,159.7
2018-06-07 13:00:00,609.12,2.5,5.4,4.9,6.3,167.6
2018-06-07 14:00:00,577.85,2.4,5.5,4.6,6.3,190.3
2018-06-07 15:00:00,275.87,2.6,5.1,5,5.8,207.4
2018-06-07 16:00:00,1422.05,2.5,4.3,4.9,5,213.6
2018-06-07 17:00:00,81.97,2.3,3.4,4,4.1,247.3
2018-06-07 18:00:00,275.46,2.2,2.7,3.5,3.3,301.2
2018-06-07 19:00:00,0.12,1.9,2,3.7,2.4,308.3
2018-06-07 20:00:00,170.43,2.1,1.3,3.6,1.6,303.1
2018-06-07 21:00:00,0,2,1,3.2,1.2,291.5
2018-06-07 22:00:00,0,1.6,1.1,2.8,1.3,283
2018-06-07 23:00:00,0,1.2,1.2,2.3,1.4,279.1
2018-06-08 00:00:00,0,1,1.1,2,1.4,216
2018-06-08 01:00:00,0,0.9,0.9,2,1.1,182.6
2018-06-08 02:00:00,0,0.5,0.8,1.3,0.9,212.2
2018-06-08 03:00:00,0,0.3,0.7,0.7,0.9,239.3
2018-06-08 04:00:00,0,0.4,0.8,0.6,1.1,273.3
2018-06-08 05:00:00,0,0.6,1,0.4,1.3,328.2
2018-06-08 06:00:00,0,1,1.1,1.1,1.4,334.8
2018-06-08 07:00:00,0,1.6,1.1,2.3,1.4,345.9
2018-06-08 08:00:00,0,1.9,1.2,3,1.4,340
2018-06-08 09:00:00,0,2,1.3,3.8,1.5,356.1
2018-06-08 10:00:00,0,2,1.5,3.6,1.7,351.9
2018-06-08 11:00:00,0.07,1.8,1.6,3.3,1.8,342.8
2018-06-08 12:00:00,0,2.1,1.7,3.8,1.9,6.8
2018-06-08 13:00:00,0,2.4,1.6,3.8,1.9,15
2018-06-08 14:00:00,2.33,2.9,1.6,4.4,1.9,4.5
2018-06-08 15:00:00,680.12,2.7,1.5,4.7,1.9,337.1
2018-06-08 16:00:00,1668.23,2.4,1.6,4.7,2.1,301.5
2018-06-08 17:00:00,2186.11,2.8,1.6,5,2.2,281.1
2018-06-08 18:00:00,2920.63,2.6,1.5,4.6,2.1,276.6
2018-06-08 19:00:00,1324.77,2.3,1.3,4.2,1.8,262.4
2018-06-08 20:00:00,1060.29,2.4,1.1,4.6,1.6,252.5
2018-06-08 21:00:00,937.32,2.5,1.3,5.1,1.8,262.1
2018-06-08 22:00:00,1778.4,3,1.9,5.9,2.4,250.5
2018-06-08 23:00:00,2906.5,3.4,2.5,6.4,3.1,237.3
2018-06-09 00:00:00,4541,3.4,3.3,6.3,4.1,241.7
2018-06-09 01:00:00,3885.58,3.5,4.3,6.4,5.4,238.3
2018-06-09 02:00:00,3594.52,4.1,5.2,7.5,6.7,225.8
2018-06-09 03:00:00,3052.97,4.5,5.8,8.3,7.3,217.4
2018-06-09 04:00:00,2185.16,4.4,5.8,8.2,7.3,212.5
2018-06-09 05:00:00,3051.07,4.5,5.9,8.5,7.3,206.8
2018-06-09 06:00:00,2843.81,4.4,5.9,8.3,7.2,204.7
2018-06-09 07:00:00,2492.45,4.6,5.7,8.4,7,203.5
2018-06-09 08:00:00,3852.96,5.4,5.5,9.3,6.8,200.7
2018-06-09 09:00:00,3390.27,5.6,5.4,9.5,6.6,198.2
2018-06-09 10:00:00,1463.01,5.4,5.3,9.1,6.4,199.5
2018-06-09 11:00:00,2685.27,5.1,5.3,8.6,6.3,204.4
2018-06-09 12:00:00,4697.97,5.4,5.5,9,6.5,207.5
2018-06-09 13:00:00,5614.66,5.7,6.1,9.5,7.1,208.3
2018-06-09 14:00:00,4371.91,5.6,6.7,9.4,7.7,207.5
2018-06-09 15:00:00,3512.32,5.3,7,9,8,208.6
2018-06-09 16:00:00,2341.56,5.2,6.8,8.7,7.9,206.8
2018-06-09 17:00:00,1860.86,4.8,6.7,8,7.8,202.6
2018-06-09 18:00:00,1000.34,4,6.7,7,7.9,189.5
2018-06-09 19:00:00,1711.38,3.7,6.9,6.7,8.2,169.1
2018-06-09 20:00:00,1728.58,3.7,7.1,7,8.5,159.5
2018-06-09 21:00:00,1982.39,3.3,7.1,6.5,8.5,155.5
2018-06-09 22:00:00,926.82,2.8,7,5.7,8.4,154.7
2018-06-09 23:00:00,912.2,2.7,6.9,5.4,8.3,152.5
2018-06-10 00:00:00,717.22,2.6,6.4,5.3,7.8,148.3
2018-06-10 01:00:00,1055.78,2.4,5.6,4.7,6.8,144.2
2018-06-10 02:00:00,1792.84,2.4,4.8,4.5,5.8,137
2018-06-10 03:00:00,1320.68,2.4,4.1,4.5,4.9,127.8
2018-06-10 04:00:00,441.19,2.4,3.4,4.6,4,117.9
2018-06-10 05:00:00,1078.77,2.2,2.7,4.4,3.2,113.1
2018-06-10 06:00:00,1825.05,2.3,2.1,3.9,2.6,122
2018-06-10 07:00:00,1247.24,2.3,1.8,3.6,2.1,127.3
2018-06-10 08:00:00,1368.15,2.3,1.4,3.6,1.6,126
2018-06-10 09:00:00,1059.41,2.5,1.4,4,1.5,129.2
2018-06-10 10:00:00,255.53,1.8,1.6,3.1,1.7,131.4
2018-06-10 11:00:00,0,1.2,1.8,1.8,2,121.4
2018-06-10 12:00:00,0.19,1,2,1.2,2.2,90.3
2018-06-10 13:00:00,266.44,1.6,1.9,1.5,2.3,25.2
2018-06-10 14:00:00,272.44,3.8,1.9,5.1,2.3,12.5
2018-06-10 15:00:00,442.2,4.7,2,8,2.5,21.5
2018-06-10 16:00:00,603.46,3.9,2.3,7.3,2.7,25.3
2018-06-10 17:00:00,0.05,3.2,2.5,5.8,2.9,27.5
2018-06-10 18:00:00,0,2,2.5,3.7,2.9,53.2
2018-06-10 19:00:00,0,0.9,2.3,1.7,2.7,99.6
2018-06-10 20:00:00,0.02,1.1,2,1.1,2.4,261.3
2018-06-10 21:00:00,0,1.2,1.9,1.9,2.2,311.1
2018-06-10 22:00:00,0,1.1,1.7,2.5,2,327.9
2018-06-10 23:00:00,0,1.3,1.5,2.7,1.8,320.7
2018-06-11 00:00:00,0,1.3,1.5,2.5,1.7,310.6
2018-06-11 01:00:00,0,1.1,1.5,2.4,1.7,294.7
2018-06-11 02:00:00,0,1.3,1.5,3.3,1.7,287.7
2018-06-11 03:00:00,0.05,1.2,1.5,3.4,1.7,292.1
2018-06-11 04:00:00,9.85,1.1,1.5,3,1.7,283
2018-06-11 05:00:00,339.85,1.2,1.5,2.8,1.7,264.2
2018-06-11 06:00:00,479.24,1.7,1.5,2.9,1.7,250.9
2018-06-11 07:00:00,705.76,2.1,1.4,3.3,1.7,250.5
2018-06-11 08:00:00,306.64,2.2,1.4,3.5,1.8,244.5
2018-06-11 09:00:00,768.12,2.5,1.6,4.1,2,246
2018-06-11 10:00:00,351.62,2.6,2.2,4.2,2.5,245.5
2018-06-11 11:00:00,187.01,2.6,2.7,3.9,3.1,234.3
2018-06-11 12:00:00,53.68,2.9,3,4.4,3.4,255.1
2018-06-11 13:00:00,106.49,2.9,3.1,4.5,3.5,283.9
2018-06-11 14:00:00,453.19,2.9,3.2,4.5,3.6,295.2
2018-06-11 15:00:00,1111.27,3.3,3.2,5.4,3.6,303.7
2018-06-11 16:00:00,952.93,3.3,2.9,5.9,3.4,313.8
2018-06-11 17:00:00,1339.39,3.2,2.7,5.9,3.2,322.9
2018-06-11 18:00:00,1203.64,3.1,2.7,5.8,3.2,332
2018-06-11 19:00:00,750.82,2.8,2.8,5.5,3.4,336.3
2018-06-11 20:00:00,1187.24,2.5,3,4.8,3.6,334.3
2018-06-11 21:00:00,917.99,2.4,3.1,4.7,3.8,328.6
2018-06-11 22:00:00,857.3,2.7,3.2,5.2,4,322.3
2018-06-11 23:00:00,1459.7,3.1,3.3,5.9,4.2,318.3
2018-06-12 00:00:00,1603.06,3.2,3.3,6.2,4.3,320
2018-06-12 01:00:00,1023.34,3.4,3.2,6.4,4.2,324
2018-06-12 02:00:00,972.08,3.5,3.2,6.7,4.1,326.2
2018-06-12 03:00:00,1584.51,3.2,3,6,3.9,326.5
2018-06-12 04:00:00,1213.12,3.1,2.8,5.7,3.7,329.6
2018-06-12 05:00:00,1190.51,2.7,2.7,5,3.5,335.3
2018-06-12 06:00:00,666.28,2.1,2.4,4.1,3.2,331.1
2018-06-12 07:00:00,481.42,2.4,2.2,4.3,2.8,324
2018-06-12 08:00:00,567.09,2.6,2,4.3,2.4,323.4
2018-06-12 09:00:00,405.47,2.6,1.9,4.1,2.3,322.1
2018-06-12 10:00:00,51.57,2.4,2.1,4,2.4,318.4
2018-06-12 11:00:00,1.1,2.1,2.3,3.6,2.6,309.9
2018-06-12 12:00:00,169.25,2,2.5,3.4,2.7,307.8
2018-06-12 13:00:00,15.2,2.2,2.7,3.7,3,313.3
2018-06-12 14:00:00,13.63,2.8,3,4.3,3.2,317.1
2018-06-12 15:00:00,282.85,3.5,3.1,5.5,3.3,320.4
2018-06-12 16:00:00,200.7,3.8,3.2,6.4,3.4,327.9
2018-06-12 17:00:00,185.48,3.7,3.2,6.5,3.4,338.3
2018-06-12 18:00:00,421.02,3.4,3.2,5.9,3.5,352.1
2018-06-12 19:00:00,460.03,2.6,3.3,4.6,3.6,12.2
2018-06-12 20:00:00,724.76,2,3.4,3.7,3.7,31.3
2018-06-12 21:00:00,568.76,1.5,3.3,3,3.7,52.9
2018-06-12 22:00:00,768.98,1.4,3.1,2.1,3.6,58
2018-06-12 23:00:00,669.29,1.5,2.9,2.5,3.4,27.7
2018-06-13 00:00:00,259.83,1.3,2.6,3.8,3.2,11.2
2018-06-13 01:00:00,343.27,1.1,2.3,3.8,2.8,1.1
2018-06-13 02:00:00,864.52,1,2,3.3,2.4,356.2
2018-06-13 03:00:00,256.57,1.2,1.8,3.4,2.2,355.4
2018-06-13 04:00:00,10.44,0.9,1.8,3,2.1,359.3
2018-06-13 05:00:00,145.84,0.6,1.7,2.2,2,355.4
2018-06-13 06:00:00,36.96,0.9,1.6,1.9,1.9,344.7
2018-06-13 07:00:00,184.54,1.5,1.6,2.3,1.8,338.8
2018-06-13 08:00:00,0.01,2,1.5,3.2,1.7,338.2
2018-06-13 09:00:00,0,2.2,1.7,3.5,1.9,342.2
2018-06-13 10:00:00,233.19,2.3,2.3,3.6,2.4,343.9
2018-06-13 11:00:00,691.94,2.4,2.8,4,3,347.2
2018-06-13 12:00:00,482.85,2.8,3,4.3,3.3,355.7
2018-06-13 13:00:00,497.41,3.1,3.1,4.6,3.3,357.9
2018-06-13 14:00:00,258.43,2.9,3.1,4.7,3.4,359.2
2018-06-13 15:00:00,275.46,3.1,3.2,5.1,3.5,3.2
2018-06-13 16:00:00,369.65,3.6,3.4,5.9,3.7,2.3
2018-06-13 17:00:00,351.62,3.6,3.6,5.9,3.9,1.2
2018-06-13 18:00:00,138.4,3,3.7,4.9,4,4.6
2018-06-13 19:00:00,58.97,2.3,3.6,3.9,4,15.4
2018-06-13 20:00:00,44.52,1.8,3.6,3.6,3.9,23.9
2018-06-13 21:00:00,4.35,1.6,3.2,3.4,3.6,27.3
2018-06-13 22:00:00,0,1.6,2.6,3.2,2.9,19.2
2018-06-13 23:00:00,0,1.6,2,3.3,2.3,9
2018-06-14 00:00:00,0,1.2,1.6,2.4,1.8,15.4
2018-06-14 01:00:00,0,1.1,1.4,1.3,1.6,15.3
2018-06-14 02:00:00,0,1,1.2,0.9,1.4,7.2
2018-06-14 03:00:00,0,1.1,1,1.8,1.2,337.1
2018-06-14 04:00:00,0,0.8,0.7,2.7,0.9,334.2
2018-06-14 05:00:00,0,0.4,0.4,2,0.6,345.5
2018-06-14 06:00:00,0,0.7,0.3,1.4,0.5,338.9
2018-06-14 07:00:00,0,0.7,0.3,0.9,0.5,333.1
2018-06-14 08:00:00,0,1,0.3,1.3,0.5,315.6
2018-06-14 09:00:00,0,1.6,0.5,2.5,0.7,323.2
2018-06-14 10:00:00,0,1.8,0.9,3,1,345.1
2018-06-14 11:00:00,0.02,2,1.3,3.3,1.4,355.8
2018-06-14 12:00:00,0.01,1.9,1.7,3,1.7,347.5
2018-06-14 13:00:00,10.34,1.9,1.9,2.8,2,329.8
2018-06-14 14:00:00,462.79,2.8,2.2,4.4,2.3,322.4
2018-06-14 15:00:00,1034.7,3.5,2.4,5.8,2.5,320.9
2018-06-14 16:00:00,1359.86,3.1,2.7,5.2,2.8,323.1
2018-06-14 17:00:00,1038.47,2.8,2.9,4.6,3,325.3
2018-06-14 18:00:00,756.25,2.8,2.9,4.6,3,324.3
2018-06-14 19:00:00,777.36,2.5,2.7,4.4,2.8,327.2
2018-06-14 20:00:00,614.61,2.2,2.5,4,2.6,333.8
2018-06-14 21:00:00,33.03,2.1,2.2,3.8,2.4,335.8
2018-06-14 22:00:00,0,1.9,2,3.5,2.2,336.7
2018-06-14 23:00:00,0,1.8,1.8,3,2,339.6
2018-06-15 00:00:00,0,1.6,1.7,2.7,1.9,343.3
2018-06-15 01:00:00,0,1.6,1.6,3,2,347.5
2018-06-15 02:00:00,0,2,1.6,3.7,2.2,354.7
2018-06-15 03:00:00,0.54,2.4,1.7,4.4,2.4,7.2
2018-06-15 04:00:00,134.99,3,2,5.6,2.9,14.4
2018-06-15 05:00:00,836.96,3.3,2.3,6,3.3,18.3
2018-06-15 06:00:00,1179.11,3,2.7,5.5,3.6,21.6
2018-06-15 07:00:00,1376.32,2.8,3.1,5.1,4,22.6
2018-06-15 08:00:00,418.74,2.8,3.4,4.8,4.3,28.6
2018-06-15 09:00:00,4.57,2.7,3.7,4.4,4.4,28.1
2018-06-15 10:00:00,0.21,2.8,3.8,4.6,4.4,18.1
2018-06-15 11:00:00,28.85,2.9,3.8,4.7,4.4,14.5
2018-06-15 12:00:00,12.89,2.9,3.9,4.3,4.5,18.9
2018-06-15 13:00:00,213.16,3.3,4.1,4.6,4.6,21.5
2018-06-15 14:00:00,254.25,4,4.2,6,4.6,16.4
2018-06-15 15:00:00,648.02,4.3,4.2,6.5,4.7,20.7
2018-06-15 16:00:00,585.09,4.1,4.2,6.3,4.7,22.8
2018-06-15 17:00:00,1029.25,4,4.3,6.2,4.7,23.8
2018-06-15 18:00:00,878.72,3.5,4.1,5.5,4.5,43.7
2018-06-15 19:00:00,497.74,3,3.8,4.9,4.2,81.8
2018-06-15 20:00:00,0.02,2.2,3.4,3.5,3.9,87.8
2018-06-15 21:00:00,0,2,3,3.1,3.5,28.5
2018-06-15 22:00:00,407.41,2.1,2.5,3.6,3,25
2018-06-15 23:00:00,0,1.8,2.1,3.2,2.5,40.8
2018-06-16 00:00:00,0,1.4,1.6,2.8,2,55.9
2018-06-16 01:00:00,0,1,1.2,1.8,1.4,72.9
2018-06-16 02:00:00,7.21,0.7,0.7,1.9,0.9,114.6
2018-06-16 03:00:00,426.19,0.6,0.5,2.1,0.7,125.9
2018-06-16 04:00:00,23.29,0.9,0.6,1.5,0.8,0.9
2018-06-16 05:00:00,0,0.7,0.6,1.3,0.8,63.8
2018-06-16 06:00:00,0,0.6,0.7,1.2,0.8,112.1
2018-06-16 07:00:00,0,1.1,0.7,1.6,0.8,142.3
2018-06-16 08:00:00,0,1.3,0.7,2.1,0.8,143.5
2018-06-16 09:00:00,0,1.2,1,1.7,1,172.5
2018-06-16 10:00:00,0,1.4,1.4,2,1.4,321
2018-06-16 11:00:00,83.27,1.6,1.8,2.8,1.9,326.9
2018-06-16 12:00:00,294.57,2,2.3,3.1,2.5,331
2018-06-16 13:00:00,440.19,2.5,3,3.8,3.1,329.8
2018-06-16 14:00:00,1402.9,3.3,3.6,5.3,3.7,330.1
2018-06-16 15:00:00,1395.47,4.2,4,7,4.2,334.6
2018-06-16 16:00:00,1036.86,4.1,4.2,7.1,4.5,340.4
2018-06-16 17:00:00,876.4,3.6,4.5,6,4.8,353.4
2018-06-16 18:00:00,750.14,3.4,4.6,5.5,5,4.4
2018-06-16 19:00:00,919.14,3,4.5,5,4.9,11.1
2018-06-16 20:00:00,695.33,2.6,4.5,4.4,4.9,26.5
2018-06-16 21:00:00,734.74,2.3,4.3,4.2,4.8,32.6
2018-06-16 22:00:00,756.37,2.3,4,4.2,4.6,25.7
2018-06-16 23:00:00,1180.63,2.4,3.7,4.3,4.4,33.5
2018-06-17 00:00:00,1385.44,2.1,3.5,4.2,4.3,28.7
2018-06-17 01:00:00,1132.34,1.5,3.5,3.5,4.3,31
2018-06-17 02:00:00,466.24,1.5,3.5,3.4,4.3,33
2018-06-17 03:00:00,103.35,1.7,3.3,3.7,4,18.4
2018-06-17 04:00:00,270.64,1.6,2.9,3.6,3.5,21
2018-06-17 05:00:00,36.54,1.7,2.5,3.4,3.1,18.6
2018-06-17 06:00:00,0.04,1.5,2.2,2.5,2.7,38.4
2018-06-17 07:00:00,0.01,1.2,2,1.5,2.3,58.6
2018-06-17 08:00:00,0,1.3,1.7,1.8,2,13.8
2018-06-17 09:00:00,0,1.8,1.7,2.7,1.9,356.4
2018-06-17 10:00:00,0,1.9,1.9,3.1,2.1,351.3
2018-06-17 11:00:00,5.66,1.9,2.2,3.3,2.4,352.1
2018-06-17 12:00:00,1.8,1.9,2.4,2.8,2.6,343.5
2018-06-17 13:00:00,26.87,2.4,2.5,3.6,2.8,334.6
2018-06-17 14:00:00,655.04,3.5,2.7,5.6,3,336.1
2018-06-17 15:00:00,1209.37,3.7,2.9,5.7,3.1,336.9
2018-06-17 16:00:00,818.55,3.5,3.1,5.6,3.4,338.5
2018-06-17 17:00:00,1116.11,3.3,3.3,5.5,3.6,342.1
2018-06-17 18:00:00,648.36,3,3.3,4.9,3.6,346.7
2018-06-17 19:00:00,11.13,2.7,3.1,4.7,3.5,351
2018-06-17 20:00:00,5.88,2.3,3,4.3,3.4,0.2
2018-06-17 21:00:00,433.42,1.8,2.8,4,3.2,9.3
2018-06-17 22:00:00,769.95,1.8,2.6,4.3,2.9,10.6
2018-06-17 23:00:00,232.14,2,2.3,4.4,2.7,12.5
2018-06-18 00:00:00,3.86,2,2.2,4.5,2.6,15.5
2018-06-18 01:00:00,179.08,2.3,2.3,5,2.6,16.9
2018-06-18 02:00:00,82.34,2.6,2.4,5.2,2.7,21.5
2018-06-18 03:00:00,279.57,2.3,2.3,4.4,2.7,30.2
2018-06-18 04:00:00,1022.09,1.9,2.1,3.8,2.6,36
2018-06-18 05:00:00,497.44,1.7,1.9,4,2.6,41.2
2018-06-18 06:00:00,1184.95,1.8,1.8,3.6,2.4,43.3
2018-06-18 07:00:00,1190.57,2.3,1.7,3.9,2.3,48.5
2018-06-18 08:00:00,526.87,2.7,1.7,4.5,2.1,57.3
2018-06-18 09:00:00,1321.76,2.9,2.1,4.6,2.5,62.2
2018-06-18 10:00:00,528.35,3.2,3,4.8,3.4,57.6
2018-06-18 11:00:00,368.99,3.3,3.9,5.1,4.3,49.1
2018-06-18 12:00:00,1951.41,3.4,4.6,5.4,5.1,47.3
2018-06-18 13:00:00,3313.6,3.9,5.2,6.1,5.7,47.1
2018-06-18 14:00:00,3776.6,4.6,5.7,7.2,6.3,48.7
2018-06-18 15:00:00,4260.85,4.8,6.2,7.5,6.8,54.9
2018-06-18 16:00:00,4931.89,4.6,6.5,6.9,7.2,60.1
2018-06-18 17:00:00,4400.19,4.1,6.8,6,7.6,62.8
2018-06-18 18:00:00,4227.33,2.9,7,4.3,7.9,65.1
2018-06-18 19:00:00,3311.27,1.8,7.2,3.1,8.3,69.8
2018-06-18 20:00:00,4135.42,1.5,7.4,3.2,8.6,70.7
2018-06-18 21:00:00,3177.51,1.9,7.4,3.9,8.8,67.1
2018-06-18 22:00:00,2224.05,2.3,7.4,4.6,8.9,67
2018-06-18 23:00:00,2199.74,2.2,7.3,4.6,9,73.8
2018-06-19 00:00:00,1482.04,2,7.2,4.6,8.9,79.9
2018-06-19 01:00:00,2312.67,1.9,6.9,4.6,8.6,82.7
2018-06-19 02:00:00,3531.54,2.1,6.7,4.3,8.3,89
2018-06-19 03:00:00,3442.63,2.3,6.4,3.7,8,97.9
2018-06-19 04:00:00,3764.12,2.1,6.2,3.8,7.7,86.8
2018-06-19 05:00:00,3789.73,2,5.9,4.9,7.5,76.5
2018-06-19 06:00:00,3726.87,2.8,5.8,5.7,7.2,78.2
2018-06-19 07:00:00,4390.41,3.6,5.8,5.8,6.9,79.1
2018-06-19 08:00:00,4256.62,3.8,5.7,5.6,6.7,92
2018-06-19 09:00:00,3590.84,4.1,5.5,5.7,6.3,99.6
2018-06-19 10:00:00,4040.19,4.1,5,5.8,5.7,95.2
2018-06-19 11:00:00,2882.26,3.8,4.5,5.3,5.2,94.2
2018-06-19 12:00:00,2729.57,3.4,4.3,4.7,4.9,97.5
2018-06-19 13:00:00,1919.92,3.1,4.2,4,4.8,110.3
2018-06-19 14:00:00,1421.74,3.1,4.2,3.7,4.7,125.9
2018-06-19 15:00:00,849.72,3.4,4,4.2,4.5,132.8
2018-06-19 16:00:00,742.15,3.4,3.7,4.1,4.3,133.2
2018-06-19 17:00:00,1091.26,3.1,3.5,3.6,4,132.3
2018-06-19 18:00:00,1535.78,3.1,3.3,4,3.8,124.2
2018-06-19 19:00:00,1777.27,3,3.1,4.9,3.7,127.3
2018-06-19 20:00:00,2901.72,3,3,5.3,3.5,140.6
2018-06-19 21:00:00,2515.15,2.5,2.8,5,3.2,146.7
2018-06-19 22:00:00,2132.33,1.9,2.5,4.3,2.9,144.1
2018-06-19 23:00:00,1642.63,1.8,2.2,3.9,2.5,139
2018-06-20 00:00:00,1158.86,1.7,2,3.9,2.3,134.8
2018-06-20 01:00:00,1632.17,1.6,1.9,3.6,2.2,132.6
2018-06-20 02:00:00,1595.23,1.8,1.8,3.2,2.1,135.7
2018-06-20 03:00:00,1743.93,1.9,1.8,3.1,2.1,137.7
2018-06-20 04:00:00,1482.23,1.9,1.8,3.1,2.2,139.4
2018-06-20 05:00:00,2380.12,1.8,1.9,3.2,2.2,140
2018-06-20 06:00:00,2337.86,1.9,1.8,3.5,2.2,142.3
2018-06-20 07:00:00,1442.01,2,1.7,3.4,2.1,141.1
2018-06-20 08:00:00,204.73,2,1.5,3,2,135.7
2018-06-20 09:00:00,42.11,2.2,1.5,3.5,1.9,135.6
2018-06-20 10:00:00,32.48,2.2,1.6,3.6,1.9,138.2
2018-06-20 11:00:00,0,1.5,1.7,2.7,2,139.9
2018-06-20 12:00:00,0,0.7,1.9,1.3,2.2,153.2
2018-06-20 13:00:00,0.01,1.3,2.4,1.4,2.7,282.5
2018-06-20 14:00:00,257.66,2.5,2.8,3.3,3.1,329.1
2018-06-20 15:00:00,533.76,2.8,3.1,4.5,3.4,358
2018-06-20 16:00:00,553.99,2.9,3.1,4.6,3.5,13.3
2018-06-20 17:00:00,0.04,3,3.2,4.6,3.5,27.5
2018-06-20 18:00:00,26.68,2.9,3.3,4.3,3.7,61
2018-06-20 19:00:00,49.36,2.6,3.5,3.7,3.9,100.1
2018-06-20 20:00:00,845.66,2.4,3.6,3.5,4.2,127.1
2018-06-20 21:00:00,369.07,2,3.8,2.9,4.4,126.1
2018-06-20 22:00:00,1488.44,1.5,3.8,2.3,4.6,101.5
2018-06-20 23:00:00,1621.83,1.6,3.9,2.5,4.7,104.6
2018-06-21 00:00:00,2398.8,1.9,3.8,3.4,4.8,112.2
2018-06-21 01:00:00,2785.21,1.8,3.7,3.3,4.7,107.1
2018-06-21 02:00:00,3702.66,1.3,3.6,2.5,4.7,87
2018-06-21 03:00:00,1149.47,1.2,3.8,3.6,5,73.8
2018-06-21 04:00:00,1248.17,1.5,4.2,4.7,5.6,80.5
2018-06-21 05:00:00,2139.77,1.6,4.7,4.3,6.3,92.1
2018-06-21 06:00:00,2320.79,2.6,5.2,4.8,6.7,92.9
2018-06-21 07:00:00,2197.11,3.7,5.7,5.5,7,97.6
2018-06-21 08:00:00,5866.27,3.8,6.3,5.2,7.3,98.3
2018-06-21 09:00:00,6413.56,3.8,6.7,5.7,7.6,83.2
2018-06-21 10:00:00,4176.39,4.2,7,6.6,7.8,76.1
2018-06-21 11:00:00,4106.85,4.5,7.3,6.9,8.1,74
2018-06-21 12:00:00,2827.1,4,7.3,6,8.1,78.3
2018-06-21 13:00:00,2287.14,3.8,7.1,5.5,7.9,82.5
2018-06-21 14:00:00,2376.45,4.3,6.9,6.5,7.6,74.7
2018-06-21 15:00:00,4062.84,4.7,7,7.5,7.7,66.7
2018-06-21 16:00:00,5177.66,4.7,7.4,7.7,8.2,65
2018-06-21 17:00:00,5061.81,4.4,7.9,7.4,8.6,74.4
2018-06-21 18:00:00,6347.87,4.3,8.2,7.1,9,77
2018-06-21 19:00:00,6175.1,4.3,8.3,6.9,9.3,74
2018-06-21 20:00:00,6267.02,4,8.5,6.6,9.6,77.1
2018-06-21 21:00:00,6373.15,4,8.5,7,9.7,74.6
2018-06-21 22:00:00,6369.01,4.4,8.4,8.1,9.7,70.2
2018-06-21 23:00:00,6168.81,4.5,8.4,8.3,9.8,73.2
2018-06-22 00:00:00,5291.98,3.8,8,6.6,9.5,81.5
2018-06-22 01:00:00,4841.79,3.2,7.5,5.9,8.9,78.2
2018-06-22 02:00:00,7509.65,3.4,7,6.1,8.3,77.3
2018-06-22 03:00:00,2693.24,3.3,6.6,5.7,7.9,83.2
2018-06-22 04:00:00,4249.17,3,6.2,5.3,7.5,85.5
2018-06-22 05:00:00,3399.94,3.2,5.9,5.2,7.2,89.2
2018-06-22 06:00:00,3605.1,3.5,5.6,5.3,6.9,92.4
2018-06-22 07:00:00,3469.23,3.6,5.5,5.2,6.6,96.1
2018-06-22 08:00:00,1512.79,3.8,5.5,5.5,6.3,95.6
2018-06-22 09:00:00,1756.11,4,5.5,5.9,6.2,92.2
2018-06-22 10:00:00,4133.94,3.8,5.7,5.8,6.4,87.4
2018-06-22 11:00:00,4152,3.8,5.9,6,6.6,78.8
2018-06-22 12:00:00,5309.76,4,6.1,6.1,6.8,82.3
2018-06-22 13:00:00,4912.34,4,6.3,5.9,7,84.1
2018-06-22 14:00:00,4558.96,4,6.5,6.1,7.3,74.3
2018-06-22 15:00:00,2928.3,4.2,6.7,6.6,7.5,72.2
2018-06-22 16:00:00,3732.71,4.1,6.8,6.7,7.6,72.1
2018-06-22 17:00:00,4668.28,3.8,6.9,6.2,7.7,75.9
2018-06-22 18:00:00,5366.57,3.7,6.9,5.5,7.8,88.9
2018-06-22 19:00:00,3317.69,3.4,6.8,4.9,7.8,97.2
2018-06-22 20:00:00,5158.77,3,6.8,4.8,7.9,91.3
2018-06-22 21:00:00,5416.83,2.9,6.5,4.8,7.7,88.5
2018-06-22 22:00:00,7862.31,2.6,6,4.4,7.2,96.4
2018-06-22 23:00:00,6349.31,2.4,5.6,3.8,6.7,105.8
2018-06-23 00:00:00,7022.17,2.9,5,4.8,6.1,122.5
2018-06-23 01:00:00,5479.58,2.9,4.3,5.3,5.3,125.4
2018-06-23 02:00:00,6250.35,2.5,3.6,4.6,4.4,126.1
2018-06-23 03:00:00,5287.29,2.7,3.1,5.1,3.9,132.6
2018-06-23 04:00:00,5907.64,2.7,2.8,5.2,3.6,131.4
2018-06-23 05:00:00,5709.95,2.6,2.5,5.1,3.3,131.7
2018-06-23 06:00:00,5567.2,3.1,2.3,5.3,3,133
2018-06-23 07:00:00,4736.93,3.5,2.1,5.1,2.8,128.4
2018-06-23 08:00:00,3623.05,3.4,2,4.6,2.5,120.7
2018-06-23 09:00:00,2525.48,3.3,2.1,4.4,2.6,111
2018-06-23 10:00:00,2203.93,3.4,2.5,5,3,93.8
2018-06-23 11:00:00,2355.22,3.6,2.9,5.6,3.4,89
2018-06-23 12:00:00,1553.78,3.9,3.2,5.8,3.7,107
2018-06-23 13:00:00,1310.3,3.9,3.4,5.7,3.9,119.1
2018-06-23 14:00:00,744.96,3.3,3.5,4.6,4.1,117.2
2018-06-23 15:00:00,516.69,2.8,3.6,3.7,4.2,120.5
2018-06-23 16:00:00,451.57,2.7,3.4,3.7,4.1,101.3
2018-06-23 17:00:00,574.09,2.8,3.3,4.3,4,76.4
2018-06-23 18:00:00,939.57,2.9,3.2,4.5,3.8,95.4
2018-06-23 19:00:00,1487.67,2.8,3.1,4.4,3.7,124.3
2018-06-23 20:00:00,3142.23,2,3,3.8,3.5,116.9
2018-06-23 21:00:00,3186.76,1.8,2.7,3.2,3.2,114.7
2018-06-23 22:00:00,2395.11,2.1,2.3,3.4,2.8,120.6
2018-06-23 23:00:00,3319.81,2,2,3.3,2.3,113
2018-06-24 00:00:00,2804.8,1.8,1.8,3.6,2,127.3
2018-06-24 01:00:00,2528.58,0.9,1.7,3.3,1.9,148.6
2018-06-24 02:00:00,2600.62,0.9,1.7,2.9,1.7,164.9
2018-06-24 03:00:00,3375.66,1.7,1.8,3.1,1.7,159.4
2018-06-24 04:00:00,4840.49,1.8,2,3.4,1.7,146.3
2018-06-24 05:00:00,4014.53,1.8,2.2,4.3,1.8,138.9
2018-06-24 06:00:00,2135.75,1.7,2.1,4.9,1.8,136.9
2018-06-24 07:00:00,1140.24,1.7,1.8,4.1,1.8,138.5
2018-06-24 08:00:00,377.63,1.6,1.4,3,1.8,139
2018-06-24 09:00:00,0.02,1.6,1.2,2.5,1.7,140.2
2018-06-24 10:00:00,1.04,1.6,1.2,2.6,1.6,143.7
2018-06-24 11:00:00,0,1.1,1.2,1.9,1.4,142.3
2018-06-24 12:00:00,0,1,1.4,1.8,1.5,126.2
2018-06-24 13:00:00,0.03,1.3,1.8,2.3,1.8,128.8
2018-06-24 14:00:00,0,1.2,2.1,2.3,2.2,143.9
2018-06-24 15:00:00,519.1,1.6,2.4,2.3,2.4,190.2
2018-06-24 16:00:00,936.08,2.6,2.6,3.9,2.5,287.2
2018-06-24 17:00:00,731.36,3.2,2.8,5.4,2.6,305.8
2018-06-24 18:00:00,736.62,3.1,2.9,5.4,2.7,303.9
2018-06-24 19:00:00,771.86,2.9,2.8,5.3,2.6,294.5
2018-06-24 20:00:00,1206.15,2.4,2.8,4.8,2.6,292.5
2018-06-24 21:00:00,1108.95,1.7,2.6,4.4,2.4,308
2018-06-24 22:00:00,755.69,1.4,2.2,4.3,2.1,318.1
2018-06-24 23:00:00,135.03,1.5,1.8,4.3,1.8,315.5
2018-06-25 00:00:00,0,1.4,1.5,4.1,1.5,323.5
2018-06-25 01:00:00,0,1.1,1.1,2.7,1.2,341.2
2018-06-25 02:00:00,0,0.8,0.8,1.1,0.8,45.8
2018-06-25 03:00:00,1619.25,0.7,0.5,1.1,0.6,121.5
2018-06-25 04:00:00,3835.43,0.9,0.4,1.4,0.6,143.6
2018-06-25 05:00:00,4251.1,1,0.3,1.6,0.5,165.5
2018-06-25 06:00:00,2266.02,0.8,0.3,1.7,0.5,173.9
2018-06-25 07:00:00,144.33,1.6,0.5,2.8,0.7,252.2
2018-06-25 08:00:00,0,2.1,0.7,3.3,0.8,279
2018-06-25 09:00:00,0,1.8,0.8,3.1,0.9,300.8
2018-06-25 10:00:00,0,2.3,1,3.6,1.1,321.3
2018-06-25 11:00:00,181.2,2.5,1.1,3.9,1.3,318.4
2018-06-25 12:00:00,1529.51,2.1,1.6,3.3,1.7,311
2018-06-25 13:00:00,2753.96,2.3,2.3,3.8,2.4,307.3
2018-06-25 14:00:00,2287.23,3.4,3,5.8,3,308.1
2018-06-25 15:00:00,1132.28,3.9,3.4,6.7,3.4,320
2018-06-25 16:00:00,884.49,3.5,3.3,6,3.4,333.4
2018-06-25 17:00:00,484.69,3,3.2,4.9,3.5,336.9
2018-06-25 18:00:00,300.78,2.7,3,4.6,3.3,333.3
2018-06-25 19:00:00,362.18,2.6,2.7,4.5,3,333.7
2018-06-25 20:00:00,166.03,2.3,2.4,3.8,2.6,337.4
2018-06-25 21:00:00,0,2,2.1,3.5,2.3,334.1
2018-06-25 22:00:00,0,1.9,1.8,3.2,2,333.2
2018-06-25 23:00:00,0,1.9,1.5,3.3,1.7,328.1
2018-06-26 00:00:00,0,1.7,1.3,3.1,1.5,325.8
2018-06-26 01:00:00,23.22,1.2,1.3,2.3,1.4,333.6
2018-06-26 02:00:00,1.44,1.1,1.3,2.2,1.3,332.8
2018-06-26 03:00:00,0,1.2,1.2,2.1,1.3,319.4
2018-06-26 04:00:00,0,1.4,1.2,2.4,1.3,307.1
2018-06-26 05:00:00,0,1.4,1.2,2.4,1.3,302.1
2018-06-26 06:00:00,0,1.5,1.2,2.5,1.3,301.3
2018-06-26 07:00:00,6.91,1.7,1.2,2.9,1.3,305.1
2018-06-26 08:00:00,0,1.3,1.2,2.5,1.3,314.3
2018-06-26 09:00:00,0,0.9,1.4,1.8,1.4,320.7
2018-06-26 10:00:00,0,1.3,1.7,2.3,1.8,313.6
2018-06-26 11:00:00,0,2.1,2.1,3.6,2.1,310.9
2018-06-26 12:00:00,0,2.4,2.4,4,2.4,304.8
2018-06-26 13:00:00,42.88,2.7,2.7,4.2,2.8,296.8
2018-06-26 14:00:00,711.59,3.3,3,5.2,3.1,294.2
2018-06-26 15:00:00,915.59,3.3,3.2,5.3,3.3,294.1
2018-06-26 16:00:00,1079.09,3.2,3.2,5.2,3.4,295.6
2018-06-26 17:00:00,623.43,3,3.3,5.2,3.5,303.7
2018-06-26 18:00:00,1466.89,2.5,3.2,4.5,3.4,315.4
2018-06-26 19:00:00,1237.79,2,3,3.7,3.2,322.2
2018-06-26 20:00:00,1127.13,1.8,2.8,3.4,3.1,320.9
2018-06-26 21:00:00,373.9,2.2,2.4,3.9,2.7,308.7
2018-06-26 22:00:00,0,2.5,1.9,4.5,2.2,302.9
2018-06-26 23:00:00,156.32,2.5,1.4,4.4,1.7,301.9
2018-06-27 00:00:00,917.68,2.2,1.2,4.1,1.5,308.1
2018-06-27 01:00:00,1958.1,1.9,1.1,3.7,1.4,302.4
2018-06-27 02:00:00,2234.08,1.9,1.1,3.4,1.3,290.1
2018-06-27 03:00:00,167.82,1.8,1.1,3.3,1.4,302.2
2018-06-27 04:00:00,0.2,1.7,1.1,3.4,1.4,312.6
2018-06-27 05:00:00,0,1.3,1.2,2.6,1.5,321.2
2018-06-27 06:00:00,0,0.9,1.2,1.8,1.5,336
2018-06-27 07:00:00,8.16,0.7,1.2,1.4,1.4,329.5
2018-06-27 08:00:00,131.02,1.1,1.2,1.8,1.4,298.4
2018-06-27 09:00:00,41.92,1.5,1.3,2.3,1.4,286.3
2018-06-27 10:00:00,0,1.6,1.4,2.3,1.5,277.6
2018-06-27 11:00:00,0,1.8,1.5,2.7,1.6,273.5
2018-06-27 12:00:00,0,2.3,1.8,3.4,1.9,281.7
2018-06-27 13:00:00,2.96,2.9,2.4,4.1,2.5,295.6
2018-06-27 14:00:00,71.98,3.3,3.1,5.2,3.1,307.2
2018-06-27 15:00:00,199.58,3.3,3.3,5.5,3.3,321.8
2018-06-27 16:00:00,126.93,3.1,3.2,5.1,3.1,337.5
2018-06-27 17:00:00,187.43,2.9,3,4.8,2.9,341.1
2018-06-27 18:00:00,398.96,2.6,2.8,4.2,2.8,348.9
2018-06-27 19:00:00,56.13,2.3,2.5,3.7,2.5,2.2
2018-06-27 20:00:00,13.24,1.8,2.2,3.1,2.3,357.7
2018-06-27 21:00:00,8.44,1.7,2,3.2,2.2,342.2
2018-06-27 22:00:00,8.22,1.9,1.9,3.9,2.1,341.2
2018-06-27 23:00:00,30.93,2.3,1.9,4,2,8.1
2018-06-28 00:00:00,167.76,2,1.7,3.5,1.9,34.5
2018-06-28 01:00:00,286.98,1.5,1.6,3.5,1.8,29.7
2018-06-28 02:00:00,35.85,1.4,1.4,3.7,1.7,26.2
2018-06-28 03:00:00,147.42,1.3,1.3,3.3,1.6,28.1
2018-06-28 04:00:00,0.97,1.3,1.2,3.3,1.6,24.2
2018-06-28 05:00:00,12.33,1.4,1.1,3.5,1.6,23.9
2018-06-28 06:00:00,139.55,1.4,1.1,2.7,1.6,33.8
2018-06-28 07:00:00,147.04,1.5,1.2,1.9,1.7,55.8
2018-06-28 08:00:00,0,1.4,1.4,1.8,1.8,93.1
2018-06-28 09:00:00,0,1.2,1.4,1.7,1.8,136.5
2018-06-28 10:00:00,0,0.9,1.4,0.8,1.7,148.7
2018-06-28 11:00:00,3.61,1,1.4,0.5,1.6,357
2018-06-28 12:00:00,0,1.6,1.7,1.7,1.9,59
2018-06-28 13:00:00,0,1.3,2.3,1.6,2.5,71.2
2018-06-28 14:00:00,0,1.2,2.9,1.8,3.1,17.3
2018-06-28 15:00:00,0,2.3,3.3,3.7,3.6,34.4
2018-06-28 16:00:00,12.89,3.2,3.5,5.1,3.8,52.2
2018-06-28 17:00:00,1278.59,3.3,3.8,5.1,4,62.7
2018-06-28 18:00:00,192.76,2.7,3.9,4,4.2,76.6
2018-06-28 19:00:00,666.69,2.2,4.1,3.4,4.4,73
2018-06-28 20:00:00,1091.97,1.9,4.2,3.3,4.6,65
2018-06-28 21:00:00,754.17,1.4,4.1,2.9,4.6,66.1
2018-06-28 22:00:00,472.46,1.2,3.8,2.5,4.4,95.4
2018-06-28 23:00:00,1361.92,1.5,3.5,2.8,4.1,104.4
2018-06-29 00:00:00,430.36,1.4,3.2,3.2,3.9,93.8
2018-06-29 01:00:00,1227.27,1.7,3,4,3.6,124.4
2018-06-29 02:00:00,1703.89,2.6,2.8,5.2,3.3,133
2018-06-29 03:00:00,301.19,2.7,2.6,5.9,3.2,110.5
2018-06-29 04:00:00,3708.49,2.1,2.5,5.5,3.1,104.9
2018-06-29 05:00:00,5453.24,2.1,2.4,5.1,3,120.8
2018-06-29 06:00:00,3171.12,2.2,2.2,5.3,2.8,120.2
2018-06-29 07:00:00,2463.86,2.1,1.9,4.7,2.5,108.9
2018-06-29 08:00:00,708.31,2.3,1.5,4,2.1,110.5
2018-06-29 09:00:00,148.1,2.4,1.3,3.9,1.9,116.2
2018-06-29 10:00:00,0.1,2.2,1.3,3.6,1.8,123.5
2018-06-29 11:00:00,0,1.6,1.4,2.6,1.7,126.5
2018-06-29 12:00:00,0.02,1.1,1.7,1.6,2,106.1
2018-06-29 13:00:00,0,1,2.4,1.3,2.6,72.1
2018-06-29 14:00:00,0,1.3,3,1.6,3.3,39.7
2018-06-29 15:00:00,318.68,2.4,3.2,3.8,3.5,40.8
2018-06-29 16:00:00,758.97,3.7,3,6.1,3.2,46.7
2018-06-29 17:00:00,458.82,3.6,2.8,5.9,3,66.5
2018-06-29 18:00:00,53.98,2.7,2.5,4.5,2.7,91.5
2018-06-29 19:00:00,313.88,2.2,2.1,3.4,2.3,111.2
2018-06-29 20:00:00,805.57,1.7,1.7,3,2,124.1
2018-06-29 21:00:00,401.97,1.5,1.6,2.1,1.8,115.4
2018-06-29 22:00:00,936.93,1.3,1.6,0.9,1.6,101.8
2018-06-29 23:00:00,967.6,1.4,1.7,0.9,1.5,290.5
2018-06-30 00:00:00,94.39,1.6,1.8,1.4,1.6,256.4
2018-06-30 01:00:00,0.16,1.6,1.9,2.3,1.8,257.9
2018-06-30 02:00:00,0,1.7,2.1,3.2,2,281.8
2018-06-30 03:00:00,921.23,1.4,2,2.3,2,275.5
2018-06-30 04:00:00,198.04,1.2,1.8,2.1,1.8,225.6
2018-06-30 05:00:00,261.29,1.6,1.5,2.5,1.6,259.6
2018-06-30 06:00:00,2473.2,1.1,1.2,1.8,1.3,314.7
2018-06-30 07:00:00,1554.31,0.8,0.8,1.5,1.1,123.4
2018-06-30 08:00:00,402.51,1.6,0.5,2.3,0.9,131
2018-06-30 09:00:00,1269.88,2.1,0.4,3.4,0.8,133
2018-06-30 10:00:00,1524.14,1.5,0.7,2.1,1,142.6
2018-06-30 11:00:00,1053.95,1.5,1,2.1,1.1,284.8
2018-06-30 12:00:00,324.02,1.9,1.2,3.4,1.3,241.5
2018-06-30 13:00:00,133.77,1.8,1.4,3.5,1.4,179.1
2018-06-30 14:00:00,1386.07,3.1,1.6,6.1,1.5,199.4
2018-06-30 15:00:00,5636.39,3.6,1.8,6.2,1.8,237.6
2018-06-30 16:00:00,712.4,3.2,2.1,5,2.2,304.8
2018-06-30 17:00:00,629.44,2.8,2.4,4.5,2.6,299.3
2018-06-30 18:00:00,606.18,1.9,2.2,3.2,2.6,280
2018-06-30 19:00:00,759.53,1.7,1.7,3.1,2,241.9
2018-06-30 20:00:00,1359.38,1.5,1.2,3.1,1.4,234.3
2018-06-30 21:00:00,57.17,1.4,1,3.1,1.2,216.3
2018-06-30 22:00:00,0,1.3,1.1,2.7,1.3,194.8
2018-06-30 23:00:00,0,1.2,1.2,2.4,1.4,178.5
2018-07-01 00:00:00,0,0.9,1.3,1.8,1.3,168.7
2018-07-01 01:00:00,0,1,1.3,0.9,1,153
2018-07-01 02:00:00,0,1.3,1.3,1.3,0.8,156.9
2018-07-01 03:00:00,0,1.1,1.4,1.3,0.8,148
2018-07-01 04:00:00,0,0.9,1.5,1.1,1.2,160.2
2018-07-01 05:00:00,0,0.8,1.6,1.1,1.6,158.7
2018-07-01 06:00:00,1.17,0.6,1.7,0.8,1.8,156.8
2018-07-01 07:00:00,13.68,0.7,1.6,0.9,1.8,160.4
2018-07-01 08:00:00,22.05,0.9,1.6,0.8,1.8,118.8
2018-07-01 09:00:00,28.77,1.4,1.6,1.8,1.7,113.7
2018-07-01 10:00:00,5.4,2.2,1.5,3.5,1.6,122.4
2018-07-01 11:00:00,507.08,2.6,1.5,4.6,1.4,127.2
2018-07-01 12:00:00,623.41,2.8,1.8,5.1,1.8,172.3
2018-07-01 13:00:00,799.08,2.7,2.6,4.8,2.8,227.6
2018-07-01 14:00:00,913.45,2.8,3.3,4.6,3.8,245.2
2018-07-01 15:00:00,2154.12,2.8,3.6,4.8,4.1,260.1
2018-07-01 16:00:00,1065.56,2.7,3.4,4.6,3.9,243
2018-07-01 17:00:00,395.18,2.6,3.2,4.3,3.6,211.9
2018-07-01 18:00:00,431.66,2,2.8,3.7,3.2,195.8
2018-07-01 19:00:00,362.28,1.5,2.3,3.5,2.8,166.2
2018-07-01 20:00:00,0.65,1.4,1.9,3.6,2.3,156.5
2018-07-01 21:00:00,0.14,1.2,1.6,3.3,1.9,157.2
2018-07-01 22:00:00,0,1.2,1.5,2.3,1.7,153.4
2018-07-01 23:00:00,121.54,1.1,1.4,1.4,1.4,120.4
2018-07-02 00:00:00,1124.29,0.9,1.4,2.1,1.3,108.2
2018-07-02 01:00:00,1198,0.9,1.5,3.2,1.5,102.4
2018-07-02 02:00:00,924.62,1,1.5,3.6,1.7,96.3
2018-07-02 03:00:00,1635.91,1.1,1.5,3.4,1.8,101
2018-07-02 04:00:00,1136.25,1.2,1.6,3.5,1.9,124.3
2018-07-02 05:00:00,1186.24,1.8,1.6,4.5,2,125.9
2018-07-02 06:00:00,2278.85,2.5,1.6,5.4,2.1,116.1
2018-07-02 07:00:00,2078.71,2.6,1.5,5.2,2.1,116.8
2018-07-02 08:00:00,1788.71,2.4,1.5,4.7,2,122.7
2018-07-02 09:00:00,799.15,2.1,1.8,4,2.3,132.5
2018-07-02 10:00:00,238.71,1.8,2.4,3.2,2.8,149.2
2018-07-02 11:00:00,909.87,1.6,3,2.7,3.4,157.9
2018-07-02 12:00:00,571.2,2.3,3.2,3.8,3.6,171.7
2018-07-02 13:00:00,1643.4,2.8,3.1,4.9,3.6,196.2
2018-07-02 14:00:00,2970.49,3.5,3,5.7,3.6,221.2
2018-07-02 15:00:00,1780.27,4.6,2.9,7.4,3.6,230.5
2018-07-02 16:00:00,1547.57,4.9,3,8.2,3.7,238.3
2018-07-02 17:00:00,5175.17,4.7,3,7.5,3.7,238.8
2018-07-02 18:00:00,3173.18,2.9,3.2,4.6,3.8,240.8
2018-07-02 19:00:00,1296.97,1.7,3.3,3,4,232.9
2018-07-02 20:00:00,2649.51,2.1,3.5,4.3,4.1,217.5
2018-07-02 21:00:00,2090.13,2.1,3.6,4.7,4.2,212
2018-07-02 22:00:00,2760.1,2.2,3.6,4.6,4.3,210.5
2018-07-02 23:00:00,3065.47,2.5,3.6,5.1,4.3,214.9
2018-07-03 00:00:00,1025.41,2.2,3.3,5.2,4.1,210
2018-07-03 01:00:00,1209.35,1.9,2.8,5.3,3.5,211.3
2018-07-03 02:00:00,2264.79,2,2.3,5.1,3,217.1
2018-07-03 03:00:00,1027.2,1.9,2.2,4.7,2.8,218.7
2018-07-03 04:00:00,496.31,1.8,2.3,4.4,3.1,219.7
2018-07-03 05:00:00,292.24,1.7,2.4,4.2,3.4,221.3
2018-07-03 06:00:00,0,2,2.4,4.2,3.4,209.4
2018-07-03 07:00:00,172.56,2.3,2.3,4.1,3.1,200.8
2018-07-03 08:00:00,254.72,2.7,2.1,4.5,2.9,210.5
2018-07-03 09:00:00,774.09,3.1,2.1,5.2,2.7,213.2
2018-07-03 10:00:00,806.5,3.2,2.2,5.4,2.7,215.1
2018-07-03 11:00:00,938.14,3.4,2.4,5.8,2.7,218.5
2018-07-03 12:00:00,881.96,3.3,2.4,5.8,2.8,222.9
2018-07-03 13:00:00,1291.85,3.6,2.4,5.9,2.8,237.5
2018-07-03 14:00:00,1043.56,3.6,2.3,5.9,2.8,251.8
2018-07-03 15:00:00,1255.81,3.4,2.2,5.4,2.6,277.5
2018-07-03 16:00:00,1045.55,3.5,2,5.6,2.3,299
2018-07-03 17:00:00,930.25,3.5,1.7,5.7,2,298.1
2018-07-03 18:00:00,998.7,2.7,1.6,4.5,1.8,302.8
2018-07-03 19:00:00,703.82,2,1.4,3.4,1.6,324.3
2018-07-03 20:00:00,178.73,1.7,1.3,3.2,1.4,349
2018-07-03 21:00:00,0,1.3,1.2,2.4,1.3,9.9
2018-07-03 22:00:00,0,0.9,1.2,1.4,1.3,6.2
2018-07-03 23:00:00,0,0.9,1.2,1.5,1.4,348.3
2018-07-04 00:00:00,0,0.9,1.2,2,1.3,75
2018-07-04 01:00:00,0,0.8,1.1,2.3,1.3,148.5
2018-07-04 02:00:00,0,1,0.9,2.3,1.3,170.3
2018-07-04 03:00:00,0,1.3,1,2.4,1.5,218.7
2018-07-04 04:00:00,0,1.7,1.3,3.2,1.9,248.7
2018-07-04 05:00:00,0,2.1,1.6,3.9,2.3,255.9
2018-07-04 06:00:00,30.46,1.7,1.9,3,2.6,258.1
2018-07-04 07:00:00,344.99,1.5,2.2,2.2,2.9,263.4
2018-07-04 08:00:00,487.72,2.2,2.5,3.1,3.2,254.7
2018-07-04 09:00:00,738,2.5,2.6,3.8,3.2,253.2
2018-07-04 10:00:00,483.11,2.7,2.5,4.2,3,264.1
2018-07-04 11:00:00,831.97,3.1,2.4,4.7,2.8,268.9
2018-07-04 12:00:00,1174.11,3.5,2.6,5.5,3,277
2018-07-04 13:00:00,1967.6,3.8,3.2,6,3.5,286.3
2018-07-04 14:00:00,2948.9,3.7,3.8,6,4.1,293
2018-07-04 15:00:00,1971.47,3.7,4.1,6.1,4.4,299
2018-07-04 16:00:00,2220.02,3.9,4.1,6.3,4.4,296.1
2018-07-04 17:00:00,1658.39,3.8,4.1,6.3,4.5,290
2018-07-04 18:00:00,860.54,3.3,4,5.7,4.5,282
2018-07-04 19:00:00,942.9,2.8,3.9,4.9,4.5,274.4
2018-07-04 20:00:00,1128.98,2.6,3.9,4.5,4.5,268.1
2018-07-04 21:00:00,1673.88,2.5,3.7,4.5,4.4,266.1
2018-07-04 22:00:00,984.27,2.8,3.6,5,4.3,274.8
2018-07-04 23:00:00,582.78,2.9,3.5,5.3,4.3,274.7
2018-07-05 00:00:00,668.57,2.4,3.3,4.7,4.1,263.7
2018-07-05 01:00:00,519.04,1.7,3,3.9,3.7,254.3
2018-07-05 02:00:00,18.18,1.3,2.7,3.2,3.4,252
2018-07-05 03:00:00,153.59,1.5,2.4,3,3,247.8
2018-07-05 04:00:00,529.48,1.6,2.1,3,2.5,244.8
2018-07-05 05:00:00,802.18,1.5,1.7,2.7,2.1,251.7
2018-07-05 06:00:00,1087.18,1.8,1.5,2.8,1.8,266.2
2018-07-05 07:00:00,628.85,1.9,1.4,3,1.7,273.3
2018-07-05 08:00:00,193.41,2,1.2,3.2,1.6,269.9
2018-07-05 09:00:00,224.64,2,1.2,3.3,1.6,270.4
2018-07-05 10:00:00,261.3,1.9,1.4,2.8,1.7,267.6
2018-07-05 11:00:00,11.99,2,1.6,2.9,1.9,276.1
2018-07-05 12:00:00,216.05,2.1,1.9,3.4,2.1,285
2018-07-05 13:00:00,31.43,2.4,2.1,3.7,2.3,283.8
2018-07-05 14:00:00,4.1,2.6,2.4,4,2.5,295.7
2018-07-05 15:00:00,275.14,2.8,2.5,4.5,2.6,307.2
2018-07-05 16:00:00,105.2,3.2,2.4,5.3,2.5,312.5
2018-07-05 17:00:00,111.03,3.1,2.3,5.4,2.4,318.4
2018-07-05 18:00:00,39.8,2.6,2.2,4.7,2.3,322.8
2018-07-05 19:00:00,0.02,2.2,2.1,3.9,2.2,329.8
2018-07-05 20:00:00,0,1.9,2,3.6,2.1,340.4
2018-07-05 21:00:00,0,1.6,1.9,3.1,2,350.9
2018-07-05 22:00:00,0,1.3,1.7,2.8,1.9,3.5
2018-07-05 23:00:00,0,1.2,1.6,2.3,1.8,22
2018-07-06 00:00:00,0,0.7,1.5,1.6,1.8,60.6
2018-07-06 01:00:00,0,0.6,1.5,1.4,1.8,96.6
2018-07-06 02:00:00,0,0.9,1.5,1.3,1.9,103.4
2018-07-06 03:00:00,181.79,0.9,1.5,1.2,1.8,110.9
2018-07-06 04:00:00,488.12,1.2,1.3,1.6,1.7,125.7
2018-07-06 05:00:00,411.56,1.8,1.2,2.3,1.6,124.8
2018-07-06 06:00:00,586.37,2.2,1.1,3,1.5,122.5
2018-07-06 07:00:00,503.2,2.4,1.1,3.3,1.4,119.9
2018-07-06 08:00:00,280.58,2.1,1.1,3,1.3,116.9
2018-07-06 09:00:00,55.13,1.6,1.2,2.4,1.3,120
2018-07-06 10:00:00,2.47,1.2,1.3,2,1.4,132.2
2018-07-06 11:00:00,0,1.1,1.4,2,1.5,140.9
2018-07-06 12:00:00,0,0.9,1.6,1.2,1.8,134.2
2018-07-06 13:00:00,0,0.7,2.1,0.3,2.3,59
2018-07-06 14:00:00,0,1,2.6,0.9,2.8,332.9
2018-07-06 15:00:00,239.77,1.6,2.9,2.2,3.2,339.7
2018-07-06 16:00:00,426.01,2.6,3.1,4,3.4,5.7
2018-07-06 17:00:00,35.91,3.2,3.3,4.8,3.6,21.3
2018-07-06 18:00:00,0.02,2.8,3.3,4.1,3.6,52.4
2018-07-06 19:00:00,0,2.4,3.1,3.5,3.4,95.6
2018-07-06 20:00:00,84.73,2.2,2.9,3.2,3.2,116.8
2018-07-06 21:00:00,314.42,2,2.7,3.1,3,131.1
2018-07-06 22:00:00,922.53,1.8,2.4,2.8,2.7,130.7
2018-07-06 23:00:00,1072.93,1.6,2.2,2.3,2.5,124.4
2018-07-07 00:00:00,1849.74,1.6,2,3,2.3,124.4
2018-07-07 01:00:00,1871.32,1.4,1.9,3.3,2.2,124.5
2018-07-07 02:00:00,1592.51,1.3,1.8,2.7,2.2,130
2018-07-07 03:00:00,1631.13,1.3,1.8,2.3,2.1,126.7
2018-07-07 04:00:00,919.15,1.3,1.7,2.1,2,111.9
2018-07-07 05:00:00,687.1,1.4,1.6,2.6,2,109.5
2018-07-07 06:00:00,1201.38,1.8,1.5,3.1,1.9,115.8
2018-07-07 07:00:00,1167.79,2.1,1.5,3,1.9,117.8
2018-07-07 08:00:00,1365.82,1.9,1.5,2.6,1.9,114.7
2018-07-07 09:00:00,1027.27,1.6,1.6,2.4,2,119
2018-07-07 10:00:00,243.58,1.6,1.7,2.4,2.1,124.8
2018-07-07 11:00:00,4.21,1.7,1.9,2.4,2.2,122.8
2018-07-07 12:00:00,4.45,1.5,2.3,2.3,2.6,116.3
2018-07-07 13:00:00,61.67,1.2,2.8,1.8,3.2,109.2
2018-07-07 14:00:00,652.71,1.4,3.4,2.3,3.7,79.4
2018-07-07 15:00:00,678.98,2.5,3.9,4.1,4.3,60.9
2018-07-07 16:00:00,1187.08,3.2,4.3,4.9,4.7,48.7
2018-07-07 17:00:00,1074.78,3.3,4.7,5.2,5.1,51.8
2018-07-07 18:00:00,677.07,3.1,4.9,4.9,5.4,74.8
2018-07-07 19:00:00,669.79,2.6,5,3.7,5.6,96.9
2018-07-07 20:00:00,1251.73,2.1,5.1,3,5.9,94.6
2018-07-07 21:00:00,902.75,1.9,5.1,3.5,6,67.7
2018-07-07 22:00:00,1981.8,1.7,5.1,4,6,61.6
2018-07-07 23:00:00,3730.47,1.4,5.1,4.1,6.1,70.1
2018-07-08 00:00:00,2528.78,1.1,5,3.8,6,73.4
2018-07-08 01:00:00,1701.45,1,4.8,3.6,5.8,73.1
2018-07-08 02:00:00,1167.02,1.1,4.6,3.9,5.7,73.8
2018-07-08 03:00:00,985.77,1,4.4,3.6,5.5,78.5
2018-07-08 04:00:00,1404.78,1.3,4.3,3.7,5.3,79.1
2018-07-08 05:00:00,1242.11,1.3,4.3,4.2,5.2,80
2018-07-08 06:00:00,416.54,1.9,4.2,4.1,5.1,91.1
2018-07-08 07:00:00,438.56,2.7,4.2,4.2,4.9,91.7
2018-07-08 08:00:00,1157.07,2.9,4.2,4.9,4.8,80.3
2018-07-08 09:00:00,2818.41,3.4,4.2,5.8,4.7,80.7
2018-07-08 10:00:00,2897.05,3.7,4.3,6.2,4.8,80.9
2018-07-08 11:00:00,1804.91,4,4.4,6.8,4.9,77.2
2018-07-08 12:00:00,1697.4,4,4.7,6.4,5.1,76.3
2018-07-08 13:00:00,973.92,3.7,5,5.9,5.5,72.9
2018-07-08 14:00:00,1624.31,3.7,5.4,6,5.9,67.6
2018-07-08 15:00:00,2639.63,3.9,5.6,6.4,6.1,69.2
2018-07-08 16:00:00,2876.74,3.7,5.4,6.3,5.9,72
2018-07-08 17:00:00,1255.68,3.1,5.3,5.3,5.8,72.6
2018-07-08 18:00:00,766.72,2.5,5.2,3.8,5.8,81.5
2018-07-08 19:00:00,1130.85,1.9,5.3,2.6,5.9,98
2018-07-08 20:00:00,2201.93,1.5,5.3,2.4,6,89.1
2018-07-08 21:00:00,5328.4,1.5,5.4,2.8,6.2,81.6
2018-07-08 22:00:00,4467.64,1.7,5.6,3.1,6.5,86.7
2018-07-08 23:00:00,3813.02,1.9,5.8,4,6.9,96.2
2018-07-09 00:00:00,4582.46,2.3,6.1,5.9,7.4,97.4
2018-07-09 01:00:00,4896.41,2.7,6.4,7.8,7.9,90.1
2018-07-09 02:00:00,5256.25,3,6.8,8.9,8.5,85.2
2018-07-09 03:00:00,4291.36,3.8,7,10.3,8.7,81.9
2018-07-09 04:00:00,6410.08,4.3,6.9,10.7,8.5,80.6
2018-07-09 05:00:00,8860.71,4.1,6.7,9.9,8.3,80.7
2018-07-09 06:00:00,6234.67,3.7,6.4,8.8,7.9,81.8
2018-07-09 07:00:00,5086.75,3.8,5.9,8.5,7.2,83.2
2018-07-09 08:00:00,6642.2,4.7,5.3,9.1,6.5,83.1
2018-07-09 09:00:00,8754.99,5.5,5.1,10,6.2,83.9
2018-07-09 10:00:00,9570.89,5.8,5.4,10.4,6.3,83.1
2018-07-09 11:00:00,9665.29,5.8,5.6,10.3,6.4,79.3
2018-07-09 12:00:00,8349.56,5.3,6,9.2,6.7,77.6
2018-07-09 13:00:00,8430.08,4.7,6.4,8.3,7.1,73.2
2018-07-09 14:00:00,6851.59,5,6.7,8.9,7.5,64.9
2018-07-09 15:00:00,7480.06,5.1,7,9.3,7.7,58.4
2018-07-09 16:00:00,6084.62,4.6,7,8.9,7.8,55.9
2018-07-09 17:00:00,4168.06,3.9,7,7.8,7.9,58
2018-07-09 18:00:00,2591.56,3,6.9,5.7,7.8,63.1
2018-07-09 19:00:00,3219.93,2,6.5,3.6,7.5,70.5
2018-07-09 20:00:00,1778.34,1.6,6.2,3.1,7.2,69.2
2018-07-09 21:00:00,3060.02,1.5,5.6,3,6.7,67.8
2018-07-09 22:00:00,3749.95,1.2,4.9,2.5,6,72.7
2018-07-09 23:00:00,2370.41,1,4.2,2.2,5.3,72.3
2018-07-10 00:00:00,816.29,0.6,3.7,2.1,4.6,83.2
2018-07-10 01:00:00,1186.31,0.6,3.2,1.8,4.1,102.9
2018-07-10 02:00:00,1324.13,1,2.7,1.7,3.6,90.2
2018-07-10 03:00:00,2031.03,1.3,2.5,1.9,3.4,79.5
2018-07-10 04:00:00,2846.24,1.6,2.6,2.2,3.6,93.8
2018-07-10 05:00:00,2748.2,1.4,2.6,2.3,3.8,116.9
2018-07-10 06:00:00,3163.59,1.3,2.9,2.8,4,118.8
2018-07-10 07:00:00,852.57,1.8,3.4,2.8,4.3,107.2
2018-07-10 08:00:00,1403.85,2.4,3.9,3.1,4.6,96.6
2018-07-10 09:00:00,761.99,2.9,4.4,4.6,5,91.3
2018-07-10 10:00:00,321.8,3.3,5,5.6,5.5,85.2
2018-07-10 11:00:00,522.72,3.5,5.5,6.4,6,78.3
2018-07-10 12:00:00,1482.42,3.2,5.6,5.5,6.2,82.4
2018-07-10 13:00:00,2316.34,2.9,5.5,4.6,6,85.6
2018-07-10 14:00:00,3696.58,3.6,5.3,6,5.8,72.2
2018-07-10 15:00:00,3866.54,4.2,5.4,6.9,5.8,64.4
2018-07-10 16:00:00,4085.11,4.2,5.6,7.2,6.1,62.2
2018-07-10 17:00:00,4652.54,4.1,5.8,7.5,6.4,60.3
2018-07-10 18:00:00,3374.34,3.4,6,6.2,6.7,60.4
2018-07-10 19:00:00,2261.41,2.5,6,4.5,6.9,62.6
2018-07-10 20:00:00,2920.55,2.2,6.1,4.4,7.1,62.3
2018-07-10 21:00:00,2948.92,2.1,6.2,4.4,7.4,62.9
2018-07-10 22:00:00,3606.38,1.8,6.5,4.3,7.8,65
2018-07-10 23:00:00,4802.18,1.8,6.7,4.8,8.2,61.5
2018-07-11 00:00:00,4550.07,1.7,6.8,5.1,8.4,57.9
2018-07-11 01:00:00,4234.04,1.6,6.7,5,8.4,60.1
2018-07-11 02:00:00,3034.21,1.8,6.7,5.5,8.4,56.1
2018-07-11 03:00:00,3733.06,2,6.6,6.4,8.3,50.3
2018-07-11 04:00:00,4214.25,2.3,6.4,7,8,48.7
2018-07-11 05:00:00,3441.49,2.3,6.3,6.8,7.7,49.9
2018-07-11 06:00:00,3492.51,2.5,6,5.8,7.3,46.4
2018-07-11 07:00:00,2128.96,3.1,5.6,5.2,6.7,38.4
2018-07-11 08:00:00,2672.83,3.6,5.2,5.7,6.1,31.7
2018-07-11 09:00:00,2838.64,4.1,5,6.5,5.8,27.6
2018-07-11 10:00:00,1232.55,4.3,4.9,6.9,5.6,24.9
2018-07-11 11:00:00,788.82,4.5,4.9,7.3,5.5,19.5
2018-07-11 12:00:00,547.14,4.1,4.8,6.6,5.3,16.6
2018-07-11 13:00:00,839.22,3.6,4.6,5.7,5,18.3
2018-07-11 14:00:00,598.42,3.7,4.4,6,4.8,17.2
2018-07-11 15:00:00,453.47,3.9,4.2,6.3,4.6,9.7
2018-07-11 16:00:00,410.67,3.8,4.1,6.2,4.5,5.7
2018-07-11 17:00:00,39.05,3.5,4,5.7,4.4,8.2
2018-07-11 18:00:00,26.79,3,3.8,4.9,4.2,7.4
2018-07-11 19:00:00,37.22,2.8,3.4,4.4,3.8,3.1
2018-07-11 20:00:00,0.03,2.6,3.1,4.1,3.5,359
2018-07-11 21:00:00,0,2.5,2.8,4.1,3.2,353.3
2018-07-11 22:00:00,0,2.6,2.5,4.1,3,350.6
2018-07-11 23:00:00,0,2.4,2.3,3.9,2.8,353.5
2018-07-12 00:00:00,0,1.9,2.1,3.4,2.6,2.8
2018-07-12 01:00:00,0.02,1.7,2,3.4,2.4,16.9
2018-07-12 02:00:00,47.74,1.6,1.8,3.5,2.2,20.8
2018-07-12 03:00:00,322.34,1.6,1.6,3.7,2.1,15.7
2018-07-12 04:00:00,372.62,1.8,1.6,4.3,1.9,17.5
2018-07-12 05:00:00,845.32,1.8,1.5,4.3,1.8,19.8
2018-07-12 06:00:00,174.69,1.9,1.4,3.9,1.8,26.5
2018-07-12 07:00:00,1.01,2.3,1.5,3.8,1.8,31.8
2018-07-12 08:00:00,19.83,2.7,1.5,4.2,1.7,33.2
2018-07-12 09:00:00,9.4,2.9,1.9,4.4,2.1,40.2
2018-07-12 10:00:00,851.25,3.2,2.7,4.9,2.9,61.8
2018-07-12 11:00:00,974.27,3.7,3.4,5.9,3.7,79.1
2018-07-12 12:00:00,1250.19,3.6,4.1,6,4.4,88.7
2018-07-12 13:00:00,704.25,3.5,4.6,5.7,5,88.3
2018-07-12 14:00:00,1305.58,4.1,5.1,6.9,5.7,75
2018-07-12 15:00:00,2125.97,4.5,5.6,8,6.2,69.6
2018-07-12 16:00:00,3194.54,4.3,6,8,6.7,66.3
2018-07-12 17:00:00,3034.9,3.8,6.4,7.7,7.1,65.1
2018-07-12 18:00:00,1538.15,3.2,6.7,6.4,7.6,69.6
2018-07-12 19:00:00,1473.63,2.7,7,5.2,8,74.3
2018-07-12 20:00:00,2026.68,2.3,7.3,5,8.4,74.3
2018-07-12 21:00:00,3898.74,1.9,7.5,4.8,8.7,76.4
2018-07-12 22:00:00,3037.31,1.7,7.6,4.4,9,77.4
2018-07-12 23:00:00,2659.27,1.7,7.7,4.8,9.2,71.8
2018-07-13 00:00:00,2299.21,2,7.6,5.1,9.2,76.5
2018-07-13 01:00:00,2171.95,1.8,7.4,4.4,8.9,83.5
2018-07-13 02:00:00,3939.21,1.6,7.1,4.4,8.6,80.8
2018-07-13 03:00:00,2683.24,1.6,6.9,4.6,8.3,78.3
2018-07-13 04:00:00,1462.6,1.7,6.5,5,8,73.1
2018-07-13 05:00:00,2221.09,1.7,6.2,5.6,7.7,72.2
2018-07-13 06:00:00,1887.03,2.3,5.9,5.2,7.2,80.2
2018-07-13 07:00:00,789.06,3,5.4,4.7,6.5,88.1
2018-07-13 08:00:00,632.5,3.1,4.9,5.2,5.9,78.6
2018-07-13 09:00:00,1098.07,3.4,4.7,5.9,5.5,71.2
2018-07-13 10:00:00,999.6,3.6,4.7,6.3,5.4,69.1
2018-07-13 11:00:00,1130.46,3.6,4.6,6.3,5.3,66.1
2018-07-13 12:00:00,510.04,3.3,4.7,5.5,5.3,65.7
2018-07-13 13:00:00,743.41,3.1,4.9,5,5.5,65.6
2018-07-13 14:00:00,737.73,3.2,5.1,5.2,5.7,64.3
2018-07-13 15:00:00,729,3.3,5.1,5.5,5.6,60.7
2018-07-13 16:00:00,551.45,3.4,4.7,5.7,5.2,59.8
2018-07-13 17:00:00,520.1,3.4,4.4,6,4.8,65.4
2018-07-13 18:00:00,615.14,3.1,4.3,5.1,4.7,77.2
2018-07-13 19:00:00,940.4,2.5,4.4,3.6,5,92.5
2018-07-13 20:00:00,1337.77,2.3,4.5,3.2,5.2,95
2018-07-13 21:00:00,406.84,2,4.2,2.6,5,92.7
2018-07-13 22:00:00,651.88,1.6,3.5,2.1,4.2,96.4
2018-07-13 23:00:00,829.61,1.6,2.9,1.8,3.5,108
2018-07-14 00:00:00,88.15,1.5,2.4,2.8,3,125.1
2018-07-14 01:00:00,257.99,1.4,2.2,3.4,2.7,132.4
2018-07-14 02:00:00,456.96,0.9,2,2.1,2.3,135.7
2018-07-14 03:00:00,83.08,0.3,1.8,1,2.1,155.5
2018-07-14 04:00:00,0,0.3,1.7,0.9,2,170.4
2018-07-14 05:00:00,141.03,0.3,1.6,0.9,2,154.6
2018-07-14 06:00:00,1011,1,1.5,1.8,1.8,128.6
2018-07-14 07:00:00,1804.95,2.7,1.4,4.2,1.7,123.3
2018-07-14 08:00:00,511.15,3.4,1.2,5,1.5,118
2018-07-14 09:00:00,13.29,2.7,1.1,3.8,1.3,115.5
2018-07-14 10:00:00,0,1.7,0.9,2,1.1,117.4
2018-07-14 11:00:00,0,0.8,0.8,0.6,0.9,107.6
2018-07-14 12:00:00,0.01,0.6,0.8,0.5,0.9,83.8
2018-07-14 13:00:00,661.38,0.9,1,0.7,1.2,77.2
2018-07-14 14:00:00,579.43,2.5,1.2,1.6,1.5,293.6
2018-07-14 15:00:00,387.786667,4.5,1.4,3.9,1.6,301.9
2018-07-14 16:00:00,196.143333,4.2,1.5,5.1,1.7,300.8
2018-07-14 17:00:00,4.5,2.6,1.6,3.7,1.8,292.1
2018-07-14 18:00:00,0,1.9,1.7,2.6,1.8,283.5
2018-07-14 19:00:00,54.6,1.8,1.6,2.9,1.7,270.6
2018-07-14 20:00:00,0,1.6,1.5,2.7,1.6,273.9
2018-07-14 21:00:00,0,1.4,1.4,2.5,1.5,281.4
2018-07-14 22:00:00,0,1.5,1.3,2.8,1.5,289.8
2018-07-14 23:00:00,0,1.7,1.3,3.1,1.4,291.4
2018-07-15 00:00:00,0,1.4,1.3,2.8,1.4,282.4
2018-07-15 01:00:00,0.02,1.3,1.3,2.7,1.5,275.2
2018-07-15 02:00:00,0,1.3,1.4,2.4,1.6,285
2018-07-15 03:00:00,0,1.1,1.4,2.2,1.7,294.4
2018-07-15 04:00:00,110.88,1.3,1.3,2.5,1.6,289.1
2018-07-15 05:00:00,204.63,1.4,1.3,2.6,1.6,286.6
2018-07-15 06:00:00,163.66,1.8,1.3,2.9,1.6,283.3
2018-07-15 07:00:00,119.74,2,1.3,3.2,1.6,279
2018-07-15 08:00:00,50.26,1.9,1.4,3.1,1.6,272.2
2018-07-15 09:00:00,0,2,1.6,3.2,1.8,273
2018-07-15 10:00:00,0.08,2.3,2.1,3.8,2.2,280.8
2018-07-15 11:00:00,238.54,2.7,2.5,4.3,2.6,281.8
2018-07-15 12:00:00,1735.14,2.8,2.8,4.4,3,283.1
2018-07-15 13:00:00,1691.3,3,3,4.8,3.3,283.4
2018-07-15 14:00:00,2344.59,3.3,3.1,5.3,3.6,286
2018-07-15 15:00:00,1051.93,3.4,3.2,5.4,3.7,293.8
2018-07-15 16:00:00,1268.81,3.3,3.1,5.4,3.6,294.1
2018-07-15 17:00:00,1770.73,3,3.1,5,3.6,295.2
2018-07-15 18:00:00,1008.25,2.6,2.9,4.6,3.3,300.1
2018-07-15 19:00:00,851.94,2.3,2.5,4.2,2.8,303.6
2018-07-15 20:00:00,205.65,1.6,2.1,3.2,2.4,312.3
2018-07-15 21:00:00,118.66,1.3,1.8,2.6,2.1,311.6
2018-07-15 22:00:00,676.94,1.7,1.8,3.5,2.1,304.8
2018-07-15 23:00:00,924.12,1.5,1.7,3.4,2.1,301.6
2018-07-16 00:00:00,1279.55,1,1.5,2.4,2,293.6
2018-07-16 01:00:00,92.23,1.2,1.3,2.8,1.8,293.3
2018-07-16 02:00:00,32.1,1.1,1.1,2.6,1.6,286.8
2018-07-16 03:00:00,39.98,0.9,0.9,2.1,1.4,272.2
2018-07-16 04:00:00,78.55,1.1,0.8,2.6,1.4,278.7
2018-07-16 05:00:00,213.61,1.6,0.8,3.3,1.3,277.9
2018-07-16 06:00:00,333.61,2.2,0.8,3.8,1.3,263.8
2018-07-16 07:00:00,629.57,2.4,1,3.8,1.4,260.1
2018-07-16 08:00:00,177.43,2.4,1.2,3.8,1.5,264
2018-07-16 09:00:00,6.99,2.6,1.4,4.2,1.7,264.1
2018-07-16 10:00:00,14.87,2.9,1.7,4.7,2,268.9
2018-07-16 11:00:00,22.31,3,2,4.8,2.3,276.9
2018-07-16 12:00:00,152.73,2.8,2.4,4.5,2.7,278.2
2018-07-16 13:00:00,121.84,2.7,2.9,4.4,3.2,280.5
2018-07-16 14:00:00,184.53,2.9,3.4,4.6,3.7,287.5
2018-07-16 15:00:00,470.75,3.3,3.5,5.2,3.9,290.7
2018-07-16 16:00:00,1449.35,3.4,3.4,5.5,3.7,295.1
2018-07-16 17:00:00,2142.72,3.1,3.3,5.2,3.6,300.5
2018-07-16 18:00:00,1255.21,2.7,3,4.5,3.3,306.4
2018-07-16 19:00:00,966.36,2.2,2.5,3.7,2.8,315.3
2018-07-16 20:00:00,984.68,2,2.1,3.7,2.3,337.8
2018-07-16 21:00:00,273.61,1.8,1.9,3.3,2.1,354.3
2018-07-16 22:00:00,0,1.6,1.8,2.7,2.1,357.6
2018-07-16 23:00:00,0,1.7,1.7,2.9,2,1.8
2018-07-17 00:00:00,0,1.9,1.8,3.1,2.2,3.2
2018-07-17 01:00:00,0.91,2,2,3.5,2.4,5.5
2018-07-17 02:00:00,13.14,2.2,2.2,3.9,2.7,16.2
2018-07-17 03:00:00,0.83,2.4,2.3,4.1,2.9,22.9
2018-07-17 04:00:00,4.53,2.2,2.2,3.7,2.9,23.1
2018-07-17 05:00:00,5.51,1.9,2.2,3.2,3,21.7
2018-07-17 06:00:00,0,1.9,2.2,3.2,3,24.8
2018-07-17 07:00:00,0,2.1,2.4,3.2,3,36.7
2018-07-17 08:00:00,0,2,2.5,2.9,2.9,48.2
2018-07-17 09:00:00,0,1.6,2.6,2.1,3,42
2018-07-17 10:00:00,0,1.6,2.8,1.9,3.2,22.5
2018-07-17 11:00:00,1.95,2.1,3.1,3.1,3.4,18.2
2018-07-17 12:00:00,45.05,2.4,3.3,3.6,3.6,31.2
2018-07-17 13:00:00,25.68,2.4,3.6,3.2,4,45.6
2018-07-17 14:00:00,363.19,3.1,4,4.8,4.3,44.5
2018-07-17 15:00:00,866.59,3.8,4.3,6.4,4.6,53.4
2018-07-17 16:00:00,1364.64,3.9,4.6,6.4,4.9,59.1
2018-07-17 17:00:00,1000.5,3.6,4.8,5.9,5.2,53.6
2018-07-17 18:00:00,708.87,3.3,5.1,5.3,5.6,53.7
2018-07-17 19:00:00,493.38,2.8,5.3,4.5,5.9,59.2
2018-07-17 20:00:00,985.65,2.5,5.5,4.2,6.2,63.8
2018-07-17 21:00:00,1937.92,2.4,5.7,4,6.4,70.6
2018-07-17 22:00:00,1275.34,2,5.7,3.3,6.6,78
2018-07-17 23:00:00,233.77,1.2,5.7,2.2,6.7,77.4
2018-07-18 00:00:00,884.33,0.8,5.4,1.7,6.5,59.9
2018-07-18 01:00:00,4.93,1,4.7,1.8,5.8,53.3
2018-07-18 02:00:00,88.85,1,4,1.8,5.1,62
2018-07-18 03:00:00,991.79,1.1,3.5,1.1,4.5,82.6
2018-07-18 04:00:00,288.65,1.2,3.1,0.6,4.1,118.2
2018-07-18 05:00:00,23.55,1.2,2.6,0.7,3.7,159.1
2018-07-18 06:00:00,169.24,0.8,2.2,0.6,3.2,158.3
2018-07-18 07:00:00,1085.69,0.6,1.8,0.6,2.7,62.5
2018-07-18 08:00:00,2033.77,0.9,1.5,1.3,2.1,60
2018-07-18 09:00:00,635.74,0.7,1.4,1.5,1.9,82.2
2018-07-18 10:00:00,0,0.4,1.6,0.6,2,118.4
2018-07-18 11:00:00,0.03,0.6,1.7,0.3,2.1,43.6
2018-07-18 12:00:00,153.28,1.7,1.9,2.2,2.3,75.3
2018-07-18 13:00:00,259.75,2.6,2.1,3.9,2.5,80.4
2018-07-18 14:00:00,448.21,2.8,2.4,4.4,2.7,73.2
2018-07-18 15:00:00,797.01,2.9,2.4,4.9,2.8,57.7
2018-07-18 16:00:00,1587.37,2.9,2.2,4.8,2.6,39.5
2018-07-18 17:00:00,1744.54,2.6,2,4.3,2.5,34.5
2018-07-18 18:00:00,1052.45,2,2.1,3.2,2.5,53.7
2018-07-18 19:00:00,252.92,1.4,2.3,2.4,2.8,75.7
2018-07-18 20:00:00,95.35,1.5,2.5,2.9,3.1,73.1
2018-07-18 21:00:00,108.63,1.7,2.6,3.9,3.2,66.9
2018-07-18 22:00:00,528.86,1.7,2.4,4.3,3,65.8
2018-07-18 23:00:00,2010.45,1.6,2.3,4.3,2.9,67.8
2018-07-19 00:00:00,151.98,1.9,2.6,4.6,3.3,72.7
2018-07-19 01:00:00,238.85,2.5,3.2,4.7,4.2,77.8
2018-07-19 02:00:00,371.92,2.4,3.9,4.2,5.1,73.4
2018-07-19 03:00:00,1111.9,2.2,4.5,4.3,5.9,66.5
2018-07-19 04:00:00,1578.17,2.4,5,5,6.5,61.4
2018-07-19 05:00:00,3113.4,2.6,5.6,5.6,7,57.5
2018-07-19 06:00:00,1877.59,2.7,5.9,5.6,7.3,52.9
2018-07-19 07:00:00,3557.6,2.7,6,5.6,7.2,50.3
2018-07-19 08:00:00,4285.51,2.8,6,5.5,7.2,53.3
2018-07-19 09:00:00,4470.44,3.1,5.8,5.6,6.9,54.5
2018-07-19 10:00:00,4645.62,3.1,5.4,5.7,6.3,51
2018-07-19 11:00:00,3773.85,3.3,4.9,5.9,5.8,45.7
2018-07-19 12:00:00,2696.06,3.4,4.6,5.6,5.4,39.3
2018-07-19 13:00:00,1418.31,3.4,4.4,5.2,5.1,36
2018-07-19 14:00:00,961.28,3.4,4.2,5.3,4.8,35.9
2018-07-19 15:00:00,660.15,3.3,4.2,5.3,4.7,30.1
2018-07-19 16:00:00,682.87,3.5,4.3,5.8,4.8,26.7
2018-07-19 17:00:00,1076.56,3.6,4.5,6.1,4.9,24.8
2018-07-19 18:00:00,1320.23,3.3,4.6,5.7,5.1,20.8
2018-07-19 19:00:00,741.37,3.2,4.6,5.4,5.2,17.9
2018-07-19 20:00:00,393.75,3.1,4.6,5.4,5.3,18.1
2018-07-19 21:00:00,1521.89,2.9,4.6,5.2,5.4,18
2018-07-19 22:00:00,547.73,2.9,4.6,5,5.4,19.1
2018-07-19 23:00:00,329.2,2.8,4.5,5,5.5,22.2
2018-07-20 00:00:00,925.7,2.6,4.5,5,5.5,17.8
2018-07-20 01:00:00,855.48,2.3,4.4,4.8,5.4,13.7
2018-07-20 02:00:00,498.72,2.1,4.4,4.5,5.4,13.1
2018-07-20 03:00:00,904.82,2.1,4.3,4.4,5.4,5
2018-07-20 04:00:00,243.54,2.2,4.3,4.3,5.5,359.9
2018-07-20 05:00:00,644.95,2.4,4.3,4.5,5.5,5.1
2018-07-20 06:00:00,157.51,2.7,4.2,5,5.4,6.3
2018-07-20 07:00:00,63.79,2.8,4,4.9,4.9,6.4
2018-07-20 08:00:00,311.56,2.9,3.8,4.8,4.5,9.5
2018-07-20 09:00:00,827.78,2.9,3.8,4.8,4.3,13.1
2018-07-20 10:00:00,399.72,3,3.9,5,4.5,14.5
2018-07-20 11:00:00,405.54,3.2,4.1,5.2,4.6,11.7
2018-07-20 12:00:00,209.19,3.5,4.1,5.5,4.6,17.1
2018-07-20 13:00:00,33.14,3.6,4,5.7,4.4,24.3
2018-07-20 14:00:00,366.53,3.6,3.9,5.7,4.3,23.8
2018-07-20 15:00:00,544.85,3.8,3.8,5.9,4.2,18.1
2018-07-20 16:00:00,196.27,3.9,3.8,6.1,4.1,14.1
2018-07-20 17:00:00,509.7,3.9,3.7,6,4.1,13.2
2018-07-20 18:00:00,739.31,3.5,3.6,5.7,4,13.6
2018-07-20 19:00:00,828.65,3.3,3.6,5.5,4,8.2
2018-07-20 20:00:00,186.35,3,3.6,5,4,1.3
2018-07-20 21:00:00,9.49,2.1,3.3,4,3.7,3.9
2018-07-20 22:00:00,0.06,1.4,2.7,3.1,3.1,7.4
2018-07-20 23:00:00,0,1.2,2.1,2.6,2.5,3.8
2018-07-21 00:00:00,0,1.3,1.6,1.4,1.9,2.6
2018-07-21 01:00:00,0,1.4,1.2,0.7,1.4,331.9
2018-07-21 02:00:00,0,1.4,0.8,0.8,0.9,301.1
2018-07-21 03:00:00,0,1.4,0.7,0.7,0.8,290.1
2018-07-21 04:00:00,0,1.6,1,0.7,1.1,249.7
2018-07-21 05:00:00,0,1.6,1.3,1,1.4,222.8
2018-07-21 06:00:00,0,1.3,1.4,1.6,1.6,209.2
2018-07-21 07:00:00,0,1.1,1.3,2,1.7,194.7
2018-07-21 08:00:00,0,1.3,1.2,2,1.7,199.4
2018-07-21 09:00:00,0,1.3,1.3,2.1,1.9,205.3
2018-07-21 10:00:00,77.1,1.2,1.6,1.7,2.2,216.5
2018-07-21 11:00:00,496.42,1.6,1.8,2.3,2.4,254.6
2018-07-21 12:00:00,694.29,2.3,2.2,3.7,2.7,272.2
2018-07-21 13:00:00,205.59,2.7,2.7,4.5,3.2,284.6
2018-07-21 14:00:00,1040.03,2.8,3.2,4.5,3.6,290.1
2018-07-21 15:00:00,1006.66,2.7,3.5,4.4,3.8,294.3
2018-07-21 16:00:00,1048.8,2.8,3.4,4.5,3.7,297.5
2018-07-21 17:00:00,1029.68,2.9,3.4,4.8,3.7,299.5
2018-07-21 18:00:00,1003.99,2.7,3,4.7,3.3,310.6
2018-07-21 19:00:00,516.65,2.2,2.3,4.3,2.7,325
2018-07-21 20:00:00,158.93,2,1.7,3.5,2,334.6
2018-07-21 21:00:00,0,1.7,1.3,2.7,1.7,346.6
2018-07-21 22:00:00,0.01,1.6,1.3,2.6,1.7,0.9
2018-07-21 23:00:00,1.46,1.8,1.3,3.3,1.7,7
2018-07-22 00:00:00,0.03,1.7,1.3,3.3,1.8,7.6
2018-07-22 01:00:00,0.95,1.4,1.3,3.1,2,4.7
2018-07-22 02:00:00,240.31,1.3,1.3,3.1,2.1,3.8
2018-07-22 03:00:00,1089.01,1.3,1.4,3.1,2.3,7.5
2018-07-22 04:00:00,853.29,1.4,1.6,3.3,2.5,13.8
2018-07-22 05:00:00,407.48,1.5,1.7,3.6,2.7,20.8
2018-07-22 06:00:00,1431.56,1.7,2,3.2,2.9,28.5
2018-07-22 07:00:00,1499.49,2.3,2.4,3.3,3.3,43
2018-07-22 08:00:00,1655.61,2.8,2.9,4.4,3.6,52.9
2018-07-22 09:00:00,1166.04,3,3.2,4.7,3.9,64.7
2018-07-22 10:00:00,933.49,3.1,3.4,4.7,3.9,72.6
2018-07-22 11:00:00,910.45,3.1,3.5,4.8,4,70.7
2018-07-22 12:00:00,474.62,3,3.8,4.8,4.2,77.7
2018-07-22 13:00:00,560.51,3,4.1,4.5,4.5,88.3
2018-07-22 14:00:00,666.59,2.9,4.4,4.5,4.8,83.7
2018-07-22 15:00:00,1284.01,3.2,4.6,5.1,5,75.5
2018-07-22 16:00:00,1430.39,3.5,4.8,5.5,5.3,72.5
2018-07-22 17:00:00,872.78,3.5,5,5.3,5.5,71.4
2018-07-22 18:00:00,891.14,3.2,5.1,5,5.7,78
2018-07-22 19:00:00,1538.91,2.6,5.1,4,5.8,88.7
2018-07-22 20:00:00,3402.8,2,5.1,3.1,5.8,93.3
2018-07-22 21:00:00,2964.52,1.6,4.9,2.6,5.7,92.5
2018-07-22 22:00:00,2641.02,1.5,4.5,2.5,5.2,93.4
2018-07-22 23:00:00,2398.25,1.7,4.1,2.8,4.8,104.2
2018-07-23 00:00:00,2033.26,1.8,3.6,3.8,4.2,119.3
2018-07-23 01:00:00,2614.27,1.6,3,3.9,3.6,122.5
2018-07-23 02:00:00,2727.89,1.5,2.5,3.3,3,129.4
2018-07-23 03:00:00,2846.72,1.8,2.2,3.8,2.6,139.3
2018-07-23 04:00:00,2814.59,2,2,4,2.4,140.8
2018-07-23 05:00:00,2201.1,2.1,1.9,3.8,2.3,141.5
2018-07-23 06:00:00,2396.49,2,1.7,4,2.1,138.5
2018-07-23 07:00:00,2349.67,2,1.5,3.7,1.9,139.8
2018-07-23 08:00:00,922.03,2.2,1.3,3.3,1.6,141.2
2018-07-23 09:00:00,298.03,2.2,1,3.3,1.4,134.4
2018-07-23 10:00:00,37.9,1.9,0.8,2.9,1,135.4
2018-07-23 11:00:00,0,1.5,0.6,2.6,0.7,152.9
2018-07-23 12:00:00,0.01,1.7,1.1,3.1,1,169.3
2018-07-23 13:00:00,694.15,2.8,2.2,4,2,206.4
2018-07-23 14:00:00,2444.48,3.8,3.2,5.6,3,263
2018-07-23 15:00:00,2383.81,3.9,3.7,6.4,3.5,290.1
2018-07-23 16:00:00,3984.85,3.5,3.7,5.9,3.6,300.2
2018-07-23 17:00:00,3306.25,3.3,3.7,5.6,3.7,302.3
2018-07-23 18:00:00,1947.7,2.7,3.5,4.7,3.6,311.1
2018-07-23 19:00:00,774.21,2.3,3.3,4.3,3.4,308
2018-07-23 20:00:00,398.55,2.4,3,4.3,3.2,294.5
2018-07-23 21:00:00,142.89,2.1,2.6,3.8,2.8,297
2018-07-23 22:00:00,0.1,1.8,2.2,3.4,2.3,307.4
2018-07-23 23:00:00,0,1.7,1.8,3,1.8,308.9
2018-07-24 00:00:00,0,1.5,1.5,2.5,1.5,309.7
2018-07-24 01:00:00,0,1.1,1.4,2.1,1.5,311.9
2018-07-24 02:00:00,0.09,1,1.3,2.2,1.5,315.1
2018-07-24 03:00:00,0,1.2,1.1,2.5,1.4,308.3
2018-07-24 04:00:00,0,1.3,1,2.6,1.4,306.3
2018-07-24 05:00:00,0,1,0.9,2.4,1.3,333.9
2018-07-24 06:00:00,0,1,0.9,2,1.3,1.6
2018-07-24 07:00:00,0,1.2,1.1,1.8,1.4,4
2018-07-24 08:00:00,0,1.4,1.3,2.2,1.5,353.1
2018-07-24 09:00:00,0,1.4,1.5,2.2,1.6,349.5
2018-07-24 10:00:00,0,1.6,1.6,2.3,1.8,343.8
2018-07-24 11:00:00,0,1.7,1.8,2.7,2,333
2018-07-24 12:00:00,0,1.9,2.1,3,2.3,336.3
2018-07-24 13:00:00,0,2.2,2.6,3.2,2.8,345
2018-07-24 14:00:00,0.01,2.6,3.1,3.9,3.4,349.6
2018-07-24 15:00:00,0,3,3.5,4.7,3.8,353.9
2018-07-24 16:00:00,0.01,3.4,3.7,5.3,4,354.7
2018-07-24 17:00:00,134.73,3.4,3.8,5.4,4.2,357.5
2018-07-24 18:00:00,243.37,2.9,3.9,4.7,4.3,11.9
2018-07-24 19:00:00,191.19,2.4,3.8,4.3,4.2,26.7
2018-07-24 20:00:00,1395.24,2.3,3.7,4.1,4.1,31.1
2018-07-24 21:00:00,1860.01,2.1,3.6,3.6,4.1,38.9
2018-07-24 22:00:00,1330.29,1.9,3.4,3.6,4.1,41.2
2018-07-24 23:00:00,965.33,1.8,3.3,3.6,4.1,43.2
2018-07-25 00:00:00,1056.11,1.3,3.5,3.3,4.3,47.4
2018-07-25 01:00:00,674.44,1,3.9,3.1,4.9,43.3
2018-07-25 02:00:00,999.31,1.1,4.4,2.9,5.5,39.9
2018-07-25 03:00:00,960.99,1,4.6,2.5,5.8,38.6
2018-07-25 04:00:00,1111.65,0.9,4.7,2.3,5.9,42.6
2018-07-25 05:00:00,1851.36,0.7,4.7,1.9,5.9,65.9
2018-07-25 06:00:00,1224.49,0.9,4.6,2.1,5.8,84.2
2018-07-25 07:00:00,512.8,1.6,4.4,2.7,5.4,78.7
2018-07-25 08:00:00,0.33,2.1,4.2,3.2,5,73.5
2018-07-25 09:00:00,0,2.1,4,3.6,4.6,73.8
2018-07-25 10:00:00,229.99,2.2,3.8,3.9,4.3,75.6
2018-07-25 11:00:00,299.94,2.3,3.6,3.9,4,70.4
2018-07-25 12:00:00,448.08,2.4,3.3,3.9,3.6,77.1
2018-07-25 13:00:00,49.02,2.3,3,3.5,3.3,98.2
2018-07-25 14:00:00,156.54,1.6,2.7,2.9,2.9,112.8
2018-07-25 15:00:00,8.21,1.6,2.5,2.7,2.6,85.8
2018-07-25 16:00:00,4.67,2.3,2.3,2.8,2.4,37.3
2018-07-25 17:00:00,2.67,2.4,2.1,3.4,2.1,20.9
2018-07-25 18:00:00,0,2.1,2,3.4,2,39.4
2018-07-25 19:00:00,0,1.5,2,2.9,2.1,78.2
2018-07-25 20:00:00,101.99,1.4,2,2.4,2.1,108.3
2018-07-25 21:00:00,0.82,1.5,1.8,1.8,1.9,138.8
2018-07-25 22:00:00,0,1.4,1.5,1.9,1.5,171.9
2018-07-25 23:00:00,0,1.4,1.2,2.8,1.1,197
2018-07-26 00:00:00,0,1.3,1.1,2.9,1,194.5
2018-07-26 01:00:00,0,1.2,1.2,2.4,1.1,202.3
2018-07-26 02:00:00,14.82,1.6,1.3,3.2,1.2,243.6
2018-07-26 03:00:00,147.47,2.1,1.4,4,1.4,252.7
2018-07-26 04:00:00,618.49,2.3,1.5,4,1.6,252.4
2018-07-26 05:00:00,300.91,2.2,1.5,3.9,1.9,255.4
2018-07-26 06:00:00,132.12,2,1.5,3.3,1.9,260.4
2018-07-26 07:00:00,58.25,2,1.4,3.1,1.8,264.5
2018-07-26 08:00:00,16.07,2.2,1.4,3.5,1.7,270.8
2018-07-26 09:00:00,10.7,2.5,1.4,4.1,1.8,278
2018-07-26 10:00:00,29.66,2.7,1.6,4.3,1.9,280.7
2018-07-26 11:00:00,0,2.4,1.8,3.7,2,285.3
2018-07-26 12:00:00,19.46,2.2,2.1,3.2,2.3,277.4
2018-07-26 13:00:00,62.96,2,2.4,3,2.6,266.2
2018-07-26 14:00:00,96.75,2.6,2.8,3.9,3,282.8
2018-07-26 15:00:00,164.88,3.7,3,5.7,3.1,292.4
2018-07-26 16:00:00,808.42,3.7,3,6.1,3.1,294.5
2018-07-26 17:00:00,1131.74,3.1,3.1,5.3,3.1,297.7
2018-07-26 18:00:00,650.72,2.5,2.9,4.1,3,303.3
2018-07-26 19:00:00,654.95,2,2.5,3.5,2.6,309
2018-07-26 20:00:00,6.6,1.6,2.1,3.2,2.2,327.4
2018-07-26 21:00:00,0.12,1.1,1.8,2.6,1.9,346.1
2018-07-26 22:00:00,0,1.1,1.7,2.4,1.8,342.2
2018-07-26 23:00:00,0,0.8,1.5,1.7,1.7,347.4
2018-07-27 00:00:00,0,1.1,1.4,1.3,1.6,286.9
2018-07-27 01:00:00,1.02,1.7,1.2,2.1,1.5,198.2
2018-07-27 02:00:00,7.96,1.7,1,3.8,1.4,208.2
2018-07-27 03:00:00,78.11,1.4,1,4.3,1.4,226.4
2018-07-27 04:00:00,445.91,1.8,1.1,4.4,1.5,242.5
2018-07-27 05:00:00,600.44,2.5,1.3,4.7,1.6,249.9
2018-07-27 06:00:00,919.91,2.3,1.3,4,1.7,252.6
2018-07-27 07:00:00,265.65,2.1,1.3,3.5,1.7,213.4
2018-07-27 08:00:00,417.84,2.6,1.3,4.2,1.7,200.1
2018-07-27 09:00:00,601.75,3.4,1.6,5.7,2.1,230.2
2018-07-27 10:00:00,972.62,3.8,2.2,6.5,2.8,237
2018-07-27 11:00:00,1501.58,3.5,2.9,6,3.6,236.6
2018-07-27 12:00:00,2161.78,3.9,3.4,6.4,4.2,238.4
2018-07-27 13:00:00,2936.2,4.2,3.8,7,4.7,240.6
2018-07-27 14:00:00,3918.13,4.5,4.3,7.4,5.2,240.5
2018-07-27 15:00:00,5623.22,4.6,4.7,7.7,5.7,237.4
2018-07-27 16:00:00,5375.73,4.3,5.2,7,6.2,242.8
2018-07-27 17:00:00,5536.7,4.2,5.7,7,6.7,248.1
2018-07-27 18:00:00,4742.06,4.3,5.9,7.4,6.9,246
2018-07-27 19:00:00,4815.1,3.9,5.9,6.9,7.1,243.8
2018-07-27 20:00:00,2958.26,3.5,6,6.4,7.2,243.2
2018-07-27 21:00:00,1214.31,3.4,5.8,6.3,7.1,247.1
2018-07-27 22:00:00,1018.93,3.2,5.4,5.7,6.7,244
2018-07-27 23:00:00,961.71,2.6,5,4.8,6.4,232.7
2018-07-28 00:00:00,944.03,2.5,4.2,4.8,5.5,234.1
2018-07-28 01:00:00,229.43,2.4,3,4.2,3.9,247.8
2018-07-28 02:00:00,399.94,2.2,1.8,3.9,2.4,296.9
2018-07-28 03:00:00,280.43,2.1,1.3,4.3,1.7,325.1
2018-07-28 04:00:00,14.93,1.4,1.5,3.6,1.8,328.6
2018-07-28 05:00:00,25.36,0.9,1.6,2.7,1.8,331.7
2018-07-28 06:00:00,0.87,0.7,1.6,1.8,1.8,329.3
2018-07-28 07:00:00,2.04,0.3,1.4,1,1.6,328.6
2018-07-28 08:00:00,0,0.1,1.2,0.6,1.4,343.5
2018-07-28 09:00:00,0,0.6,1.2,0.9,1.3,293.5
2018-07-28 10:00:00,0,1,1.2,1.6,1.2,267.6
2018-07-28 11:00:00,0,1.7,1.2,2.5,1.2,274.7
2018-07-28 12:00:00,198.34,2.3,1.6,3.4,1.6,261.7
2018-07-28 13:00:00,959.21,2.8,2.2,4.2,2.3,249.1
2018-07-28 14:00:00,1839.15,3.3,2.9,5,3,251.2
2018-07-28 15:00:00,1201.73,3.6,3.3,5.4,3.4,263.2
2018-07-28 16:00:00,263.48,3.4,3.5,5.2,3.6,279.7
2018-07-28 17:00:00,1.77,3,3.7,4.8,3.8,288.3
2018-07-28 18:00:00,8.64,2.7,3.8,4.3,4.1,288.2
2018-07-28 19:00:00,980.12,2.4,4,3.9,4.4,287.2
2018-07-28 20:00:00,1301.48,2.7,4.1,4.7,4.6,293.9
2018-07-28 21:00:00,440.1,2.6,4.4,5,5.2,292.4
2018-07-28 22:00:00,0.05,1.9,4.9,3.6,5.9,271.2
2018-07-28 23:00:00,3803.98,2.1,5.3,4.1,6.6,236
2018-07-29 00:00:00,6133.65,3,5.8,6.1,7.3,230.3
2018-07-29 01:00:00,5335.3,3.5,6.4,6.8,7.9,227.3
2018-07-29 02:00:00,4635.11,3.8,6.9,7.1,8.6,225.3
2018-07-29 03:00:00,3679.41,3.8,7.2,7.3,8.9,220.6
2018-07-29 04:00:00,3960.14,3.7,7.2,7.3,9,215.4
2018-07-29 05:00:00,4056.97,3.8,7.2,7.4,9,210.1
2018-07-29 06:00:00,2275.98,3.9,7.2,7.3,8.9,207.2
2018-07-29 07:00:00,4000.04,4.1,7.2,7.1,8.8,208.5
2018-07-29 08:00:00,4659.21,4.5,7.2,7.6,8.6,212.6
2018-07-29 09:00:00,5886.96,4.9,7.2,8.4,8.5,218.6
2018-07-29 10:00:00,6064.02,5.4,7.3,9.3,8.5,217.8
2018-07-29 11:00:00,5939.66,5.7,7.3,9.7,8.5,215.3
2018-07-29 12:00:00,8684.15,6,7.5,10,8.7,218.4
2018-07-29 13:00:00,9146.61,6.2,7.8,10.4,9,222.3
2018-07-29 14:00:00,10185.32,6.2,8.1,10.4,9.3,221.8
2018-07-29 15:00:00,9618.9,6.1,8.3,10.2,9.5,220
2018-07-29 16:00:00,7805.54,5.7,8.4,9.8,9.6,222.8
2018-07-29 17:00:00,6020.37,5.5,8.5,9.6,9.8,224.6
2018-07-29 18:00:00,5525.27,5.4,8.5,9.4,9.8,225.1
2018-07-29 19:00:00,5627.67,5.1,8.4,9,9.8,224.7
2018-07-29 20:00:00,7012.47,4.8,8.3,8.5,9.8,220.7
2018-07-29 21:00:00,8194.5,4.7,8.2,8.4,9.8,213
2018-07-29 22:00:00,5065.15,4.4,8.1,8.1,9.7,209
2018-07-29 23:00:00,4394.33,4.2,8,7.7,9.6,210.9
2018-07-30 00:00:00,3508.45,4.3,7.9,7.8,9.5,208.5
2018-07-30 01:00:00,4685.56,4.5,7.7,8.1,9.4,205.1
2018-07-30 02:00:00,3401.54,4.5,7.5,8.2,9.2,204.6
2018-07-30 03:00:00,2510.03,4.5,7.3,8.2,9,202.5
2018-07-30 04:00:00,3120.76,4.3,7.1,7.9,8.9,201.9
2018-07-30 05:00:00,2509.02,4.1,6.9,7.6,8.7,203.8
2018-07-30 06:00:00,2990.77,4.1,6.6,7.4,8.3,203.7
2018-07-30 07:00:00,2182.15,4.3,6.2,7.4,7.6,206.1
2018-07-30 08:00:00,3316.28,4.3,5.7,7.6,7,212
2018-07-30 09:00:00,2707.31,4.2,5.5,7.4,6.6,218.3
2018-07-30 10:00:00,2149.86,4.3,5.4,7.5,6.4,224.2
2018-07-30 11:00:00,3624.15,4.5,5.4,7.5,6.3,224.4
2018-07-30 12:00:00,6040.46,4.4,5.3,7.2,6.2,222.9
2018-07-30 13:00:00,5751.14,4.1,5.3,7,6.1,223
2018-07-30 14:00:00,2688.72,4.3,5.3,7.2,6.1,219.6
2018-07-30 15:00:00,2632.58,4.6,5.3,7.8,6,218.2
2018-07-30 16:00:00,1117.06,4.9,5.1,8.4,5.9,225.4
2018-07-30 17:00:00,2685.85,4.7,4.9,7.8,5.8,232.9
2018-07-30 18:00:00,1437.25,2.9,4.6,4.9,5.4,219.5
2018-07-30 19:00:00,2279.82,2.2,3.9,4.5,4.9,221.9
2018-07-30 20:00:00,2253.88,3.3,3.3,6.7,4.3,275.6
2018-07-30 21:00:00,2721.88,3.4,3,6.5,4,292.5
2018-07-30 22:00:00,1636.05,2.7,2.9,5.3,3.8,277.1
2018-07-30 23:00:00,405.84,2.5,2.8,4.8,3.6,270
2018-07-31 00:00:00,221.54,1.9,2.7,4,3.4,265.1
2018-07-31 01:00:00,103.52,1,2.4,2.7,3.1,266
2018-07-31 02:00:00,0,0.5,2.1,1.7,2.8,264.1
2018-07-31 03:00:00,0.08,0.7,1.8,1.6,2.4,267.8
2018-07-31 04:00:00,0,1.1,1.4,2.3,2,293.3
2018-07-31 05:00:00,0.01,1,1,2.6,1.7,307.1
2018-07-31 06:00:00,0,0.7,0.9,2,1.5,297.1
2018-07-31 07:00:00,0,1,1,1.8,1.5,276.7
2018-07-31 08:00:00,0,1.6,1.2,2.5,1.6,280.4
2018-07-31 09:00:00,0,2.2,1.4,3.4,1.7,295.3
2018-07-31 10:00:00,0,2.3,1.6,3.6,1.9,315.7
2018-07-31 11:00:00,0.04,2.4,1.8,3.3,2.1,328
2018-07-31 12:00:00,0,2.1,2.1,2.6,2.4,323.1
2018-07-31 13:00:00,0.2,1.9,2.5,2.6,2.7,318.4
2018-07-31 14:00:00,9.96,3.2,2.9,4.8,3.1,341.3
2018-07-31 15:00:00,1132.8,4.2,3.3,6.7,3.5,356.6
2018-07-31 16:00:00,1724.8,3.7,3.6,6.3,3.9,6.7
2018-07-31 17:00:00,629.66,3.4,3.9,5.9,4.3,12.4
2018-07-31 18:00:00,412.84,3.1,4.3,5.2,4.7,19.2
2018-07-31 19:00:00,562.22,2.8,4.6,4.8,5.1,26.6
2018-07-31 20:00:00,1645.66,2.7,4.9,5,5.5,30.1
2018-07-31 21:00:00,2191,2.2,5.1,4.6,5.8,37.4
2018-07-31 22:00:00,2014.87,1.7,5.1,4.1,6,43.3
2018-07-31 23:00:00,1581.74,1.5,5.2,3.8,6.2,42
2018-08-01 00:00:00,919.36,1.4,5.2,3.6,6.4,36.9
2018-08-01 01:00:00,1293.82,1.1,5.4,3.6,6.6,40
2018-08-01 02:00:00,1911.53,0.9,5.5,3.5,6.8,54
2018-08-01 03:00:00,1171.53,0.5,5.5,3.1,6.9,78.6
2018-08-01 04:00:00,1455.83,0.4,5.4,2.6,6.7,84.5
2018-08-01 05:00:00,4086.62,1,5.2,3,6.6,84.2
2018-08-01 06:00:00,3693.87,2.2,5,4.1,6.2,92.5
2018-08-01 07:00:00,1502.67,3,4.6,4.4,5.7,97.6
2018-08-01 08:00:00,1556.22,2.9,4.3,4,5.1,96.7
2018-08-01 09:00:00,556.5,2.5,4.1,3.6,4.8,85.3
2018-08-01 10:00:00,568.05,2.4,4.1,3.7,4.7,83.4
2018-08-01 11:00:00,281.51,2.5,4,3.7,4.5,84.8
2018-08-01 12:00:00,46.52,2.5,4,3.6,4.5,79.7
2018-08-01 13:00:00,1128.89,2.4,4,3.6,4.5,74.2
2018-08-01 14:00:00,1384.36,2.6,4.1,4,4.4,68.6
2018-08-01 15:00:00,1436,2.8,4.1,4.3,4.5,74.2
2018-08-01 16:00:00,940.56,2.8,4.3,4.1,4.7,85.7
2018-08-01 17:00:00,671.46,2.8,4.5,4,5,84
2018-08-01 18:00:00,983.05,2.7,4.6,4,5.1,81.7
2018-08-01 19:00:00,972.98,2.5,4.6,4.1,5.2,88.1
2018-08-01 20:00:00,1528.64,2.2,4.5,4,5.2,96.2
2018-08-01 21:00:00,2535.87,2.1,4.3,3.6,5.1,100.2
2018-08-01 22:00:00,5200.3,1.9,4,3.4,4.7,99.9
2018-08-01 23:00:00,5485.29,2,3.6,3.7,4.3,108.6
2018-08-02 00:00:00,4264.94,2.4,3.3,4.9,4,121.6
2018-08-02 01:00:00,4028.03,2.9,3,5.5,3.6,129.5
2018-08-02 02:00:00,3014.82,2.8,2.7,4.6,3.3,133.1
2018-08-02 03:00:00,3399.05,2.7,2.6,4.3,3.1,132.4
2018-08-02 04:00:00,5067.29,2.9,2.6,4.5,3,132.5
2018-08-02 05:00:00,5428.41,3,2.5,4.8,3,133.8
2018-08-02 06:00:00,4718.93,3.1,2.4,5.4,2.9,136
2018-08-02 07:00:00,4445.74,3.2,2.1,5.5,2.7,139.6
2018-08-02 08:00:00,3972.22,3.6,1.8,5.5,2.5,138.3
2018-08-02 09:00:00,2269.35,3.7,1.7,5.7,2.4,133.4
2018-08-02 10:00:00,1430.16,3.5,1.6,5.5,2.1,132.3
2018-08-02 11:00:00,732.43,3.5,1.6,5.4,1.9,132
2018-08-02 12:00:00,78.88,2.9,1.6,4.5,1.8,135.2
2018-08-02 13:00:00,0,2.3,1.6,3.5,1.9,135.2
2018-08-02 14:00:00,0,2.2,1.7,3.2,1.9,126.8
2018-08-02 15:00:00,0,2.1,1.8,3.2,1.9,119.2
2018-08-02 16:00:00,0,2.2,1.8,3,1.9,116
2018-08-02 17:00:00,0,2.2,1.8,2.9,1.9,125.1
2018-08-02 18:00:00,0,2.3,1.9,3.6,1.9,129.2
2018-08-02 19:00:00,0,2,2.1,4,2,133.8
2018-08-02 20:00:00,0,1.6,2.3,3.1,2,144.2
2018-08-02 21:00:00,0,2,2.3,2.3,2,148.3
2018-08-02 22:00:00,160.72,2.1,2.3,1.9,1.9,142.4
2018-08-02 23:00:00,0.33,1.8,2.2,1.3,1.8,131
2018-08-03 00:00:00,0,1.8,2.2,0.8,1.8,117.3
2018-08-03 01:00:00,0,2,2.3,0.7,1.9,113.2
2018-08-03 02:00:00,0.73,2.4,2.4,1.3,2,126.6
2018-08-03 03:00:00,31.59,2.3,2.3,2.3,2,139.7
2018-08-03 04:00:00,15.4,2.1,2,2.4,1.9,154.8
2018-08-03 05:00:00,0,2.2,1.6,3.1,1.8,144.3
2018-08-03 06:00:00,50.47,1.9,1.5,3.8,1.7,141
2018-08-03 07:00:00,340.37,1.3,1.4,3.5,1.8,146.7
2018-08-03 08:00:00,0,1.4,1.3,2.9,1.8,140.6
2018-08-03 09:00:00,0,1.6,1.3,2.7,1.7,136.5
2018-08-03 10:00:00,0,1.7,1.2,2.8,1.4,135.3
2018-08-03 11:00:00,0,1.7,1.1,2.9,1.2,133.6
2018-08-03 12:00:00,0,1.5,1.1,2.8,1.2,133.8
2018-08-03 13:00:00,0,1.2,1.3,2.3,1.5,141.1
2018-08-03 14:00:00,0,1,1.4,1.6,1.7,166.2
2018-08-03 15:00:00,0,2,1.6,2,2,348.5
2018-08-03 16:00:00,0,2.8,1.8,2.8,2.2,9.7
2018-08-03 17:00:00,0,2.4,2.1,3.3,2.4,39.8
2018-08-03 18:00:00,0,2.4,2.2,3.6,2.5,77.6
2018-08-03 19:00:00,0.01,2.3,2.2,3,2.6,116
2018-08-03 20:00:00,0,2.2,2.2,2.9,2.7,133.6
2018-08-03 21:00:00,252.4,2.2,2.2,3.3,2.7,138.7
2018-08-03 22:00:00,1216.17,2,2.1,2.7,2.6,136.5
2018-08-03 23:00:00,1322.39,1.9,2,2.1,2.4,132.7
2018-08-04 00:00:00,1840.38,1.4,1.9,2.2,2.4,123.5
2018-08-04 01:00:00,3503.87,0.8,1.9,1.8,2.4,117.1
2018-08-04 02:00:00,2790.5,1.2,1.9,1.4,2.4,125.6
2018-08-04 03:00:00,2734.67,1.7,2,1.9,2.4,131.3
2018-08-04 04:00:00,3430.15,1.7,2.1,2.3,2.5,138.3
2018-08-04 05:00:00,4316.03,1.9,2.3,3,2.7,142.6
2018-08-04 06:00:00,4398.51,2.2,2.2,3.7,2.7,135.5
2018-08-04 07:00:00,3313.93,2.5,2,3.6,2.5,124.8
2018-08-04 08:00:00,2491.74,2.6,1.8,3.3,2.4,120
2018-08-04 09:00:00,1918.41,2.4,2,2.9,2.5,113.7
2018-08-04 10:00:00,1122.11,2.1,2.4,2.3,2.9,113.9
2018-08-04 11:00:00,348.44,2,2.8,2.2,3.2,112.5
2018-08-04 12:00:00,368.29,2.4,3.2,2.9,3.6,99.4
2018-08-04 13:00:00,663.44,2.5,3.5,3.3,3.9,103.6
2018-08-04 14:00:00,560.83,2.1,3.9,2.7,4.2,110.2
2018-08-04 15:00:00,82.73,2.3,4,3,4.4,103.8
2018-08-04 16:00:00,2.6,2.8,4,3.9,4.3,93.5
2018-08-04 17:00:00,19.45,2.8,3.9,3.9,4.3,97.4
2018-08-04 18:00:00,237.67,2.4,3.8,3.2,4.2,117.8
2018-08-04 19:00:00,1006.13,2.2,3.6,3.4,4,127.5
2018-08-04 20:00:00,2185.62,2.1,3.4,3.9,3.8,124.6
2018-08-04 21:00:00,3330.25,1.9,3.2,4.3,3.6,121.7
2018-08-04 22:00:00,3425.47,2,2.9,4.7,3.3,122.6
2018-08-04 23:00:00,3339.65,2,2.7,4.7,3,121.9
2018-08-05 00:00:00,3100.52,2,2.5,4.8,2.7,119.8
2018-08-05 01:00:00,2799.76,2,2.3,4.6,2.5,121.5
2018-08-05 02:00:00,2800.47,2,2.1,4.4,2.2,125.7
2018-08-05 03:00:00,3851.72,2,1.9,4.9,2.1,127
2018-08-05 04:00:00,4429.52,2,1.9,5.2,2.1,128.3
2018-08-05 05:00:00,4510.2,2.1,1.8,5.3,2,132.5
2018-08-05 06:00:00,5410.66,2.4,1.7,5.6,2,135.1
2018-08-05 07:00:00,6238.03,2.7,1.6,5.2,2,135.6
2018-08-05 08:00:00,6029.42,2.9,1.4,4.5,1.9,135.6
2018-08-05 09:00:00,3214.51,3,1.3,4.6,1.8,131.8
2018-08-05 10:00:00,2192.7,3,1.3,4.7,1.7,126.6
2018-08-05 11:00:00,656.04,2.8,1.2,4.7,1.5,125.2
2018-08-05 12:00:00,317.39,2.7,1.2,4.4,1.4,129.5
2018-08-05 13:00:00,61.76,2.4,1.2,3.8,1.4,135.3
2018-08-05 14:00:00,0,1.9,1.3,3.1,1.4,139.8
2018-08-05 15:00:00,0,1.7,1.3,2.8,1.3,143
2018-08-05 16:00:00,0,1.7,1.2,2.5,1.1,138.7
2018-08-05 17:00:00,0,1.6,1.2,2.3,1,124
2018-08-05 18:00:00,0,1.6,1.3,3.2,0.8,116.1
2018-08-05 19:00:00,0,1.8,1.4,4.2,0.7,123.5
2018-08-05 20:00:00,0,1.9,1.6,4.2,0.5,136.8
2018-08-05 21:00:00,2.19,1.8,1.6,3.6,0.6,151.5
2018-08-05 22:00:00,524.46,1.8,1.4,3,1.1,173.3
2018-08-05 23:00:00,194.33,1.9,1.2,2.6,1.5,198
2018-08-06 00:00:00,13.96,1.9,1.3,2,1.8,208.8
2018-08-06 01:00:00,326.75,2.1,1.5,1.9,2,190.4
2018-08-06 02:00:00,1193.06,2.3,1.7,2.8,2.2,186.9
2018-08-06 03:00:00,915.45,2.3,2,3.6,2.5,186.5
2018-08-06 04:00:00,498.6,2.1,2.3,3.8,2.9,188.5
2018-08-06 05:00:00,476.31,2.1,2.5,3.7,3.3,195.4
2018-08-06 06:00:00,37.48,2,2.5,3.8,3.4,205.9
2018-08-06 07:00:00,33.749,1.9,2.2,4.1,3.1,208.5
2018-08-06 08:00:00,30.018,1.8,1.8,3.7,2.9,203.5
2018-08-06 09:00:00,26.287,1.8,1.8,3.1,2.8,210.3
2018-08-06 10:00:00,22.556,2.4,2.2,3.9,2.9,234.1
2018-08-06 11:00:00,18.825,2.9,2.6,4.7,3,243.2
2018-08-06 12:00:00,15.094,2.9,2.9,4.5,3.3,249.2
2018-08-06 13:00:00,11.363,3.1,3.3,4.8,3.6,263.2
2018-08-06 14:00:00,7.632,3.1,3.6,4.8,3.9,276.7
2018-08-06 15:00:00,3.901,2.8,4,4.4,4.3,286.3
2018-08-06 16:00:00,0.17,2.6,4.4,4.1,4.7,287.6
2018-08-06 17:00:00,660.99,2.8,4.9,4.3,5.2,296
2018-08-06 18:00:00,1504.49,3.2,5,5.1,5.4,315.9
2018-08-06 19:00:00,2083.1,2.7,4.9,4.6,5.4,322.7
2018-08-06 20:00:00,828.98,2.2,4.8,3.3,5.4,295.6
2018-08-06 21:00:00,417.1,2.5,4.3,3.5,5,264.6
2018-08-06 22:00:00,148.59,2.3,3.4,3.8,4.1,268
2018-08-06 23:00:00,95.22,2,2.5,3.2,3.3,283.7
2018-08-07 00:00:00,9.6,1.6,2.2,2.7,3,280.1
2018-08-07 01:00:00,11.72,1.1,2.4,2.4,3.2,275.3
2018-08-07 02:00:00,118.53,1.4,2.7,2.8,3.4,286.6
2018-08-07 03:00:00,677.35,1.7,2.8,3.3,3.5,286.1
2018-08-07 04:00:00,1007.86,1.9,2.8,3.8,3.5,299.3
2018-08-07 05:00:00,842.16,2.6,2.8,4.7,3.5,314.2
2018-08-07 06:00:00,333.73,2.7,2.8,4.7,3.4,313.9
2018-08-07 07:00:00,300.37,2.7,2.6,4.8,3.2,308.1
2018-08-07 08:00:00,267.01,2.7,2.5,4.6,2.9,305.5
2018-08-07 09:00:00,233.65,2.1,2.3,3.5,2.7,309.4
2018-08-07 10:00:00,200.29,1.4,2.2,2.6,2.6,313.5
2018-08-07 11:00:00,166.93,1.8,2,3,2.4,298.3
2018-08-07 12:00:00,133.57,2.5,2.2,4.1,2.6,288.1
2018-08-07 13:00:00,100.21,2.9,2.8,4.7,3.1,286
2018-08-07 14:00:00,66.85,3.3,3.4,5.3,3.7,287.6
2018-08-07 15:00:00,33.49,3.2,3.4,5,3.7,287.6
2018-08-07 16:00:00,0.13,2.8,3,4.5,3.2,295.2
2018-08-07 17:00:00,50.87,2.6,2.5,4.1,2.8,310.4
2018-08-07 18:00:00,41.1,2.3,2.2,3.9,2.4,317.1
2018-08-07 19:00:00,534.73,1.9,2,3.5,2.2,323
2018-08-07 20:00:00,537.26,1.8,1.7,3.4,2,332.6
2018-08-07 21:00:00,323.54,1.8,1.6,3.4,1.8,337.5
2018-08-07 22:00:00,6.4,1.5,1.4,2.7,1.7,348.3
2018-08-07 23:00:00,0,1.1,1.3,2.3,1.6,0.9
2018-08-08 00:00:00,0,0.6,1.1,1.6,1.5,2.8
2018-08-08 01:00:00,0,0.7,0.9,1.1,1.2,343.2
2018-08-08 02:00:00,0,0.9,0.7,1.1,1,344.1
2018-08-08 03:00:00,0,0.9,0.6,0.5,0.9,357.2
2018-08-08 04:00:00,0,0.9,0.8,0.2,1,245.6
2018-08-08 05:00:00,0,0.8,0.9,0.6,1.1,203.1
2018-08-08 06:00:00,0,0.7,0.9,0.7,1.1,197.6
2018-08-08 07:00:00,46.097,0.7,0.9,0.5,1,155.3
2018-08-08 08:00:00,92.194,0.6,0.8,0.6,0.9,109.6
2018-08-08 09:00:00,138.291,0.4,0.9,0.8,0.9,145.7
2018-08-08 10:00:00,184.388,0.3,1,0.6,1.1,206.4
2018-08-08 11:00:00,230.485,1,1.1,1.1,1.2,295.3
2018-08-08 12:00:00,276.582,1.8,1.6,2.4,1.7,302.5
2018-08-08 13:00:00,322.679,2.2,2.4,3.2,2.5,300.4
2018-08-08 14:00:00,368.776,2.3,3.2,3.5,3.3,311.7
2018-08-08 15:00:00,414.873,2.5,3.6,4,3.7,344.2
2018-08-08 16:00:00,460.97,3.2,3.4,5,3.8,350.2
2018-08-08 17:00:00,3815.85,4.1,3.3,6.9,3.8,336.1
2018-08-08 18:00:00,280.44,2.7,3.2,5.3,3.9,337.4
2018-08-08 19:00:00,357.36,0.9,3.1,2.6,3.9,13.6
2018-08-08 20:00:00,102.48,1,3,2.6,3.9,60
2018-08-08 21:00:00,0,0.9,2.9,1.5,3.9,124.3
2018-08-08 22:00:00,98.17,1.1,2.8,1.3,3.7,187.9
2018-08-08 23:00:00,921.11,1.4,2.7,2.6,3.6,222.3
2018-08-09 00:00:00,3043.01,2.1,3.1,4.6,3.9,300.4
2018-08-09 01:00:00,3264.58,2.7,3.9,5.4,4.7,332.3
2018-08-09 02:00:00,3621.5,2.2,4.7,4.8,5.6,331.7
2018-08-09 03:00:00,1439.37,1.6,4.8,4,5.7,327.9
2018-08-09 04:00:00,523.9,1.2,4.2,3.4,5.1,317
2018-08-09 05:00:00,190.01,1.2,3.6,3.6,4.5,312.5
2018-08-09 06:00:00,127.11,1.4,3.2,3.6,4,312.7
2018-08-09 07:00:00,114.403,1.9,2.8,3.6,3.5,319.7
2018-08-09 08:00:00,101.696,2.3,2.4,4,2.9,331.5
2018-08-09 09:00:00,88.989,2.6,2.2,4.6,2.6,338.4
2018-08-09 10:00:00,76.282,3.1,2.2,5.2,2.5,339.1
2018-08-09 11:00:00,63.575,3.3,2.1,5.2,2.4,336.4
2018-08-09 12:00:00,50.868,3.1,2.2,4.9,2.5,340
2018-08-09 13:00:00,38.161,3.2,2.6,5,2.9,343.4
2018-08-09 14:00:00,25.454,3.7,2.9,5.7,3.2,343.7
2018-08-09 15:00:00,12.747,3.7,3.1,5.9,3.4,347.7
2018-08-09 16:00:00,0.04,3.6,3.2,5.7,3.5,354.3
2018-08-09 17:00:00,0.06,3.7,3.3,5.8,3.6,1.5
2018-08-09 18:00:00,0.01,3.1,3.5,5,3.9,6.8
2018-08-09 19:00:00,0,2.5,4,4.4,4.4,11.2
2018-08-09 20:00:00,0,2.3,4.4,4.4,5,14.4
2018-08-09 21:00:00,0,1.9,4.5,4.2,5.2,17.9
2018-08-09 22:00:00,0,1.5,4.3,3.9,5.1,21.2
2018-08-09 23:00:00,0,1.5,4,3.5,4.9,19.9
2018-08-10 00:00:00,0,1,3.8,2.7,4.7,23.9
2018-08-10 01:00:00,0,0.9,3.6,2.4,4.5,33.5
2018-08-10 02:00:00,0,1.5,3.4,2.8,4.3,33.5
2018-08-10 03:00:00,0,1.7,3.4,2.8,4.3,32.8
2018-08-10 04:00:00,0,1.4,3.5,2.8,4.5,36.2
2018-08-10 05:00:00,0,1.3,3.7,2.5,4.7,40.9
2018-08-10 06:00:00,0.04,1.1,3.6,2.3,4.6,45.3
2018-08-10 07:00:00,0.035,0.8,3.5,2.3,4.4,54.3
2018-08-10 08:00:00,0.03,1.1,3.3,2,4.1,57.3
2018-08-10 09:00:00,0.025,1.4,3.1,1.8,3.9,51.4
2018-08-10 10:00:00,0.02,1.5,3,2,3.6,36.1
2018-08-10 11:00:00,0.015,1.9,2.8,2.7,3.3,22.5
2018-08-10 12:00:00,0.01,2.1,2.9,2.8,3.2,22
2018-08-10 13:00:00,0,1.8,3,2.4,3.3,27.7
2018-08-10 14:00:00,0.02,1.5,3.2,2.2,3.5,39.4
2018-08-10 15:00:00,2.62,1.5,3.4,2.1,3.8,56.5
2018-08-10 16:00:00,0.02,1.9,3.8,2.9,4.1,65.1
2018-08-10 17:00:00,0.24,2.8,4.2,4.4,4.5,73.8
2018-08-10 18:00:00,0.01,3.1,4.3,5,4.7,84.5
2018-08-10 19:00:00,0,2.7,4.1,4.5,4.7,90.6
2018-08-10 20:00:00,0,1.8,4,3.1,4.6,83.1
2018-08-10 21:00:00,0,0.9,3.6,1.7,4.2,74.3
2018-08-10 22:00:00,0,0.7,2.9,0.8,3.5,90.4
2018-08-10 23:00:00,2.28,0.7,2.3,0.3,2.7,82
2018-08-11 00:00:00,0,1.1,1.9,1.2,2.3,122.6
2018-08-11 01:00:00,0,1.2,1.8,2,2.1,129.9
2018-08-11 02:00:00,0,1.3,1.6,1.6,1.9,128.9
2018-08-11 03:00:00,0,1.6,1.6,1.3,1.8,122.7
2018-08-11 04:00:00,0,1.8,1.6,0.8,1.7,123.4
2018-08-11 05:00:00,0.07,2,1.7,0.4,1.7,99
2018-08-11 06:00:00,0,1.6,1.6,0.4,1.6,79
2018-08-11 07:00:00,0,1.1,1.4,1,1.6,138.9
2018-08-11 08:00:00,1.47,1.2,1.2,1.5,1.6,151.3
2018-08-11 09:00:00,8.22,1.4,0.9,1.9,1.3,145.3
2018-08-11 10:00:00,0,1.2,0.6,1.7,0.9,142.4
2018-08-11 11:00:00,0,0.6,0.3,0.7,0.4,153.4
2018-08-11 12:00:00,0,0.8,0.7,0.8,0.7,283.3
2018-08-11 13:00:00,0,1.4,1.7,2,1.7,300.3
2018-08-11 14:00:00,0.07,2.4,2.8,3.5,2.7,311.8
2018-08-11 15:00:00,0,2.8,3.1,4.2,3.1,315.6
2018-08-11 16:00:00,0,2.2,2.8,3.4,2.8,315.9
2018-08-11 17:00:00,0,2.3,2.4,3.8,2.5,314.3
2018-08-11 18:00:00,0.02,2.7,2.2,4.7,2.3,311.9
2018-08-11 19:00:00,0.52,2.4,2.1,4.7,2.1,313.9
2018-08-11 20:00:00,0.07,1.9,2.1,4.4,2,321
2018-08-11 21:00:00,0.04,1.4,1.9,3.3,1.8,329.6
2018-08-11 22:00:00,0.04,1.4,1.6,2.4,1.6,336.2
2018-08-11 23:00:00,0,1.7,1.4,2.8,1.5,318.8
2018-08-12 00:00:00,0,1.6,1.3,2.1,1.4,305.5
2018-08-12 01:00:00,0,1.7,1.2,0.8,1.5,274.5
2018-08-12 02:00:00,0,1.5,1.2,0.9,1.5,271.5
2018-08-12 03:00:00,0,1.4,1.3,1.4,1.7,270.3
2018-08-12 04:00:00,0,1.3,1.5,1.9,1.9,262.6
2018-08-12 05:00:00,0,1.6,1.8,2.6,2.1,246
2018-08-12 06:00:00,0,1.6,2,3,2.7,228.9
2018-08-12 07:00:00,0,1.2,2.4,3.3,3.6,227.4
2018-08-12 08:00:00,0,2,2.7,3.9,4.5,232.8
2018-08-12 09:00:00,0,2.9,3.2,4.7,5.1,237.2
2018-08-12 10:00:00,0,2.9,3.9,5,5.5,241.3
2018-08-12 11:00:00,0,3.1,4.6,5.3,5.8,247.9
2018-08-12 12:00:00,0,3.5,5,5.8,6,255.5
2018-08-12 13:00:00,0,3.7,5.2,6.3,6.1,265.3
2018-08-12 14:00:00,0,3.6,5.3,6.1,6.2,264.3
2018-08-12 15:00:00,0,3.9,5.3,6.3,6.1,248.8
2018-08-12 16:00:00,0,4,5.1,6.4,5.9,245.2
2018-08-12 17:00:00,0,3.7,4.9,5.8,5.7,267.9
2018-08-12 18:00:00,0,3.5,4.7,6,5.5,285
2018-08-12 19:00:00,0,3.1,4.5,5.7,5.3,282.8
2018-08-12 20:00:00,0,2.7,4.3,5.4,5.1,281.6
2018-08-12 21:00:00,0.02,2.3,4,4.9,4.9,273.8
2018-08-12 22:00:00,0,1.7,3.7,4.4,4.6,261.7
2018-08-12 23:00:00,0,1.4,3.4,4,4.3,255.2
2018-08-13 00:00:00,0,1.6,3.2,4,4.1,243.1
2018-08-13 01:00:00,0,1.7,3.2,3.9,4,235.1
2018-08-13 02:00:00,0,1.6,3.1,3.6,3.8,238.8
2018-08-13 03:00:00,0,1.7,2.9,3.5,3.7,253.6
2018-08-13 04:00:00,0,1.6,2.7,3.3,3.4,262.2
2018-08-13 05:00:00,0,1.7,2.5,3.6,3.2,255.8
2018-08-13 06:00:00,0.09,1.9,2.3,3.8,3,255.7
2018-08-13 07:00:00,0,1.9,2,3.7,2.7,259.9
2018-08-13 08:00:00,0,2,1.7,3.5,2.5,267.5
2018-08-13 09:00:00,0,2.1,1.6,3.5,2.4,278.7
2018-08-13 10:00:00,1.1,2.5,1.9,4.1,2.6,282
2018-08-13 11:00:00,0,2.6,2.1,4.3,2.7,280.8
2018-08-13 12:00:00,0,2.4,2.3,3.9,2.9,280.8
2018-08-13 13:00:00,0,2.4,2.7,4,3.1,286.6
2018-08-13 14:00:00,0.01,2.9,3,4.7,3.3,298.7
2018-08-13 15:00:00,0,3.4,3.1,5.6,3.3,312.6
2018-08-13 16:00:00,0,3.2,3,5.5,3.3,323.5
2018-08-13 17:00:00,0,3,2.9,4.9,3.2,333.9
2018-08-13 18:00:00,0,2.7,2.9,4.7,3.2,339.2
2018-08-13 19:00:00,0.24,2.6,2.9,4.9,3.3,345.2
2018-08-13 20:00:00,0.06,2.2,3,5,3.4,359.3
2018-08-13 21:00:00,0.02,1.8,3,4.6,3.5,14.6
2018-08-13 22:00:00,0,1.7,3,4.5,3.7,25.6
2018-08-13 23:00:00,0,1.7,3,4.2,3.8,37
2018-08-14 00:00:00,0,1.3,3.3,3.4,4.2,38.2
2018-08-14 01:00:00,0,1.2,3.8,3.5,5,33
2018-08-14 02:00:00,0,1.9,4.4,4.6,5.7,36.2
2018-08-14 03:00:00,0,2.3,4.8,4.8,6.3,41.3
2018-08-14 04:00:00,0,2.2,5.2,4.9,6.8,48.9
2018-08-14 05:00:00,0,2.2,5.6,5.1,7.2,54.7
2018-08-14 06:00:00,0,1.9,5.8,4.3,7.3,57.6
2018-08-14 07:00:00,0,2.2,5.8,4.2,7,64.9
2018-08-14 08:00:00,0,3.2,5.7,5.2,6.8,70.2
2018-08-14 09:00:00,0.1,3.7,5.6,5.8,6.6,73.4
2018-08-14 10:00:00,0,3.9,5.5,6,6.4,78.6
2018-08-14 11:00:00,0,3.8,5.5,5.6,6.2,81.3
2018-08-14 12:00:00,0,3.2,5.6,4.8,6.3,76.1
2018-08-14 13:00:00,0,3.1,5.8,4.8,6.6,64.2
2018-08-14 14:00:00,0,3.9,6.1,6.2,6.8,60.7
2018-08-14 15:00:00,0,4.3,6.4,6.8,7.2,60.6
2018-08-14 16:00:00,0,4.2,6.7,6.7,7.5,60.2
2018-08-14 17:00:00,0,3.9,7,6.3,7.9,61.8
2018-08-14 18:00:00,0,3.2,7.2,5.2,8.2,64.1
2018-08-14 19:00:00,0,2.8,7.4,5,8.5,70.4
2018-08-14 20:00:00,0,2.6,7.5,5.2,8.8,75.3
2018-08-14 21:00:00,0,2.1,7.4,4.7,8.7,81.7
2018-08-14 22:00:00,0,1.9,6.9,4.2,8.2,87.7
2018-08-14 23:00:00,0,1.8,6.4,3.5,7.7,93.7
2018-08-15 00:00:00,0,1.9,5.9,3.5,7.1,109.6
2018-08-15 01:00:00,0,1.8,5.2,3.1,6.3,115.7
2018-08-15 02:00:00,0,1.7,4.6,2.7,5.5,109
2018-08-15 03:00:00,0,2,4.1,3.3,4.9,108.5
2018-08-15 04:00:00,0,2.2,3.6,3.8,4.3,116.5
2018-08-15 05:00:00,0,2.4,3.2,4.7,3.8,125.8
2018-08-15 06:00:00,0,2.7,2.7,6,3.3,129.3
2018-08-15 07:00:00,0,2.7,2.3,5.3,2.9,131.7
2018-08-15 08:00:00,0,2.7,1.8,4,2.4,132.8
2018-08-15 09:00:00,0,2.8,1.6,4.1,2.2,127.4
2018-08-15 10:00:00,0,2.5,1.6,3.6,2.1,119.9
2018-08-15 11:00:00,0.26,1.5,1.5,2.1,2,104.8
2018-08-15 12:00:00,3.28,1.5,1.9,2.2,2.2,80.3
2018-08-15 13:00:00,0.07,2.2,2.5,3.2,2.8,79.5
2018-08-15 14:00:00,0.14,2.6,3.2,3.9,3.4,67.4
2018-08-15 15:00:00,0,3.1,3.6,4.8,3.8,67.3
2018-08-15 16:00:00,0,3.2,3.7,4.7,4,78.5
2018-08-15 17:00:00,0,3,3.8,4.3,4.1,88.5
2018-08-15 18:00:00,0,2.7,3.7,4,4,92.3
2018-08-15 19:00:00,0,2.1,3.4,3.4,3.7,93.7
2018-08-15 20:00:00,0,1.2,3,2.2,3.4,84.7
2018-08-15 21:00:00,0,1.2,2.8,2.4,3.3,68.4
2018-08-15 22:00:00,0,1.8,2.8,3,3.2,72
2018-08-15 23:00:00,7.41,1.1,2.8,2.3,3.2,75.1
2018-08-16 00:00:00,3.31,0.7,2.9,1.6,3.3,66.1
2018-08-16 01:00:00,1.54,1.2,3,2,3.6,34.5
2018-08-16 02:00:00,0.02,1.2,3.1,3.1,3.8,38.5
2018-08-16 03:00:00,0,1.4,3.2,3.1,4,51.6
2018-08-16 04:00:00,0,1.3,3.1,3.2,4.1,36.6
2018-08-16 05:00:00,0,1.2,3,3.7,4.2,13.1
2018-08-16 06:00:00,0,1.2,3,3.6,4.1,11.2
2018-08-16 07:00:00,0,1.5,2.9,3.2,3.9,23.1
2018-08-16 08:00:00,0.07,2.1,2.8,3.4,3.6,25.1
2018-08-16 09:00:00,2.58,2.4,2.8,3.8,3.5,20.8
2018-08-16 10:00:00,0.84,2.8,3,4.3,3.6,10.6
2018-08-16 11:00:00,0,3.3,3.1,5.2,3.6,0
2018-08-16 12:00:00,0.02,3.4,3.4,5.3,3.8,5.5
2018-08-16 13:00:00,0,3.8,3.8,5.6,4.2,6.1
2018-08-16 14:00:00,0,4.3,4.2,6.5,4.6,3.1
2018-08-16 15:00:00,0.03,4.2,4.5,6.6,4.9,4.7
2018-08-16 16:00:00,0.01,3.8,4.5,6,5,3.5
2018-08-16 17:00:00,0,3.7,4.5,6,5.1,4.3
2018-08-16 18:00:00,0.39,3.3,4.7,5.4,5.4,6.5
2018-08-16 19:00:00,0,3.4,5,5.7,5.8,5.1
2018-08-16 20:00:00,0,3.9,5.4,6.7,6.3,7
2018-08-16 21:00:00,0,3.9,5.7,6.9,6.7,15.5
2018-08-16 22:00:00,0,3.7,6.1,6.8,7.1,20.2
2018-08-16 23:00:00,0,3.6,6.4,6.6,7.5,20.1
2018-08-17 00:00:00,0,3.6,6.6,6.8,7.8,22.6
2018-08-17 01:00:00,0,3.8,6.6,7,7.8,26.1
2018-08-17 02:00:00,0,4,6.6,7.2,7.8,26.8
2018-08-17 03:00:00,0,4,6.6,7.2,7.9,26.8
2018-08-17 04:00:00,0,4.1,6.5,7.1,7.9,26.8
2018-08-17 05:00:00,0,3.9,6.5,6.8,7.9,27.1
2018-08-17 06:00:00,0,3.4,6.4,6.3,7.8,31.4
2018-08-17 07:00:00,0,3.3,6.3,5.9,7.6,38.1
2018-08-17 08:00:00,0,4,6.2,6.7,7.5,40.1
2018-08-17 09:00:00,0,4.4,6.3,7.2,7.4,44.6
2018-08-17 10:00:00,0,4.5,6.4,7.1,7.5,50.2
2018-08-17 11:00:00,0,4.9,6.5,7.7,7.6,53.3
2018-08-17 12:00:00,0,5.1,6.7,7.9,7.7,52.7
2018-08-17 13:00:00,0,5.1,7,7.9,7.9,50.9
2018-08-17 14:00:00,0,5.3,7.2,8.5,8.2,54.4
2018-08-17 15:00:00,0,5.4,7.5,8.7,8.4,57.4
2018-08-17 16:00:00,0,5.4,7.7,8.8,8.6,59.3
2018-08-17 17:00:00,0,5.1,7.9,8.4,8.9,61.8
2018-08-17 18:00:00,0,4.6,8.2,7.7,9.2,60.7
2018-08-17 19:00:00,0,4.3,8.5,7.5,9.8,59.2
2018-08-17 20:00:00,0,4.4,8.8,7.8,10.3,61.6
2018-08-17 21:00:00,0,4.5,9,8,10.7,63.9
2018-08-17 22:00:00,0,4.2,9.2,7.5,10.9,66.8
2018-08-17 23:00:00,0,3.7,9.3,7,11.1,70.1
2018-08-18 00:00:00,0,2.9,9.1,6.1,10.8,71.6
2018-08-18 01:00:00,0,2.5,8.6,5.8,10.2,72.9
2018-08-18 02:00:00,0,2.7,8.1,6.4,9.6,73.9
2018-08-18 03:00:00,0,2.8,7.6,6.5,9,77.3
2018-08-18 04:00:00,0,3,7.2,6.4,8.6,85.7
2018-08-18 05:00:00,0,3.2,6.8,6.2,8.1,93
2018-08-18 06:00:00,0,3,6.3,5.6,7.6,93.4
2018-08-18 07:00:00,0,2.9,5.8,4.9,6.9,88.1
2018-08-18 08:00:00,0,3.6,5.3,5.6,6.3,83.1
2018-08-18 09:00:00,0,4.3,5.1,7,6.1,78.5
2018-08-18 10:00:00,0,4.6,5.4,7.8,6.3,73
2018-08-18 11:00:00,0,4.8,5.7,8.3,6.6,70.1
2018-08-18 12:00:00,0,4.6,6,7.5,6.8,72.4
2018-08-18 13:00:00,0,4.4,6.2,6.9,7,73.9
2018-08-18 14:00:00,0,4.6,6.4,7.3,7.1,70.2
2018-08-18 15:00:00,0,4.4,6.6,7.3,7.4,67.6
2018-08-18 16:00:00,0,4.3,6.8,7.2,7.6,63.7
2018-08-18 17:00:00,0,4.2,7,7.2,7.9,60.9
2018-08-18 18:00:00,0,3.3,6.9,6,7.9,67.3
2018-08-18 19:00:00,0,2.6,6.6,5.1,7.6,81.4
2018-08-18 20:00:00,0,2.5,6.3,5.2,7.4,84
2018-08-18 21:00:00,0,2.1,5.7,4.9,6.9,81.5
2018-08-18 22:00:00,0,1.7,5.1,4.1,6,78.8
2018-08-18 23:00:00,0,1.5,4.4,4.5,5.2,72.8
2018-08-19 00:00:00,0,1.4,3.9,5.6,4.7,75.1
2018-08-19 01:00:00,0,1.9,3.8,5.9,4.5,76.6
2018-08-19 02:00:00,0,2.2,3.6,5.7,4.3,79.1
2018-08-19 03:00:00,0,2.3,3.5,5.1,4.1,89.5
2018-08-19 04:00:00,0,2.3,3.4,4.6,4,100.4
2018-08-19 05:00:00,0,2.2,3.3,4.2,3.9,101.7
2018-08-19 06:00:00,0,1.9,3.1,4.1,3.8,99.3
2018-08-19 07:00:00,0,1.8,2.7,4.3,3.7,97
2018-08-19 08:00:00,0,2.1,2.3,3.9,3.6,82.2
2018-08-19 09:00:00,0,2.7,2.4,4.4,3.7,71.8
2018-08-19 10:00:00,0,3.3,3,5.4,4,71
2018-08-19 11:00:00,0,3.6,3.6,6,4.4,68.6
2018-08-19 12:00:00,0,3.8,4.2,6,4.9,73.6
2018-08-19 13:00:00,0,3.9,4.9,6.1,5.6,65.7
2018-08-19 14:00:00,0,4.3,5.5,7.2,6.3,53.2
2018-08-19 15:00:00,0,4.5,6,7.7,6.8,56.5
2018-08-19 16:00:00,0,4,6.2,6.8,7.1,63.7
2018-08-19 17:00:00,0,3.4,6.5,5.5,7.4,70.4
2018-08-19 18:00:00,0,2.4,6.4,4.1,7.4,83
2018-08-19 19:00:00,0,1.8,6,3.8,7.1,81.1
2018-08-19 20:00:00,0,1.7,5.6,4.2,6.8,73.7
2018-08-19 21:00:00,0,1.7,5.2,4,6.4,78.7
2018-08-19 22:00:00,0,1.6,4.8,3.7,5.9,81.7
2018-08-19 23:00:00,0,1.6,4.4,3.5,5.4,77.3
2018-08-20 00:00:00,0,1.4,4,3.8,4.9,76
2018-08-20 01:00:00,0,1.5,3.7,3.8,4.4,80.5
2018-08-20 02:00:00,0,1.7,3.3,3.4,4,77.5
2018-08-20 03:00:00,0,1.8,3,3.9,3.6,79.6
2018-08-20 04:00:00,0,2,2.7,3.9,3.4,92.1
2018-08-20 05:00:00,0,2.1,2.5,3.2,3.1,108.3
2018-08-20 06:00:00,0,2.1,2.2,4.1,3,122.6
2018-08-20 07:00:00,0,2.4,2,4.7,2.9,130.3
2018-08-20 08:00:00,0,2.6,1.8,3.8,2.8,126.7
2018-08-20 09:00:00,0,2.5,2,3.3,2.9,110.1
2018-08-20 10:00:00,0,2.8,2.6,4,3.4,87
2018-08-20 11:00:00,0,3.2,3.2,5,3.8,81.2
2018-08-20 12:00:00,0,3.5,3.7,5.3,4.1,92.1
2018-08-20 13:00:00,0,3.5,3.9,5.1,4.4,102.1
2018-08-20 14:00:00,0,3.3,4.2,4.7,4.6,101.6
2018-08-20 15:00:00,0,3.2,4.4,4.5,4.9,90.4
2018-08-20 16:00:00,0,3.2,4.5,4.8,5.1,77.9
2018-08-20 17:00:00,0,3.1,4.7,4.7,5.4,74.3
2018-08-20 18:00:00,0,2.7,4.6,4,5.3,89.4
2018-08-20 19:00:00,0,2.2,4.3,3,5,109.3
2018-08-20 20:00:00,0,1.9,3.9,2.6,4.7,110.4
2018-08-20 21:00:00,0,1.8,3.7,2.4,4.4,107.1
2018-08-20 22:00:00,0,1.7,3.5,2.2,4.2,112
2018-08-20 23:00:00,0,1.7,3.4,2.6,3.9,124.4
2018-08-21 00:00:00,0,1.8,3.2,4.2,3.7,114.3
2018-08-21 01:00:00,0,1.9,2.9,4.5,3.4,109.2
2018-08-21 02:00:00,0,1.8,2.6,3.6,3.1,114.3
2018-08-21 03:00:00,0,1.7,2.5,3.5,2.9,121.7
2018-08-21 04:00:00,0,1.9,2.4,4,2.8,131.1
2018-08-21 05:00:00,0,2.2,2.3,4.9,2.7,133.8
2018-08-21 06:00:00,0,2.6,2.2,5.4,2.6,129.9
2018-08-21 07:00:00,0,2.9,2,4.9,2.7,127.7
2018-08-21 08:00:00,0,3.3,1.9,4.7,2.7,129.1
2018-08-21 09:00:00,0,3.6,1.8,5.3,2.6,125.6
2018-08-21 10:00:00,0,3.5,1.8,5.3,2.4,124.5
2018-08-21 11:00:00,0,3.1,1.8,4.9,2.3,124.6
2018-08-21 12:00:00,0.04,2.7,1.8,4.1,2.1,122.2
2018-08-21 13:00:00,10.22,2.4,1.8,3.5,2.1,124.2
2018-08-21 14:00:00,0,2.1,1.7,3.2,2,126.4
2018-08-21 15:00:00,0,2,1.8,2.8,2.1,121.9
2018-08-21 16:00:00,0,2.2,2,2.9,2.4,118.5
2018-08-21 17:00:00,2.18,2.5,2.2,3.4,2.6,121.2
2018-08-21 18:00:00,0,2.6,2.4,3.7,2.7,112.5
2018-08-21 19:00:00,0,2.5,2.4,3.7,2.7,116.2
2018-08-21 20:00:00,0,2.2,2.4,3.5,2.7,133.4
2018-08-21 21:00:00,0,2.1,2.3,3.5,2.7,138.1
2018-08-21 22:00:00,0,1.9,2.2,3.4,2.5,136
2018-08-21 23:00:00,0,1.7,2,3.3,2.3,135.8
2018-08-22 00:00:00,0,1.9,1.9,4.2,2.2,137.1
2018-08-22 01:00:00,0,1.9,1.8,4.7,2.1,139.8
2018-08-22 02:00:00,0,1.9,1.7,4.2,2.1,144.8
2018-08-22 03:00:00,0,2.1,1.7,3.8,2,141.7
2018-08-22 04:00:00,0,2.3,1.8,3.9,2.1,137.8
2018-08-22 05:00:00,0,2.7,1.8,4.3,2.1,136
2018-08-22 06:00:00,0,2.8,1.8,4.8,2.1,138.7
2018-08-22 07:00:00,0,2.7,1.7,4.6,2.1,139.9
2018-08-22 08:00:00,0,3,1.5,4.3,2.1,130.9
2018-08-22 09:00:00,0,3,1.5,4.2,2.1,122.6
2018-08-22 10:00:00,1.37,2.6,1.5,3.7,2.1,119.6
2018-08-22 11:00:00,1.11,2.3,1.5,3.1,2,121.6
2018-08-22 12:00:00,4.41,2.4,1.8,3.3,2.2,113.7
2018-08-22 13:00:00,7.05,2.3,2.3,3.2,2.7,110.9
2018-08-22 14:00:00,0.13,1.7,2.9,2.3,3.2,124.2
2018-08-22 15:00:00,1.66,1.5,3.2,2,3.5,125.6
2018-08-22 16:00:00,0,1.9,3.4,3,3.7,91.6
2018-08-22 17:00:00,0,2.6,3.6,4.2,3.9,78.3
2018-08-22 18:00:00,0,2.9,3.6,4.5,3.9,91.8
2018-08-22 19:00:00,0,2.9,3.5,4.4,3.9,116.2
2018-08-22 20:00:00,0,2.8,3.3,4.3,3.8,131.2
2018-08-22 21:00:00,0,2.4,3.2,3.8,3.7,136
2018-08-22 22:00:00,0,1.8,3.1,2.9,3.5,136.3
2018-08-22 23:00:00,0,1.6,2.9,1.9,3.4,133.1
2018-08-23 00:00:00,0,1.4,2.7,2.5,3.2,127.6
2018-08-23 01:00:00,0,1.5,2.5,3.5,2.9,135
2018-08-23 02:00:00,0.08,1.8,2.2,3.2,2.7,135.1
2018-08-23 03:00:00,0,1.6,2,2,2.5,110.6
2018-08-23 04:00:00,0,1.4,1.9,1.6,2.4,87.9
2018-08-23 05:00:00,0,1.2,1.8,1.7,2.4,95.5
2018-08-23 06:00:00,0,1,1.7,2.1,2.3,112.3
2018-08-23 07:00:00,0,1.3,1.7,2.2,2.2,91.7
2018-08-23 08:00:00,0.02,1.5,1.6,1.7,2.2,52.2
2018-08-23 09:00:00,0.04,1.5,1.7,2.1,2.3,59.3
2018-08-23 10:00:00,0.02,1.6,2.1,2.5,2.5,47
2018-08-23 11:00:00,0,1.7,2.4,2.4,2.8,33.7
2018-08-23 12:00:00,0,1.7,2.8,2,3.2,30.6
2018-08-23 13:00:00,1.29,1.9,3.3,2.6,3.6,15
2018-08-23 14:00:00,15.37,2.3,3.8,3.5,4.1,7.2
2018-08-23 15:00:00,304.68,2.7,4,4,4.3,11
2018-08-23 16:00:00,705.66,3.3,4.1,4.9,4.4,9.4
2018-08-23 17:00:00,150.15,3.3,4.1,4.9,4.4,13
2018-08-23 18:00:00,255.3,2.5,4.2,3.8,4.5,24.4
2018-08-23 19:00:00,528.25,2.7,4.2,4.3,4.6,26.7
2018-08-23 20:00:00,862.25,2.9,4.1,5,4.8,27.4
2018-08-23 21:00:00,216.14,2.6,4,4.6,4.8,37.7
2018-08-23 22:00:00,620,2.1,3.8,3.7,4.6,53.2
2018-08-23 23:00:00,1290.46,1.5,3.5,3,4.5,74.5
2018-08-24 00:00:00,156.86,1.1,3.3,2.2,4.3,80.9
2018-08-24 01:00:00,0.55,0.9,3,2.3,3.9,37.6
2018-08-24 02:00:00,429.69,0.9,2.7,3,3.6,24.3
2018-08-24 03:00:00,141.62,1.2,2.7,3.8,3.6,23.2
2018-08-24 04:00:00,924.19,1.9,2.9,4.6,3.9,23.6
2018-08-24 05:00:00,1590.63,2.1,3.2,4.6,4.1,28.2
2018-08-24 06:00:00,1301,2.2,3.4,4.1,4.3,31.6
2018-08-24 07:00:00,1347.85,2.5,3.6,4.1,4.3,41.8
2018-08-24 08:00:00,1387.21,2.7,3.7,4.2,4.3,53.6
2018-08-24 09:00:00,1094.67,2.7,3.8,4.1,4.3,53.3
2018-08-24 10:00:00,896.9,2.7,3.8,4.2,4.3,45.6
2018-08-24 11:00:00,734.66,2.8,3.8,4.4,4.2,36.6
2018-08-24 12:00:00,465.81,2.9,3.9,4.3,4.2,32.1
2018-08-24 13:00:00,546.5,2.5,3.9,3.7,4.3,34.6
2018-08-24 14:00:00,1117.83,2.6,4,3.9,4.4,27.9
2018-08-24 15:00:00,821.94,3.2,4.2,5,4.6,26.7
2018-08-24 16:00:00,752.48,3.6,4.5,5.8,4.9,32.5
2018-08-24 17:00:00,1032.09,3.6,4.8,6,5.3,34.8
2018-08-24 18:00:00,2154.26,3.4,5,5.6,5.5,35.7
2018-08-24 19:00:00,3046.39,3.1,5,5.3,5.6,34.4
2018-08-24 20:00:00,3930.84,2.8,5.1,4.7,5.7,35.7
2018-08-24 21:00:00,3111.81,2.3,4.9,3.8,5.6,36.5
2018-08-24 22:00:00,2762.68,2.4,4.7,4,5.4,21.2
2018-08-24 23:00:00,1098.43,2.6,4.4,4.6,5.2,11.6
2018-08-25 00:00:00,1220.96,1.9,4.2,4.1,5.1,19.4
2018-08-25 01:00:00,656.01,1.1,4.3,3.2,5.1,28.9
2018-08-25 02:00:00,441.76,1.2,4.3,3.3,5.2,18.1
2018-08-25 03:00:00,695.13,1.3,4.2,4,5.1,6.9
2018-08-25 04:00:00,738.31,0.8,4,3.7,4.9,7.7
2018-08-25 05:00:00,742.06,0.9,3.8,3.3,4.7,12.5
2018-08-25 06:00:00,672.27,0.7,3.6,3,4.5,9.4
2018-08-25 07:00:00,74.3,0.6,3.3,2.3,4.1,9.3
2018-08-25 08:00:00,444.27,1.7,3,3,3.7,11.7
2018-08-25 09:00:00,912.01,2.5,2.9,4.1,3.5,9.8
2018-08-25 10:00:00,647.53,2.7,3,4.6,3.4,14.3
2018-08-25 11:00:00,553.69,2.8,3.1,4.6,3.4,20.3
2018-08-25 12:00:00,176.28,2.5,3.3,3.8,3.6,19.5
2018-08-25 13:00:00,94.24,2.3,3.6,3.4,3.8,12.2
2018-08-25 14:00:00,46.13,2.6,3.8,3.9,4.1,4
2018-08-25 15:00:00,267.15,3,4,4.7,4.3,4.9
2018-08-25 16:00:00,20.91,3.4,4,5.5,4.4,11.7
2018-08-25 17:00:00,159.54,3.6,4.1,5.8,4.4,18.8
2018-08-25 18:00:00,897.06,3,4.1,5,4.4,24
2018-08-25 19:00:00,801.25,2.4,4.1,4.3,4.4,32
2018-08-25 20:00:00,1637.01,2,4,3.9,4.5,42.5
2018-08-25 21:00:00,1862.41,1.6,3.7,3.2,4.1,51.5
2018-08-25 22:00:00,982.58,1.3,3,2.6,3.5,57.3
2018-08-25 23:00:00,449.35,1.2,2.4,2.5,2.8,44
2018-08-26 00:00:00,243.24,1.1,2,2,2.4,52.7
2018-08-26 01:00:00,0,0.6,1.8,1.2,2.1,85.1
2018-08-26 02:00:00,384.5,0.3,1.6,0.9,1.8,68.5
2018-08-26 03:00:00,0,1,1.6,0.4,1.7,60.1
2018-08-26 04:00:00,0,1.7,1.7,0.8,1.7,162.1
2018-08-26 05:00:00,0,2,1.8,1.5,1.7,161.8
2018-08-26 06:00:00,0,1.7,1.7,1.4,1.7,158
2018-08-26 07:00:00,0,0.8,1.4,1.1,1.7,158.9
2018-08-26 08:00:00,0,0.4,1.1,0.8,1.7,153.9
2018-08-26 09:00:00,0,0.3,0.9,0.7,1.7,168.3
2018-08-26 10:00:00,0,0.7,1,1,1.5,291.7
2018-08-26 11:00:00,0,1.3,1.1,1.7,1.3,326.8
2018-08-26 12:00:00,0,1.5,1.3,2.4,1.4,325.8
2018-08-26 13:00:00,360.56,1.8,1.6,2.7,1.7,321.8
2018-08-26 14:00:00,1107.44,2.1,1.9,3.1,2,320.7
2018-08-26 15:00:00,994.55,2.6,2.1,3.9,2.2,322.5
2018-08-26 16:00:00,501.62,2.8,2.2,4.5,2.3,324.2
2018-08-26 17:00:00,282.48,2.9,2.2,4.8,2.3,329.2
2018-08-26 18:00:00,768.05,2.5,2.3,4.5,2.3,331.1
2018-08-26 19:00:00,1074.22,2.2,2.2,4.5,2.2,329.7
2018-08-26 20:00:00,959.84,1.9,2.2,4.4,2,336.6
2018-08-26 21:00:00,1133.59,1.4,2,3.7,1.8,349.6
2018-08-26 22:00:00,85.58,1.1,1.8,3.3,1.6,4.4
2018-08-26 23:00:00,0.04,1.3,1.6,3.6,1.5,6
2018-08-27 00:00:00,0,0.9,1.5,3.1,1.4,13.5
2018-08-27 01:00:00,0,0.3,1.4,2.6,1.5,30
2018-08-27 02:00:00,119.86,0.7,1.4,3.1,1.5,31.2
2018-08-27 03:00:00,858.88,1.3,1.4,4,1.6,29
2018-08-27 04:00:00,38.25,1.3,1.4,4.3,1.6,28.3
2018-08-27 05:00:00,0,1.2,1.5,4.3,1.6,33.1
2018-08-27 06:00:00,0,1.3,1.4,3.8,1.6,48.9
2018-08-27 07:00:00,0,1.3,1.3,2.7,1.6,64.5
2018-08-27 08:00:00,0,1.1,1.2,2,1.6,72.4
2018-08-27 09:00:00,0,0.9,1.5,1.6,2,91.8
2018-08-27 10:00:00,0,1,2.2,1.7,2.6,107
2018-08-27 11:00:00,0.01,1.3,2.9,1.8,3.3,105.2
2018-08-27 12:00:00,0.02,1.6,3.4,2.4,3.8,96.3
2018-08-27 13:00:00,98.16,1.8,3.7,2.7,4.1,101.8
2018-08-27 14:00:00,645.19,2,4,2.9,4.4,115.7
2018-08-27 15:00:00,66.9,2.5,4.2,3.8,4.7,108.5
2018-08-27 16:00:00,209.28,3.1,4.3,4.6,4.7,91
2018-08-27 17:00:00,1681.47,3.1,4.4,4.6,4.8,77.4
2018-08-27 18:00:00,1982.48,2.9,4.3,4.3,4.8,93
2018-08-27 19:00:00,1514.3,2.6,4,4.1,4.5,124.6
2018-08-27 20:00:00,751.58,2.1,3.7,4,4.3,137.8
2018-08-27 21:00:00,1075.25,1.9,3.3,3.7,3.9,137.9
2018-08-27 22:00:00,1360.31,1.7,2.8,3.3,3.3,133.8
2018-08-27 23:00:00,2351.34,1.2,2.3,5,2.8,63.7
2018-08-28 00:00:00,6389.02,1.1,2,5.7,2.4,72.5
2018-08-28 01:00:00,4575.01,1.5,1.9,3.9,2.2,140.4
2018-08-28 02:00:00,6780.9,2.2,1.8,5.7,2.1,143.1
2018-08-28 03:00:00,1379.18,2.8,1.7,5.3,2,157.3
2018-08-28 04:00:00,1627.77,2.5,1.6,4.3,1.8,5.1
2018-08-28 05:00:00,2974,3,1.5,7.5,1.7,134.6
2018-08-28 06:00:00,3632.1,3.1,1.6,7.7,1.7,164.4
2018-08-28 07:00:00,1339.61,2.6,1.6,5.5,1.8,190.4
2018-08-28 08:00:00,619.18,2.7,1.7,5.6,1.8,315.7
2018-08-28 09:00:00,114.41,2.8,1.7,6.8,1.9,296.8
2018-08-28 10:00:00,49.35,2.2,1.6,5,2,242.8
2018-08-28 11:00:00,945.62,2.8,1.5,4.8,2,246.5
2018-08-28 12:00:00,2920.76,3.8,1.7,6.2,2.4,264.9
2018-08-28 13:00:00,1938.38,3.6,2.3,5.5,3,278
2018-08-28 14:00:00,3239.84,3.1,2.9,4.8,3.7,275.3
2018-08-28 15:00:00,2188.72,3.7,3.3,5.8,4.1,279.1
2018-08-28 16:00:00,1226.83,4.1,3.7,6.5,4.4,277.7
2018-08-28 17:00:00,1972.22,3.6,4,5.8,4.6,274.9
2018-08-28 18:00:00,2559.63,3.1,4,5.1,4.7,283.1
2018-08-28 19:00:00,1703.22,2.4,3.7,4,4.5,289
2018-08-28 20:00:00,774.42,2.6,3.4,4.4,4.4,287.7
2018-08-28 21:00:00,1080.55,2.9,3.2,5,4.2,286.3
2018-08-28 22:00:00,1338.88,2.8,3.1,4.8,4.1,287
2018-08-28 23:00:00,1346.07,3.2,3,5.8,3.9,289.8
2018-08-29 00:00:00,1186.55,3.2,2.8,5.8,3.6,293.4
2018-08-29 01:00:00,764.36,2.8,2.5,5,3.3,295.5
2018-08-29 02:00:00,811.85,2.7,2.3,4.8,2.9,297.1
2018-08-29 03:00:00,635.5,2.4,1.9,4.4,2.5,296.1
2018-08-29 04:00:00,1044.19,2.1,1.5,4.1,2,295.9
2018-08-29 05:00:00,400,1.6,1.1,3.4,1.5,297
2018-08-29 06:00:00,20.16,1,0.8,2.1,1.2,292.4
2018-08-29 07:00:00,16.86,0.6,0.7,1,1,284.1
2018-08-29 08:00:00,0,0.7,0.5,0.9,0.8,293.8
2018-08-29 09:00:00,0,1.3,0.7,2.1,1,308.7
2018-08-29 10:00:00,0,1.7,1.3,2.9,1.4,315.9
2018-08-29 11:00:00,36.98,2,1.8,3.2,1.9,325.2
2018-08-29 12:00:00,0.02,1.8,2.2,2.8,2.3,329.3
2018-08-29 13:00:00,211.48,1.8,2.6,2.9,2.7,325.1
2018-08-29 14:00:00,620.12,3.2,3,5.3,3.1,327.2
2018-08-29 15:00:00,1685.5,4.3,3.3,7.4,3.5,332.3
2018-08-29 16:00:00,1439.67,4.2,3.6,7.3,3.9,338
2018-08-29 17:00:00,458.92,3.7,4,6.5,4.2,343.9
2018-08-29 18:00:00,160.34,3.2,4,5.3,4.3,350.7
2018-08-29 19:00:00,111.95,2.7,3.9,4.4,4.2,356.6
2018-08-29 20:00:00,80.79,2.5,3.7,4.4,4.1,359.1
2018-08-29 21:00:00,1.43,2.3,3.3,4.4,3.7,359.7
2018-08-29 22:00:00,0.15,2.1,2.7,4.3,3.1,355.7
2018-08-29 23:00:00,216.94,2.1,2,4.7,2.6,354.7
2018-08-30 00:00:00,721.54,1.7,1.8,4.2,2.4,7.7
2018-08-30 01:00:00,657.86,1.2,2,3.3,2.5,36.7
2018-08-30 02:00:00,1158.89,1.2,2.2,2.6,2.7,47
2018-08-30 03:00:00,1064.36,1.3,2.2,2.4,2.7,30.8
2018-08-30 04:00:00,1154.78,1.4,2,2.8,2.5,35.2
2018-08-30 05:00:00,1063.2,1.2,1.8,3,2.3,46.1
2018-08-30 06:00:00,803.9,0.9,1.7,2.1,2.2,41.8
2018-08-30 07:00:00,834.78,0.7,1.6,1.8,2.1,26.3
2018-08-30 08:00:00,1020.22,1.4,1.6,2.8,2.1,28
2018-08-30 09:00:00,710.35,2.4,1.7,3.7,2.2,40.8
2018-08-30 10:00:00,385.5,2.7,2,4.2,2.4,47.9
2018-08-30 11:00:00,174.09,2.8,2.3,4.1,2.6,43.9
2018-08-30 12:00:00,91.9,2.6,2.7,3.8,3,49.2
2018-08-30 13:00:00,4.7,2.3,3.2,3.4,3.5,53.8
2018-08-30 14:00:00,0.01,2.5,3.7,3.9,4.1,38.1
2018-08-30 15:00:00,13.99,3.2,4.1,5,4.4,29.6
2018-08-30 16:00:00,349.51,3.6,4.2,5.6,4.6,36.6
2018-08-30 17:00:00,1185.64,3.4,4.4,5.1,4.7,48
2018-08-30 18:00:00,2075.95,2.7,4.3,4.1,4.7,56.4
2018-08-30 19:00:00,1222.53,2,3.9,3.6,4.4,66.5
2018-08-30 20:00:00,1446.11,1.8,3.6,3.6,4.1,82.9
2018-08-30 21:00:00,4769.94,1.5,3.3,2.7,3.9,93.9
2018-08-30 22:00:00,2433.09,1,3,1.8,3.6,80.8
2018-08-30 23:00:00,1061.14,1.1,2.8,1.5,3.3,78.4
2018-08-31 00:00:00,415.54,1.5,2.6,1.8,3.1,107
2018-08-31 01:00:00,69.13,1.1,2.4,2,2.9,122.3
2018-08-31 02:00:00,98.09,0.7,2.3,1,2.7,116.6
2018-08-31 03:00:00,2016.74,1.3,2.1,1.7,2.6,29
2018-08-31 04:00:00,1943.97,1.6,2.1,3.2,2.6,42.6
2018-08-31 05:00:00,2441.01,1.5,2,3,2.6,63.9
2018-08-31 06:00:00,711.64,1.1,1.9,2.5,2.5,79.3
2018-08-31 07:00:00,1415.98,0.9,1.8,2,2.4,87.9
2018-08-31 08:00:00,1022.63,1.3,1.6,1.8,2.3,99.8
2018-08-31 09:00:00,1072.68,1.7,1.7,2,2.4,102.1
2018-08-31 10:00:00,1461.1,1.9,2,2.3,2.6,83.5
2018-08-31 11:00:00,914.17,2.1,2.3,3,2.8,74.6
2018-08-31 12:00:00,622.16,2.5,2.9,3.7,3.3,82.5
2018-08-31 13:00:00,719.68,2.3,3.8,3.6,4.2,74.2
2018-08-31 14:00:00,1543.82,3,4.6,4.7,5.1,47.7
2018-08-31 15:00:00,2525.09,4,5.1,6.3,5.7,47.2
2018-08-31 16:00:00,1655.46,4,5.3,6.4,5.9,57.1
2018-08-31 17:00:00,1558.68,3.6,5.5,5.7,6.1,67.1
2018-08-31 18:00:00,1241.99,2.8,5.5,4.4,6.2,82.9
2018-08-31 19:00:00,1529.99,2.1,5.5,3.2,6.3,102.1
2018-08-31 20:00:00,2118.72,1.7,5.4,2.5,6.3,95.8
2018-08-31 21:00:00,2794.52,1.4,5.2,2.4,6.2,80.1
2018-08-31 22:00:00,3664.76,1.4,5,3,6,77.2
2018-08-31 23:00:00,5088.85,1.3,4.7,3.2,5.7,80.6
2018-09-01 00:00:00,2661.35,1.2,4.4,3.6,5.3,89.9
2018-09-01 01:00:00,6335.87,1.4,3.9,3.5,4.7,86
2018-09-01 02:00:00,7178.2,1.8,3.4,3.1,4.1,92.1
2018-09-01 03:00:00,5906.02,1.9,3.1,3,3.7,103.2
2018-09-01 04:00:00,5992.6,2,3,3.2,3.6,110.1
2018-09-01 05:00:00,5201.85,1.9,2.9,3.5,3.5,111.8
2018-09-01 06:00:00,5584.29,1.8,2.8,4.2,3.4,113.5
2018-09-01 07:00:00,3883.74,2,2.5,4,3.3,112.9
2018-09-01 08:00:00,2087.77,2.7,2.3,3.9,3.2,100.9
2018-09-01 09:00:00,2580.18,3.4,2.1,4.9,3.1,99.5
2018-09-01 10:00:00,1453.54,3.5,2.2,5.1,2.9,96.7
2018-09-01 11:00:00,942.92,3.4,2.2,4.9,2.7,98.4
2018-09-01 12:00:00,1151.81,3.7,2.4,5.5,2.8,105.2
2018-09-01 13:00:00,814.24,3.7,2.9,5.7,3.3,111.2
2018-09-01 14:00:00,659.99,3.3,3.3,4.8,3.7,121.3
2018-09-01 15:00:00,672.17,2.8,3.5,4,4,131
2018-09-01 16:00:00,886.88,2.9,3.6,3.8,4,139.5
2018-09-01 17:00:00,1334.11,3.2,3.6,4,4,135.9
2018-09-01 18:00:00,1341.63,3,3.4,4.4,3.8,127.8
2018-09-01 19:00:00,2273.71,2.7,3,4.6,3.4,131
2018-09-01 20:00:00,2760.67,2,2.5,3.8,3,130.2
2018-09-01 21:00:00,2684.64,1.8,2.2,3.1,2.6,120.4
2018-09-01 22:00:00,3146.07,1.8,2,2.9,2.3,118.2
2018-09-01 23:00:00,3827.7,1.9,1.8,2.8,2.1,120
2018-09-02 00:00:00,5114.47,2,1.7,3.9,1.9,126.2
2018-09-02 01:00:00,4462.45,2,1.6,4.8,1.8,130.7
2018-09-02 02:00:00,3560.28,2.1,1.6,4.6,1.8,132.3
2018-09-02 03:00:00,2479.99,2.1,1.6,4.4,1.8,133
2018-09-02 04:00:00,2780.85,2.1,1.7,4.6,1.7,135
2018-09-02 05:00:00,3009.72,2,1.8,5,1.7,134.8
2018-09-02 06:00:00,3631.84,1.9,1.8,4.9,1.7,138.2
2018-09-02 07:00:00,3780.22,1.8,1.6,4.4,1.7,140.8
2018-09-02 08:00:00,3037.01,1.7,1.5,3.6,1.7,139.1
2018-09-02 09:00:00,1306.58,1.8,1.3,3.1,1.6,138.7
2018-09-02 10:00:00,105.76,1.7,1.1,2.9,1.3,137
2018-09-02 11:00:00,9.14,1.4,0.9,2.3,1,132.5
2018-09-02 12:00:00,0,1.3,0.8,2.3,0.8,140.4
2018-09-02 13:00:00,0,1.6,0.8,2.5,0.8,137.2
2018-09-02 14:00:00,289.16,1.9,0.8,2.4,0.7,118
2018-09-02 15:00:00,0,1.9,0.9,2.6,0.9,118.6
2018-09-02 16:00:00,8.78,2.7,1.1,4.3,1.3,90.6
2018-09-02 17:00:00,458.37,3.3,1.3,5.1,1.8,32.1
2018-09-02 18:00:00,419.79,2.3,1.5,3.5,2,358
2018-09-02 19:00:00,1509.04,1.6,1.6,2.9,2.1,123.8
2018-09-02 20:00:00,2473.7,1.8,1.7,3.3,2.2,146
2018-09-02 21:00:00,53.3,1.5,1.9,2.9,2.3,134.7
2018-09-02 22:00:00,461.28,1.4,2.2,2.2,2.5,113.1
2018-09-02 23:00:00,473.22,1.4,2.4,2,2.8,91.7
2018-09-03 00:00:00,1845.55,1.5,2.7,3.4,3.3,88.2
2018-09-03 01:00:00,3633.18,1.5,3.2,4.1,4,84.4
2018-09-03 02:00:00,2240.59,1.5,3.7,3.9,4.8,73.4
2018-09-03 03:00:00,547.66,1.7,4.5,4.6,5.9,76.8
2018-09-03 04:00:00,1079.24,1.8,5.7,5,7.3,76.4
2018-09-03 05:00:00,6738.93,2,6.8,5.3,8.7,75.4
2018-09-03 06:00:00,3390.11,2.6,7.6,5.4,9.6,86.9
2018-09-03 07:00:00,7740.09,3.6,8.2,5.3,10.1,95
2018-09-03 08:00:00,6384.59,4,8.8,6.3,10.6,79.3
2018-09-03 09:00:00,8451.36,4,9.1,7.4,10.8,69.2
2018-09-03 10:00:00,6201.55,4.4,9.3,8.6,10.8,66.5
2018-09-03 11:00:00,7308.95,4.9,9.4,9.6,10.8,65.8
2018-09-03 12:00:00,7063.06,5,9.2,9.5,10.5,66.8
2018-09-03 13:00:00,6156.56,4.9,8.7,8.8,9.9,69.8
2018-09-03 14:00:00,7201.4,4.7,8.1,8,9.2,73.5
2018-09-03 15:00:00,7638.89,4.1,8,7,9.1,73.2
2018-09-03 16:00:00,8158.9,3.9,8.4,6.6,9.5,68.5
2018-09-03 17:00:00,8981.85,4.1,8.7,7.1,9.9,71
2018-09-03 18:00:00,7678.29,3.9,9.1,6.8,10.4,73
2018-09-03 19:00:00,7965.01,3.3,9.4,6,10.8,69.9
2018-09-03 20:00:00,10532.71,3.3,9.7,6.3,11.3,70.9
2018-09-03 21:00:00,10059.8,3.8,9.8,7.3,11.5,70.7
2018-09-03 22:00:00,6081.7,4.1,9.7,8.3,11.4,65.1
2018-09-03 23:00:00,5865.02,3.6,9.6,8,11.4,67.7
2018-09-04 00:00:00,6918.15,2.8,9.3,6.3,11.1,70.4
2018-09-04 01:00:00,5312.36,2.7,8.8,5.6,10.5,66.9
2018-09-04 02:00:00,4159.16,2.6,8.3,5.6,9.9,75.4
2018-09-04 03:00:00,3103.14,2.3,7.9,5.1,9.4,79.8
2018-09-04 04:00:00,4235.1,2,7.5,4.6,8.9,81.5
2018-09-04 05:00:00,4366.82,1.7,7.2,4.1,8.5,82.2
2018-09-04 06:00:00,3505.37,1.7,6.9,3.9,8.2,81.2
2018-09-04 07:00:00,4626.89,1.8,6.7,4.1,7.9,79.1
2018-09-04 08:00:00,5655.27,2.5,6.5,4.7,7.6,81.3
2018-09-04 09:00:00,4755.82,3.6,6.3,5.8,7.4,79.3
2018-09-04 10:00:00,4801.16,3.9,6.3,6.6,7.4,74
2018-09-04 11:00:00,6281.77,3.7,6.3,6.2,7.3,69.3
2018-09-04 12:00:00,5331.8,3.5,6.3,5.6,7.3,61.4
2018-09-04 13:00:00,5967.47,3.6,6.4,5.9,7.4,56.4
2018-09-04 14:00:00,4791.24,3.8,6.4,6.4,7.4,57
2018-09-04 15:00:00,5171.79,4.3,6.6,7.4,7.6,63
2018-09-04 16:00:00,7735.11,4.4,6.9,8,7.9,63.8
2018-09-04 17:00:00,8650.52,4,7.2,7.8,8.3,59.4
2018-09-04 18:00:00,6396.81,3.9,7.5,7.3,8.6,61.7
2018-09-04 19:00:00,5385.37,3.6,7.8,6.6,9,69.9
2018-09-04 20:00:00,5691.11,3.3,8.1,6.4,9.4,73.6
2018-09-04 21:00:00,6124.96,3.1,8.2,6.3,9.7,72.9
2018-09-04 22:00:00,5449.24,2.8,8.2,6.2,9.8,72.3
2018-09-04 23:00:00,4178.52,2.8,8.3,6.4,9.9,71.4
2018-09-05 00:00:00,4174.56,2.9,8.3,6.6,9.9,59.2
2018-09-05 01:00:00,3162.43,3,8.2,7.2,9.8,55.1
2018-09-05 02:00:00,4143.55,3.2,8.2,8,9.8,63
2018-09-05 03:00:00,0.21,3.6,8.1,8.3,9.7,68
2018-09-05 04:00:00,2550.3,2.9,8,7,9.6,69.2
2018-09-05 05:00:00,3449.11,2.4,7.9,6,9.5,68.6
2018-09-05 06:00:00,6094.33,2.5,7.5,5.9,9,70.8
2018-09-05 07:00:00,3312.96,2.8,6.8,6,8.3,62.7
2018-09-05 08:00:00,2212.49,3.5,6.1,6.7,7.5,57.6
2018-09-05 09:00:00,2758.56,3.8,5.7,6.9,7.1,56.7
2018-09-05 10:00:00,2794.54,3.9,5.7,7.1,6.9,52.4
2018-09-05 11:00:00,3821.17,4.2,5.6,7.4,6.7,50.7
2018-09-05 12:00:00,3889.29,4.5,5.7,7.5,6.7,50.6
2018-09-05 13:00:00,3004.72,4.4,6,7.2,6.8,51
2018-09-05 14:00:00,2777.16,4,6.2,6.3,7,46.4
2018-09-05 15:00:00,2135.45,3.5,6.3,5.5,7.1,38.4
2018-09-05 16:00:00,1562.03,3.1,6.3,4.6,7.1,43.4
2018-09-05 17:00:00,2128.4,2.9,6.3,4.3,7.1,52.4
2018-09-05 18:00:00,908.56,2.7,6.2,4.6,7.1,36.6
2018-09-05 19:00:00,1481.74,2.6,6.1,5,7.1,21.6
2018-09-05 20:00:00,1969.43,2.7,6,5.2,7,23.1
2018-09-05 21:00:00,1716.85,2.2,5.9,4.4,7,19.3
2018-09-05 22:00:00,1122.1,2,5.9,4.2,7,5.1
2018-09-05 23:00:00,2295.54,2.5,5.9,4.6,7,353.3
2018-09-06 00:00:00,5114.91,2.6,5.8,4.9,7,6.3
2018-09-06 01:00:00,3280.72,2.5,5.8,4.9,7,27.2
2018-09-06 02:00:00,2811.89,2.6,5.7,4.9,6.9,32.6
2018-09-06 03:00:00,2136.72,2.5,5.6,4.9,6.8,34.2
2018-09-06 04:00:00,2260.95,2,5.3,4,6.6,29
2018-09-06 05:00:00,1753.2,2.4,5.1,5.2,6.4,22.5
2018-09-06 06:00:00,2222.27,2.8,5,6.2,6.4,28.8
2018-09-06 07:00:00,1831.62,2.4,5.2,4.9,6.6,35
2018-09-06 08:00:00,4559.96,2.7,5.3,5.2,6.8,36.1
2018-09-06 09:00:00,7888.64,3.5,5.6,6.5,7,38.2
2018-09-06 10:00:00,5053.11,4,5.9,6.9,7.3,40.2
2018-09-06 11:00:00,6649.33,4,6.3,6.8,7.6,40.1
2018-09-06 12:00:00,6640.83,4.1,6.4,6.6,7.6,47.2
2018-09-06 13:00:00,6713.48,4.6,6.3,7,7.4,58.7
2018-09-06 14:00:00,5175.7,5.3,6.2,8.2,7.2,55.6
2018-09-06 15:00:00,5275.27,5.8,6.3,9.4,7.2,50.2
2018-09-06 16:00:00,5982.99,5.7,6.5,9.3,7.4,48.5
2018-09-06 17:00:00,6903.52,5,6.7,7.8,7.7,52.5
2018-09-06 18:00:00,6310.66,3.9,6.9,6.3,8,61.4
2018-09-06 19:00:00,7810.19,3.3,7.1,5.6,8.3,68
2018-09-06 20:00:00,8051.02,3.4,7.2,5.7,8.7,71.5
2018-09-06 21:00:00,8836.61,3.6,7.3,6,8.9,73.8
2018-09-06 22:00:00,9338.54,3.5,7.4,6.1,9,74.6
2018-09-06 23:00:00,8576.06,3.4,7.4,6.2,9.1,74.2
2018-09-07 00:00:00,7968.53,3.3,7.4,6.3,9.1,74.7
2018-09-07 01:00:00,7690.72,2.9,7.4,6.2,9,76.6
2018-09-07 02:00:00,7025.58,2.6,7.4,6.2,9,77.9
2018-09-07 03:00:00,6879.47,2.6,7.4,6.3,8.9,78.6
2018-09-07 04:00:00,6198.73,2.4,7.3,6.1,8.7,79.4
2018-09-07 05:00:00,7872.65,2.2,7.2,5.6,8.6,84.6
2018-09-07 06:00:00,8103.21,2.8,6.9,5.6,8.3,94.5
2018-09-07 07:00:00,7245.42,3.5,6.4,5.8,7.6,90.8
2018-09-07 08:00:00,7723.54,3.9,5.9,6.4,7,83.5
2018-09-07 09:00:00,6648.93,4.5,5.7,7,6.6,88.3
2018-09-07 10:00:00,4348.51,4.8,5.6,7.1,6.4,95.4
2018-09-07 11:00:00,3757.18,4.6,5.5,6.7,6.2,94.1
2018-09-07 12:00:00,2406.29,3.9,5.4,5.8,6,90.9
2018-09-07 13:00:00,1166.04,3.5,5.2,5.2,5.9,90.9
2018-09-07 14:00:00,1049.37,3.4,5.1,5,5.7,88
2018-09-07 15:00:00,1173.18,3.3,5.2,4.9,5.8,80.2
2018-09-07 16:00:00,1366.36,3.3,5.5,5.2,6.1,69.3
2018-09-07 17:00:00,2405.65,3.2,5.8,5.3,6.5,66.8
2018-09-07 18:00:00,1575.58,2.8,5.9,4.6,6.6,78.9
2018-09-07 19:00:00,1472.79,2.3,5.7,4,6.6,90.7
2018-09-07 20:00:00,2058.96,1.8,5.6,3.6,6.5,91.7
2018-09-07 21:00:00,3482.04,1.5,5.1,3,6,91.5
2018-09-07 22:00:00,4920.07,1.2,4.4,3.1,5.1,75.8
2018-09-07 23:00:00,5078.67,1.4,3.6,3.6,4.3,79.2
2018-09-08 00:00:00,3590.83,2.1,3.1,4.7,3.7,112.7
2018-09-08 01:00:00,3619.77,2.3,2.8,5.2,3.3,124.5
2018-09-08 02:00:00,3919.51,1.8,2.5,4.1,3,124.9
2018-09-08 03:00:00,4324.29,1.7,2.3,4.3,2.7,130.6
2018-09-08 04:00:00,4493.52,2.1,2.2,5,2.5,133.7
2018-09-08 05:00:00,4849.07,2.1,2,5.3,2.3,132.9
2018-09-08 06:00:00,2687.37,1.9,1.8,5.4,2.1,134.6
2018-09-08 07:00:00,3134.14,1.9,1.6,5.1,1.9,135.4
2018-09-08 08:00:00,3035.82,2.1,1.3,4.3,1.8,133.9
2018-09-08 09:00:00,796.87,2.5,1.2,4,1.7,138.9
2018-09-08 10:00:00,0.3,2.5,1.2,3.9,1.6,146.1
2018-09-08 11:00:00,0,2,1.2,3.3,1.5,158.8
2018-09-08 12:00:00,0,1,1.3,2.1,1.5,173.6
2018-09-08 13:00:00,0.81,0.6,1.4,1.2,1.5,196.7
2018-09-08 14:00:00,427.43,1.5,1.6,1.8,1.5,271.8
2018-09-08 15:00:00,982.84,2.4,1.6,3.5,1.5,302.7
2018-09-08 16:00:00,2448.57,3.6,1.5,6,1.4,314
2018-09-08 17:00:00,1313.86,4.3,1.4,7.5,1.2,309.3
2018-09-08 18:00:00,245.38,3,1.3,6,1.2,302.4
2018-09-08 19:00:00,45.76,1.5,1.4,4.1,1.4,312.4
2018-09-08 20:00:00,0,1.3,1.5,2.9,1.5,331.2
2018-09-08 21:00:00,77.26,1.8,1.6,1.4,1.6,354.6
2018-09-08 22:00:00,52.86,1.9,1.6,0.4,1.6,78.9
2018-09-08 23:00:00,463.56,1.5,1.6,0.3,1.6,198.6
2018-09-09 00:00:00,87.79,1.6,1.4,0.9,1.5,185.6
2018-09-09 01:00:00,0.12,1.5,1.1,0.9,1.2,194.7
2018-09-09 02:00:00,20.57,1.1,0.8,0.8,0.9,307.8
2018-09-09 03:00:00,0,1.3,0.8,1.2,0.9,331
2018-09-09 04:00:00,5.85,1.5,1,1.9,1.2,334
2018-09-09 05:00:00,288.98,1.5,1.2,2.2,1.5,336.5
2018-09-09 06:00:00,296.3,1.2,1.2,1,1.7,340.9
2018-09-09 07:00:00,692.27,1.4,1.1,1.6,1.7,136.5
2018-09-09 08:00:00,815.11,1.6,1,2.8,1.6,139.2
2018-09-09 09:00:00,172.76,1.8,1,2.8,1.7,131.8
2018-09-09 10:00:00,1.28,1.6,1.4,2.6,1.9,125.2
2018-09-09 11:00:00,0.41,1.2,1.7,1.8,2.1,83.6
2018-09-09 12:00:00,0,1.2,2,1.4,2.4,324
2018-09-09 13:00:00,0.02,2.2,2.4,3,2.8,318.9
2018-09-09 14:00:00,20.95,3,2.9,5,3.2,349.4
2018-09-09 15:00:00,98.87,2.9,3.2,4.8,3.5,11
2018-09-09 16:00:00,78.5,3.2,3.3,5.1,3.6,9.7
2018-09-09 17:00:00,104.72,3.6,3.5,5.9,3.8,22.1
2018-09-09 18:00:00,0.21,3,3.5,4.9,3.7,43.2
2018-09-09 19:00:00,0,2.2,3.1,3.6,3.5,84.1
2018-09-09 20:00:00,0,2,2.8,3.3,3.2,121.3
2018-09-09 21:00:00,0,1.8,2.5,2.5,2.9,130.3
2018-09-09 22:00:00,83.19,1.5,2.3,1.9,2.6,127.9
2018-09-09 23:00:00,662.65,1.4,2,1.7,2.3,131.9
2018-09-10 00:00:00,773.24,1.3,1.9,2.4,2.1,128.6
2018-09-10 01:00:00,2647.11,1.4,1.8,2.9,1.9,136
2018-09-10 02:00:00,2880.5,1.7,1.7,2.9,1.8,146.8
2018-09-10 03:00:00,3172.68,1.6,1.7,2.6,1.7,147
2018-09-10 04:00:00,1363.34,1.3,1.8,2,1.8,144.8
2018-09-10 05:00:00,1390.33,1.4,1.8,1.6,1.8,133.2
2018-09-10 06:00:00,2136.3,1.6,1.8,2.3,1.8,124.2
2018-09-10 07:00:00,2625.91,2.3,1.5,3.8,1.7,130.9
2018-09-10 08:00:00,3447.44,2.9,1.3,4.4,1.6,134.8
2018-09-10 09:00:00,2751.59,3,1.1,4.5,1.5,136
2018-09-10 10:00:00,232.39,2.6,1,4.2,1.3,138
2018-09-10 11:00:00,1.76,1.7,0.9,2.9,1.1,140.1
2018-09-10 12:00:00,0,1.3,1,2.3,1.1,139.8
2018-09-10 13:00:00,0,1.3,1.3,2.1,1.5,131.3
2018-09-10 14:00:00,0,0.9,1.6,1.2,1.8,107.8
2018-09-10 15:00:00,0,0.8,2,0.7,2.2,73.4
2018-09-10 16:00:00,385.38,0.9,2.5,0.7,2.7,41.8
2018-09-10 17:00:00,90.54,1.3,2.9,0.9,3.2,33.9
2018-09-10 18:00:00,0.06,1.6,2.9,2.2,3.2,76.8
2018-09-10 19:00:00,0.03,1.9,2.4,2.9,2.7,102.3
2018-09-10 20:00:00,708.05,1.9,2,2.3,2.3,126.4
2018-09-10 21:00:00,2349.06,1.8,1.8,2.1,2,135.4
2018-09-10 22:00:00,2893.84,1.8,1.9,2.3,1.9,141.3
2018-09-10 23:00:00,1723.81,1.7,2,2.3,1.9,137.2
2018-09-11 00:00:00,1541.1,1.7,2,2.6,1.8,136.2
2018-09-11 01:00:00,2882.15,1.8,1.8,3.2,1.7,139.8
2018-09-11 02:00:00,4154.98,1.7,1.6,3.3,1.7,145.1
2018-09-11 03:00:00,3579.92,1.9,1.6,3.4,1.7,144.8
2018-09-11 04:00:00,1849.97,2.1,1.7,3.8,1.8,143.4
2018-09-11 05:00:00,1468.32,2.1,1.9,3.7,1.8,146.3
2018-09-11 06:00:00,847.63,1.9,1.8,3.3,1.8,144.8
2018-09-11 07:00:00,1173.57,1.9,1.5,2.8,1.7,142.4
2018-09-11 08:00:00,734.37,1.9,1.2,2.7,1.6,141.7
2018-09-11 09:00:00,490.39,2.2,0.9,3.3,1.4,141.6
2018-09-11 10:00:00,1.21,2.1,0.7,3.2,1,143
2018-09-11 11:00:00,0,1.4,0.4,2.4,0.7,150.2
2018-09-11 12:00:00,0,1.1,0.4,2.4,0.6,168.6
2018-09-11 13:00:00,0,1.1,0.6,2.2,0.7,193.7
2018-09-11 14:00:00,5.35,1.4,0.8,2,0.9,243.7
2018-09-11 15:00:00,58.45,2,1.2,2.8,1.1,281.4
2018-09-11 16:00:00,104.75,2.1,1.6,3.5,1.5,302.6
2018-09-11 17:00:00,1.77,2,2.1,3.5,1.9,317
2018-09-11 18:00:00,0.09,1.7,2.2,3,2.1,326.4
2018-09-11 19:00:00,0,1.3,2.1,2.3,1.9,338.9
2018-09-11 20:00:00,0,1.4,1.9,1.6,1.7,342.2
2018-09-11 21:00:00,0,1.7,1.8,1.5,1.6,167.8
2018-09-11 22:00:00,0,1.5,1.8,1.9,1.4,163.3
2018-09-11 23:00:00,92.9,1.2,1.8,1.7,1.2,167.2
2018-09-12 00:00:00,437.32,1.5,1.7,1.6,1.2,168.3
2018-09-12 01:00:00,59.17,1.6,1.7,1.5,1.4,169.8
2018-09-12 02:00:00,348.89,1.7,1.6,1.2,1.6,173.5
2018-09-12 03:00:00,116.52,1.3,1.6,0.8,1.7,171.3
2018-09-12 04:00:00,0,1.1,1.5,0.8,1.7,353.7
2018-09-12 05:00:00,0,1,1.5,1.3,1.7,11.6
2018-09-12 06:00:00,0.01,0.9,1.4,1.6,1.6,61.7
2018-09-12 07:00:00,146.8,1.5,1.2,2.3,1.6,122.3
2018-09-12 08:00:00,75.53,1.9,1.1,2.9,1.6,138.5
2018-09-12 09:00:00,46.86,1.6,1.1,2.2,1.6,126.9
2018-09-12 10:00:00,0,0.8,1.2,0.7,1.6,101.6
2018-09-12 11:00:00,0,0.8,1.3,0.8,1.6,324.1
2018-09-12 12:00:00,0,0.9,1.6,1,1.8,304.3
2018-09-12 13:00:00,0,1.1,2.2,1.1,2.3,269.5
2018-09-12 14:00:00,124.64,2.2,2.7,2.7,2.8,290.8
2018-09-12 15:00:00,716.99,2.7,3.1,3.9,3.2,318.1
2018-09-12 16:00:00,511.52,2.9,3.4,4.6,3.6,353.2
2018-09-12 17:00:00,36.02,3.1,3.7,5,3.9,15.3
2018-09-12 18:00:00,87.03,2.8,3.9,4.3,4.1,33.2
2018-09-12 19:00:00,268.46,2.5,3.9,3.8,4.3,38.9
2018-09-12 20:00:00,1182.51,2.8,3.9,4.3,4.4,33.2
2018-09-12 21:00:00,42.39,2.6,3.7,4.3,4.2,43.4
2018-09-12 22:00:00,0.04,2,3.2,3.4,3.8,70.9
2018-09-12 23:00:00,198.29,1.8,2.8,2.9,3.3,100.4
2018-09-13 00:00:00,49.73,1.4,2.6,2.3,3.1,101.2
2018-09-13 01:00:00,156.3,1,2.6,1.9,3.2,56.9
2018-09-13 02:00:00,810.62,1,2.6,2.1,3.2,32.7
2018-09-13 03:00:00,1775.84,1.1,2.6,2.7,3.3,35.2
2018-09-13 04:00:00,1097.21,1.3,2.6,3.1,3.3,54.8
2018-09-13 05:00:00,425.47,0.9,2.6,2.7,3.4,74.8
2018-09-13 06:00:00,971.03,0.9,2.7,2.6,3.5,88.8
2018-09-13 07:00:00,1703.43,1.1,2.8,2.1,3.5,88.1
2018-09-13 08:00:00,513.05,1.2,3,1.6,3.6,48.2
2018-09-13 09:00:00,35.25,1.4,3.2,1.9,3.7,43.5
2018-09-13 10:00:00,8.53,1.4,3.5,1.9,3.9,45.8
2018-09-13 11:00:00,37.26,1.7,3.7,2.5,4.1,38.3
2018-09-13 12:00:00,42.6,2.1,4,3,4.3,51.6
2018-09-13 13:00:00,40.75,2,4.1,2.8,4.5,63.3
2018-09-13 14:00:00,58.49,1.9,4.3,2.7,4.7,55.2
2018-09-13 15:00:00,91.54,2.6,4.5,4,4.9,49.2
2018-09-13 16:00:00,459.38,3.5,4.7,5.5,5.1,54.3
2018-09-13 17:00:00,1525.02,3.7,5,5.8,5.4,58.5
2018-09-13 18:00:00,1671.19,3.1,5.1,5,5.6,61.8
2018-09-13 19:00:00,2798.81,2.5,5.1,4.2,5.7,66.4
2018-09-13 20:00:00,1983.93,2.2,5.1,4,5.8,68.1
2018-09-13 21:00:00,1579.88,2,5,3.8,5.9,71.3
2018-09-13 22:00:00,1036.46,1.8,4.9,3.7,5.8,73.6
2018-09-13 23:00:00,1222.09,1.9,4.7,3.6,5.7,84.4
2018-09-14 00:00:00,1390.98,1.7,4.3,3,5.3,94.8
2018-09-14 01:00:00,1671.96,1.3,3.6,2.9,4.5,70.2
2018-09-14 02:00:00,701.39,1.5,2.9,3.8,3.8,54.5
2018-09-14 03:00:00,950.9,1.5,2.5,4.3,3.4,61.2
2018-09-14 04:00:00,1214.33,1.4,2.6,3.8,3.6,68.7
2018-09-14 05:00:00,1049.25,1.5,2.6,3.2,3.8,67
2018-09-14 06:00:00,1609.22,1.4,2.7,3.4,3.8,60
2018-09-14 07:00:00,770.61,1.5,2.8,3.2,3.8,62.7
2018-09-14 08:00:00,379.41,2.1,2.9,3.6,3.7,61.3
2018-09-14 09:00:00,244.58,3,3.2,5,3.9,59.9
2018-09-14 10:00:00,760.68,3.3,3.7,5.7,4.4,59
2018-09-14 11:00:00,546.63,3.4,4.2,5.9,4.8,56
2018-09-14 12:00:00,860.87,3.8,4.7,6.5,5.3,52
2018-09-14 13:00:00,1096.93,4.3,5.1,7,5.7,47.6
2018-09-14 14:00:00,936.96,4.7,5.6,7.3,6.1,43.6
2018-09-14 15:00:00,1600.34,4.5,6,7,6.6,40
2018-09-14 16:00:00,2527.46,4.1,6.4,6.4,7.1,41.2
2018-09-14 17:00:00,1708.2,3.5,6.9,5.6,7.6,47
2018-09-14 18:00:00,1360.53,3,7.2,5.2,8.1,56.6
2018-09-14 19:00:00,2094.31,2.9,7.4,5.6,8.4,63.5
2018-09-14 20:00:00,3303.26,3,7.5,6,8.8,67.1
2018-09-14 21:00:00,3113.12,3.2,7.5,6.5,8.8,68.5
2018-09-14 22:00:00,5564.75,3.2,7.3,6.5,8.7,70.1
2018-09-14 23:00:00,5791.32,3,7.1,6.1,8.5,73.5
2018-09-15 00:00:00,5294.66,2.8,6.7,5.6,8,76.5
2018-09-15 01:00:00,4726.05,2.9,5.9,5.4,7.2,78.6
2018-09-15 02:00:00,2002.91,3,5.2,5.3,6.3,78
2018-09-15 03:00:00,3607.54,2.9,4.8,5.7,5.8,74
2018-09-15 04:00:00,2264.21,2.8,4.8,5.9,5.7,75.2
2018-09-15 05:00:00,1433.02,2.8,4.7,5.5,5.5,85
2018-09-15 06:00:00,2780.89,2.7,4.2,5.2,5,91.9
2018-09-15 07:00:00,4532.38,3.2,3.4,5.2,4.1,99
2018-09-15 08:00:00,2832.62,3.9,2.5,5.6,3.1,99.2
2018-09-15 09:00:00,1251.61,4,2,5.7,2.5,94
2018-09-15 10:00:00,22.37,3.5,1.8,4.9,2.1,92.4
2018-09-15 11:00:00,0,2.8,1.6,4.2,1.7,85.5
2018-09-15 12:00:00,0,2.7,1.5,4.2,1.5,81.3
2018-09-15 13:00:00,0,2.6,1.4,4.1,1.4,83.7
2018-09-15 14:00:00,0,2.5,1.3,3.8,1.3,86.9
2018-09-15 15:00:00,0.35,2.5,1.4,3.9,1.5,80.5
2018-09-15 16:00:00,402,2.7,1.8,4.4,1.9,72.7
2018-09-15 17:00:00,232.54,2.9,2.2,4.6,2.3,71.4
2018-09-15 18:00:00,2.59,2.5,2.3,4,2.4,76.5
2018-09-15 19:00:00,218.92,2,2.1,3.4,2.2,101.6
2018-09-15 20:00:00,169.73,2.1,2,3.4,2.1,132.4
2018-09-15 21:00:00,0,2.1,1.8,3.4,1.9,142.4
2018-09-15 22:00:00,0,1.7,1.7,3.2,1.7,142.7
2018-09-15 23:00:00,4.55,1.6,1.6,3,1.5,143.9
2018-09-16 00:00:00,8.99,1.6,1.5,2.8,1.4,143.7
2018-09-16 01:00:00,226.23,1.6,1.4,2.8,1.5,139.5
2018-09-16 02:00:00,58.12,1.6,1.4,2.8,1.6,135.3
2018-09-16 03:00:00,0,1.6,1.4,2.8,1.7,131
2018-09-16 04:00:00,1.38,1.7,1.4,2.8,1.7,126.7
2018-09-16 05:00:00,6.9,1.8,1.5,2.8,1.7,122.5
2018-09-16 06:00:00,175.29,1.9,1.5,2.8,1.7,118.4
2018-09-16 07:00:00,76.68,1.9,1.3,3,1.7,123.8
2018-09-16 08:00:00,0,1.1,1.1,1.8,1.7,127.3
2018-09-16 09:00:00,0.19,0.6,1.1,0.5,1.7,110.8
2018-09-16 10:00:00,0,0.9,1.3,1.1,1.8,116
2018-09-16 11:00:00,0,1.3,1.5,2.1,1.8,125.3
2018-09-16 12:00:00,0,1.3,1.5,2.4,1.8,130.8
2018-09-16 13:00:00,0,0.7,1.4,1.6,1.6,141.2
2018-09-16 14:00:00,0,0.3,1.3,0.7,1.4,160.7
2018-09-16 15:00:00,0,0.6,1.4,0.3,1.5,111.7
2018-09-16 16:00:00,0,1,1.7,0.3,1.9,124.1
2018-09-16 17:00:00,0,1.6,1.9,0.8,2.2,324.4
2018-09-16 18:00:00,0,1.5,2,1.3,2.3,20.5
2018-09-16 19:00:00,0,1.2,1.9,2,2.2,107
2018-09-16 20:00:00,0,1.6,1.8,2.9,2.1,124.9
2018-09-16 21:00:00,769.11,1.6,1.7,3.3,2,136.6
2018-09-16 22:00:00,1729.76,1.7,1.6,3.7,1.8,141.4
2018-09-16 23:00:00,984.91,1.9,1.5,4.2,1.7,143.7
2018-09-17 00:00:00,1819.74,1.9,1.4,4.7,1.6,149.3
2018-09-17 01:00:00,2512.32,2,1.3,4.5,1.5,154.6
2018-09-17 02:00:00,3466.62,2.2,1.2,3.8,1.5,162.3
2018-09-17 03:00:00,1634.44,2.2,1.5,3.5,1.8,168.5
2018-09-17 04:00:00,1173.96,2.1,2.1,3.3,2.6,174.8
2018-09-17 05:00:00,2096.29,2.1,2.7,3.2,3.5,175
2018-09-17 06:00:00,5669.94,2,3.1,3.6,4.2,185.6
2018-09-17 07:00:00,2915.97,1.7,3.4,4.6,4.9,200.5
2018-09-17 08:00:00,2816.66,1.9,3.7,4.5,5.7,196.1
2018-09-17 09:00:00,3445.16,2.9,4.2,4.4,6.2,200.9
2018-09-17 10:00:00,4729.64,4,4.9,6.3,6.4,213.7
2018-09-17 11:00:00,6553.58,4.3,5.5,7.5,6.7,221
2018-09-17 12:00:00,8500.05,4.5,5.9,7.9,6.9,223.1
2018-09-17 13:00:00,6720.93,4.9,6,8.5,7,222.9
2018-09-17 14:00:00,6406.83,5,6.1,8.5,7.2,231.7
2018-09-17 15:00:00,8199.22,4.9,6.1,8.4,7.2,233.7
2018-09-17 16:00:00,6057.54,4.5,5.8,8,7,234.4
2018-09-17 17:00:00,2054.28,3.7,5.6,6.7,6.8,240.1
2018-09-17 18:00:00,198.13,2.3,5.3,4.4,6.4,250.4
2018-09-17 19:00:00,1378.72,1.6,4.9,3.1,6,267.8
2018-09-17 20:00:00,885.99,1.9,4.4,3.7,5.5,251.3
2018-09-17 21:00:00,757.08,2.1,4.1,4.1,5.1,234.6
2018-09-17 22:00:00,572.33,2,3.8,3.8,4.8,230.5
2018-09-17 23:00:00,751.79,2,3.5,3.5,4.5,236.4
2018-09-18 00:00:00,1346.04,1.6,3,3,3.9,227.7
2018-09-18 01:00:00,607.2,1.2,2.5,2.6,3.1,220.7
2018-09-18 02:00:00,10.16,1.5,1.9,2.7,2.3,234
2018-09-18 03:00:00,11.3,1.5,1.7,2.9,2.1,240.2
2018-09-18 04:00:00,0.02,1.3,2,3,2.6,228.7
2018-09-18 05:00:00,0,1.4,2.3,3.3,3,217.7
2018-09-18 06:00:00,65.99,1.6,2.4,4,3.2,214.5
2018-09-18 07:00:00,478.54,2.1,2.4,4.3,3.1,219.4
2018-09-18 08:00:00,982.95,2.7,2.4,4.7,3.1,234.5
2018-09-18 09:00:00,1300.78,3.2,2.5,5.2,3.1,248.8
2018-09-18 10:00:00,1007.19,3.2,2.7,5.1,3.3,250.4
2018-09-18 11:00:00,573.17,2.9,2.9,4.7,3.5,240.1
2018-09-18 12:00:00,863.59,2.8,3.1,4.7,3.5,240.6
2018-09-18 13:00:00,146.73,3.4,3,5,3.3,262.9
2018-09-18 14:00:00,211.87,3.1,3,4.6,3.2,275.8
2018-09-18 15:00:00,170.37,2.3,3,3.5,3.1,268.7
2018-09-18 16:00:00,240.21,2,2.9,3.1,3,271.5
2018-09-18 17:00:00,126.15,1.5,2.8,2.4,2.9,273.5
2018-09-18 18:00:00,269.65,1.9,2.6,3.6,2.7,308.7
2018-09-18 19:00:00,1029.76,2.3,2.2,4.8,2.4,319.7
2018-09-18 20:00:00,263.58,1,1.8,3,2,313.2
2018-09-18 21:00:00,0,0.6,1.4,1.5,1.7,291.2
2018-09-18 22:00:00,0,1.3,1,1.3,1.4,259.6
2018-09-18 23:00:00,0,1.6,0.6,1.6,1,239.3
2018-09-19 00:00:00,0,1.7,0.6,2.1,1,234.8
2018-09-19 01:00:00,0.98,1.8,0.8,2.6,1.3,238.4
2018-09-19 02:00:00,22.67,1.9,1.1,2.9,1.6,238.2
2018-09-19 03:00:00,0,1.8,1.3,2.7,1.7,242.7
2018-09-19 04:00:00,0,1.9,1.4,2.4,1.7,238.3
2018-09-19 05:00:00,0.01,1.7,1.6,3.2,1.8,191.6
2018-09-19 06:00:00,179.13,1.5,1.5,3.8,1.7,182.2
2018-09-19 07:00:00,128.71,1.4,1.2,3.4,1.7,204.9
2018-09-19 08:00:00,195.8,1.9,1,3.5,1.6,219.9
2018-09-19 09:00:00,533.29,2.4,0.9,3.6,1.5,231.2
2018-09-19 10:00:00,1275.12,2.6,1.1,4.3,1.5,258.3
2018-09-19 11:00:00,1015.64,2.5,1.3,4.3,1.5,268.7
2018-09-19 12:00:00,396.91,2.1,1.5,3.4,1.6,260
2018-09-19 13:00:00,290.01,2,1.6,3,1.8,256.4
2018-09-19 14:00:00,86.9,2,1.8,3,2,261
2018-09-19 15:00:00,2.79,2.1,2.1,3.2,2.3,266.9
2018-09-19 16:00:00,0.05,2.4,2.5,3.6,2.7,277.6
2018-09-19 17:00:00,362.33,2.7,2.9,4.4,3,288.5
2018-09-19 18:00:00,861.56,2.6,2.8,4.6,2.9,303.5
2018-09-19 19:00:00,632.28,2.3,2.2,4.5,2.4,314.5
2018-09-19 20:00:00,726.96,2.1,1.7,4.1,1.9,317.4
2018-09-19 21:00:00,258.03,1.2,1.3,2.4,1.5,326.2
2018-09-19 22:00:00,0,0.5,1.2,1,1.3,345.3
2018-09-19 23:00:00,0,0.6,1.1,0.6,1.1,1.8
2018-09-20 00:00:00,0,1.2,1,0.7,0.9,96.9
2018-09-20 01:00:00,0,1.6,0.9,1,0.7,148.6
2018-09-20 02:00:00,0,1.6,0.8,1,0.5,167.6
2018-09-20 03:00:00,0,1.7,0.8,0.8,0.5,182.3
2018-09-20 04:00:00,0,1.7,0.9,0.7,0.6,200.6
2018-09-20 05:00:00,0,1.7,0.9,0.6,0.7,242.1
2018-09-20 06:00:00,0,1.8,0.9,1,1,210
2018-09-20 07:00:00,11.14,1.6,1,1.7,1.3,189.1
2018-09-20 08:00:00,8.7,1.4,1.1,2.1,1.6,173.6
2018-09-20 09:00:00,0,1.6,1.5,2.5,2.2,183
2018-09-20 10:00:00,0,2.4,2.4,3.7,2.9,209.4
2018-09-20 11:00:00,215.14,3.3,3.3,5.2,3.7,219.4
2018-09-20 12:00:00,1065.84,3.5,3.9,5.8,4.4,223.6
2018-09-20 13:00:00,2339.87,3.8,4.3,6.2,4.9,236.1
2018-09-20 14:00:00,4655.89,4.1,4.7,6.8,5.5,246.7
2018-09-20 15:00:00,6459.62,4.2,5.1,6.9,6,244.5
2018-09-20 16:00:00,4034.81,4.5,5.5,7.4,6.5,239.5
2018-09-20 17:00:00,3514.47,4.6,5.9,7.9,7,242.3
2018-09-20 18:00:00,6808.54,4.3,6.2,7.5,7.4,244.5
2018-09-20 19:00:00,6441.77,3.8,6.2,6.8,7.6,236
2018-09-20 20:00:00,5844.46,3.9,6.3,7.2,7.7,236.3
2018-09-20 21:00:00,6642.52,4.1,6.3,7.5,7.8,239.4
2018-09-20 22:00:00,5440.84,4,6.3,7.4,7.9,234.8
2018-09-20 23:00:00,4456.92,3.8,6.2,7.2,7.9,234.7
2018-09-21 00:00:00,4194.9,3.7,6.1,7,7.9,229.9
2018-09-21 01:00:00,3999.57,3.5,6,6.8,7.7,223.4
2018-09-21 02:00:00,3456.8,3.5,5.9,6.7,7.5,226.7
2018-09-21 03:00:00,4589.38,3.6,5.4,6.7,7,226.9
2018-09-21 04:00:00,5304.87,3.7,4.7,6.9,6,217.1
2018-09-21 05:00:00,5732.96,3.5,3.9,6.5,5.1,209.8
2018-09-21 06:00:00,3364.83,3.4,3.2,6.5,4.1,209.7
2018-09-21 07:00:00,2083.77,3.2,2.4,6.1,3.2,213.1
2018-09-21 08:00:00,483.61,2.5,1.7,4.8,2.2,222.9
2018-09-21 09:00:00,3.02,2.2,1.2,3.8,1.6,227.5
2018-09-21 10:00:00,0.03,1.9,1,3.2,1.1,221.8
2018-09-21 11:00:00,6.54,1.8,0.7,3.1,0.7,219.2
2018-09-21 12:00:00,1.74,1.4,0.7,2.2,0.7,218.5
2018-09-21 13:00:00,0,1.4,0.9,2,0.9,209
2018-09-21 14:00:00,0,1.8,1.1,2.8,1.2,220.2
2018-09-21 15:00:00,0,1.5,1.2,2.4,1.3,233.3
2018-09-21 16:00:00,0,1.2,1.2,1.9,1.3,238
2018-09-21 17:00:00,0,1,1.1,1.7,1.3,251.3
2018-09-21 18:00:00,0,1,1.2,2,1.3,152.4
2018-09-21 19:00:00,0,1.3,1.5,2.5,1.3,123.6
2018-09-21 20:00:00,0,1.4,1.7,2.8,1.3,142.2
2018-09-21 21:00:00,0,1.4,1.7,3.1,1.3,154.9
2018-09-21 22:00:00,0,1.1,1.4,2.6,1.3,156.4
2018-09-21 23:00:00,0,0.8,1.2,1.7,1.2,180
2018-09-22 00:00:00,0,1.2,1.2,2.2,1.3,184
2018-09-22 01:00:00,0,1.4,1.3,2.8,1.6,165.8
2018-09-22 02:00:00,38.14,1.3,1.5,2.6,1.8,160.2
2018-09-22 03:00:00,67.16,1.3,1.6,2,1.9,164.8
2018-09-22 04:00:00,2.26,1.4,1.7,1.7,1.9,177
2018-09-22 05:00:00,0,1.7,1.8,1.9,2,174.4
2018-09-22 06:00:00,1.13,1.8,1.7,2.3,1.9,162.9
2018-09-22 07:00:00,0.02,1.7,1.4,2.4,1.9,158.3
2018-09-22 08:00:00,0,1.5,1.2,2.2,1.8,155.5
2018-09-22 09:00:00,0,1.2,1.1,1.9,1.7,161.8
2018-09-22 10:00:00,0,1.1,1.3,1.9,1.7,196.2
2018-09-22 11:00:00,0,1.7,1.5,2.6,1.7,239
2018-09-22 12:00:00,67.42,2.1,1.7,3.3,1.8,254
2018-09-22 13:00:00,359.72,2.2,2,3.4,2.1,266.2
2018-09-22 14:00:00,108.81,2.4,2.3,3.7,2.4,278.9
2018-09-22 15:00:00,18.44,2.5,2.5,3.8,2.6,283.9
2018-09-22 16:00:00,1.32,2.6,2.4,4,2.5,289.2
2018-09-22 17:00:00,151.33,2.4,2.3,3.8,2.4,298.8
2018-09-22 18:00:00,1418.59,1.8,2.1,3.2,2.2,302.2
2018-09-22 19:00:00,1958.13,1.3,1.6,2.7,1.7,310.2
2018-09-22 20:00:00,1357.62,1.2,1.2,2.1,1.3,322.8
2018-09-22 21:00:00,742.55,1.2,1,1.8,1,322
2018-09-22 22:00:00,1.02,1.2,0.9,1.8,1,324.3
2018-09-22 23:00:00,0,1.1,0.9,1.7,0.9,331.8
2018-09-23 00:00:00,0,1.3,0.9,1.1,1,342.2
2018-09-23 01:00:00,0,1.5,1.1,0.6,1.1,354.8
2018-09-23 02:00:00,0,1.9,1.3,0.8,1.3,336.7
2018-09-23 03:00:00,0,1.8,1.4,1.5,1.3,334.9
2018-09-23 04:00:00,0,1.5,1.3,1.3,1.3,337.9
2018-09-23 05:00:00,0,1.7,1.3,0.8,1.3,323
2018-09-23 06:00:00,0,1.5,1.2,1.9,1.2,299.9
2018-09-23 07:00:00,0,1.2,0.9,3,1.1,300.2
2018-09-23 08:00:00,0,1.4,0.6,2.6,0.9,302.2
2018-09-23 09:00:00,0,2,0.7,3.2,1,307.5
2018-09-23 10:00:00,152.15,2.6,1.1,4.3,1.2,316
2018-09-23 11:00:00,24.77,2.6,1.5,4.7,1.5,321.8
2018-09-23 12:00:00,392.31,2.5,1.9,4.3,1.9,323.2
2018-09-23 13:00:00,561.27,2.8,2.4,4.7,2.4,326.7
2018-09-23 14:00:00,780.61,3.6,2.8,6,2.8,332.3
2018-09-23 15:00:00,734.1,3.4,3,5.9,3.1,342.1
2018-09-23 16:00:00,816.15,3.1,3,5.4,3.1,351
2018-09-23 17:00:00,8.32,3.1,2.9,5.2,3.1,354.5
2018-09-23 18:00:00,28.92,2.8,3,4.5,3.5,4.4
2018-09-23 19:00:00,679.34,2.6,3.5,4.3,4.1,22.1
2018-09-23 20:00:00,1076.09,2.9,3.9,4.9,4.8,32.8
2018-09-23 21:00:00,1503.53,3.1,4.6,5.1,5.7,39.4
2018-09-23 22:00:00,2351.22,3.5,5.6,5.5,7,46.3
2018-09-23 23:00:00,3112.24,3.7,6.7,6.1,8.2,56.2
2018-09-24 00:00:00,4415.45,3.8,7.3,6.6,9,64.2
2018-09-24 01:00:00,6270.69,4,7.6,7.3,9.2,63.5
2018-09-24 02:00:00,5406.83,4.1,7.9,7.5,9.5,63.2
2018-09-24 03:00:00,3745.52,4.1,8.2,7.8,9.9,65.4
2018-09-24 04:00:00,5540.75,4.3,8.6,8.3,10.3,66.4
2018-09-24 05:00:00,6130.94,4.7,9,8.7,10.8,68.8
2018-09-24 06:00:00,8311.34,4.9,9.3,8.8,11.1,72.5
2018-09-24 07:00:00,10137.95,4.7,9.3,8.4,11.1,76.3
2018-09-24 08:00:00,11763.59,4.7,9.4,8.3,11.2,79.4
2018-09-24 09:00:00,12269.3,5,9.3,8.7,11,78.8
2018-09-24 10:00:00,12271.39,5.3,9.1,9,10.6,78.3
2018-09-24 11:00:00,11577.93,5.6,8.8,9.3,10.2,78.8
2018-09-24 12:00:00,10948,5.8,8.7,9.5,10,77.7
2018-09-24 13:00:00,7913.64,5.9,8.8,10.1,10,71.2
2018-09-24 14:00:00,6134.64,6,8.8,11.4,10,64.8
2018-09-24 15:00:00,6817.83,5.9,9,11.9,10.2,64.5
2018-09-24 16:00:00,6968.16,5.3,9.3,10.5,10.5,68.4
2018-09-24 17:00:00,6871.69,4.6,9.5,8.7,10.9,73.3
2018-09-24 18:00:00,5575.84,4.1,9.7,7.8,11.2,74.4
2018-09-24 19:00:00,5607.24,3.9,9.8,7.6,11.4,74.4
2018-09-24 20:00:00,7044.26,3.8,9.9,8.1,11.7,73.4
2018-09-24 21:00:00,6795.91,3.8,10,8.6,11.8,71.7
2018-09-24 22:00:00,7926.68,3.8,9.9,8.5,11.8,72.3
2018-09-24 23:00:00,10396.15,3.7,9.8,7.8,11.7,76.7
2018-09-25 00:00:00,11111.38,3.5,9.6,6.9,11.5,82.9
2018-09-25 01:00:00,11232.76,3.2,9.2,6.6,11,83.2
2018-09-25 02:00:00,11353.25,3.2,8.8,7.1,10.5,79.3
2018-09-25 03:00:00,11460.67,3.4,8.5,7.9,10.2,76.7
2018-09-25 04:00:00,11013.93,3.3,8.4,8.1,10,75.5
2018-09-25 05:00:00,9859.02,2.9,8.2,7.3,9.9,78
2018-09-25 06:00:00,10091.67,3.2,7.9,7.1,9.4,85.3
2018-09-25 07:00:00,11025.37,3.8,7.2,7.5,8.7,83.9
2018-09-25 08:00:00,10756.54,4.4,6.6,7.6,8,82.5
2018-09-25 09:00:00,9515.59,4.7,6.4,7.5,7.7,84.6
2018-09-25 10:00:00,7639.44,4.6,6.6,7.1,7.7,83.6
2018-09-25 11:00:00,8309.62,4.6,6.8,7,7.8,85.6
2018-09-25 12:00:00,6398.83,4.9,6.9,7.4,7.9,86.1
2018-09-25 13:00:00,7236.26,5.1,7.1,7.8,8.1,81.9
2018-09-25 14:00:00,6480.48,4.8,7.3,7.6,8.3,75.5
2018-09-25 15:00:00,5593.25,4.6,7.4,7.6,8.4,73.7
2018-09-25 16:00:00,3872.69,4.1,7.5,6.9,8.6,77.1
2018-09-25 17:00:00,2797.22,3.6,7.7,6.1,8.8,80.9
2018-09-25 18:00:00,2717.24,3.4,7.7,5.5,8.9,96
2018-09-25 19:00:00,3079.3,2.9,7.5,4.7,8.8,104.2
2018-09-25 20:00:00,3660.36,2.2,7.3,4.5,8.8,89.8
2018-09-25 21:00:00,5550.92,2,6.9,5.1,8.3,81.8
2018-09-25 22:00:00,6860.64,2,6.3,5.2,7.6,83.8
2018-09-25 23:00:00,5851.33,2.1,5.6,4.5,6.8,96.5
2018-09-26 00:00:00,5802.79,2.5,4.8,5,5.8,118.3
2018-09-26 01:00:00,6431.6,2.7,4,5.8,4.8,130.4
2018-09-26 02:00:00,5676.35,2.5,3.1,6,3.7,135
2018-09-26 03:00:00,5214.27,2.4,2.6,6.3,3,133.3
2018-09-26 04:00:00,7245.57,2.3,2.3,6.1,2.7,129.1
2018-09-26 05:00:00,8061.42,2.3,2.1,6.5,2.5,127.9
2018-09-26 06:00:00,8492.22,2.4,1.9,6.7,2.3,129.2
2018-09-26 07:00:00,6628.01,2.3,1.7,6.4,2.1,132
2018-09-26 08:00:00,4060.64,2.4,1.5,5.9,2,132.4
2018-09-26 09:00:00,2140.85,3,1.4,5.3,1.8,132.1
2018-09-26 10:00:00,1434.61,3.3,1.3,5.3,1.7,134.7
2018-09-26 11:00:00,637.06,3.3,1.1,5.2,1.5,140.8
2018-09-26 12:00:00,0,2.8,1,4.6,1.3,151.7
2018-09-26 13:00:00,453.47,2.4,0.9,3.8,1.2,175.5
2018-09-26 14:00:00,1335.26,2.7,0.8,4,1.1,223
2018-09-26 15:00:00,1042.41,2.6,1,4.4,1.2,246.1
2018-09-26 16:00:00,625.61,1.9,1.4,3.5,1.6,257.5
2018-09-26 17:00:00,145.39,1.6,1.9,3.1,2,258.1
2018-09-26 18:00:00,0,1.7,1.9,2.4,2.1,253.1
2018-09-26 19:00:00,210.5,2,1.6,1.9,1.8,248.2
2018-09-26 20:00:00,263.74,2.3,1.2,1.8,1.5,229.9
2018-09-26 21:00:00,0,2.1,1.1,1.2,1.4,216.1
2018-09-26 22:00:00,164.56,2,1.3,1.3,1.6,207.6
2018-09-26 23:00:00,329.59,1.9,1.5,1.7,1.7,194.4
2018-09-27 00:00:00,211.01,2,1.6,2.1,1.8,189.3
2018-09-27 01:00:00,68.54,2.2,1.6,2.7,1.7,183.2
2018-09-27 02:00:00,925.98,2.3,1.6,3,1.6,166
2018-09-27 03:00:00,1498.64,2.3,1.6,3.4,1.6,145.2
2018-09-27 04:00:00,1427.29,2.3,1.6,4.3,1.6,139.7
2018-09-27 05:00:00,1502.67,2.3,1.7,5.8,1.6,144.5
2018-09-27 06:00:00,2573.63,2.1,1.7,6.1,1.6,147
2018-09-27 07:00:00,4032.56,1.9,1.6,5.4,1.6,150.2
2018-09-27 08:00:00,5809.4,1.8,1.5,4.5,1.6,153.7
2018-09-27 09:00:00,2880.6,1.6,1.8,3.1,2,154.1
2018-09-27 10:00:00,912,1.9,2.5,3.4,2.8,166.1
2018-09-27 11:00:00,950.95,2.8,3.3,4.8,3.6,189.9
2018-09-27 12:00:00,3096.56,3.5,3.8,6.1,4.1,213.1
2018-09-27 13:00:00,3772.89,3.8,4.2,6.4,4.3,226.7
2018-09-27 14:00:00,1816.05,3.6,4.7,6,4.6,234.8
2018-09-27 15:00:00,1975.02,3.3,4.8,5.4,4.6,245.3
2018-09-27 16:00:00,1607.64,2.6,4.6,4.1,4.5,258.9
2018-09-27 17:00:00,160.02,2,4.4,2.9,4.4,277.5
2018-09-27 18:00:00,1100.3,1.7,3.8,2.4,3.8,265.8
2018-09-27 19:00:00,340.8,1.3,2.8,2.8,2.7,234.4
2018-09-27 20:00:00,13.84,0.7,1.8,2.8,1.7,231.4
2018-09-27 21:00:00,9,0.5,1.1,1.9,1,210.8
2018-09-27 22:00:00,184.99,0.8,0.8,1.2,0.7,176.2
2018-09-27 23:00:00,55.13,1.2,0.6,1.4,0.5,166.5
2018-09-28 00:00:00,47.05,1.5,0.4,2.2,0.4,174.9
2018-09-28 01:00:00,0.06,1.6,0.5,2.2,0.5,192.2
2018-09-28 02:00:00,0,1.2,0.5,1.6,0.6,209.5
2018-09-28 03:00:00,0,1.3,0.6,0.9,0.8,235.3
2018-09-28 04:00:00,0,1.4,0.8,0.5,1,95.8
2018-09-28 05:00:00,0,1.1,1,0.7,1.3,132.2
2018-09-28 06:00:00,0,1.1,1.1,0.7,1.4,115
2018-09-28 07:00:00,0,1,1.1,0.8,1.4,87.3
2018-09-28 08:00:00,0,0.8,1.1,0.6,1.4,58.2
2018-09-28 09:00:00,0,0.8,1.1,0.4,1.4,352.5
2018-09-28 10:00:00,0,1.1,1.1,0.5,1.4,41.2
2018-09-28 11:00:00,0,1.3,1.2,0.5,1.4,353.1
2018-09-28 12:00:00,0,1.2,1.3,0.6,1.5,228.7
2018-09-28 13:00:00,0,0.9,1.4,1.1,1.6,175.4
2018-09-28 14:00:00,0.14,0.8,1.6,1.5,1.8,153.6
2018-09-28 15:00:00,0.01,0.9,1.8,1.6,2.1,142.2
2018-09-28 16:00:00,0,0.9,2.2,2.4,2.4,116.8
2018-09-28 17:00:00,0.01,2,2.5,3.7,2.8,98.9
2018-09-28 18:00:00,524.77,2.5,2.7,3.7,3,93.7
2018-09-28 19:00:00,788.71,1.8,2.8,3,3.1,108.8
2018-09-28 20:00:00,963.35,1.8,2.9,2.5,3.2,119.8
2018-09-28 21:00:00,869.49,1.8,2.9,2.2,3.3,120.5
2018-09-28 22:00:00,2306.89,1.9,2.9,2.5,3.3,123.6
2018-09-28 23:00:00,3412.24,2.2,2.9,2.9,3.3,119.3
2018-09-29 00:00:00,4791,2.4,2.8,4,3.2,119
2018-09-29 01:00:00,3894.83,2.5,2.6,4.7,3,129.5
2018-09-29 02:00:00,3489.03,2.7,2.4,4.6,2.8,134.5
2018-09-29 03:00:00,4826.42,2.9,2.2,4.7,2.6,133.4
2018-09-29 04:00:00,4660.46,3.4,2,5.5,2.4,135
2018-09-29 05:00:00,3930.77,3.5,1.8,5.7,2.1,137.1
2018-09-29 06:00:00,3245.13,3,1.6,5.5,2,138.4
2018-09-29 07:00:00,2473.04,2.6,1.4,5,1.8,136.4
2018-09-29 08:00:00,2036.94,2.7,1.2,4.3,1.7,136.5
2018-09-29 09:00:00,1503.46,2.6,1.2,3.9,1.6,134.8
2018-09-29 10:00:00,1092.74,2.4,1.1,3.6,1.4,126
2018-09-29 11:00:00,316.92,2.2,1.1,3.4,1.3,119.7
2018-09-29 12:00:00,31.82,2.1,1.3,3.3,1.4,120.7
2018-09-29 13:00:00,0.03,1.7,1.6,2.7,1.7,120.6
2018-09-29 14:00:00,191.02,1.2,1.9,1.8,2,123.7
2018-09-29 15:00:00,50.7,1.1,2.1,1.9,2.3,138.7
2018-09-29 16:00:00,439.73,1.8,2.3,2.7,2.5,124.5
2018-09-29 17:00:00,856.15,2.3,2.5,3.1,2.8,101.1
2018-09-29 18:00:00,2866.27,2,2.6,3.3,2.8,113.8
2018-09-29 19:00:00,1193.66,1.8,2.4,3.7,2.7,136.7
2018-09-29 20:00:00,1420.82,1.5,2.3,3.2,2.6,132.9
2018-09-29 21:00:00,1918.86,1.4,2.3,2.7,2.5,129.4
2018-09-29 22:00:00,1327.79,1.6,2.3,2.7,2.6,137.1
2018-09-29 23:00:00,1370.11,1.6,2.4,2.6,2.7,134.6
2018-09-30 00:00:00,2705.16,1.6,2.5,2.9,2.8,122.1
2018-09-30 01:00:00,2352.49,1.2,2.6,2.9,2.9,114.4
2018-09-30 02:00:00,2320.5,1.4,2.6,2.3,3,111.5
2018-09-30 03:00:00,1959.54,1.8,2.5,2.6,2.9,123.7
2018-09-30 04:00:00,2243.99,1.9,2.2,3.3,2.6,138.5
2018-09-30 05:00:00,2235.75,2,1.9,3.3,2.3,141.2
2018-09-30 06:00:00,2636.32,1.6,1.7,3.4,2.2,134.5
2018-09-30 07:00:00,1664.32,1.3,1.6,3.2,2.2,134.8
2018-09-30 08:00:00,1086.63,1.4,1.4,2.3,2.2,136.9
2018-09-30 09:00:00,348.41,1.4,1.7,1.8,2.4,122.4
2018-09-30 10:00:00,0.08,1.5,2.2,2,2.8,57.2
2018-09-30 11:00:00,0,2,2.7,3.2,3.2,33.9
2018-09-30 12:00:00,0,2.5,3.2,3.9,3.6,55.3
2018-09-30 13:00:00,0.04,2.3,3.6,3.1,4,73
2018-09-30 14:00:00,8.24,2.3,4,3.5,4.4,51.9
2018-09-30 15:00:00,12.98,3.1,4.4,4.8,4.8,40
2018-09-30 16:00:00,132.47,3.4,4.8,5.2,5.3,45.4
2018-09-30 17:00:00,3359.71,3.4,5.3,5.4,5.8,51.8
2018-09-30 18:00:00,3624.46,3.2,5.7,5.3,6.3,55.9
2018-09-30 19:00:00,2130.85,2.5,6.1,4.7,7,63.6
2018-09-30 20:00:00,4720.95,2.2,6.5,4.7,7.7,61.5
2018-09-30 21:00:00,3601.96,2.7,6.8,5.5,8.1,57.5
2018-09-30 22:00:00,3678.88,3.4,6.8,6.2,8.1,61.5
2018-09-30 23:00:00,5376.02,3.7,6.9,6.5,8.2,60.8
2018-10-01 00:00:00,9035.64,3.6,7.1,6.6,8.4,58.4
2018-10-01 01:00:00,7802.97,3.5,7.4,6.7,8.8,61
2018-10-01 02:00:00,7171.58,4,7.7,7.1,9.2,63.3
2018-10-01 03:00:00,6354.43,4.5,8,7.7,9.5,62.9
2018-10-01 04:00:00,7184.31,4.7,8.2,8,9.9,63.6
2018-10-01 05:00:00,8953.4,4.9,8.5,8.2,10.2,66
2018-10-01 06:00:00,8362.72,4.3,8.6,7.7,10.3,69.9
2018-10-01 07:00:00,10841.92,4.1,8.4,7.1,10,74.8
2018-10-01 08:00:00,10301.78,5,8.2,8.2,9.7,76.9
2018-10-01 09:00:00,8836.87,5.8,8.1,9.4,9.4,73.6
2018-10-01 10:00:00,8535.47,6,7.9,9.7,9.2,71.3
2018-10-01 11:00:00,7586.85,6,7.8,9.6,8.9,72.6
2018-10-01 12:00:00,6052.14,5.7,7.8,9.1,8.9,72.2
2018-10-01 13:00:00,7051.87,5.7,8.1,9.2,9.2,69.6
2018-10-01 14:00:00,6695.95,5.9,8.3,9.8,9.4,67.9
2018-10-01 15:00:00,6374.17,6.1,8.5,10.3,9.6,64.6
2018-10-01 16:00:00,7652.8,6.1,8.7,10.5,9.9,62.9
2018-10-01 17:00:00,9052.28,5.9,8.9,10.1,10.2,66.1
2018-10-01 18:00:00,10789.48,4.8,9.1,8.9,10.5,67.9
2018-10-01 19:00:00,8617.89,4,9.1,7.7,10.7,68.4
2018-10-01 20:00:00,8927.62,4.2,9.2,7.5,10.9,69.2
2018-10-01 21:00:00,7560.28,4.1,9.3,7.1,11,72.7
2018-10-01 22:00:00,8470.07,4.1,9.3,6.7,11,81.6
2018-10-01 23:00:00,10144.04,4.2,9.3,6.9,11,88
2018-10-02 00:00:00,9710.05,4,9.2,6.9,11,85.9
2018-10-02 01:00:00,10013.98,3.8,9.1,7.1,10.9,80.3
2018-10-02 02:00:00,8470.83,4,9.1,7.5,10.8,77.9
2018-10-02 03:00:00,9645.34,3.8,8.9,7.4,10.6,76.3
2018-10-02 04:00:00,9287.25,3.3,8.6,7.1,10.3,75.5
2018-10-02 05:00:00,5819.39,2.9,8.4,6.5,10,75
2018-10-02 06:00:00,4238.38,2.6,8.1,5.8,9.7,82.1
2018-10-02 07:00:00,5976.77,2.5,7.9,5.4,9.5,88.2
2018-10-02 08:00:00,7995.21,3.5,7.7,5.8,9.2,88
2018-10-02 09:00:00,8551.48,4.3,7.4,6,8.8,89.9
2018-10-02 10:00:00,3671.45,4.2,7,6.1,8.2,86.6
2018-10-02 11:00:00,4278.44,4.1,6.5,6.4,7.5,82.9
2018-10-02 12:00:00,3783.13,4.2,6.3,6.4,7.2,87.3
2018-10-02 13:00:00,3635.38,4.2,6.2,6.3,7.1,88.9
2018-10-02 14:00:00,4027.47,4,6.1,6.2,7,84.2
2018-10-02 15:00:00,2773.22,3.7,6.2,6.1,7.1,78.7
2018-10-02 16:00:00,1672.42,3.6,6.5,6,7.4,75.5
2018-10-02 17:00:00,4490.1,3.2,6.8,5.2,7.7,83.5
2018-10-02 18:00:00,4688.98,2.8,6.5,4.8,7.5,115.1
2018-10-02 19:00:00,6993.24,2.6,5.7,4.9,6.6,132.8
2018-10-02 20:00:00,5687.51,2,5,4.3,5.8,132.4
2018-10-02 21:00:00,5036.68,1.7,4.4,3.8,5.1,131.1
2018-10-02 22:00:00,7125.27,1.8,4,3.6,4.6,125.7
2018-10-02 23:00:00,7057.77,1.9,3.6,3.4,4.1,116.3
2018-10-03 00:00:00,7384.78,2.1,3.2,4.4,3.6,119.2
2018-10-03 01:00:00,5787.75,2.2,2.8,5.1,3.2,124.7
2018-10-03 02:00:00,3514.08,2.1,2.4,4.9,2.8,130.6
2018-10-03 03:00:00,3663.74,2.1,2.1,5.1,2.5,135.6
2018-10-03 04:00:00,5566.01,2.1,2.1,5.3,2.3,138.2
2018-10-03 05:00:00,8010.13,2.1,2,5.3,2.2,137.5
2018-10-03 06:00:00,8442.16,2,1.8,5.3,2.1,129.9
2018-10-03 07:00:00,6823.99,1.9,1.6,5.2,1.9,127
2018-10-03 08:00:00,4952.18,1.9,1.4,4.6,1.7,132.2
2018-10-03 09:00:00,2650.47,2.2,1.3,3.9,1.6,136.5
2018-10-03 10:00:00,1483.64,2.5,1.2,3.5,1.6,135.7
2018-10-03 11:00:00,1747.67,2.5,1.2,3.5,1.5,134.2
2018-10-03 12:00:00,1170.24,2.9,1.2,4.5,1.5,131.4
2018-10-03 13:00:00,150.35,3.1,1.3,4.9,1.5,133.3
2018-10-03 14:00:00,0.62,2.4,1.3,4,1.5,139.9
2018-10-03 15:00:00,0,2,1.5,3.3,1.5,138.3
2018-10-03 16:00:00,0.01,1.9,1.7,3.1,1.7,123
2018-10-03 17:00:00,0,1.9,2,3.5,1.9,117.3
2018-10-03 18:00:00,0,1.9,2.1,3.5,2,119.8
2018-10-03 19:00:00,0.01,1.8,2.2,2.9,1.9,124.7
2018-10-03 20:00:00,178.1,2,2.2,2.5,1.9,141.7
2018-10-03 21:00:00,230.4,2.2,2.2,2.5,1.8,150.7
2018-10-03 22:00:00,146.04,2.2,2.2,2.5,1.7,140
2018-10-03 23:00:00,279.12,2.3,2.1,2.6,1.6,134.1
2018-10-04 00:00:00,424.77,2.3,2.1,2.9,1.6,148.9
2018-10-04 01:00:00,1707.19,2.2,2.1,3.2,1.7,157
2018-10-04 02:00:00,1006.75,2.1,2.2,3.2,1.8,154.7
2018-10-04 03:00:00,1065.67,2.2,2.1,3.1,1.8,153.2
2018-10-04 04:00:00,218.81,2.3,1.9,2.9,1.7,151.7
2018-10-04 05:00:00,47.05,2.2,1.7,2.6,1.7,148.9
2018-10-04 06:00:00,0,2.2,1.6,2.4,1.7,160.5
2018-10-04 07:00:00,0,2.1,1.7,1.9,1.7,181.7
2018-10-04 08:00:00,0,1.7,1.8,2.1,1.8,166.2
2018-10-04 09:00:00,0,1.5,1.6,2.2,1.6,150.6
2018-10-04 10:00:00,0,1,1.3,1.8,1.3,155.8
2018-10-04 11:00:00,0,0.8,1,1.4,1.1,188.8
2018-10-04 12:00:00,109.75,1.3,1,1.9,1.2,246.6
2018-10-04 13:00:00,140.29,2,1.5,3,1.6,275
2018-10-04 14:00:00,969.44,2.4,2.1,3.7,2.1,287.5
2018-10-04 15:00:00,595.12,2.2,2.3,3.6,2.4,298.5
2018-10-04 16:00:00,361.07,1.9,2.4,3.4,2.5,312.7
2018-10-04 17:00:00,155.85,1.7,2.5,3.5,2.5,325.4
2018-10-04 18:00:00,0.07,1.6,2.2,2.7,2.2,335.5
2018-10-04 19:00:00,0.24,1.7,1.6,1.7,1.6,349.7
2018-10-04 20:00:00,0,1.7,0.9,1.3,1,351.2
2018-10-04 21:00:00,0,1.8,0.7,1,0.8,342.9
2018-10-04 22:00:00,0,1.7,1,0.6,0.8,341.7
2018-10-04 23:00:00,0,1.7,1.3,0.4,0.8,320.2
2018-10-05 00:00:00,0,2,1.5,0.7,1,239.7
2018-10-05 01:00:00,0,2.3,1.9,1,1.3,233.5
2018-10-05 02:00:00,0.03,2.4,2.2,0.8,1.6,220.5
2018-10-05 03:00:00,0,2.6,2.3,1,1.7,196.9
2018-10-05 04:00:00,0.13,2.6,2.1,1.3,1.8,178.3
2018-10-05 05:00:00,0,2.4,1.9,1.7,1.8,163.6
2018-10-05 06:00:00,0,2.6,1.8,2,1.8,169.7
2018-10-05 07:00:00,0,2.4,1.7,2.6,1.8,166
2018-10-05 08:00:00,0,1.9,1.6,3.3,1.8,151.4
2018-10-05 09:00:00,0,1.4,1.6,2.8,1.9,148.6
2018-10-05 10:00:00,1.11,0.8,1.7,1.8,2,167.7
2018-10-05 11:00:00,1172.92,1,1.8,1.8,2.1,216.7
2018-10-05 12:00:00,1566.93,2.2,2,3.3,2.4,231.3
2018-10-05 13:00:00,2105.53,2.9,2.4,4.7,2.8,230.9
2018-10-05 14:00:00,2851.96,3,2.8,4.8,3.2,242.5
2018-10-05 15:00:00,1398.7,3,3.1,4.6,3.5,263
2018-10-05 16:00:00,461.62,2.9,3.2,4.2,3.7,275.4
2018-10-05 17:00:00,2849.78,2.6,3.4,3.9,3.9,278.6
2018-10-05 18:00:00,650.95,1.9,3.4,3.2,4,286.8
2018-10-05 19:00:00,69.26,1.5,3.2,3,3.9,293.9
2018-10-05 20:00:00,318.55,1.5,3.1,3.3,3.8,293.2
2018-10-05 21:00:00,198.58,1.5,2.9,3.3,3.8,286.8
2018-10-05 22:00:00,1274.05,1.6,2.9,3.1,3.7,272
2018-10-05 23:00:00,2105.26,1.7,2.8,3,3.7,255.8
2018-10-06 00:00:00,1453.26,1.8,2.9,3.5,3.9,248.2
2018-10-06 01:00:00,1422.45,1.7,3.2,3.9,4.4,242.6
2018-10-06 02:00:00,3674.56,1.8,3.4,4.7,5,242.8
2018-10-06 03:00:00,5332.45,2.1,3.8,5.4,5.5,245.9
2018-10-06 04:00:00,5600.44,2.4,4.3,5.6,5.9,243.7
2018-10-06 05:00:00,5122.14,2.9,4.8,6.1,6.4,246.7
2018-10-06 06:00:00,3760.5,3.3,5.1,6.7,6.7,244.6
2018-10-06 07:00:00,4358.93,3.7,5.3,7.3,6.9,237
2018-10-06 08:00:00,5701.33,4.2,5.6,7.7,7.1,256.5
2018-10-06 09:00:00,4703.82,4.3,5.8,8,7.2,293.1
2018-10-06 10:00:00,5073.66,4.3,5.9,8.1,7.3,311.6
2018-10-06 11:00:00,5089.99,4.3,6,8.1,7.3,313.7
2018-10-06 12:00:00,4843.74,4.2,6.1,7.6,7.2,311.4
2018-10-06 13:00:00,4671.72,4.3,6,7.6,7,314.7
2018-10-06 14:00:00,3633,4.7,5.9,8,6.8,324.5
2018-10-06 15:00:00,3157.71,4.3,5.7,7.5,6.6,335.8
2018-10-06 16:00:00,2629.31,4.1,5.6,7.2,6.4,345.9
2018-10-06 17:00:00,1275.51,3.6,5.4,6.7,6.3,348.9
2018-10-06 18:00:00,1259.58,2.3,5.3,5.4,6.2,346.8
2018-10-06 19:00:00,979.55,1.6,5.2,5,6.2,344.7
2018-10-06 20:00:00,231.7,1.6,5.1,4.7,6.1,345.6
2018-10-06 21:00:00,615.9,1.6,5.1,4.6,6.2,353.4
2018-10-06 22:00:00,469.61,1.6,5.2,5,6.4,2.1
2018-10-06 23:00:00,830.91,1.8,5.4,5.5,6.6,5.8
2018-10-07 00:00:00,882.9,1.1,5.4,5,6.7,10.3
2018-10-07 01:00:00,930.89,0.6,5.3,4.3,6.5,15.4
2018-10-07 02:00:00,727.87,1.1,5.2,4.1,6.4,20.9
2018-10-07 03:00:00,97.38,1.4,5.2,3.8,6.4,25.3
2018-10-07 04:00:00,216.18,1.3,5.3,3.8,6.7,22.3
2018-10-07 05:00:00,693.72,1.5,5.4,4.1,6.9,20.4
2018-10-07 06:00:00,1747.96,1.1,5.4,4.5,6.9,21.8
2018-10-07 07:00:00,1559.51,0.9,5.2,4.7,6.8,21.6
2018-10-07 08:00:00,2053.45,1.8,5.1,4.9,6.7,25
2018-10-07 09:00:00,3294.05,3.2,5.2,6.1,6.8,38.2
2018-10-07 10:00:00,6017.35,4.3,5.7,7.2,7,46.6
2018-10-07 11:00:00,7431.54,4.6,6.1,7.6,7.3,48.4
2018-10-07 12:00:00,8085.96,4.7,6.4,7.8,7.5,52.2
2018-10-07 13:00:00,6345.55,4.9,6.6,7.9,7.6,56
2018-10-07 14:00:00,6419.34,5,6.7,8.1,7.7,57.6
2018-10-07 15:00:00,7811.33,5.3,7.1,8.6,8,60.1
2018-10-07 16:00:00,8077.08,5.4,7.6,8.9,8.6,60.5
2018-10-07 17:00:00,7797.3,4.8,8.1,8.3,9.2,63.4
2018-10-07 18:00:00,5779.05,3.8,8.3,7,9.6,68.7
2018-10-07 19:00:00,9271.43,3.1,8.3,6.5,9.7,73
2018-10-07 20:00:00,8843.31,3,8.2,6.6,9.8,80.7
2018-10-07 21:00:00,8180.49,3.1,8.1,6.7,9.7,86.3
2018-10-07 22:00:00,6594.58,3.1,7.9,6.9,9.5,86.9
2018-10-07 23:00:00,4534.5,3.3,7.7,6.7,9.4,91
2018-10-08 00:00:00,6853.24,3.1,7.4,6.3,9,93.3
2018-10-08 01:00:00,9887.42,2.5,7.1,6.2,8.6,87
2018-10-08 02:00:00,7881.06,2.2,6.7,6.1,8.2,84
2018-10-08 03:00:00,6455.19,2,6.2,5.6,7.5,86.6
2018-10-08 04:00:00,3928.43,2,5.6,5,6.7,86.1
2018-10-08 05:00:00,6318.16,2,5,4.5,5.9,90.5
2018-10-08 06:00:00,6461.3,1.9,4.3,4.4,5.1,101.5
2018-10-08 07:00:00,6196.14,1.5,3.5,4.5,4.3,101
2018-10-08 08:00:00,3103.93,2,2.7,4.6,3.6,94.5
2018-10-08 09:00:00,2467.58,3.4,2.3,6.3,3.1,93.6
2018-10-08 10:00:00,3363.93,3.9,2.3,7,2.9,103.1
2018-10-08 11:00:00,1109.64,3.6,2.3,6.2,2.7,117.1
2018-10-08 12:00:00,292.42,3.4,2.5,5.5,2.8,114.1
2018-10-08 13:00:00,80.2,3.3,2.8,5.1,3.2,104
2018-10-08 14:00:00,91.47,3.4,3.2,5.2,3.5,95.5
2018-10-08 15:00:00,251.47,3.5,3.6,5.2,4.1,88.7
2018-10-08 16:00:00,1217.21,3.5,4.3,5.4,4.8,88.4
2018-10-08 17:00:00,1651.89,3.2,5,5,5.6,88.9
2018-10-08 18:00:00,4668.45,2.5,4.8,4.6,5.4,101.9
2018-10-08 19:00:00,3551.75,1.9,3.8,4.3,4.3,112.5
2018-10-08 20:00:00,3275.25,1.7,2.8,3.6,3.2,115.8
2018-10-08 21:00:00,1688.94,1.9,2.2,3,2.6,128.8
2018-10-08 22:00:00,1407.6,2.1,2.1,3,2.4,140.2
2018-10-08 23:00:00,1848.77,2,1.9,3.4,2.2,137.6
2018-10-09 00:00:00,1636.88,1.8,1.9,3.8,2,136
2018-10-09 01:00:00,445.51,1.7,1.9,3.5,1.9,136.8
2018-10-09 02:00:00,0.55,1.9,1.9,2.9,1.7,132.2
2018-10-09 03:00:00,1.17,2.1,1.9,2.8,1.7,131
2018-10-09 04:00:00,1.09,2,1.9,2.7,1.7,135.5
2018-10-09 05:00:00,368.14,1.9,1.9,2.6,1.7,145.9
2018-10-09 06:00:00,707.94,1.8,1.9,3,1.7,145.8
2018-10-09 07:00:00,371.12,1.9,1.8,3.8,1.6,131.2
2018-10-09 08:00:00,1335.96,1.8,1.8,3.7,1.6,128.1
2018-10-09 09:00:00,1589.17,1.8,1.5,3.1,1.4,136
2018-10-09 10:00:00,781.62,1.9,1.1,3,1,139
2018-10-09 11:00:00,4.39,2,0.7,3.3,0.7,139.9
2018-10-09 12:00:00,0,1.5,0.6,2.6,0.6,137.9
2018-10-09 13:00:00,1.54,1.3,0.8,1.9,0.8,122.3
2018-10-09 14:00:00,1.6,1.4,1,1.8,1,114.9
2018-10-09 15:00:00,0,1.3,1.2,1.7,1.2,118
2018-10-09 16:00:00,0,1.3,1.5,1.8,1.4,116.2
2018-10-09 17:00:00,0,1.6,1.8,2.8,1.5,117.7
2018-10-09 18:00:00,0,1.3,1.8,2.7,1.5,115.2
2018-10-09 19:00:00,0,1.5,1.6,1.8,1.3,131.5
2018-10-09 20:00:00,928.01,2.1,1.4,1.7,1.1,146.5
2018-10-09 21:00:00,2062.17,2.1,1.3,1.7,1.1,136.1
2018-10-09 22:00:00,816.69,2.2,1.4,2.4,1.3,140
2018-10-09 23:00:00,1688.24,2.2,1.4,3,1.5,142.4
2018-10-10 00:00:00,3407.97,2.1,1.9,3.4,2.2,147.4
2018-10-10 01:00:00,4278.47,2,2.8,4.1,3.6,152.6
2018-10-10 02:00:00,4141.31,2.2,3.7,4.4,4.9,154.6
2018-10-10 03:00:00,4996.33,2.2,4.5,4.5,5.9,155
2018-10-10 04:00:00,2331.76,2,5.2,5.2,6.5,153.6
2018-10-10 05:00:00,2654.02,1.9,5.9,5.2,7.2,154.5
2018-10-10 06:00:00,4464.01,1.9,6.2,4.6,7.6,150.7
2018-10-10 07:00:00,3736.96,1.8,6.2,4.7,7.9,149.5
2018-10-10 08:00:00,2858.54,2,6.2,5.2,8.2,156.3
2018-10-10 09:00:00,781.17,2.9,6.1,5.6,8,161.4
2018-10-10 10:00:00,603.5,3.6,5.9,6,7.4,165.5
2018-10-10 11:00:00,4558.52,4.2,5.7,7.3,6.8,188.1
2018-10-10 12:00:00,6629.57,4.9,5.9,8.6,6.9,211.6
2018-10-10 13:00:00,8476.02,5.1,6.7,8.9,7.7,218.1
2018-10-10 14:00:00,6633.64,5,7.5,8.8,8.6,210.3
2018-10-10 15:00:00,5328.14,4.8,8.1,8.5,9.2,205.8
2018-10-10 16:00:00,3732.55,4.4,8.4,7.7,9.7,215.3
2018-10-10 17:00:00,3305.43,3.9,8.7,6.9,10.2,215.4
2018-10-10 18:00:00,3125.12,3.3,9.1,6.7,10.8,200.2
2018-10-10 19:00:00,4431.92,3.3,9.5,7.2,11.5,197
2018-10-10 20:00:00,5945.65,4.2,10,8.3,12.2,197.7
2018-10-10 21:00:00,5584.93,5.4,10.5,10.1,12.8,194.8
2018-10-10 22:00:00,4830.59,6.2,11,11.5,13.4,194.3
2018-10-10 23:00:00,11039.5,6.4,11.5,11.8,14,192.8
2018-10-11 00:00:00,11765.25,6.4,11.7,11.9,14.2,196.7
2018-10-11 01:00:00,6905.88,6.2,11.6,12.3,14,188.9
2018-10-11 02:00:00,8358.41,5.4,11.6,11,13.9,177.1
2018-10-11 03:00:00,8652.51,5,11,9.8,13.3,187.7
2018-10-11 04:00:00,4318.11,4.5,10,8.5,12.1,227.9
2018-10-11 05:00:00,2390.43,3.9,9,7.5,11,275
2018-10-11 06:00:00,4294.83,3.4,8.3,6.7,10.2,258.7
2018-10-11 07:00:00,3659.04,3.4,8,6.5,9.7,229.5
2018-10-11 08:00:00,2198.08,4,7.6,7.5,9.3,230.7
2018-10-11 09:00:00,5668.57,4.3,7.3,7.7,8.9,236.7
2018-10-11 10:00:00,7118.64,4.8,7.1,8.4,8.5,229.9
2018-10-11 11:00:00,6406.89,5,6.9,8.8,8.1,224.6
2018-10-11 12:00:00,3473.45,4.8,6.8,8.3,7.9,225.7
2018-10-11 13:00:00,6128.12,4.7,7,8.1,8,222
2018-10-11 14:00:00,6013.35,5,7.1,8.6,8.1,213.4
2018-10-11 15:00:00,6636.1,5.2,7.5,9.1,8.6,207.9
2018-10-11 16:00:00,5938.43,4.9,8.2,8.9,9.5,206.2
2018-10-11 17:00:00,6180.64,4.4,8.9,8.3,10.5,203.4
2018-10-11 18:00:00,4579.55,4.5,9.7,8.5,11.5,201.2
2018-10-11 19:00:00,5949,4.9,10.4,9.4,12.5,195.6
2018-10-11 20:00:00,9724.64,5.4,11.2,10.3,13.5,188.9
2018-10-11 21:00:00,11993.08,5.8,11.7,11.1,14.2,187.6
2018-10-11 22:00:00,10418.35,6.1,11.9,11.5,14.4,187.8
2018-10-11 23:00:00,9949.28,6.1,12.2,11.3,14.7,187.7
2018-10-12 00:00:00,8155.88,5.8,12.3,10.7,14.9,187.9
2018-10-12 01:00:00,7882.51,5.8,12.4,10.6,15,186.8
2018-10-12 02:00:00,8235.92,6,12.5,10.9,15.1,183.8
2018-10-12 03:00:00,6109.36,6,12.6,11,15.2,180.4
2018-10-12 04:00:00,7402.15,6.2,12.7,11.3,15.3,180
2018-10-12 05:00:00,8363.89,6.3,12.8,11.5,15.3,179.4
2018-10-12 06:00:00,10192.86,6.3,12.7,11.6,15.3,176.7
2018-10-12 07:00:00,10839.82,6.4,12.5,11.8,15,176.9
2018-10-12 08:00:00,10016.76,6.5,12.4,11.9,14.8,179
2018-10-12 09:00:00,10356.37,6.5,12.3,11.8,14.7,179.4
2018-10-12 10:00:00,9805.69,6.5,12.3,11.8,14.7,179.5
2018-10-12 11:00:00,8278.79,6.7,12.4,12.1,14.7,182
2018-10-12 12:00:00,9403.79,6.9,12.3,12.4,14.6,187.3
2018-10-12 13:00:00,8678.61,6.9,12.2,12.4,14.4,191.7
2018-10-12 14:00:00,10558.9,7.1,12,12.8,14.3,192.8
2018-10-12 15:00:00,8218.33,7.3,11.9,13,14.2,189.7
2018-10-12 16:00:00,8437.81,7.2,11.9,12.8,14.2,188.2
2018-10-12 17:00:00,7684.41,7.1,11.9,12.7,14.2,188.7
2018-10-12 18:00:00,8687.12,6.6,11.9,11.9,14.3,185.2
2018-10-12 19:00:00,9412.5,6.2,12.1,11.2,14.5,180.6
2018-10-12 20:00:00,7259.98,6.3,12.2,11.6,14.7,178.7
2018-10-12 21:00:00,7114.81,6.4,12.3,12.1,14.9,178.3
2018-10-12 22:00:00,8392.59,6.3,12.5,11.9,15.1,176.8
2018-10-12 23:00:00,9460.86,5.9,12.7,11.2,15.2,175.9
2018-10-13 00:00:00,6643.82,5.6,12.8,10.6,15.4,176.1
2018-10-13 01:00:00,7897.49,5.7,12.9,10.4,15.5,176.3
2018-10-13 02:00:00,5917.17,6.2,13,11.2,15.7,178.4
2018-10-13 03:00:00,4152.41,6.4,13.1,11.7,15.8,179
2018-10-13 04:00:00,7560.09,6.3,13.3,11.8,16,179
2018-10-13 05:00:00,10567.82,6.2,13.4,11.5,16.1,179.6
2018-10-13 06:00:00,9181.51,6,13.5,10.8,16.2,182.5
2018-10-13 07:00:00,11084.44,5.8,13.4,10,16.1,188
2018-10-13 08:00:00,11461.99,5.7,13.4,9.7,16.1,192.3
2018-10-13 09:00:00,11592.27,6.2,13.3,10.4,15.8,197.9
2018-10-13 10:00:00,11519.04,6.8,12.9,11.7,15.4,205.6
2018-10-13 11:00:00,11315.9,6.9,12.6,11.9,14.9,209.6
2018-10-13 12:00:00,10638.55,6.8,12,11.7,14.2,209
2018-10-13 13:00:00,11626.3,6.8,11.3,11.7,13.3,209.2
2018-10-13 14:00:00,8216.37,6.4,10.6,10.9,12.4,204.8
2018-10-13 15:00:00,7319.32,5.1,9.8,8.8,11.4,206.4
2018-10-13 16:00:00,6061.86,4.1,8.9,7,10.3,221.8
2018-10-13 17:00:00,5189.68,4,7.9,6.7,9.1,268.1
2018-10-13 18:00:00,8065.37,4.3,7.2,7.4,8.3,318.6
2018-10-13 19:00:00,8189.43,4.6,6.7,8.4,7.6,329.9
2018-10-13 20:00:00,5016.5,4.2,6.1,7.9,7,336
2018-10-13 21:00:00,5545.22,3.5,5.6,7.2,6.5,349.3
2018-10-13 22:00:00,927.67,4.2,5,8.7,6,355.6
2018-10-13 23:00:00,3003.16,4.4,4.5,9.2,5.6,354.5
2018-10-14 00:00:00,4054.34,3.5,4.2,7.4,5.3,0.1
2018-10-14 01:00:00,5709.22,3.5,4.1,7.1,5.2,356.2
2018-10-14 02:00:00,3950.42,3.3,4,6.6,5,336.7
2018-10-14 03:00:00,134.1,3.2,4.5,6.2,5.5,305.2
2018-10-14 04:00:00,54.71,3.7,5.3,6.7,6.6,291.9
2018-10-14 05:00:00,681.95,2.8,6.2,5.7,7.7,296
2018-10-14 06:00:00,1767.3,2.4,7,5,8.7,286.2
2018-10-14 07:00:00,2262.9,2.6,7.7,5.1,9.4,278.1
2018-10-14 08:00:00,7946.31,3.7,8.4,6,10.1,296.8
2018-10-14 09:00:00,8552.29,5.4,8.6,8.9,10.3,313.4
2018-10-14 10:00:00,7286,5.4,8.3,10.4,9.9,319.3
2018-10-14 11:00:00,7342.97,5,8.1,9.4,9.5,314.8
2018-10-14 12:00:00,6812.41,4.8,7.3,8.4,8.6,310.7
2018-10-14 13:00:00,4123.42,4.6,6.1,8,7.2,308.5
2018-10-14 14:00:00,1546.67,3.9,4.9,6.8,5.7,301.4
2018-10-14 15:00:00,234.37,3.4,4.2,5.7,4.8,288.3
2018-10-14 16:00:00,280.64,2.9,4,5.1,4.6,277.1
2018-10-14 17:00:00,0.04,2.1,3.8,3.8,4.3,257.7
2018-10-14 18:00:00,182.81,1.4,4.2,3.3,5,230.6
2018-10-14 19:00:00,1910.03,1.6,5.3,4.1,6.5,203.6
2018-10-14 20:00:00,3795.24,2.6,6.5,5.7,8.1,199.3
2018-10-14 21:00:00,4024.7,3.6,7.6,7.1,9.5,194.8
2018-10-14 22:00:00,5346.27,4.6,8.8,8.5,10.8,185.9
2018-10-14 23:00:00,7409.6,4.8,10,9,12.1,174.9
2018-10-15 00:00:00,9776.3,4.9,10.7,9.2,12.9,160.2
2018-10-15 01:00:00,11851.84,5.7,10.8,10.4,13.1,158.6
2018-10-15 02:00:00,12026.72,6.1,10.9,11.2,13.2,159.8
2018-10-15 03:00:00,11048.83,5.8,10.7,10.6,13,160.6
2018-10-15 04:00:00,8578.2,4.6,10.1,8.9,12.2,166.8
2018-10-15 05:00:00,6782.94,3.6,9.5,7.3,11.4,164.7
2018-10-15 06:00:00,6445.02,3.8,8.7,7.3,10.5,149.3
2018-10-15 07:00:00,5999.44,4,7.8,7.5,9.5,145.6
2018-10-15 08:00:00,5042.82,3.7,6.8,6.6,8.4,145.7
2018-10-15 09:00:00,4900.98,3.5,5.9,5.8,7.3,139.3
2018-10-15 10:00:00,4816.56,3.4,5,5.5,6.1,134.4
2018-10-15 11:00:00,3272.44,3.7,4.1,6,4.9,139.7
2018-10-15 12:00:00,2307.74,3.9,3.3,6.3,3.9,140.5
2018-10-15 13:00:00,898.42,3.2,2.6,5.3,3.1,139.3
2018-10-15 14:00:00,581.66,2.3,2,3.8,2.4,139.7
2018-10-15 15:00:00,0.05,1.6,1.9,2.6,2.2,125.8
2018-10-15 16:00:00,280.08,1.3,2.5,2,2.8,106.1
2018-10-15 17:00:00,177.43,1.1,3.1,1.5,3.4,82.6
2018-10-15 18:00:00,2.08,1.4,3.1,2,3.4,73.9
2018-10-15 19:00:00,111.91,1.4,2.5,2.8,2.8,87.8
2018-10-15 20:00:00,766.25,0.8,2,2.2,2.2,97.1
2018-10-15 21:00:00,63.17,0.6,1.8,1.2,1.9,84.1
2018-10-15 22:00:00,0,1,1.9,0.8,1.9,69.5
2018-10-15 23:00:00,0.1,0.8,2,1,1.8,51.3
2018-10-16 00:00:00,0.11,1.1,2,1.4,1.8,79.6
2018-10-16 01:00:00,0,1.6,1.9,1.3,1.8,132.4
2018-10-16 02:00:00,0,1.5,1.9,1,1.8,143.5
2018-10-16 03:00:00,0,1.7,1.8,1.3,1.8,136.3
2018-10-16 04:00:00,0,1.7,1.8,1.4,1.7,144.8
2018-10-16 05:00:00,0,1.7,1.7,1.1,1.7,147.6
2018-10-16 06:00:00,0.03,1.6,1.6,1.3,1.6,154.8
2018-10-16 07:00:00,1.03,1.4,1.4,1.4,1.5,157.7
2018-10-16 08:00:00,0,1.2,1.3,1.5,1.5,156.6
2018-10-16 09:00:00,0,1,1.1,1.7,1.3,149
2018-10-16 10:00:00,0,0.9,0.8,1.3,0.9,135.6
2018-10-16 11:00:00,0,0.6,0.5,0.7,0.5,127.5
2018-10-16 12:00:00,0,0.6,0.5,0.7,0.5,294.1
2018-10-16 13:00:00,0,0.9,0.9,1.2,1,309.8
2018-10-16 14:00:00,0,1,1.3,1.5,1.4,323.2
2018-10-16 15:00:00,0,1.4,1.6,2,1.7,323.2
2018-10-16 16:00:00,0.02,2,1.8,3,2,323.4
2018-10-16 17:00:00,140.98,2.1,2,3.5,2.2,335.3
2018-10-16 18:00:00,0,1.4,2,3,2.2,359.9
2018-10-16 19:00:00,0,1,1.9,2.2,2,27.1
2018-10-16 20:00:00,0,1.1,1.7,1,1.8,51.5
2018-10-16 21:00:00,0,1.5,1.6,0.5,1.6,198.6
2018-10-16 22:00:00,0,1.6,1.7,0.8,1.5,244.3
2018-10-16 23:00:00,0,1.4,1.7,0.5,1.3,280.8
2018-10-17 00:00:00,0,1,1.7,0.7,1.3,277.7
2018-10-17 01:00:00,0,0.9,1.8,0.9,1.4,245.4
2018-10-17 02:00:00,0,0.9,1.8,0.8,1.5,186.6
2018-10-17 03:00:00,0,0.9,1.8,1,1.6,172.4
2018-10-17 04:00:00,0.02,1.1,1.8,1.1,1.7,177.4
2018-10-17 05:00:00,0,1.2,1.7,1.3,1.8,156.8
2018-10-17 06:00:00,0,1.5,1.7,1.9,1.8,143.9
2018-10-17 07:00:00,0.08,1.6,1.8,2.3,1.8,148.4
2018-10-17 08:00:00,196.43,1.5,1.9,2.3,1.8,144.3
2018-10-17 09:00:00,0,1.3,1.9,2.2,1.8,147.2
2018-10-17 10:00:00,3.44,1,2,2,1.9,160.6
2018-10-17 11:00:00,867.02,0.9,2,1.6,1.9,182.7
2018-10-17 12:00:00,477.67,1.6,1.9,2.5,2,248.7
2018-10-17 13:00:00,9.4,2.5,1.9,3.8,2,273
2018-10-17 14:00:00,0,2.2,1.8,3.4,2,294.8
2018-10-17 15:00:00,0,1.8,1.6,3.2,1.9,312
2018-10-17 16:00:00,0,1.7,1.4,3.1,1.7,312.8
2018-10-17 17:00:00,130.2,1.7,1.1,2.9,1.4,316.5
2018-10-17 18:00:00,351.12,2,1.1,3.9,1.5,342.5
2018-10-17 19:00:00,761.22,2,1.5,4.3,1.9,2.8
2018-10-17 20:00:00,1141.87,1.6,1.9,3.8,2.3,13.5
2018-10-17 21:00:00,1408.55,1.8,2.5,4.5,2.9,44.7
2018-10-17 22:00:00,2251.43,2,3.1,4.9,3.9,55.1
2018-10-17 23:00:00,1787.78,1.6,3.7,4.2,4.9,42.2
2018-10-18 00:00:00,2409.14,1.6,4.6,4.1,6.1,31.1
2018-10-18 01:00:00,4644.98,1.8,5.8,4.5,7.5,37.6
2018-10-18 02:00:00,4839.82,2,7,4.9,8.9,49.9
2018-10-18 03:00:00,4655.28,2,7.7,5.4,9.6,55.4
2018-10-18 04:00:00,5639.02,3.1,7.9,7.3,9.7,49.8
2018-10-18 05:00:00,10746.2,4.2,8,8.5,9.8,45.6
2018-10-18 06:00:00,8298.02,4,7.9,8.1,9.6,48.8
2018-10-18 07:00:00,5648.41,3.6,7.4,7.2,9.1,51.8
2018-10-18 08:00:00,7361.86,3.5,7,6.5,8.6,51.7
2018-10-18 09:00:00,9229.05,4.1,6.8,7.2,8.2,52
2018-10-18 10:00:00,6387.2,5.1,6.7,8.5,8,52.9
2018-10-18 11:00:00,3680.55,5,6.6,8.2,7.8,49.4
2018-10-18 12:00:00,3489.83,4.4,6.6,7.1,7.6,43.3
2018-10-18 13:00:00,7257.84,4.3,6.5,6.6,7.5,42.3
2018-10-18 14:00:00,7438.24,4.4,6.4,6.8,7.3,41
2018-10-18 15:00:00,4438.08,4.4,6.3,7,7.3,40.1
2018-10-18 16:00:00,3861.75,4.1,6.4,6.5,7.4,41
2018-10-18 17:00:00,2593.36,3.4,6.4,5.7,7.6,38.4
2018-10-18 18:00:00,1968.84,2.9,6.4,5.6,7.6,34.6
2018-10-18 19:00:00,3681.03,2.7,6.3,5.6,7.6,39.5
2018-10-18 20:00:00,4069.03,2.6,6.2,5.4,7.6,41.7
2018-10-18 21:00:00,4338.84,2.7,6.2,5.7,7.6,32.5
2018-10-18 22:00:00,4123.43,3.1,6.3,6.2,7.8,28.4
2018-10-18 23:00:00,3261.98,3.6,6.4,6.8,7.9,32.8
2018-10-19 00:00:00,2810.09,3.7,6.4,6.9,7.9,34.5
2018-10-19 01:00:00,3071.02,3.2,6.4,6.4,7.8,37.5
2018-10-19 02:00:00,4895.1,3,6.4,6,7.7,50.8
2018-10-19 03:00:00,7610.75,2.9,6.3,5.5,7.6,62.8
2018-10-19 04:00:00,7711.8,2.2,6.2,4.3,7.5,68.4
2018-10-19 05:00:00,6897.5,1.9,6.1,4,7.4,58.6
2018-10-19 06:00:00,6271.67,2.2,6.2,4.9,7.6,36.1
2018-10-19 07:00:00,8432.35,2.6,6.3,5.9,7.9,32.6
2018-10-19 08:00:00,7237.77,3.3,6.5,6.3,8.3,43.3
2018-10-19 09:00:00,5806.14,4.3,6.7,7.5,8.5,53.7
2018-10-19 10:00:00,9872.16,5.3,7,9,8.5,56.5
2018-10-19 11:00:00,9366.66,5.7,7.3,9.3,8.6,55.7
2018-10-19 12:00:00,8397.44,5.5,7.6,8.4,8.7,52.5
2018-10-19 13:00:00,9192.47,5.5,7.9,8.4,9,51.7
2018-10-19 14:00:00,8521.78,5.7,8.2,9.1,9.2,55
2018-10-19 15:00:00,9875.9,5.5,8.4,8.8,9.5,61
2018-10-19 16:00:00,10844.1,5.1,8.6,8,9.8,72.6
2018-10-19 17:00:00,8443.9,4.2,8.8,6.9,10.1,73.8
2018-10-19 18:00:00,8961.64,2.9,8.9,5.8,10.3,64.1
2018-10-19 19:00:00,5004.36,2.6,9,6,10.5,63.3
2018-10-19 20:00:00,7126.94,3,9,6.6,10.6,67.6
2018-10-19 21:00:00,9423.98,3,8.9,6.6,10.6,73.2
2018-10-19 22:00:00,12906.4,2.8,8.7,6.2,10.4,71.8
2018-10-19 23:00:00,11681.84,2.7,8.5,6.1,10.2,64.3
2018-10-20 00:00:00,13100.22,2.8,8.4,6.7,10.1,66.8
2018-10-20 01:00:00,12656.33,2.4,8.4,6.1,10,72.1
2018-10-20 02:00:00,10546.4,1.9,8.4,5.3,10,68.5
2018-10-20 03:00:00,10026.1,2.1,8.4,6.2,10,65.6
2018-10-20 04:00:00,8295.89,2.5,8.4,7,10.1,67.7
2018-10-20 05:00:00,6430.48,2.6,8.4,6.8,10.2,71
2018-10-20 06:00:00,9176.74,2.5,8.4,6.9,10.2,71.2
2018-10-20 07:00:00,11809.62,3.2,8.4,8.1,10.1,65.9
2018-10-20 08:00:00,14956.67,4.3,8.4,9,10.1,64.4
2018-10-20 09:00:00,15247,4.8,8.2,8.9,9.8,66.6
2018-10-20 10:00:00,14822.91,5,8,9.3,9.4,68.7
2018-10-20 11:00:00,15582.64,5.2,7.8,9.8,8.9,70.9
2018-10-20 12:00:00,14275.69,4.8,7.6,8.8,8.7,73.2
2018-10-20 13:00:00,11599.74,4.7,7.5,8.2,8.5,72.2
2018-10-20 14:00:00,6756.99,4.8,7.4,8.4,8.4,69.5
2018-10-20 15:00:00,3882.61,4.5,7.4,7.7,8.4,75.4
2018-10-20 16:00:00,1290.58,4.3,7.6,7,8.7,80.1
2018-10-20 17:00:00,2115.64,3.7,7.8,6.5,8.9,71.6
2018-10-20 18:00:00,2923.12,3,7.8,6.2,9,69
2018-10-20 19:00:00,3393.83,2.7,7.5,5.8,8.8,76.6
2018-10-20 20:00:00,3375.6,2.6,7.3,5.6,8.6,80.3
2018-10-20 21:00:00,5631.94,2.7,6.6,6,7.9,78.6
2018-10-20 22:00:00,3375.4,2.3,5.4,5,6.5,87.6
2018-10-20 23:00:00,3764.43,2.2,4.3,3.9,5.1,114.9
2018-10-21 00:00:00,2489.86,2.2,3.4,4.6,4.1,121.6
2018-10-21 01:00:00,2135.67,1.8,2.9,4.7,3.5,113.8
2018-10-21 02:00:00,2276.92,1.7,2.4,3.9,2.9,113.5
2018-10-21 03:00:00,4362.08,1.8,2.1,4.1,2.5,113.2
2018-10-21 04:00:00,4446.83,1.7,2,4.3,2.3,108.5
2018-10-21 05:00:00,3792.24,1.8,1.9,4.1,2.1,106.4
2018-10-21 06:00:00,3575.75,1.9,1.7,3.5,2,102.5
2018-10-21 07:00:00,2826.74,1.6,1.6,3.1,1.9,108
2018-10-21 08:00:00,3481.02,1.2,1.4,3,1.8,115.6
2018-10-21 09:00:00,2972.05,1.1,1.3,2.6,1.7,110.8
2018-10-21 10:00:00,2072.61,1.6,1.3,2.8,1.8,121.1
2018-10-21 11:00:00,765.72,2.3,1.4,3.5,1.8,124.3
2018-10-21 12:00:00,300.94,2.6,1.9,4.1,2.3,105
2018-10-21 13:00:00,1929.54,2.8,2.8,4.6,3.3,84.1
2018-10-21 14:00:00,1651.17,3.1,3.8,5,4.3,75.9
2018-10-21 15:00:00,2122.32,3.2,4.6,5.1,5.1,75.5
2018-10-21 16:00:00,1889.18,3,5.3,4.8,5.9,75.8
2018-10-21 17:00:00,1325.41,2.8,5.9,4.3,6.6,84.8
2018-10-21 18:00:00,1669.3,2.3,6.1,4.1,6.9,99.2
2018-10-21 19:00:00,2585.57,1.9,5.8,3.6,6.8,105.7
2018-10-21 20:00:00,4914.49,1.7,5.6,2.7,6.7,91.3
2018-10-21 21:00:00,6527.86,1.4,5.6,3.4,6.8,68.5
2018-10-21 22:00:00,3478.67,1.4,5.8,4.2,7.1,71.1
2018-10-21 23:00:00,3391.5,1.8,6.1,4.9,7.4,68.7
2018-10-22 00:00:00,3453.32,2.4,6.2,6,7.6,63.7
2018-10-22 01:00:00,3989.84,2.6,6.3,6.2,7.7,67.7
2018-10-22 02:00:00,4086.94,2.4,6.4,5.6,7.8,74.1
2018-10-22 03:00:00,3293.02,2.2,6.6,4.7,8,86.1
2018-10-22 04:00:00,4515.87,2.2,7,4.1,8.4,95.1
2018-10-22 05:00:00,6341.78,2.3,7.3,4.6,8.9,89.2
2018-10-22 06:00:00,2641.89,2.4,7.7,5.5,9.3,86.3
2018-10-22 07:00:00,4490.1,2.4,8,5.5,9.7,88.8
2018-10-22 08:00:00,10336.37,2.8,8.3,5.1,10.1,86.8
2018-10-22 09:00:00,14728.9,3.7,8.6,5.7,10.4,78.4
2018-10-22 10:00:00,14407.22,4.5,8.9,7.2,10.5,73.8
2018-10-22 11:00:00,14706.49,5.2,9.1,8.6,10.6,71.8
2018-10-22 12:00:00,14484.91,5.7,9.4,9.6,10.8,69.9
2018-10-22 13:00:00,14012.7,6,9.7,10.4,11.1,67.8
2018-10-22 14:00:00,14000.08,6.3,10,10.7,11.5,65.6
2018-10-22 15:00:00,13647.22,6.5,10.3,10.9,11.8,65.3
2018-10-22 16:00:00,13830.54,6.3,10.5,10.5,12.1,67.2
2018-10-22 17:00:00,14141.11,5.9,10.8,9.7,12.4,67.1
2018-10-22 18:00:00,14430.57,5,10.8,9.1,12.5,66
2018-10-22 19:00:00,13203.25,4.3,10.7,8.5,12.5,69.8
2018-10-22 20:00:00,13331.14,4.4,10.6,8.6,12.4,74.6
2018-10-22 21:00:00,12805.09,5,10.5,9.3,12.3,77.4
2018-10-22 22:00:00,13919.59,5.6,10.4,9.9,12.2,80.1
2018-10-22 23:00:00,14105.62,5.9,10.3,10.4,12.1,82.5
2018-10-23 00:00:00,13140.25,5.7,10.3,10.1,12.1,85.6
2018-10-23 01:00:00,13023.06,5.4,10.4,9.7,12.2,86.6
2018-10-23 02:00:00,12436.58,5.2,10.5,9.8,12.3,85.3
2018-10-23 03:00:00,10280.06,5.2,10.4,10,12.2,83.5
2018-10-23 04:00:00,12022.47,5,10.1,10.1,11.9,83.3
2018-10-23 05:00:00,12860.44,5,9.8,10.1,11.6,82.9
2018-10-23 06:00:00,10320.1,4.9,9.4,10.3,11.3,83.2
2018-10-23 07:00:00,9805.49,5,9,10.7,10.8,82.2
2018-10-23 08:00:00,11985.34,5.3,8.6,11,10.4,78.8
2018-10-23 09:00:00,10359.71,5.9,8.2,11.6,9.8,78.4
2018-10-23 10:00:00,8454.81,6.2,7.8,11.5,9.2,79.3
2018-10-23 11:00:00,6364.96,5.7,7.4,10.3,8.6,78.2
2018-10-23 12:00:00,5641.85,5.3,7.1,9.1,8.1,76.6
2018-10-23 13:00:00,5104.16,5.1,6.8,8.6,7.8,75
2018-10-23 14:00:00,3266.43,4.8,6.5,8.1,7.4,72.4
2018-10-23 15:00:00,4231.95,4.6,6.4,8.2,7.3,69.7
2018-10-23 16:00:00,5764.12,4.2,6.5,7.8,7.4,71.5
2018-10-23 17:00:00,2265.48,3.4,6.5,6.1,7.5,80.4
2018-10-23 18:00:00,4701.94,2.7,6.2,5.4,7.2,102.6
2018-10-23 19:00:00,3107.79,2,5.5,4.5,6.4,110.2
2018-10-23 20:00:00,3929.3,1.4,4.7,3.5,5.6,90.4
2018-10-23 21:00:00,3318.07,1.6,4.1,3.2,4.9,97.3
2018-10-23 22:00:00,3092.39,1.7,3.7,3.2,4.4,124.8
2018-10-23 23:00:00,1899.12,1.7,3.3,3.6,3.9,135
2018-10-24 00:00:00,1985.04,1.8,3,4.4,3.5,133.6
2018-10-24 01:00:00,2743.75,2,2.7,4.5,3.2,136.2
2018-10-24 02:00:00,3030.23,1.9,2.5,4.2,2.8,140.9
2018-10-24 03:00:00,3732.78,2,2.3,4.6,2.6,143.5
2018-10-24 04:00:00,4198.34,2.2,2.2,5,2.5,144.2
2018-10-24 05:00:00,3368.64,2.6,2,5.3,2.4,143.8
2018-10-24 06:00:00,1753.36,2.7,2,5.9,2.3,141
2018-10-24 07:00:00,540.58,2.6,1.9,5.7,2.3,138.3
2018-10-24 08:00:00,997.88,2.7,1.8,4.5,2.3,139.3
2018-10-24 09:00:00,2022.28,2.3,1.8,3.6,2.2,141
2018-10-24 10:00:00,2246.08,2,1.7,3.1,2,138.5
2018-10-24 11:00:00,648.96,2,1.6,3.1,1.9,133.4
2018-10-24 12:00:00,0,2.1,1.6,3.1,1.9,124.2
2018-10-24 13:00:00,0,1.8,1.6,2.5,2,115.2
2018-10-24 14:00:00,0.02,1.3,1.7,1.8,2,113.8
2018-10-24 15:00:00,0,1.1,1.8,1.6,2.2,133.5
2018-10-24 16:00:00,0.02,1.2,1.9,2.4,2.3,159.3
2018-10-24 17:00:00,0.19,1.6,2,3.4,2.4,154.1
2018-10-24 18:00:00,18.78,1.9,2,3.1,2.4,148.5
2018-10-24 19:00:00,312.95,1.9,1.9,2.4,2.2,155.4
2018-10-24 20:00:00,0.47,1.8,1.8,2.2,2.1,161.5
2018-10-24 21:00:00,6.06,1.9,1.8,2.5,2,160.7
2018-10-24 22:00:00,634.43,2.1,1.7,2.9,1.9,156.2
2018-10-24 23:00:00,1621.76,2.1,1.5,3.1,1.8,143
2018-10-25 00:00:00,3825.76,2,1.5,4,1.7,134
2018-10-25 01:00:00,5294.14,2,1.7,4.6,1.8,138.6
2018-10-25 02:00:00,4770.95,2,1.8,4.4,1.8,144.8
2018-10-25 03:00:00,5912.09,2,1.8,4.5,1.8,149.5
2018-10-25 04:00:00,2958.09,1.8,1.7,4.5,1.7,151.9
2018-10-25 05:00:00,1724.2,1.8,1.6,4.3,1.7,152.4
2018-10-25 06:00:00,1131.48,1.9,1.5,4.2,1.7,140.8
2018-10-25 07:00:00,1279.81,1.7,1.6,4,1.7,127.5
2018-10-25 08:00:00,1594.16,1.8,1.6,3.8,1.7,132.6
2018-10-25 09:00:00,1432.22,2,1.5,3.6,1.6,140.4
2018-10-25 10:00:00,1162.5,2.1,1.3,3.4,1.4,137.6
2018-10-25 11:00:00,659.41,1.9,1.1,3.1,1.2,133.7
2018-10-25 12:00:00,16.76,1.8,1,2.9,1.1,138.2
2018-10-25 13:00:00,0,1.7,0.9,2.6,1.1,138.1
2018-10-25 14:00:00,0,1.6,0.9,2.4,1,126.5
2018-10-25 15:00:00,0,1.9,1.1,2.6,1.3,116
2018-10-25 16:00:00,0,1.9,1.6,3.1,1.7,113
2018-10-25 17:00:00,0,1.5,2,3.2,2.2,119
2018-10-25 18:00:00,3.57,1.3,2.2,3.2,2.3,122.8
2018-10-25 19:00:00,126.91,1.2,2.1,2.7,2.2,125.2
2018-10-25 20:00:00,336.23,1.1,2,2,2.1,128.5
2018-10-25 21:00:00,86.29,1.5,2,1.8,2,134.6
2018-10-25 22:00:00,261.03,2.2,1.9,2,2,142.7
2018-10-25 23:00:00,293.09,2.2,1.9,2,2.1,144
2018-10-26 00:00:00,233.24,1.8,1.8,2.3,2.1,144.6
2018-10-26 01:00:00,0.02,1.6,1.8,2.8,2.1,141.4
2018-10-26 02:00:00,3.06,1.5,1.8,2.7,2.1,135.6
2018-10-26 03:00:00,64.32,1.3,1.8,2.5,2.1,123.3
2018-10-26 04:00:00,10.84,1.3,1.9,2.5,2.1,122.1
2018-10-26 05:00:00,20.02,1.3,2,2.2,2.2,125.7
2018-10-26 06:00:00,667.47,1.3,2,2.3,2.3,114.2
2018-10-26 07:00:00,887.17,1.5,2.1,2.9,2.5,124.7
2018-10-26 08:00:00,0.23,1.7,2.2,2.3,2.7,131
2018-10-26 09:00:00,1.65,1.7,2.6,1.8,3.2,121.4
2018-10-26 10:00:00,594.26,1.7,3.3,2.1,4,75.7
2018-10-26 11:00:00,3616.62,2.6,3.9,4.1,4.8,44.1
2018-10-26 12:00:00,2489.53,3.7,4.5,6.1,5.4,43.1
2018-10-26 13:00:00,3046.09,4.3,4.9,6.6,5.8,36.2
2018-10-26 14:00:00,3557.33,4.5,5.4,6.9,6.1,34
2018-10-26 15:00:00,3458.97,4.3,6,6.9,6.8,31.4
2018-10-26 16:00:00,3101.43,4.8,6.7,8.1,7.7,26.7
2018-10-26 17:00:00,3490.7,4.9,7.5,8.4,8.6,27.2
2018-10-26 18:00:00,3195.28,4.2,7.7,7.5,8.9,26
2018-10-26 19:00:00,1795.49,3.9,7.3,7.1,8.6,22.1
2018-10-26 20:00:00,1808.6,4.1,7,7.5,8.3,18.7
2018-10-26 21:00:00,4678.94,4.7,7,8.6,8.5,16.4
2018-10-26 22:00:00,3422.46,4.9,7.6,8.7,9,16.3
2018-10-26 23:00:00,3876.96,4.7,8.1,8.3,9.6,14.1
2018-10-27 00:00:00,3873.99,3.8,8.2,7.7,9.8,7.9
2018-10-27 01:00:00,2482.8,3.4,8,7.8,9.7,3
2018-10-27 02:00:00,3091.37,3.6,7.8,7.9,9.5,0.5
2018-10-27 03:00:00,2427.55,3.5,7.6,7.3,9.3,2.9
2018-10-27 04:00:00,1993.04,3.9,7.4,7.7,9.1,6.3
2018-10-27 05:00:00,1966.61,4.8,7.2,9.2,8.8,1.1
2018-10-27 06:00:00,1406.77,4.1,7,8.6,8.6,355.6
2018-10-27 07:00:00,1344.73,3.1,6.8,7.2,8.3,353.1
2018-10-27 08:00:00,3059.31,4,6.6,8,8,351
2018-10-27 09:00:00,1858.53,5,6.4,9.5,7.8,354.5
2018-10-27 10:00:00,3899.51,5.6,6.3,10.6,7.7,351.5
2018-10-27 11:00:00,5605.3,5.2,6.1,10.4,7.6,345.6
2018-10-27 12:00:00,4362.54,4.9,6.1,9.7,7.7,352
2018-10-27 13:00:00,3097.19,5.2,6.3,9.7,7.8,359.1
2018-10-27 14:00:00,3601.84,4.7,6.4,8.7,8,358.5
2018-10-27 15:00:00,3978.95,3.9,6.4,6.3,8,353.1
2018-10-27 16:00:00,704.77,3.2,6.3,6.8,7.8,359.3
2018-10-27 17:00:00,1853.66,3.2,6.1,8.5,7.5,13
2018-10-27 18:00:00,217.92,3.2,5.9,7.3,7.2,10
2018-10-27 19:00:00,258.01,2.8,5.6,6.2,6.9,352.5
2018-10-27 20:00:00,643.08,3.1,5.3,6.5,6.5,347.8
2018-10-27 21:00:00,743.15,3.7,5.5,7.6,6.8,347.3
2018-10-27 22:00:00,2078.14,3.1,6.1,7.8,7.6,0.1
2018-10-27 23:00:00,1227.39,3.5,6.8,8.5,8.4,19.1
2018-10-28 00:00:00,1247.13,3.7,7.3,8.2,9,14.7
2018-10-28 01:00:00,4255.72,3.1,7.7,7.2,9.4,3.2
2018-10-28 02:00:00,3101.9,3.6,8.1,7.8,9.8,5.6
2018-10-28 03:00:00,4376.93,5,8.3,10.3,10,7.6
2018-10-28 04:00:00,2321.78,6.4,8.3,12.1,10.1,7.4
2018-10-28 05:00:00,6682.07,5.2,8.3,10.5,10.1,7.7
2018-10-28 06:00:00,6817.8,3,8.2,7.3,10,5.9
2018-10-28 07:00:00,1407.5,2.3,8,5.9,9.8,357.3
2018-10-28 08:00:00,1866.12,3.2,7.8,7.6,9.5,0.1
2018-10-28 09:00:00,1621.55,3.9,7.8,9.3,9.5,14
2018-10-28 10:00:00,3777.03,5.1,8,11,9.6,19.4
2018-10-28 11:00:00,3882.29,6.7,8.2,11.7,9.8,10.6
2018-10-28 12:00:00,2929.05,5.9,8.1,10,9.6,10.9
2018-10-28 13:00:00,907.83,4,7.6,7.1,9,19.3
2018-10-28 14:00:00,438.09,3.4,7,6.2,8.4,2.8
2018-10-28 15:00:00,187.63,4.6,7.2,8.8,8.6,355
2018-10-28 16:00:00,1654.64,4.2,8,8.9,9.6,3.6
2018-10-28 17:00:00,2253.07,3.1,8.8,7.5,10.7,3.3
2018-10-28 18:00:00,1779.14,3.5,9.1,7.9,11.1,351.5
2018-10-28 19:00:00,3876.35,3.8,9,8.1,11,351.7
2018-10-28 20:00:00,1316.04,4.2,8.8,8,10.8,355
2018-10-28 21:00:00,942.27,4.2,8.5,7.7,10.5,0.1
2018-10-28 22:00:00,1328.47,2.8,8.1,5.7,9.9,11
2018-10-28 23:00:00,1953.63,1.8,7.7,5.7,9.3,25
2018-10-29 00:00:00,1439.78,1.8,7.1,7,8.6,5.5
2018-10-29 01:00:00,1977.27,1.6,6.3,5.7,7.7,333.7
2018-10-29 02:00:00,1765.24,1.8,5.5,5.8,6.8,326.4
2018-10-29 03:00:00,232.18,1.9,4.7,6.1,5.8,319.8
2018-10-29 04:00:00,126.48,1.5,3.9,4.9,4.8,325.2
2018-10-29 05:00:00,108.9,2.2,3.1,5.5,3.7,343.9
2018-10-29 06:00:00,819.91,2.5,2.8,5.4,3.4,328
2018-10-29 07:00:00,319.4,1.7,3.1,4.2,3.8,289.3
2018-10-29 08:00:00,317.03,1.7,3.5,4.4,4.2,281.3
2018-10-29 09:00:00,825.15,2.3,3.6,4.6,4.3,277.2
2018-10-29 10:00:00,649.86,3.6,3.6,6.1,4.3,268.1
2018-10-29 11:00:00,360.27,3.9,3.6,6.4,4.2,257.7
2018-10-29 12:00:00,1251.58,3.6,3.7,5.9,4.4,258.2
2018-10-29 13:00:00,1737.84,3.6,4.1,6,4.7,267.3
2018-10-29 14:00:00,1055.72,3.6,4.4,6,5.1,267.9
2018-10-29 15:00:00,788.97,3.3,4.8,5.6,5.5,268.7
2018-10-29 16:00:00,998.35,2.4,5.2,4.3,6.1,262.6
2018-10-29 17:00:00,1883.6,2.6,5.6,4.8,6.6,230.4
2018-10-29 18:00:00,3317.93,3.5,6.3,6.6,7.4,209.7
2018-10-29 19:00:00,3248.06,3.9,7.2,7.5,8.6,194.8
2018-10-29 20:00:00,4422.66,4.7,8.1,8.7,9.9,185.4
2018-10-29 21:00:00,7453.82,5.4,8.8,9.7,10.8,179.2
2018-10-29 22:00:00,8962.39,5.1,9.4,9.3,11.5,173.8
2018-10-29 23:00:00,6178.4,4.3,10,8,12.1,159.4
2018-10-30 00:00:00,5767.9,4.1,9.7,7.8,11.7,175.7
2018-10-30 01:00:00,3268.85,4.6,8.3,8.7,10.1,213.7
2018-10-30 02:00:00,4579.11,4.3,7,8.4,8.5,227.5
2018-10-30 03:00:00,3605.9,3.4,6.1,7,7.4,228.6
2018-10-30 04:00:00,3937.57,2.5,5.5,5.6,6.8,232.9
2018-10-30 05:00:00,4215.73,3.2,4.9,6.8,6.2,291.2
2018-10-30 06:00:00,5945.24,3.8,4.4,7.7,5.7,302.7
2018-10-30 07:00:00,2666.17,2.8,4.1,5.9,5.3,287.5
2018-10-30 08:00:00,3703.03,2.4,3.7,5.5,4.9,287
2018-10-30 09:00:00,1326.84,2.9,3.7,5.9,4.8,281.9
2018-10-30 10:00:00,64.32,3.6,3.9,7.1,4.9,292.7
2018-10-30 11:00:00,618.53,4.4,4.1,8.2,5,294
2018-10-30 12:00:00,1992.21,3.9,4.2,7,5.1,289.4
2018-10-30 13:00:00,1527.4,3,4.3,5.4,5.2,290.9
2018-10-30 14:00:00,1000.6,3,4.4,5.5,5.3,284.1
2018-10-30 15:00:00,2132.62,3.1,4.6,5.8,5.5,283.3
2018-10-30 16:00:00,1866.67,3.1,4.9,6.2,5.9,286.2
2018-10-30 17:00:00,1689.89,3.5,5.3,7.1,6.3,289.8
2018-10-30 18:00:00,2446.41,3.4,5.3,6.9,6.3,275.4
2018-10-30 19:00:00,2217.3,3.2,5,6.3,6.1,254.4
2018-10-30 20:00:00,1200.81,3.5,4.7,6.4,5.8,260.2
2018-10-30 21:00:00,1017.23,3.6,4.3,6.6,5.3,272.7
2018-10-30 22:00:00,988.24,3.6,3.8,6.8,4.6,281.4
2018-10-30 23:00:00,2275.12,3.7,3.4,7,4,287.5
2018-10-31 00:00:00,5429.34,3.8,3,7,3.6,287.8
2018-10-31 01:00:00,4256.69,3.4,2.9,6.3,3.5,278.4
2018-10-31 02:00:00,2626.28,3,2.7,5.5,3.4,264.9
2018-10-31 03:00:00,4423.61,2.8,2.8,5.2,3.6,254.9
2018-10-31 04:00:00,2626.79,2.4,3.2,5,4,241.2
2018-10-31 05:00:00,229.59,2.1,3.6,4.9,4.4,226.7
2018-10-31 06:00:00,434.28,2.2,3.6,5.1,4.5,205.4
2018-10-31 07:00:00,14.14,2.2,3.3,5.2,4.2,184.2
2018-10-31 08:00:00,378.69,2.2,2.9,4.8,3.9,178.4
2018-10-31 09:00:00,0,2.1,2.4,3.8,3.3,176.4
2018-10-31 10:00:00,0,1.8,1.7,2.9,2.3,164.3
2018-10-31 11:00:00,0,1.3,1.1,2.2,1.3,153
2018-10-31 12:00:00,0,0.7,1.2,1.3,1.3,172.5
2018-10-31 13:00:00,0,0.9,2.2,1.5,2.4,288.4
2018-10-31 14:00:00,0.08,1.7,3.2,2.7,3.4,311.8
2018-10-31 15:00:00,0,2.1,3.8,3.4,4.1,320.8
2018-10-31 16:00:00,207.13,2.6,4,4.6,4.5,323.2
2018-10-31 17:00:00,254.03,2.5,4.2,4.6,4.8,322.8
2018-10-31 18:00:00,34.23,2.1,4,4,4.7,327.3
2018-10-31 19:00:00,33.14,1.9,3.5,3.8,4.3,331.2
2018-10-31 20:00:00,289.51,1.6,3,3.4,3.8,329.5
2018-10-31 21:00:00,55.77,1.4,2.9,3.1,3.8,321.9
2018-10-31 22:00:00,132.14,1.4,3.2,3.2,4.2,307.8
2018-10-31 23:00:00,484.54,1.6,3.5,3.6,4.6,293.3
2018-11-01 00:00:00,112.35,1.5,3.5,3.4,4.4,284.1
2018-11-01 01:00:00,2.85,1.3,3.1,3.1,3.8,277.7
2018-11-01 02:00:00,47.48,1.5,2.7,3.7,3.1,269.9
2018-11-01 03:00:00,101.48,1.9,2.6,4.2,2.9,261.2
2018-11-01 04:00:00,0.01,2,2.8,4.4,3.2,253.6
2018-11-01 05:00:00,101.9,2,3,4.4,3.5,240.8
2018-11-01 06:00:00,750.46,1.8,3.2,4.5,3.9,232.6
2018-11-01 07:00:00,1389.1,1.8,3.4,4.6,4.4,233.5
2018-11-01 08:00:00,1619.03,2,3.6,4.5,4.9,227.6
2018-11-01 09:00:00,855.92,2.2,4,4.6,5.5,217.1
2018-11-01 10:00:00,1828.88,2.7,4.8,5.2,6.2,214.4
2018-11-01 11:00:00,2061.98,3.1,5.5,5.7,6.8,213.6
2018-11-01 12:00:00,4059.07,3.7,6.1,6.4,7.3,219.2
2018-11-01 13:00:00,4202.29,4.2,6.5,7.2,7.8,221.7
2018-11-01 14:00:00,3875.42,4.4,7,7.8,8.2,219
2018-11-01 15:00:00,6105.31,4.5,7.6,8.3,8.9,218.6
2018-11-01 16:00:00,8023.91,4.8,8.3,8.7,9.9,219.6
2018-11-01 17:00:00,7624.85,5.4,9,9.8,11,224.6
2018-11-01 18:00:00,8681.74,5.5,9.2,10.1,11.3,231.5
2018-11-01 19:00:00,7818.18,5,8.9,9.4,11,234.1
2018-11-01 20:00:00,11283.01,4.9,8.6,9.2,10.8,237.2
2018-11-01 21:00:00,9570.82,4.8,8.3,8.7,10.5,245.2
2018-11-01 22:00:00,8754.88,4.3,8.1,7.9,10.2,254.6
2018-11-01 23:00:00,10013.08,4.3,7.8,8,9.9,272.5
2018-11-02 00:00:00,7814.69,4.3,7.4,8.1,9.3,287.6
2018-11-02 01:00:00,7440.71,4.4,6.7,8,8.4,292.4
2018-11-02 02:00:00,6911.36,4.1,6,7.4,7.6,291.4
2018-11-02 03:00:00,5112.62,3.6,5.3,6.6,6.7,285.3
2018-11-02 04:00:00,2249.5,3.4,4.6,6.3,5.9,281.7
2018-11-02 05:00:00,1683.38,2.9,3.9,5.5,5,285.2
2018-11-02 06:00:00,1133.98,2.2,3.3,4.3,4.2,294.9
2018-11-02 07:00:00,12.19,1.7,2.6,3.3,3.5,295.4
2018-11-02 08:00:00,0,1.4,1.9,2.5,2.8,283.4
2018-11-02 09:00:00,0.05,1.4,1.5,2.2,2.3,283.6
2018-11-02 10:00:00,0,1.6,1.5,2.4,2,281.4
2018-11-02 11:00:00,0,1.9,1.4,2.8,1.8,280
2018-11-02 12:00:00,0,2,1.4,3,1.7,293.1
2018-11-02 13:00:00,0,1.7,1.4,2.6,1.6,305.2
2018-11-02 14:00:00,0,1.6,1.4,2.4,1.6,303.7
2018-11-02 15:00:00,0,1.6,1.5,2.6,1.6,303.3
2018-11-02 16:00:00,0,1.8,1.5,3.2,1.6,310.8
2018-11-02 17:00:00,0,1.8,1.6,3.6,1.6,318.8
2018-11-02 18:00:00,0,1.3,1.5,3.1,1.5,337.2
2018-11-02 19:00:00,0,0.8,1.2,2.5,1.1,358.7
2018-11-02 20:00:00,0,0.8,0.9,2.2,0.8,2.4
2018-11-02 21:00:00,0,0.9,0.7,2.2,0.6,354.8
2018-11-02 22:00:00,0,0.5,0.6,2,0.5,358.5
2018-11-02 23:00:00,0,0.3,0.5,1.4,0.5,28.9
2018-11-03 00:00:00,0,0.3,0.7,0.6,0.6,51.1
2018-11-03 01:00:00,0,0.5,1.3,0.2,1,3.9
2018-11-03 02:00:00,0,0.6,1.8,0.3,1.4,293.4
2018-11-03 03:00:00,0,0.5,1.9,0.4,1.6,211.6
2018-11-03 04:00:00,0,0.6,1.7,0.6,1.6,162.5
2018-11-03 05:00:00,62.12,0.8,1.5,1.2,1.6,141.9
2018-11-03 06:00:00,8.17,1.1,1.4,1.6,1.7,145.4
2018-11-03 07:00:00,1.43,1.2,1.4,2,1.8,145.3
2018-11-03 08:00:00,0,0.9,1.3,1.6,1.9,158
2018-11-03 09:00:00,0,0.5,1.2,0.9,1.9,240.4
2018-11-03 10:00:00,0,0.8,1,1.3,1.6,245.8
2018-11-03 11:00:00,0,1.1,0.8,1.7,1.3,234.9
2018-11-03 12:00:00,0,1.4,0.9,2.3,1.3,242.3
2018-11-03 13:00:00,0,1.8,1.4,2.8,1.6,249
2018-11-03 14:00:00,0,1.9,1.8,3,2,247.9
2018-11-03 15:00:00,0.03,2,2,3.1,2.2,248.1
2018-11-03 16:00:00,0,1.9,2.2,3,2.3,260.3
2018-11-03 17:00:00,0.01,1.5,2.3,2.3,2.4,269.9
2018-11-03 18:00:00,0,1.1,2.4,2,2.6,232.7
2018-11-03 19:00:00,1.64,1.1,2.5,2.7,2.8,200.3
2018-11-03 20:00:00,276.06,1.2,2.6,3.1,3,209.8
2018-11-03 21:00:00,513.96,1.5,3,3.6,3.6,215.5
2018-11-03 22:00:00,30.1,1.8,3.7,4.2,4.5,201
2018-11-03 23:00:00,6.04,2,4.5,4.6,5.4,189.1
2018-11-04 00:00:00,69.34,2,4.8,4.5,5.8,188.7
2018-11-04 01:00:00,809.47,2.4,4.6,4.8,5.7,175.8
2018-11-04 02:00:00,1856.44,2.9,4.5,5.5,5.7,161.7
2018-11-04 03:00:00,904.4,2.6,4.5,5.1,5.7,162.4
2018-11-04 04:00:00,590.48,2.5,4.5,4.8,5.7,170.7
2018-11-04 05:00:00,1051.84,2.7,4.5,5.1,5.8,176.1
2018-11-04 06:00:00,1354.5,2.9,4.9,5.5,6.3,168.3
2018-11-04 07:00:00,1549.54,3.5,5.5,6.6,7.2,164.1
2018-11-04 08:00:00,2276.38,4,6.2,7.5,8,163.4
2018-11-04 09:00:00,4972.76,3.9,6.8,7.5,8.7,167.6
2018-11-04 10:00:00,5792.2,4,7.3,7.5,9.2,175.5
2018-11-04 11:00:00,5938.8,4.9,7.9,8.8,9.8,181.9
2018-11-04 12:00:00,4830.65,5.4,8.3,9.5,10.1,182.4
2018-11-04 13:00:00,3659.22,5.1,8.5,8.9,10.3,179
2018-11-04 14:00:00,6529.77,4.4,8.7,8.2,10.4,172.9
2018-11-04 15:00:00,5870.53,4.4,8.8,8.2,10.5,166.3
2018-11-04 16:00:00,2319.84,4.2,8.7,7.9,10.5,161.7
2018-11-04 17:00:00,2655.85,4,8.7,7.8,10.5,155.2
2018-11-04 18:00:00,5679.82,4.7,7.8,8.7,9.5,158.7
2018-11-04 19:00:00,5312.35,4.5,6.2,8.4,7.5,171.8
2018-11-04 20:00:00,1276.55,4.4,4.5,8.1,5.5,221.4
2018-11-04 21:00:00,4544.44,4.2,3.3,8,4,252.2
2018-11-04 22:00:00,4469.61,3.6,2.5,7.1,3.1,237.6
2018-11-04 23:00:00,666.09,3.5,1.7,6.6,2.2,234.2
2018-11-05 00:00:00,1134.6,2.5,1.9,4.8,2.4,239.8
2018-11-05 01:00:00,1325.13,2.1,3,4,3.7,203.5
2018-11-05 02:00:00,588.26,2.6,4.1,5,5,200.2
2018-11-05 03:00:00,538.8,2.9,5.1,6.1,6.3,228.7
2018-11-05 04:00:00,759.71,2.3,6.1,4.8,7.5,232.1
2018-11-05 05:00:00,103.36,2.7,7,5.8,8.8,343.7
2018-11-05 06:00:00,0.53,2.8,7.7,6.3,9.5,345.1
2018-11-05 07:00:00,3143.54,3,8,5.6,9.8,315.3
2018-11-05 08:00:00,7711.86,4.5,8.2,8.4,10.1,314.5
2018-11-05 09:00:00,8228.69,5.1,8.7,9.8,10.6,311.8
2018-11-05 10:00:00,10199.97,5.2,9.4,10.1,11.4,305.9
2018-11-05 11:00:00,10220.53,5.4,10.1,10.2,12.2,305
2018-11-05 12:00:00,10879.75,5.4,10.3,10.1,12.4,302.3
2018-11-05 13:00:00,9512.76,5.3,10,9.9,12,298.3
2018-11-05 14:00:00,10624.07,5.7,9.7,10.3,11.7,297.1
2018-11-05 15:00:00,11692.29,5.8,9.5,10.4,11.3,295.7
2018-11-05 16:00:00,11705.15,5.6,9.3,10.3,11.1,295.7
2018-11-05 17:00:00,11788.67,5.7,9,10.5,10.8,294.2
2018-11-05 18:00:00,10171.82,5.3,8.8,10,10.6,289.6
2018-11-05 19:00:00,10342.47,4.6,8.6,9.1,10.3,284.9
2018-11-05 20:00:00,9118.55,4.4,8.3,8.6,10.1,282.3
2018-11-05 21:00:00,8255.3,4.3,8,7.9,9.7,274
2018-11-05 22:00:00,8097.17,4.4,7.6,7.9,9.3,262.9
2018-11-05 23:00:00,7198.38,4.2,7.3,8.2,8.8,255.2
2018-11-06 00:00:00,7231.03,3.6,7.1,7.5,8.7,249.2
2018-11-06 01:00:00,7206.88,3.4,7.2,7.1,8.9,241.3
2018-11-06 02:00:00,8730.08,3.7,7.4,7.5,9.1,235.3
2018-11-06 03:00:00,10406.34,4.2,7.8,8.1,9.6,228.6
2018-11-06 04:00:00,11360.41,4.9,8.6,9,10.6,222
2018-11-06 05:00:00,12510.23,5.3,9.5,9.6,11.6,216.7
2018-11-06 06:00:00,9432.19,5.8,10.2,10.5,12.4,211.5
2018-11-06 07:00:00,8426.46,6.4,10.8,11.6,13.2,206.7
2018-11-06 08:00:00,10083.8,6.7,11.5,12.1,14,201.2
2018-11-06 09:00:00,10747.28,7,11.7,12.6,14.2,194.3
2018-11-06 10:00:00,9220.95,7.1,11.5,12.7,14,193.3
2018-11-06 11:00:00,11196.42,7,11.4,12.7,13.8,194.4
2018-11-06 12:00:00,11883.7,7.6,11.6,13.8,14.1,199.3
2018-11-06 13:00:00,12887.45,8,12.2,14.5,14.7,200.3
2018-11-06 14:00:00,13424.89,8.1,12.7,14.6,15.4,192.3
2018-11-06 15:00:00,12771.34,8.3,13.3,15,16,189.4
2018-11-06 16:00:00,12850.83,8.3,13.7,15.2,16.6,194.3
2018-11-06 17:00:00,12360.6,8.6,14.2,15.8,17.2,197.8
2018-11-06 18:00:00,12723.5,8.3,13.9,15.1,16.9,195.3
2018-11-06 19:00:00,11407.36,6.9,12.9,13.2,15.6,194.1
2018-11-06 20:00:00,12650.83,6.8,11.8,13.1,14.4,213.5
2018-11-06 21:00:00,13542.78,7.4,11.2,13.6,13.7,238.3
2018-11-06 22:00:00,14664.12,7.3,11,13.7,13.5,241
2018-11-06 23:00:00,13767.29,7.1,10.9,13.5,13.3,232.8
2018-11-07 00:00:00,12290.46,6.7,10.6,12.8,13.1,232.6
2018-11-07 01:00:00,12683.81,6.6,10.3,12.4,12.6,237.2
2018-11-07 02:00:00,13140.32,6.4,10,12,12.2,242.2
2018-11-07 03:00:00,12565.99,6.6,9.9,12.2,12.1,252.3
2018-11-07 04:00:00,12450.15,6.8,10,12.3,12.3,257.2
2018-11-07 05:00:00,13013.82,6.4,10.2,11.9,12.4,256.3
2018-11-07 06:00:00,11974.75,5.7,9.9,10.8,12.1,254.3
2018-11-07 07:00:00,9569.01,4.9,9.3,9.6,11.3,250.4
2018-11-07 08:00:00,8385.4,4.4,8.6,8.5,10.5,245.2
2018-11-07 09:00:00,7096.27,4.2,8.1,7.9,9.8,242.8
2018-11-07 10:00:00,7187.98,4.3,7.6,7.8,9.2,245.2
2018-11-07 11:00:00,7099.04,4.4,7,7.6,8.6,248.8
2018-11-07 12:00:00,2582.82,4.5,6.6,7.6,8,254.2
2018-11-07 13:00:00,1418.07,4.1,6.2,7.1,7.5,252.5
2018-11-07 14:00:00,1676.2,3.8,5.8,6.5,7,239.7
2018-11-07 15:00:00,576.5,3.9,5.8,6.8,6.9,229.7
2018-11-07 16:00:00,2319.86,3.4,6.2,6.4,7.3,225.6
2018-11-07 17:00:00,4459.65,3.2,6.6,6.5,7.7,216.4
2018-11-07 18:00:00,4979.42,2.9,6.9,6.7,8.1,205.6
2018-11-07 19:00:00,5524.23,2.4,7.2,6.4,8.7,198.3
2018-11-07 20:00:00,3143.76,2.4,7.5,6.7,9.2,191.5
2018-11-07 21:00:00,2797.34,2.5,7.8,7.1,9.6,188.4
2018-11-07 22:00:00,3399.13,2.6,8.1,7.2,10,188.4
2018-11-07 23:00:00,3830.96,2.6,8.4,7.1,10.4,181.8
2018-11-08 00:00:00,3530.25,2.7,8.7,6.7,10.7,163.8
2018-11-08 01:00:00,3624.46,2.8,8.9,6.8,11,152.9
2018-11-08 02:00:00,3863.16,3,9.1,7.3,11.2,158.3
2018-11-08 03:00:00,6900.95,3.4,9.4,7.5,11.6,165.4
2018-11-08 04:00:00,9150.05,4.3,9.9,8.5,12.1,171.8
2018-11-08 05:00:00,8361.16,5.2,10.3,10,12.5,169.1
2018-11-08 06:00:00,8817.94,5.5,10.5,10.6,12.8,163.5
2018-11-08 07:00:00,8823.65,5.3,10.6,10.2,12.9,162.2
2018-11-08 08:00:00,8049.26,5,10.6,9.5,12.9,165.2
2018-11-08 09:00:00,9253.41,5.5,10.7,10.6,12.9,171.1
2018-11-08 10:00:00,10826.62,6.3,10.8,12,12.9,174.4
2018-11-08 11:00:00,9478.77,5.6,10.9,10.6,12.9,174.1
2018-11-08 12:00:00,5042.56,5.1,10.6,9.5,12.5,185.3
2018-11-08 13:00:00,5511.85,5.4,9.8,9.8,11.7,204.7
2018-11-08 14:00:00,4424.72,5.1,9.1,9.5,10.8,220.2
2018-11-08 15:00:00,4437.32,5.2,8.4,9.5,10,234.2
2018-11-08 16:00:00,5772.34,4.9,7.7,8.7,9.2,238
2018-11-08 17:00:00,6504.55,4.5,7,8.3,8.4,224.6
2018-11-08 18:00:00,8741.31,4.5,6.7,8.5,8,227.5
2018-11-08 19:00:00,7581.72,4.2,6.7,8,8.2,247.1
2018-11-08 20:00:00,6902.79,4,6.8,7.3,8.3,263.2
2018-11-08 21:00:00,5835.21,3.8,6.7,7,8.3,274.6
2018-11-08 22:00:00,3287.52,3.8,6.5,7.4,8,262.4
2018-11-08 23:00:00,4601.41,3.5,6.3,7.2,7.8,247.9
2018-11-09 00:00:00,4977.74,3.1,6.3,6.7,7.7,239.2
2018-11-09 01:00:00,3689.68,2.9,6.4,6.5,7.9,227.9
2018-11-09 02:00:00,4141.39,3,6.5,6.9,8.1,220.6
2018-11-09 03:00:00,6964.76,3.2,7,7.4,8.7,218.2
2018-11-09 04:00:00,9646.85,3.7,7.9,8.1,9.7,212.4
2018-11-09 05:00:00,8301.5,4.3,8.7,8.8,10.7,204.1
2018-11-09 06:00:00,8721.63,4.8,9.5,9.3,11.6,199.5
2018-11-09 07:00:00,8550.91,5.3,10.3,10,12.6,197
2018-11-09 08:00:00,7599.47,5.9,11.1,11,13.5,195.2
2018-11-09 09:00:00,10383.18,6.5,11.9,11.8,14.3,194.7
2018-11-09 10:00:00,11897.49,7.1,12.5,12.9,15.1,193.4
2018-11-09 11:00:00,11879.3,7.6,13.2,13.8,15.8,194.5
2018-11-09 12:00:00,13108.74,8.2,13.4,14.8,16.1,199
2018-11-09 13:00:00,13508.89,8.6,13.1,15.6,15.8,200.7
2018-11-09 14:00:00,14135.28,8.3,12.9,15.2,15.6,202.1
2018-11-09 15:00:00,13506.19,8,13.1,14.7,15.9,205.1
2018-11-09 16:00:00,14098.14,7.8,13.8,14.6,16.7,205.8
2018-11-09 17:00:00,13737.83,8.1,14.4,15.1,17.4,208.9
2018-11-09 18:00:00,13864.18,8.8,14.2,16.3,17.2,214.2
2018-11-09 19:00:00,14006.91,9.1,13,16.8,15.9,215.6
2018-11-09 20:00:00,13767.39,8.5,11.9,15.8,14.6,219.7
2018-11-09 21:00:00,11566.3,8.5,11.4,15.5,14,225
2018-11-09 22:00:00,10281.88,8.7,11.5,16,14.1,227.5
2018-11-09 23:00:00,13282.59,8.3,11.5,15.6,14.2,232.3
2018-11-10 00:00:00,14603.31,7.9,11.2,14.9,13.8,232.6
2018-11-10 01:00:00,14568.46,7.1,10.4,13.3,12.8,237.1
2018-11-10 02:00:00,13576.65,6.8,9.7,12.7,11.9,242.5
2018-11-10 03:00:00,13836.3,6.7,9.3,12.5,11.4,243.2
2018-11-10 04:00:00,14291.86,6.7,9.4,12.2,11.5,245.1
2018-11-10 05:00:00,13204.77,6.6,9.4,11.9,11.5,244.7
2018-11-10 06:00:00,11249.53,5.9,9.3,10.8,11.3,239.5
2018-11-10 07:00:00,11489.85,5.4,8.9,10.3,10.9,226.1
2018-11-10 08:00:00,11667.14,5.6,8.5,10.6,10.5,214.8
2018-11-10 09:00:00,11070.46,6,8.6,11.4,10.6,201.3
2018-11-10 10:00:00,11464.6,7.2,9.3,13.3,11.4,210.4
2018-11-10 11:00:00,13001.39,7.7,9.9,13.8,12.1,240
2018-11-10 12:00:00,13714.27,7.1,10.4,12.9,12.6,247.2
2018-11-10 13:00:00,13263.5,7.2,10.7,12.9,12.9,234.4
2018-11-10 14:00:00,13181.35,7.3,11,13.2,13.2,232.6
2018-11-10 15:00:00,13260.45,7.1,11.1,13,13.4,232.5
2018-11-10 16:00:00,14142.24,6.8,11,12.4,13.3,231.5
2018-11-10 17:00:00,14337.81,6.7,10.9,12.4,13.2,226.1
2018-11-10 18:00:00,14124.64,7,10.9,13,13.2,224.9
2018-11-10 19:00:00,14214.08,7.3,11,13.8,13.3,230.8
2018-11-10 20:00:00,12841.06,7.2,11.1,13.7,13.4,230.3
2018-11-10 21:00:00,13773.67,7.3,11.4,13.6,13.8,226.1
2018-11-10 22:00:00,12978.54,7.7,12.1,14.3,14.5,225.6
2018-11-10 23:00:00,13643.74,7.2,12.7,13.6,15.3,225.6
2018-11-11 00:00:00,13271.87,6.1,12.8,11.6,15.5,221.7
2018-11-11 01:00:00,12765.47,6,12.5,11.2,15.1,213.7
2018-11-11 02:00:00,12258,6.9,12.1,12.8,14.8,204.3
2018-11-11 03:00:00,7881.15,7.8,11,14.3,13.5,203
2018-11-11 04:00:00,10882.01,9,9.2,16.4,11.2,218.3
2018-11-11 05:00:00,13821.02,7.6,7.3,14.1,8.9,245.8
2018-11-11 06:00:00,13632.2,5.3,6.4,10.2,7.8,268
2018-11-11 07:00:00,10716.05,4.7,6.4,9.2,7.8,255.5
2018-11-11 08:00:00,5740.19,4.1,6.4,7.8,7.9,246.7
2018-11-11 09:00:00,5475.47,4.1,6.4,7.6,7.8,243
2018-11-11 10:00:00,4872.31,4.3,6.2,7.5,7.6,242.2
2018-11-11 11:00:00,3367.79,3.9,6.1,6.8,7.4,237.2
2018-11-11 12:00:00,421.93,3.2,5.9,5.7,7,217.7
2018-11-11 13:00:00,68.88,2.9,5.4,5.3,6.6,197.9
2018-11-11 14:00:00,601.36,3.1,5,5.3,6.1,209.3
2018-11-11 15:00:00,1626.52,2.6,4.6,4.9,5.7,219.1
2018-11-11 16:00:00,2244.05,2.2,4.3,4.4,5.3,219.6
2018-11-11 17:00:00,1644.93,1.9,4,4,5,216.4
2018-11-11 18:00:00,737.45,1.7,3.7,4,4.6,216.1
2018-11-11 19:00:00,215.38,1.8,3.3,4.1,4.1,233.4
2018-11-11 20:00:00,616.62,1.9,3,4.1,3.7,238.6
2018-11-11 21:00:00,773.96,2.1,2.7,4.4,3.3,235.9
2018-11-11 22:00:00,560.73,2.4,2.5,4.8,3.1,239
2018-11-11 23:00:00,338.74,2.3,2.3,4.9,2.8,233.5
2018-11-12 00:00:00,624,2.2,2.3,4.9,2.9,220.1
2018-11-12 01:00:00,974.12,2.1,2.6,4.9,3.2,210.7
2018-11-12 02:00:00,1266.34,2.1,2.9,5.1,3.5,210
2018-11-12 03:00:00,1820.62,2.2,3,5.4,3.7,210.6
2018-11-12 04:00:00,2423.36,2.2,3,5.2,3.6,210.5
2018-11-12 05:00:00,1830.08,2,2.9,5,3.5,208.5
2018-11-12 06:00:00,1526.63,1.7,2.8,4.5,3.4,206
2018-11-12 07:00:00,999.92,1.7,2.7,4.3,3.2,189.1
2018-11-12 08:00:00,310.8,2,2.6,4.3,3,174.9
2018-11-12 09:00:00,1464.48,2.3,2.6,3.9,3,187.6
2018-11-12 10:00:00,518.17,2.6,2.6,4.1,3.1,221.1
2018-11-12 11:00:00,185.13,2.6,2.7,4.4,3.1,233.3
2018-11-12 12:00:00,159.68,2.5,2.8,4.1,3.2,232
2018-11-12 13:00:00,550.37,2.6,2.9,4.2,3.4,244.9
2018-11-12 14:00:00,635.37,2.6,3,4.2,3.5,252.9
2018-11-12 15:00:00,166.46,2.4,3.1,4,3.5,249.4
2018-11-12 16:00:00,0,2,3,3.2,3.5,248.9
2018-11-12 17:00:00,0.06,1.8,3,3,3.5,275.4
2018-11-12 18:00:00,6.14,1.1,2.7,3,3.1,294.6
2018-11-12 19:00:00,142.88,0.6,2,2.4,2.5,293.5
2018-11-12 20:00:00,8.85,0.8,1.4,2.4,1.9,293
2018-11-12 21:00:00,4.52,0.9,1.1,2.2,1.5,294.7
2018-11-12 22:00:00,0,1.3,1.1,1.5,1.2,281.4
2018-11-12 23:00:00,0,1.6,1.1,1.1,1,222.6
2018-11-13 00:00:00,0,1.7,1.2,1.5,0.8,173.8
2018-11-13 01:00:00,0,1.5,1.3,1.8,0.7,167.4
2018-11-13 02:00:00,0,1.2,1.4,1.5,0.7,161.5
2018-11-13 03:00:00,0,1.2,1.5,1.4,0.8,143.5
2018-11-13 04:00:00,180.2,1.2,1.6,1.6,1.2,131.6
2018-11-13 05:00:00,47,1.6,1.7,2.5,1.5,133
2018-11-13 06:00:00,40.37,1.8,1.7,2.8,1.7,139.2
2018-11-13 07:00:00,73.89,1.4,1.7,2,1.6,145.2
2018-11-13 08:00:00,185.08,1.3,1.6,1.8,1.6,143.7
2018-11-13 09:00:00,1297.53,1.7,1.5,2.5,1.5,142.6
2018-11-13 10:00:00,3112.61,2.2,1.4,3.3,1.4,139.1
2018-11-13 11:00:00,2076.21,2.4,1.2,3.6,1.4,135.6
2018-11-13 12:00:00,1240.32,2.6,1.3,3.8,1.5,137.6
2018-11-13 13:00:00,695.16,2.7,1.7,4,1.9,138.7
2018-11-13 14:00:00,335.77,2.5,2.1,3.9,2.2,140.8
2018-11-13 15:00:00,27.53,2.2,2.2,3.6,2.3,146.5
2018-11-13 16:00:00,90.36,2,2,4,2.2,145.6
2018-11-13 17:00:00,522.01,1.8,1.8,4.4,2.1,145.5
2018-11-13 18:00:00,620.44,1.6,2,4.4,2.4,148.3
2018-11-13 19:00:00,1052.18,1.7,2.6,4.7,3.1,153.9
2018-11-13 20:00:00,1643,1.9,3.2,4.8,3.8,161
2018-11-13 21:00:00,1266.64,1.9,3.6,4.5,4.2,164.2
2018-11-13 22:00:00,2163.72,1.9,3.7,4.1,4.2,165.1
2018-11-13 23:00:00,2991.79,1.9,3.8,3.9,4.3,168.3
2018-11-14 00:00:00,2698.53,2,3.9,4.5,4.4,173.3
2018-11-14 01:00:00,4166.15,2,4,4.9,4.6,174
2018-11-14 02:00:00,3435.87,2,4,4.6,4.8,164.6
2018-11-14 03:00:00,4506.46,2,4,4.7,4.8,151.4
2018-11-14 04:00:00,6740.85,2.1,3.9,4.7,4.8,147.9
2018-11-14 05:00:00,7809.85,2.1,3.8,4.8,4.7,149.8
2018-11-14 06:00:00,6432.36,2.1,3.7,5.4,4.5,157.1
2018-11-14 07:00:00,7218.99,2,3.5,5.6,4.3,161.9
2018-11-14 08:00:00,5384.64,1.8,3.3,5,4.1,161.9
2018-11-14 09:00:00,4156.05,1.8,3,4.4,3.8,162.7
2018-11-14 10:00:00,2645.69,2.1,2.7,4,3.6,160.5
2018-11-14 11:00:00,483.97,2.6,2.4,4.2,3.4,150.6
2018-11-14 12:00:00,118.51,3.1,2.3,4.8,3.3,145.5
2018-11-14 13:00:00,959.25,3.3,2.5,5.1,3.1,145.1
2018-11-14 14:00:00,508.12,3.1,2.6,4.9,3,142.9
2018-11-14 15:00:00,142.31,2.6,2.8,4.4,3,138.1
2018-11-14 16:00:00,3.41,2,3,4.1,3.3,137.6
2018-11-14 17:00:00,101.32,1.7,3.2,3.8,3.5,144.7
2018-11-14 18:00:00,2315.37,1.7,3.2,3.9,3.7,142.4
2018-11-14 19:00:00,2606.91,1.8,3.2,4,3.8,138.7
2018-11-14 20:00:00,3160.43,1.9,3.2,3.8,3.9,139.4
2018-11-14 21:00:00,4408.33,2.2,3.2,3.9,4,137.3
2018-11-14 22:00:00,3567.62,2.2,3.3,4.2,4.2,137.2
2018-11-14 23:00:00,2900.45,2.1,3.4,4.8,4.3,137.6
2018-11-15 00:00:00,5047.23,1.9,3.7,5.4,4.6,147.2
2018-11-15 01:00:00,4878.42,1.9,4.1,5.3,5.1,157.3
2018-11-15 02:00:00,4121.12,2,4.5,4.8,5.6,160
2018-11-15 03:00:00,5367.01,2,4.6,4.1,5.9,155.6
2018-11-15 04:00:00,3196.03,1.7,4.6,3.6,5.9,148.9
2018-11-15 05:00:00,1404.3,1.4,4.5,4,5.9,149.3
2018-11-15 06:00:00,2167.67,1.5,4.3,4.6,5.7,148
2018-11-15 07:00:00,2078.63,1.7,4.1,4.7,5.3,151.9
2018-11-15 08:00:00,2853.97,1.7,3.8,4.8,5,158.9
2018-11-15 09:00:00,1680.65,1.9,3.5,4.6,4.6,160.1
2018-11-15 10:00:00,1278.79,2.1,3.2,3.7,4.2,155.8
2018-11-15 11:00:00,1208.3,1.8,2.9,2.9,3.9,148.3
2018-11-15 12:00:00,287.89,2.1,2.6,3.3,3.4,138.1
2018-11-15 13:00:00,0.32,2.4,2.2,3.6,2.7,135.2
2018-11-15 14:00:00,19.68,2.2,1.9,3.3,2,134.3
2018-11-15 15:00:00,34.08,1.8,1.7,2.8,1.7,127.7
2018-11-15 16:00:00,0,1.4,1.7,1.9,1.9,121.6
2018-11-15 17:00:00,0,1.5,1.7,2.3,2.1,111.2
2018-11-15 18:00:00,299.89,1.6,1.9,3.4,2.3,112.3
2018-11-15 19:00:00,2113.49,1.8,2.2,4.2,2.5,121.8
2018-11-15 20:00:00,4727.61,2,2.5,4.5,2.7,129.3
2018-11-15 21:00:00,6242.49,2,2.5,4,2.8,132
2018-11-15 22:00:00,4691.69,2,2.4,3.8,2.7,130.2
2018-11-15 23:00:00,2355.19,2.1,2.3,3.9,2.6,128
2018-11-16 00:00:00,2756.04,1.9,2.2,3.6,2.6,132.9
2018-11-16 01:00:00,3769.01,1.7,2.2,3.3,2.7,139.4
2018-11-16 02:00:00,3515.14,2.1,2.2,3.6,2.8,140
2018-11-16 03:00:00,2914.01,2.2,2.2,4.1,2.8,137.8
2018-11-16 04:00:00,2762.33,2.2,2.1,4.5,2.7,135.4
2018-11-16 05:00:00,1671.36,2,2.1,4.5,2.5,137.5
2018-11-16 06:00:00,1484.64,1.9,2,4.3,2.3,139.7
2018-11-16 07:00:00,1724.46,2,1.9,4.3,2.2,140.1
2018-11-16 08:00:00,2326.54,1.9,1.8,4.7,2,135.6
2018-11-16 09:00:00,1564.81,1.9,1.7,4.9,2,131.8
2018-11-16 10:00:00,1263.16,2.4,1.7,4.8,2.2,133.3
2018-11-16 11:00:00,1146.26,3,1.6,4.9,2.4,135.9
2018-11-16 12:00:00,1121.57,3.1,1.8,5,2.7,137.8
2018-11-16 13:00:00,822.23,3.1,2.3,4.6,2.9,138.8
2018-11-16 14:00:00,665.11,2.9,2.7,4.5,3.2,138.8
2018-11-16 15:00:00,553.15,2.5,3.2,4.3,3.7,135.9
2018-11-16 16:00:00,946.31,1.7,3.8,3.5,4.4,139.4
2018-11-16 17:00:00,1081.37,1.6,4.4,3,5.2,145
2018-11-16 18:00:00,4069.15,1.9,4.8,3.3,5.9,149.7
2018-11-16 19:00:00,2391.49,1.7,5.3,3.4,6.5,157.5
2018-11-16 20:00:00,1718.99,1.9,5.7,3.2,7.2,159.2
2018-11-16 21:00:00,3239.15,2,6.1,3.5,7.8,151.6
2018-11-16 22:00:00,3484.45,2,6.6,4.1,8.3,143
2018-11-16 23:00:00,2905.25,1.9,7.1,4.3,8.9,148.3
2018-11-17 00:00:00,3021.83,1.9,7.2,4.3,9,153.9
2018-11-17 01:00:00,2862.8,1.9,7.1,4.6,8.8,153.5
2018-11-17 02:00:00,3816.86,1.9,6.9,4.5,8.6,151.8
2018-11-17 03:00:00,4433.06,1.9,6.9,4.7,8.6,143.5
2018-11-17 04:00:00,3353.54,2,7.1,5.4,8.8,136.2
2018-11-17 05:00:00,4447.69,2.1,7.2,6,9,134.7
2018-11-17 06:00:00,5577.67,1.9,7.2,5.5,9.1,135.7
2018-11-17 07:00:00,5567.41,1.8,7.1,5.1,9,136
2018-11-17 08:00:00,5220.07,2,7,5.6,9,132
2018-11-17 09:00:00,3841.35,2.5,6.9,5.7,8.7,128.6
2018-11-17 10:00:00,2073.38,3.2,6.6,5.7,8.3,127.2
2018-11-17 11:00:00,4676.68,3.6,6.4,6.1,7.8,125.9
2018-11-17 12:00:00,7518.46,4.1,6.3,6.8,7.6,128.8
2018-11-17 13:00:00,7617.97,4.4,6.3,7.4,7.4,131.4
2018-11-17 14:00:00,6315.74,4.3,6.3,7.3,7.3,127.7
2018-11-17 15:00:00,4814.68,3.9,6.3,7.5,7.2,124.2
2018-11-17 16:00:00,5066.33,3.6,6.2,7.9,7.2,126.7
2018-11-17 17:00:00,7537.2,3.3,6.1,7.9,7.2,131.4
2018-11-17 18:00:00,7384.53,2.6,5.9,7.4,7.1,130.6
2018-11-17 19:00:00,9013.34,2,5.6,6.7,6.8,126.6
2018-11-17 20:00:00,8265.56,2.1,5.3,6.7,6.5,125
2018-11-17 21:00:00,5839.91,2.2,5.2,6.3,6.3,122
2018-11-17 22:00:00,4347.74,2.1,5.2,5.5,6.3,118.8
2018-11-17 23:00:00,2854.52,1.9,5.1,4.8,6.3,114.7
2018-11-18 00:00:00,3618.74,1.5,5,4.4,6,111
2018-11-18 01:00:00,3780.27,1.5,4.6,4.4,5.6,105.2
2018-11-18 02:00:00,4226.41,1.7,4.2,4.6,5.2,98.1
2018-11-18 03:00:00,5192.19,1.9,3.8,4.7,4.7,96.5
2018-11-18 04:00:00,5195.24,2,3.4,4.8,4.1,96.2
2018-11-18 05:00:00,3429.79,2,2.9,4.7,3.5,98.1
2018-11-18 06:00:00,2752.4,1.7,2.6,4.2,3.2,97.3
2018-11-18 07:00:00,3261.34,1.6,2.5,3.6,3.1,91.6
2018-11-18 08:00:00,2300.52,1.6,2.4,3.2,3,81.1
2018-11-18 09:00:00,1213.51,1.4,2.2,3.9,2.8,73.8
2018-11-18 10:00:00,416.07,1.8,2,4.8,2.6,71.4
2018-11-18 11:00:00,155.9,2.5,1.7,5.3,2.3,69.3
2018-11-18 12:00:00,1516.08,3.1,2.1,5.5,2.8,77.7
2018-11-18 13:00:00,3366.37,3.8,3.3,6.3,3.9,75.7
2018-11-18 14:00:00,3996.01,4.2,4.4,7.7,5,66.4
2018-11-18 15:00:00,5584.99,4.3,5.1,8.6,5.7,66.5
2018-11-18 16:00:00,4677.84,3.6,5.3,7.9,5.9,69.4
2018-11-18 17:00:00,2831.2,2.8,5.4,6.2,6.1,75.3
2018-11-18 18:00:00,3065.08,2.4,5.4,5.3,6.1,79.6
2018-11-18 19:00:00,1481.08,2.5,5,5.8,5.8,75.4
2018-11-18 20:00:00,930.53,2.3,4.7,5.9,5.5,71.1
2018-11-18 21:00:00,1335.73,1.8,4.3,5.7,5,69.9
2018-11-18 22:00:00,1000.31,1.6,3.8,4.9,4.3,79.2
2018-11-18 23:00:00,1178.34,1.6,3.2,3.9,3.6,100.4
2018-11-19 00:00:00,3103.31,1.9,2.8,4.6,3.1,124.8
2018-11-19 01:00:00,4421.3,2,2.5,5.5,2.8,132.5
2018-11-19 02:00:00,4591.17,1.6,2.1,4.8,2.4,139.5
2018-11-19 03:00:00,4401.51,1.6,1.9,4.5,2.2,143.1
2018-11-19 04:00:00,5133.92,1.4,1.8,3.9,2.1,142.5
2018-11-19 05:00:00,6637.08,1.2,1.7,3.2,1.9,136.4
2018-11-19 06:00:00,3382.82,1.1,1.7,2.4,1.7,125.1
2018-11-19 07:00:00,1820.9,0.8,1.7,1.6,1.6,100.9
2018-11-19 08:00:00,1344.86,0.6,1.7,1.5,1.4,81.8
2018-11-19 09:00:00,502.66,0.4,1.4,1.5,1.2,111.3
2018-11-19 10:00:00,3.54,0.7,1,1.5,0.9,140.6
2018-11-19 11:00:00,0,1.2,0.5,1.7,0.6,144.4
2018-11-19 12:00:00,0,1.4,0.6,2.1,0.8,143.9
2018-11-19 13:00:00,0,1.1,1.3,1.7,1.4,150.6
2018-11-19 14:00:00,0,0.5,1.9,0.6,2,152.9
2018-11-19 15:00:00,0.13,1.5,2.4,2.5,2.5,23.5
2018-11-19 16:00:00,0,2.3,2.7,4.9,2.9,30.7
2018-11-19 17:00:00,0.01,1.8,3,4.1,3.2,49.2
2018-11-19 18:00:00,7.37,1.5,3,3.3,3.2,71.1
2018-11-19 19:00:00,0.02,1.2,2.7,3.1,3,81.9
2018-11-19 20:00:00,217.68,1.2,2.3,2.6,2.8,98.5
2018-11-19 21:00:00,162.53,1.2,2.1,2.4,2.7,110
2018-11-19 22:00:00,123.45,1.3,2,2.5,2.6,130.3
2018-11-19 23:00:00,13.29,1.3,1.9,2.6,2.6,144.4
2018-11-20 00:00:00,0,1,1.9,2.3,2.6,133.7
2018-11-20 01:00:00,0.15,0.7,2.1,1.9,2.8,117.8
2018-11-20 02:00:00,0,1,2.3,2,3,128.1
2018-11-20 03:00:00,0,1.3,2.5,1.9,3.2,115.2
2018-11-20 04:00:00,0.01,1.1,2.8,1.4,3.6,78.8
2018-11-20 05:00:00,147.43,1.6,3.1,2.6,3.9,53.5
2018-11-20 06:00:00,475.55,2,3.4,3.7,4.3,57.3
2018-11-20 07:00:00,768.16,1.9,3.8,3.8,4.7,55.9
2018-11-20 08:00:00,829.65,1.9,4.2,3.8,5.1,52.9
2018-11-20 09:00:00,1612.89,1.6,4.1,2.8,5,52.4
2018-11-20 10:00:00,627.86,2,3.7,3.5,4.4,37.4
2018-11-20 11:00:00,175.15,2.9,3.2,4.6,3.8,39.1
2018-11-20 12:00:00,120.62,2.9,2.9,4.4,3.4,53.5
2018-11-20 13:00:00,0,2.3,2.9,3.8,3.3,57.3
2018-11-20 14:00:00,519.71,2.3,2.8,3.9,3.2,49.8
2018-11-20 15:00:00,262.61,2.4,2.7,3.8,3.1,48
2018-11-20 16:00:00,0,1.6,2.5,2.6,2.9,45.2
2018-11-20 17:00:00,0,0.9,2.4,1.7,2.7,78.2
2018-11-20 18:00:00,0,0.8,2.1,1.7,2.4,107.5
2018-11-20 19:00:00,0,1,1.6,1.9,1.9,105
2018-11-20 20:00:00,0,1,1.2,1.6,1.4,126.4
2018-11-20 21:00:00,0,1.1,1,1.8,1.2,152
2018-11-20 22:00:00,0,1.2,1.2,2.5,1.4,164.1
2018-11-20 23:00:00,174.52,1.2,1.4,2.7,1.6,177.8
2018-11-21 00:00:00,318.3,1.4,1.5,2.9,1.7,175.6
2018-11-21 01:00:00,75.42,1.6,1.5,3.3,1.8,165.3
2018-11-21 02:00:00,383.07,1.5,1.5,3.4,1.9,168.9
2018-11-21 03:00:00,87.35,1.4,1.6,3.4,2,182.6
2018-11-21 04:00:00,138.77,1.5,1.6,3.7,2.1,186.6
2018-11-21 05:00:00,1049.53,1.5,1.7,3.8,2.2,178.2
2018-11-21 06:00:00,1975.25,1.8,2.5,4,3.2,174.4
2018-11-21 07:00:00,2196.45,2.6,3.9,5.2,5.2,186.9
2018-11-21 08:00:00,1572.64,3.4,5.4,6.4,7.1,201.5
2018-11-21 09:00:00,1982.85,3.6,6.4,6.4,8.4,211
2018-11-21 10:00:00,1956.57,3.8,7.1,6.6,8.9,213.5
2018-11-21 11:00:00,3073.26,3.6,7.8,5.7,9.5,198.7
2018-11-21 12:00:00,3255.15,3.9,8,6.2,9.5,194.1
2018-11-21 13:00:00,3596.2,4.7,7.6,8.2,9,204.7
2018-11-21 14:00:00,2959.43,4.7,7.2,8.4,8.5,208.3
2018-11-21 15:00:00,2245.94,4.4,7,7.9,8.3,212.4
2018-11-21 16:00:00,3923.74,3.8,7.1,7,8.5,214.1
2018-11-21 17:00:00,4169.28,3.7,7.2,6.9,8.8,216.7
2018-11-21 18:00:00,2609.73,3.9,7.4,7.4,9.1,203.9
2018-11-21 19:00:00,2461.7,3.7,7.7,7.3,9.4,189.1
2018-11-21 20:00:00,3955.5,3.7,7.9,7.2,9.7,192.6
2018-11-21 21:00:00,2958.99,3.9,8.2,7.5,10,195.9
2018-11-21 22:00:00,3912.28,4,8.5,7.7,10.3,195.2
2018-11-21 23:00:00,3656.27,3.7,8.7,7.2,10.6,191.1
2018-11-22 00:00:00,3839.93,3.9,8.9,7.5,10.8,182.8
2018-11-22 01:00:00,3790.96,4.3,8.9,8.1,10.9,180.7
2018-11-22 02:00:00,4369.11,4.1,9,7.8,11,183.8
2018-11-22 03:00:00,6607.07,3.9,9,7.7,11.1,179.8
2018-11-22 04:00:00,6550.25,3.7,9.1,7.5,11.1,173.6
2018-11-22 05:00:00,6243.84,3.5,9.1,7,11.1,176.2
2018-11-22 06:00:00,5744.7,3.6,9.1,7.2,11.1,178.9
2018-11-22 07:00:00,5595.55,3.8,9.1,7.7,11,179.7
2018-11-22 08:00:00,4168.02,3.9,9,7.7,11,182
2018-11-22 09:00:00,4285.58,4.1,8.9,7.6,10.8,182.6
2018-11-22 10:00:00,5770.06,4,8.7,7.5,10.5,186.1
2018-11-22 11:00:00,5119.25,4.4,8.6,8,10.3,182.8
2018-11-22 12:00:00,3781.69,5.1,8.3,9.2,10,187.8
2018-11-22 13:00:00,2862.89,5.1,8,9.3,9.5,194.4
2018-11-22 14:00:00,2510.07,4.7,7.7,8.5,9.1,184.8
2018-11-22 15:00:00,4436.18,4.7,7.6,8.2,9,182.7
2018-11-22 16:00:00,4121.1,4.9,7.8,8.5,9.4,191.6
2018-11-22 17:00:00,4274.41,4.5,8,8.4,9.7,192.3
2018-11-22 18:00:00,3646.87,4,7.9,7.9,9.6,191.8
2018-11-22 19:00:00,2894.07,4.2,7.4,7.9,9.1,195.9
2018-11-22 20:00:00,3225.24,4.1,7,7.8,8.6,198.9
2018-11-22 21:00:00,2426.92,4,6.4,7.8,7.9,197.9
2018-11-22 22:00:00,2920.16,3.7,5.7,7.5,7.1,202.5
2018-11-22 23:00:00,3611.05,3,5,6.1,6.4,218.1
2018-11-23 00:00:00,3654.1,2.9,4.7,5.9,6,219.3
2018-11-23 01:00:00,2458.65,3.1,4.8,6.1,6,216.5
2018-11-23 02:00:00,2106.83,2.8,4.9,5.4,6,227.9
2018-11-23 03:00:00,2083.24,2.9,5.2,5.5,6.3,237.5
2018-11-23 04:00:00,1655,3,5.6,5.6,6.9,232.3
2018-11-23 05:00:00,1411.48,3.2,6,5.9,7.5,218.5
2018-11-23 06:00:00,2218.76,3.4,6.3,6.5,7.9,211.2
2018-11-23 07:00:00,2883.13,3.5,6.6,6.8,8.2,210.9
2018-11-23 08:00:00,2218.51,3.6,6.8,6.9,8.4,210.6
2018-11-23 09:00:00,3823.88,3.6,6.9,6.9,8.5,206.4
2018-11-23 10:00:00,7021.58,3.7,7,6.9,8.5,212.3
2018-11-23 11:00:00,7482.58,4.1,7,7.6,8.4,222.3
2018-11-23 12:00:00,6361.61,4.6,7.1,8.4,8.5,226.3
2018-11-23 13:00:00,8900.13,4.6,7.3,8.3,8.7,230.9
2018-11-23 14:00:00,7131.56,4.6,7.4,8.2,8.9,232.1
2018-11-23 15:00:00,5808.97,4.3,7.3,7.9,8.8,230.4
2018-11-23 16:00:00,6282.78,3.7,7,7.3,8.5,229.8
2018-11-23 17:00:00,5287.27,3.8,6.7,7.2,8.1,222.6
2018-11-23 18:00:00,6653.85,3.9,6.6,7.5,8.1,217.3
2018-11-23 19:00:00,5157.21,3.7,6.9,7.5,8.5,221.7
2018-11-23 20:00:00,5664.2,3.6,7.1,7.2,8.8,225.6
2018-11-23 21:00:00,5795.66,3.9,7.2,7.6,8.9,226.3
2018-11-23 22:00:00,5621.44,4.6,7,8.8,8.7,222.7
2018-11-23 23:00:00,7360.4,4.5,6.9,8.9,8.5,222.3
2018-11-24 00:00:00,7034.75,4.1,6.7,8.1,8.3,222.9
2018-11-24 01:00:00,5795.66,3.7,6.5,7.3,8.1,218.5
2018-11-24 02:00:00,5666.22,3.1,6.4,6.3,7.9,214.8
2018-11-24 03:00:00,5037.05,3.1,6.1,6.5,7.6,218.5
2018-11-24 04:00:00,4260.74,3.5,5.7,7.1,7.1,221.8
2018-11-24 05:00:00,3708.94,3.5,5.3,6.9,6.6,216.8
2018-11-24 06:00:00,4835.41,3.2,5.1,6.5,6.4,210.9
2018-11-24 07:00:00,3331.89,2.7,5,5.7,6.3,207
2018-11-24 08:00:00,3348.87,2.7,4.9,5.5,6.3,200.9
2018-11-24 09:00:00,721.24,2.9,5,5.6,6.4,193.3
2018-11-24 10:00:00,678.26,3.1,5.3,6.1,6.7,196.4
2018-11-24 11:00:00,1516.96,2.7,5.5,5.9,7,194.9
2018-11-24 12:00:00,2079.84,2.2,5.5,4.9,6.9,181.1
2018-11-24 13:00:00,1135.96,2,5.1,4.3,6.4,158.5
2018-11-24 14:00:00,1244.75,2.3,4.7,5,5.9,157.6
2018-11-24 15:00:00,5553.92,2,4.4,4.1,5.6,162.5
2018-11-24 16:00:00,2278.48,1.3,4.2,2.5,5.5,40.3
2018-11-24 17:00:00,0,1.3,4.1,3.1,5.4,73.1
2018-11-24 18:00:00,250.83,2.9,4.2,5.6,5.5,31.2
2018-11-24 19:00:00,3256.63,3.9,4.7,7.6,6,10.2
2018-11-24 20:00:00,671.48,3,5.2,6.2,6.4,356.4
2018-11-24 21:00:00,293.48,3,5,5.9,6.1,339.5
2018-11-24 22:00:00,1491.64,3,4.1,5.8,5.1,341.8
2018-11-24 23:00:00,1049.83,2,3.2,4.3,4.1,345.7
2018-11-25 00:00:00,1.54,1,2.5,2.7,3.2,348.4
2018-11-25 01:00:00,0,1,2,1.2,2.6,355.5
2018-11-25 02:00:00,0,1.5,1.5,0.7,1.9,260.3
2018-11-25 03:00:00,0,1.7,1.1,1.1,1.4,232.4
2018-11-25 04:00:00,0,1.7,1,1.3,1.1,234
2018-11-25 05:00:00,0,1.8,0.8,1.4,0.8,202.3
2018-11-25 06:00:00,0,1.8,1.1,2,1.1,182.8
2018-11-25 07:00:00,0,1.7,1.9,2.6,2.1,171.7
2018-11-25 08:00:00,333.44,1.5,2.6,2.7,3.1,164
2018-11-25 09:00:00,812.66,1.3,2.8,2.6,3.4,160.7
2018-11-25 10:00:00,72.23,1.6,2.4,2.9,3,147.7
2018-11-25 11:00:00,46.92,2.4,2.1,3.7,2.5,142.7
2018-11-25 12:00:00,1077.59,2.8,2.1,4.5,2.5,142.4
2018-11-25 13:00:00,1144.12,2.7,2.6,4.5,3,142.7
2018-11-25 14:00:00,350.69,2.1,3.1,3.8,3.4,155.2
2018-11-25 15:00:00,317.25,1.8,3.6,3.8,4,165.6
2018-11-25 16:00:00,132.77,2.2,4.2,4.8,4.9,167.3
2018-11-25 17:00:00,386.44,2.8,4.9,5.5,5.7,181.8
2018-11-25 18:00:00,2191.17,3.1,4.8,5.8,5.8,168.1
2018-11-25 19:00:00,7454.16,3.1,4.1,5.9,5.1,138.6
2018-11-25 20:00:00,7869.27,2.8,3.3,5.2,4.3,132.7
2018-11-25 21:00:00,2857.93,1.5,3.1,3.4,4.1,144.2
2018-11-25 22:00:00,2838.66,3.1,3.5,5.9,4.4,268.7
2018-11-25 23:00:00,7675.68,6.1,3.8,10.7,4.7,275
2018-11-26 00:00:00,4299.74,5.2,3.9,9.5,4.9,261.6
2018-11-26 01:00:00,589.88,3,3.8,5.9,4.9,221.3
2018-11-26 02:00:00,236.21,2,3.6,3.8,4.9,155.9
2018-11-26 03:00:00,1031.42,1.8,4,3.1,5.4,53.4
2018-11-26 04:00:00,5646.53,3.1,4.9,5.7,6.3,339.2
2018-11-26 05:00:00,7819.06,3.8,5.8,7.4,7.2,327.6
2018-11-26 06:00:00,6034.94,3.5,5.9,7,7.2,327.5
2018-11-26 07:00:00,2273.06,3.1,5.1,6.3,6.3,321.4
2018-11-26 08:00:00,750.75,2.5,4.3,5.3,5.3,309.2
2018-11-26 09:00:00,701.36,2.6,3.9,5.2,4.8,299.4
2018-11-26 10:00:00,281.74,2.6,3.9,5,4.7,293.5
2018-11-26 11:00:00,13.02,2.5,3.8,4.7,4.6,287.5
2018-11-26 12:00:00,130.96,2.5,3.8,4.5,4.5,276.4
2018-11-26 13:00:00,1062.68,2.9,3.8,4.8,4.5,269.5
2018-11-26 14:00:00,1489.19,3.1,3.8,5.3,4.4,268.4
2018-11-26 15:00:00,2166.26,2.7,3.9,4.7,4.5,268.1
2018-11-26 16:00:00,2141.78,1.9,4,4.1,4.8,264.2
2018-11-26 17:00:00,1680.45,1.6,4.2,3.6,5,259
2018-11-26 18:00:00,947.13,1.8,4.6,3.4,5.5,242.7
2018-11-26 19:00:00,2019.97,1.9,5.2,4,6.3,209.3
2018-11-26 20:00:00,2216.56,1.9,5.8,5.1,7.1,201.9
2018-11-26 21:00:00,3872.65,2.1,6.3,5.9,7.8,202
2018-11-26 22:00:00,4643.92,2.4,6.7,6.4,8.4,193.2
2018-11-26 23:00:00,3552.16,2.7,7.1,6.8,9.1,190.8
2018-11-27 00:00:00,2140.88,2.9,7.4,7,9.4,190.4
2018-11-27 01:00:00,2474.51,2.9,7.5,6.9,9.5,185.8
2018-11-27 02:00:00,2964.37,2.7,7.6,6.7,9.5,182
2018-11-27 03:00:00,3518,2.1,7.8,6,9.7,185.4
2018-11-27 04:00:00,6724.15,2.6,8.1,6.4,10,201.4
2018-11-27 05:00:00,8997.41,3.7,8.3,7.6,10.3,210.6
2018-11-27 06:00:00,9112.69,4.1,8.4,7.8,10.5,209
2018-11-27 07:00:00,7453.15,3.8,8.5,7.4,10.5,203.9
2018-11-27 08:00:00,4987.52,3.9,8.6,7.2,10.6,196.9
2018-11-27 09:00:00,7049.56,4.3,8.6,7.4,10.6,194.6
2018-11-27 10:00:00,10070.67,4.7,8.6,8.2,10.5,200.7
2018-11-27 11:00:00,9456.59,5.1,8.6,9.1,10.4,208.1
2018-11-27 12:00:00,11658.4,5.4,8.7,9.7,10.5,210.8
2018-11-27 13:00:00,10302.52,5.7,9,10.4,10.8,208.2
2018-11-27 14:00:00,8811.4,5.9,9.4,10.9,11.1,202.1
2018-11-27 15:00:00,8633.25,5.9,9.5,10.9,11.4,205.1
2018-11-27 16:00:00,7668.41,5.8,9.6,10.6,11.5,207.8
2018-11-27 17:00:00,6434.16,5.7,9.7,10.6,11.7,196.3
2018-11-27 18:00:00,4647.42,5.3,9.9,9.8,11.9,191.8
2018-11-27 19:00:00,4452.29,4.9,10.1,9.1,12.1,198.5
2018-11-27 20:00:00,5690.92,5.4,10.3,10,12.3,197
2018-11-27 21:00:00,5474.71,6,10.5,10.9,12.6,194.5
2018-11-27 22:00:00,6976.77,6,10.7,11,12.8,197.6
2018-11-27 23:00:00,10771.98,6.1,10.9,11.2,13.1,197.9
2018-11-28 00:00:00,12818.94,6,11,10.9,13.2,199.6
2018-11-28 01:00:00,9941.24,6.4,11.1,11.5,13.4,204.8
2018-11-28 02:00:00,10418.47,6.7,11.2,11.9,13.5,204.8
2018-11-28 03:00:00,9617.33,6.2,11.3,11.1,13.6,199.1
2018-11-28 04:00:00,8124.06,5.8,11.3,10.6,13.7,192.2
2018-11-28 05:00:00,7558.71,5.5,11.4,10,13.7,186.5
2018-11-28 06:00:00,7003.36,5.1,11.4,9.4,13.8,180.5
2018-11-28 07:00:00,6478.63,5,11.4,9.1,13.7,176.7
2018-11-28 08:00:00,6146.98,5.2,11.4,9.3,13.6,174
2018-11-28 09:00:00,8471.05,5.4,11.2,9.6,13.4,172.9
2018-11-28 10:00:00,8582.97,5.6,10.8,9.9,13,176.3
2018-11-28 11:00:00,9344.79,5.8,10.5,10.1,12.6,177.9
2018-11-28 12:00:00,8869.44,5.7,10.1,10,12.2,178.4
2018-11-28 13:00:00,5454.3,5.5,9.8,9.6,11.7,181.9
2018-11-28 14:00:00,6308.84,4.5,9.4,8,11.3,186.3
2018-11-28 15:00:00,6398.54,3.6,9.5,6.7,11.3,186.4
2018-11-28 16:00:00,5046.81,3.3,9.8,7.2,11.8,176.9
2018-11-28 17:00:00,7843.64,4,10.2,8.7,12.3,172.8
2018-11-28 18:00:00,9030.85,4.6,10.7,9.2,12.9,178.3
2018-11-28 19:00:00,7611.88,4.9,11.2,9.5,13.6,181.5
2018-11-28 20:00:00,8519.95,6.1,11.8,11.2,14.3,182
2018-11-28 21:00:00,9615.37,7,12.3,12.5,14.8,183.8
2018-11-28 22:00:00,10871.15,7.6,12.7,13.8,15.3,182.3
2018-11-28 23:00:00,11558.5,7.7,13.1,14.3,15.8,186.1
2018-11-29 00:00:00,9374.75,7.4,13.6,13.8,16.3,188.8
2018-11-29 01:00:00,10894.06,7.2,14.1,13.6,16.8,184.1
2018-11-29 02:00:00,10316.28,6.7,14.6,12.9,17.4,184.6
2018-11-29 03:00:00,12469.03,6.5,14,12.1,16.7,188.8
2018-11-29 04:00:00,9107.41,6.6,12.3,12,14.8,192
2018-11-29 05:00:00,7501.93,5.9,10.7,11,12.9,193.2
2018-11-29 06:00:00,6654.79,6.1,9.5,11.3,11.5,207.8
2018-11-29 07:00:00,11850.37,6.5,8.8,12.1,10.6,225.8
2018-11-29 08:00:00,12611.86,6,8,11.1,9.8,236.4
2018-11-29 09:00:00,11309.19,5.4,7.5,9.9,9.2,243.9
2018-11-29 10:00:00,9724.92,5.3,7.2,9.2,8.7,249.2
2018-11-29 11:00:00,7712.67,5.4,7,9.3,8.3,253.8
2018-11-29 12:00:00,10945.06,5.2,6.8,8.9,8.1,247.9
2018-11-29 13:00:00,8644.32,4.9,6.7,8.3,8,238.7
2018-11-29 14:00:00,4785.37,4.9,6.6,8.3,7.9,239.3
2018-11-29 15:00:00,3239.8,4.5,6.5,7.9,7.8,242.6
2018-11-29 16:00:00,3409.34,3.9,6.3,7.3,7.6,244.3
2018-11-29 17:00:00,1888.33,3.6,6.1,6.9,7.5,252.9
2018-11-29 18:00:00,3853.23,3.4,6,6.7,7.5,248.7
2018-11-29 19:00:00,3645.58,3.5,6.1,6.8,7.6,235.4
2018-11-29 20:00:00,4371.62,3.6,6.1,6.9,7.7,237.3
2018-11-29 21:00:00,4100.51,3.5,6.2,6.8,7.7,238.4
2018-11-29 22:00:00,3124.5,3.5,6.2,6.8,7.8,239.2
2018-11-29 23:00:00,4732.71,3.5,6.3,6.9,7.9,242
2018-11-30 00:00:00,6183.05,3.5,6.2,6.9,7.8,241.3
2018-11-30 01:00:00,5465.49,3.4,6.1,6.9,7.6,238.5
2018-11-30 02:00:00,4723.72,3.5,6,6.8,7.4,238.8
2018-11-30 03:00:00,3421.24,3.5,5.9,6.9,7.2,241.2
2018-11-30 04:00:00,4151.48,3.6,5.8,7.2,7.1,244.2
2018-11-30 05:00:00,5202.6,3.6,5.7,7,7,247
2018-11-30 06:00:00,5047.42,3.3,5.6,6.6,6.9,245.8
2018-11-30 07:00:00,5450.24,3.2,5.4,6.3,6.7,242.9
2018-11-30 08:00:00,4603.71,3,5.3,6,6.5,239.3
2018-11-30 09:00:00,4094.17,3.3,5.1,6.1,6.3,236.7
2018-11-30 10:00:00,2558.35,3.8,5.1,6.7,6.2,243.2
2018-11-30 11:00:00,3976.44,4.2,5,7.2,6,253.1
2018-11-30 12:00:00,3761.94,4.2,5,7.2,5.9,258.8
2018-11-30 13:00:00,2706.76,3.8,5,6.4,5.9,256.2
2018-11-30 14:00:00,1926.49,3.4,5,5.7,5.9,246.7
2018-11-30 15:00:00,1785.22,3.6,5.2,6.3,6.2,236
2018-11-30 16:00:00,2892.41,3.7,5.6,7.2,6.7,225.7
2018-11-30 17:00:00,2165.43,3.1,6.1,6.6,7.2,225
2018-11-30 18:00:00,3439.12,3,6.4,6.2,7.7,226.7
2018-11-30 19:00:00,3973.23,3.6,6.7,6.9,8.1,218.3
2018-11-30 20:00:00,5392.69,3.9,7,7.4,8.6,217.5
2018-11-30 21:00:00,8609.09,4.4,7.4,8,9.1,219
2018-11-30 22:00:00,11025.36,4.7,7.9,8.5,9.8,216.9
2018-11-30 23:00:00,11249.03,4.9,8.5,9.1,10.4,217.1
2018-12-01 00:00:00,11158.66,5,8.9,9.4,10.9,216.1
2018-12-01 01:00:00,11633.83,5.3,9.2,9.7,11.3,211.3
2018-12-01 02:00:00,11587.37,5.6,9.6,10.1,11.7,209.5
2018-12-01 03:00:00,10445.6,6.1,9.7,10.9,11.8,213
2018-12-01 04:00:00,12265.38,6.4,9.7,11.4,11.8,218.1
2018-12-01 05:00:00,10823.79,6.5,9.6,11.5,11.7,223.2
2018-12-01 06:00:00,10485.31,6.2,9.7,10.9,11.8,224.1
2018-12-01 07:00:00,11377.51,5.8,9.7,10.4,11.9,220.2
2018-12-01 08:00:00,12134.3,6.1,9.8,11,12,217
2018-12-01 09:00:00,12706.98,6.5,9.9,11.5,12.1,216.8
2018-12-01 10:00:00,12340.26,6.7,9.9,12,12,217.6
2018-12-01 11:00:00,12142.37,6.7,9.9,12.2,12,219.6
2018-12-01 12:00:00,12449.48,6.5,10,11.8,12,223.2
2018-12-01 13:00:00,12941.17,6.7,10,12,12,225.4
2018-12-01 14:00:00,11511.78,6.7,10,12.1,12.1,224.5
2018-12-01 15:00:00,11762.33,6.7,10.2,12.1,12.2,222.5
2018-12-01 16:00:00,11924.55,6.6,10.4,12,12.6,222.3
2018-12-01 17:00:00,12747.85,6.5,10.7,11.7,12.9,222
2018-12-01 18:00:00,11553.95,6.6,10.9,11.9,13.1,223
2018-12-01 19:00:00,10378.88,6.8,11,12.1,13.3,223.1
2018-12-01 20:00:00,8502.28,6.7,11.1,12,13.4,220.7
2018-12-01 21:00:00,9332.94,6.5,11.2,11.7,13.5,218.3
2018-12-01 22:00:00,9856.58,6.6,11.2,11.9,13.5,215.8
2018-12-01 23:00:00,9775.09,7.1,11.2,12.8,13.6,213.6
2018-12-02 00:00:00,10040.42,6.9,11.2,12.5,13.5,215.5
2018-12-02 01:00:00,10186.38,6.6,11,11.9,13.4,218.2
2018-12-02 02:00:00,8640.87,6.7,10.9,12.1,13.2,216.7
2018-12-02 03:00:00,8786.72,6.7,11,12.2,13.3,214.7
2018-12-02 04:00:00,10008.84,6.5,11.2,11.8,13.6,213.8
2018-12-02 05:00:00,10526.96,6.3,11.4,11.4,13.9,212.8
2018-12-02 06:00:00,10862.77,6.6,11.6,11.9,14,210.8
2018-12-02 07:00:00,11278.8,6.7,11.6,12.1,14,212.6
2018-12-02 08:00:00,11389.21,6.6,11.6,12,14,214.5
2018-12-02 09:00:00,9676.76,6.9,11.5,12.5,13.9,212.6
2018-12-02 10:00:00,11176.39,7.3,11.3,13.1,13.7,209.4
2018-12-02 11:00:00,12051.6,7.3,11.1,13.2,13.4,207.4
2018-12-02 12:00:00,10508.88,6.9,10.9,12.4,13.2,209.6
2018-12-02 13:00:00,11128.86,6.7,10.8,12,13,211.3
2018-12-02 14:00:00,11571.98,6.7,10.7,12.1,12.9,208.3
2018-12-02 15:00:00,10664.31,6.5,10.6,11.8,12.8,207.6
2018-12-02 16:00:00,11105.93,6.4,10.6,11.6,12.8,212.6
2018-12-02 17:00:00,11434.97,6.6,10.6,12,12.8,215.1
2018-12-02 18:00:00,11275.96,6.7,10.5,12.2,12.8,214.6
2018-12-02 19:00:00,11390.83,6.8,10.5,12.4,12.8,215.6
2018-12-02 20:00:00,11425.53,6.9,10.5,12.6,12.9,218.2
2018-12-02 21:00:00,11712.36,6.7,10.4,12.3,12.7,220.6
2018-12-02 22:00:00,11096.06,6.6,10.1,11.9,12.4,221
2018-12-02 23:00:00,8951.38,6.5,9.8,11.6,12.2,222
2018-12-03 00:00:00,7831.99,6.2,9.6,11.3,11.9,221.1
2018-12-03 01:00:00,7602.07,6.2,9.4,11.3,11.7,219.8
2018-12-03 02:00:00,7494.97,6.2,9.2,11.1,11.4,219.1
2018-12-03 03:00:00,8136.74,5.8,9,10.5,11.1,214.3
2018-12-03 04:00:00,9501.76,6,8.7,10.9,10.7,207.6
2018-12-03 05:00:00,10092.5,6.5,8.4,11.9,10.4,208.7
2018-12-03 06:00:00,9007.32,6.4,8.2,11.7,10.2,213.6
2018-12-03 07:00:00,6753.37,7,8.2,12.7,10.2,220.6
2018-12-03 08:00:00,10599.88,7.4,8.1,13.5,10.1,229.1
2018-12-03 09:00:00,10218.14,7,7.9,12.8,9.9,234.8
2018-12-03 10:00:00,9614.6,6.7,7.7,12.1,9.6,237.8
2018-12-03 11:00:00,11833.23,6.1,7.4,11.1,9.2,242.3
2018-12-03 12:00:00,9820.04,5.3,6.9,9.5,8.7,242.2
2018-12-03 13:00:00,7255.17,4.5,6.3,8,8,237.4
2018-12-03 14:00:00,5063.8,3.8,5.6,6.9,7.3,234.9
2018-12-03 15:00:00,4812,3.4,5.4,6.2,7,233.2
2018-12-03 16:00:00,2742.8,3.4,5.5,6.1,7.2,229.9
2018-12-03 17:00:00,2486.28,3.5,5.7,6.3,7.4,226.8
2018-12-03 18:00:00,1480.8,3.2,6,6.1,7.6,222.2
2018-12-03 19:00:00,979.78,3.1,6.3,5.9,7.9,218.3
2018-12-03 20:00:00,1227.42,3.2,6.6,6.1,8.2,217.2
2018-12-03 21:00:00,1242.48,3.2,6.5,6.2,8.1,214.3
2018-12-03 22:00:00,672.9,3.2,6,6,7.5,210.8
2018-12-03 23:00:00,381.67,3.1,5.5,5.8,6.9,208.3
2018-12-04 00:00:00,14.5,2.8,5,5.5,6.3,202.1
2018-12-04 01:00:00,29.73,2.3,4.4,4.9,5.6,195.1
2018-12-04 02:00:00,401.97,1.8,3.8,4.2,4.8,199
2018-12-04 03:00:00,35.01,1.5,3.2,4,4,207
2018-12-04 04:00:00,210.32,1.4,2.5,4,3.1,212.7
2018-12-04 05:00:00,536.77,1.5,1.8,3.6,2.1,212.3
2018-12-04 06:00:00,2770.97,1.7,1.5,3.8,1.6,191.6
2018-12-04 07:00:00,2728.98,1.7,1.5,4.4,1.5,170.7
2018-12-04 08:00:00,1799.59,1.8,1.4,4.9,1.5,153.2
2018-12-04 09:00:00,2705.57,2.7,1.4,5.6,1.5,146
2018-12-04 10:00:00,3407.07,3.5,1.3,5.9,1.7,146.2
2018-12-04 11:00:00,2254.11,3,1.2,5.1,1.9,150.3
2018-12-04 12:00:00,1823.75,2.5,1.5,4.5,2.2,166.5
2018-12-04 13:00:00,216.95,2.4,2.1,4.4,2.6,176.6
2018-12-04 14:00:00,733.38,1.9,2.8,3.8,3,178.3
2018-12-04 15:00:00,495.44,1.3,3.4,3.4,3.7,182.7
2018-12-04 16:00:00,832.67,1.1,4.1,3,4.5,193.1
2018-12-04 17:00:00,1396.24,1.5,4.7,2.6,5.3,231.4
2018-12-04 18:00:00,2709.97,1.9,5.2,2.5,6,234.9
2018-12-04 19:00:00,4736.38,1.8,5.6,2.2,6.8,221.1
2018-12-04 20:00:00,4025.72,1.9,5.9,2.5,7.5,230.1
2018-12-04 21:00:00,1910.12,2.2,6.2,4,8,228.3
2018-12-04 22:00:00,4713.57,2.4,6.4,5.3,8.3,221.4
2018-12-04 23:00:00,10483.66,2.7,6.7,5.8,8.6,217
2018-12-05 00:00:00,4657.85,2.6,7,6.3,9,218.7
2018-12-05 01:00:00,2006.7,2.4,7.4,6.4,9.4,216.3
2018-12-05 02:00:00,3773.08,2.5,7.8,6.8,9.8,210.8
2018-12-05 03:00:00,4689.04,2.9,8.1,7.6,10.2,206.2
2018-12-05 04:00:00,5417.27,3.5,8.4,8,10.5,208.8
2018-12-05 05:00:00,6623.85,4.1,8.7,8.3,10.9,212.9
2018-12-05 06:00:00,5801.71,4,8.9,7.8,11.1,207.7
2018-12-05 07:00:00,4380.24,3.7,9,7.6,11.2,196.6
2018-12-05 08:00:00,5317.03,4.3,9.1,8.3,11.2,191.2
2018-12-05 09:00:00,2290.12,4.8,9.1,8.7,11.1,190.9
2018-12-05 10:00:00,2865,5.4,8.9,9.4,10.8,200.2
2018-12-05 11:00:00,8060.48,6,8.7,10.4,10.5,211.4
2018-12-05 12:00:00,10914.32,6.1,8.7,10.8,10.4,212.5
2018-12-05 13:00:00,11292.67,5.7,8.8,10.5,10.5,213.7
2018-12-05 14:00:00,11241.3,5.7,8.9,10.6,10.5,219
2018-12-05 15:00:00,10387.35,5.8,8.7,10.5,10.4,222
2018-12-05 16:00:00,8255.79,5.6,8.2,10.3,10,224.5
2018-12-05 17:00:00,7855.08,5.4,7.8,9.9,9.5,228.3
2018-12-05 18:00:00,8574.54,5.1,7.3,9.3,9.1,236.2
2018-12-05 19:00:00,10641.37,4.6,6.9,8.7,8.6,242.2
2018-12-05 20:00:00,6765.29,4.2,6.4,8,8.1,241.9
2018-12-05 21:00:00,7644.87,3.9,6.2,7.5,7.7,240.1
2018-12-05 22:00:00,7892.87,3.7,6.1,7.3,7.6,239.8
2018-12-05 23:00:00,7586.76,3.5,6,6.9,7.4,239.6
2018-12-06 00:00:00,6664.77,3.4,6,6.6,7.4,234.9
2018-12-06 01:00:00,4776.33,3.4,6.1,6.6,7.6,234.1
2018-12-06 02:00:00,4134.69,3.4,6.1,6.7,7.7,238.7
2018-12-06 03:00:00,3595.25,3.5,6.1,6.7,7.8,238.8
2018-12-06 04:00:00,5132.62,3.4,6,6.6,7.7,234.9
2018-12-06 05:00:00,3929.85,3.2,5.9,6.4,7.6,231.8
2018-12-06 06:00:00,2719.09,3.1,5.8,6.1,7.5,225.5
2018-12-06 07:00:00,3941.63,2.9,5.8,6,7.3,219
2018-12-06 08:00:00,4995.56,2.7,5.7,5.8,7.2,217.5
2018-12-06 09:00:00,3628.23,2.9,5.5,5.7,6.9,218.1
2018-12-06 10:00:00,3243.97,3.2,5.2,5.8,6.5,230.3
2018-12-06 11:00:00,4514.16,3.5,4.9,5.9,6,241.8
2018-12-06 12:00:00,5158.79,3.6,4.7,6.2,5.7,245.7
2018-12-06 13:00:00,5021.33,3.5,4.6,6.2,5.5,248.3
2018-12-06 14:00:00,3487.06,3.4,4.4,6,5.3,245.8
2018-12-06 15:00:00,2745.44,3.3,4.3,5.8,5.2,241.3
2018-12-06 16:00:00,1963.72,3,4.4,5.7,5.3,234.6
2018-12-06 17:00:00,2203.84,2.8,4.4,5.6,5.3,229
2018-12-06 18:00:00,1642.88,2.4,4.7,5.5,5.8,224.5
2018-12-06 19:00:00,1382.44,1.9,5.3,5.2,6.6,218.9
2018-12-06 20:00:00,2018.15,2.1,6,5.5,7.5,212.1
2018-12-06 21:00:00,3342.53,2.7,6.5,5.9,8.1,208.9
2018-12-06 22:00:00,1269.63,3.3,6.8,6.2,8.6,216
2018-12-06 23:00:00,2415.95,3.8,7.1,7,9.1,222.6
2018-12-07 00:00:00,6081.03,4,7.5,7.4,9.5,224.6
2018-12-07 01:00:00,9605.48,4.3,7.8,8.1,9.8,224.4
2018-12-07 02:00:00,9386.12,4.7,8.1,8.6,10.1,223.1
2018-12-07 03:00:00,8698.97,4.7,8.3,8.6,10.4,226.2
2018-12-07 04:00:00,6984.83,5.3,8.4,9.5,10.5,237.3
2018-12-07 05:00:00,7597.73,5.7,8.6,10.2,10.7,240.3
2018-12-07 06:00:00,8724.19,5.5,8.7,10,10.8,235.8
2018-12-07 07:00:00,9504.8,5.4,8.9,10.1,11,227.2
2018-12-07 08:00:00,10008,5.5,9.1,10.3,11.2,221.5
2018-12-07 09:00:00,10356.41,5.7,9.1,10.4,11.2,226.9
2018-12-07 10:00:00,11999.11,5.7,8.8,10.4,10.9,233.1
2018-12-07 11:00:00,12519.47,5.6,8.6,10.1,10.6,239.5
2018-12-07 12:00:00,10803.95,5.3,8.2,9.6,10,260
2018-12-07 13:00:00,9768.72,5,7.6,9.1,9.2,273.9
2018-12-07 14:00:00,10703.63,4.7,7,8.5,8.3,280.7
2018-12-07 15:00:00,7205.35,4.2,6.4,7.8,7.6,288.2
2018-12-07 16:00:00,3116.6,3.8,5.9,7.3,7,285.6
2018-12-07 17:00:00,3467.03,3.3,5.4,6.4,6.4,284.5
2018-12-07 18:00:00,4336.21,2.4,5,5.4,6,282.9
2018-12-07 19:00:00,2759.66,1.8,4.7,4.6,5.7,275.6
2018-12-07 20:00:00,1893.5,1.5,4.4,4.2,5.4,260.7
2018-12-07 21:00:00,1227.39,1.4,4.2,3.9,5.2,247.8
2018-12-07 22:00:00,1102.31,1.5,4.2,4.1,5.2,244.9
2018-12-07 23:00:00,1207.58,1.8,4.1,4.6,5.1,245.8
2018-12-08 00:00:00,1766.1,1.9,4.2,5.1,5.2,240.7
2018-12-08 01:00:00,3137.56,1.8,4.3,5.2,5.4,237.5
2018-12-08 02:00:00,4860.55,1.8,4.5,4.8,5.5,237.9
2018-12-08 03:00:00,3889.09,2,4.6,5,5.7,234.3
2018-12-08 04:00:00,2227.77,2,4.7,5.2,5.9,239.2
2018-12-08 05:00:00,1565.04,1.9,4.8,4.9,6,239.2
2018-12-08 06:00:00,2059.85,2,5,4.9,6.2,218
2018-12-08 07:00:00,1931.02,2.2,5.2,5.3,6.5,206.5
2018-12-08 08:00:00,455.85,2.6,5.3,5.7,6.7,204.5
2018-12-08 09:00:00,483.06,3.1,5.4,5.7,6.7,214.3
2018-12-08 10:00:00,2175.7,3.9,5.4,6.7,6.6,230.8
2018-12-08 11:00:00,3142.2,4.3,5.3,7.6,6.4,237.6
2018-12-08 12:00:00,5031.99,4.2,5.5,7.4,6.5,239.4
2018-12-08 13:00:00,5025.41,4.3,5.9,7.3,7,237.6
2018-12-08 14:00:00,2350.19,4.2,6.4,7.2,7.5,231.4
2018-12-08 15:00:00,3099.6,3.8,6.6,6.7,7.8,225.5
2018-12-08 16:00:00,1696.14,3.6,6.7,6.7,8,221.2
2018-12-08 17:00:00,2820.99,3.8,6.8,7,8.3,222.6
2018-12-08 18:00:00,4607.01,4,6.7,7.3,8.2,224.7
2018-12-08 19:00:00,4948.48,3.9,6.3,7.2,7.8,225.7
2018-12-08 20:00:00,5094.76,3.7,5.9,7,7.5,230.1
2018-12-08 21:00:00,5864.4,3.6,5.6,6.9,7.2,235.2
2018-12-08 22:00:00,5366.03,3.5,5.4,6.7,7,239.4
2018-12-08 23:00:00,4832.43,3.3,5.2,6.3,6.7,240.1
2018-12-09 00:00:00,3270.23,3,4.9,5.8,6.4,239.3
2018-12-09 01:00:00,3679.29,2.8,4.6,5.4,5.9,240.3
2018-12-09 02:00:00,4146.35,2.8,4.2,5.4,5.5,252
2018-12-09 03:00:00,3735.1,3,3.8,5.8,4.9,264.3
2018-12-09 04:00:00,4773.46,3.1,3.2,6.1,4.2,271.1
2018-12-09 05:00:00,2498.7,3.1,2.5,5.9,3.5,275.1
2018-12-09 06:00:00,1781.57,2.7,2.1,5.2,2.9,278
2018-12-09 07:00:00,1144.17,2.2,1.7,4.6,2.5,284.3
2018-12-09 08:00:00,381.6,1.7,1.3,3.6,2.1,286
2018-12-09 09:00:00,0.06,1.4,1.1,2.7,1.7,276.1
2018-12-09 10:00:00,0,1.5,0.9,2.4,1.4,276.7
2018-12-09 11:00:00,0,1.3,0.8,2.3,1.1,288.6
2018-12-09 12:00:00,0,1.1,0.9,1.9,1,297.4
2018-12-09 13:00:00,0,1.3,1.1,2.2,1.2,320.7
2018-12-09 14:00:00,0,1.9,1.3,3.1,1.3,339.5
2018-12-09 15:00:00,0,2,1.6,3.3,1.6,350.6
2018-12-09 16:00:00,0.02,1.8,2,3.4,2.1,357.7
2018-12-09 17:00:00,0,1.7,2.4,4,2.6,9.7
2018-12-09 18:00:00,0,1.6,2.5,3.5,2.7,25.4
2018-12-09 19:00:00,258.22,1.5,2.2,2.8,2.5,47.4
2018-12-09 20:00:00,110.81,1.3,2,2.4,2.3,74.8
2018-12-09 21:00:00,241.71,1.3,1.9,2.2,2.1,123.7
2018-12-09 22:00:00,42.53,1.6,1.8,2.3,2,136.3
2018-12-09 23:00:00,67.16,1.4,1.8,2,1.9,130
2018-12-10 00:00:00,553.97,1.8,1.7,2.9,1.8,130.8
2018-12-10 01:00:00,892.73,2.1,1.7,3.7,1.8,133.4
2018-12-10 02:00:00,1043.67,2,1.6,3.6,1.7,136.3
2018-12-10 03:00:00,1268.53,2.3,1.6,4.1,1.7,134.2
2018-12-10 04:00:00,1727.9,2.5,1.6,4.2,1.7,133
2018-12-10 05:00:00,4587.27,2.4,1.6,4.2,1.8,138.8
2018-12-10 06:00:00,6297.56,2.5,1.7,4.9,1.8,140.7
2018-12-10 07:00:00,5092.78,2.5,1.7,5.6,1.8,138.8
2018-12-10 08:00:00,7500.67,2.1,1.7,4.8,1.8,138.2
2018-12-10 09:00:00,6740.21,2,1.6,4.1,1.9,138.7
2018-12-10 10:00:00,7022.39,2,1.6,3.7,1.9,138
2018-12-10 11:00:00,7085.66,2.1,1.5,3.5,2,137.4
2018-12-10 12:00:00,8199.34,2.6,1.5,4,2.1,136.5
2018-12-10 13:00:00,6729.47,2.7,1.6,4.3,2.3,135.1
2018-12-10 14:00:00,6124.26,2.2,1.7,4.3,2.4,136.4
2018-12-10 15:00:00,5941.92,2,1.9,4.9,2.5,137.5
2018-12-10 16:00:00,7434.21,2,2,5.8,2.5,140.1
2018-12-10 17:00:00,7747.06,2.1,2.1,6.1,2.5,141.1
2018-12-10 18:00:00,8670.95,2.1,2.2,6.3,2.4,137.8
2018-12-10 19:00:00,7336.71,2.2,2,6.3,2.3,135.3
2018-12-10 20:00:00,5110.4,2.2,1.9,6.4,2.2,135.9
2018-12-10 21:00:00,3279.69,2.2,1.8,6.6,2.1,139.3
2018-12-10 22:00:00,4154.15,2.2,1.8,6.4,2,142.1
2018-12-10 23:00:00,4713.77,2.2,1.7,5.8,1.9,143.1
2018-12-11 00:00:00,4197.73,2.2,1.7,5.2,1.8,144.3
2018-12-11 01:00:00,3593.79,2.3,1.8,5.1,1.8,143
2018-12-11 02:00:00,4232.32,2.4,1.9,5.8,1.8,137.6
2018-12-11 03:00:00,4485.16,2.3,1.8,5.8,1.7,140.7
2018-12-11 04:00:00,2173.62,2.1,1.6,5.3,1.6,146.7
2018-12-11 05:00:00,1616.92,2.1,1.5,5,1.5,145.3
2018-12-11 06:00:00,600.21,2.1,1.6,4.5,1.8,147
2018-12-11 07:00:00,1343.55,2.2,2.1,5,2.4,139.5
2018-12-11 08:00:00,1542.1,2.1,2.5,4.9,3,135.9
2018-12-11 09:00:00,2736.9,1.7,3.2,3.3,4,154.6
2018-12-11 10:00:00,3800.34,1.3,4.1,2.7,5.4,196.4
2018-12-11 11:00:00,2819.67,2.3,5.1,4.4,6.8,228.3
2018-12-11 12:00:00,2580.67,3.5,5.5,5.9,7.4,228.8
2018-12-11 13:00:00,3229.07,3.6,5.5,6.2,7.1,223.8
2018-12-11 14:00:00,7.78,3.8,5.5,6.6,6.9,230.2
2018-12-11 15:00:00,1596,3.7,5.2,6.5,6.5,239.6
2018-12-11 16:00:00,7.25,3.1,4.7,5.6,5.8,244.6
2018-12-11 17:00:00,3692.45,2.6,4.2,5,5.2,243.5
2018-12-11 18:00:00,4542.1,2.8,3.9,5.6,4.8,281.4
2018-12-11 19:00:00,2557.85,2.2,3.8,4.9,4.8,305.8
2018-12-11 20:00:00,426.62,1.3,3.7,3.7,4.7,293.8
2018-12-11 21:00:00,217.6,1.2,3.3,3.7,4.1,296.7
2018-12-11 22:00:00,0,1.3,2.4,3.5,3.1,304.5
2018-12-11 23:00:00,0,1.4,1.6,3.1,2,307.1
2018-12-12 00:00:00,79.4,1.6,1.1,2.3,1.4,300.1
2018-12-12 01:00:00,200.59,1.9,0.9,1.1,1.3,286.1
2018-12-12 02:00:00,0,1.9,0.8,0.8,1.1,275.6
2018-12-12 03:00:00,0,1.8,0.9,0.8,1.1,303.6
2018-12-12 04:00:00,0,1.7,1.3,0.6,1.3,101.7
2018-12-12 05:00:00,0,1.6,1.6,1.2,1.5,139
2018-12-12 06:00:00,0.01,1.5,1.8,2.2,1.7,148.3
2018-12-12 07:00:00,1066.78,1.4,1.8,2.8,1.9,152.2
2018-12-12 08:00:00,1694.14,1.4,1.9,3.4,2.1,161.9
2018-12-12 09:00:00,596.43,1.7,2.1,3.9,2.6,165.5
2018-12-12 10:00:00,1484.86,2.1,2.4,4,3.5,182.2
2018-12-12 11:00:00,4154.75,2.5,2.8,4.6,4.4,208.1
2018-12-12 12:00:00,2960.18,3,3.9,5.6,5.7,201.9
2018-12-12 13:00:00,1911.44,3.1,5.7,5.9,7.4,188.2
2018-12-12 14:00:00,3721.55,3.2,7.4,6.3,9.1,194.2
2018-12-12 15:00:00,5897.93,4.2,8.8,7.7,10.5,208.6
2018-12-12 16:00:00,9681.13,5,9.7,9.3,11.6,193.8
2018-12-12 17:00:00,8434.09,5.2,10.6,10,12.8,176.9
2018-12-12 18:00:00,7927.72,5.2,11.3,9.9,13.7,174.3
2018-12-12 19:00:00,8434.25,5.9,11.9,10.7,14.3,178.4
2018-12-12 20:00:00,12038.67,7,12.5,12.6,15,185.6
2018-12-12 21:00:00,14508.04,6.7,12.6,12.5,15.1,181.2
2018-12-12 22:00:00,12592.47,6,12.2,11.2,14.7,176.8
2018-12-12 23:00:00,9235.5,6,11.8,11.2,14.2,193.7
2018-12-13 00:00:00,13090.73,5.8,11.3,11,13.6,231.5
2018-12-13 01:00:00,9169.36,4.7,10.6,8.9,12.8,249.8
2018-12-13 02:00:00,5898.32,4.9,10,9.5,12,257.7
2018-12-13 03:00:00,5674.79,6.2,9.6,11.6,11.6,269.5
2018-12-13 04:00:00,5958.45,6.6,9.5,11.9,11.5,276.2
2018-12-13 05:00:00,7759.53,7.3,9.5,13.5,11.5,287.7
2018-12-13 06:00:00,12317.81,7.1,9.3,13.6,11.3,292.4
2018-12-13 07:00:00,12140.14,5.8,9,11.4,11.1,293.9
2018-12-13 08:00:00,9499.27,5,8.8,10,10.9,294.5
2018-12-13 09:00:00,7372.47,5,8.4,9.7,10.5,294.7
2018-12-13 10:00:00,5169.9,5.2,7.9,9.7,10,296.6
2018-12-13 11:00:00,9782.44,5.4,7.4,9.7,9.5,297.8
2018-12-13 12:00:00,10785.35,5.5,7.3,9.8,9.3,298
2018-12-13 13:00:00,10886.08,5.4,7.5,9.7,9.3,298
2018-12-13 14:00:00,9274.79,5,7.7,9,9.4,297.8
2018-12-13 15:00:00,10219.94,4.5,7.6,8.3,9.2,299.4
2018-12-13 16:00:00,7667.72,4.2,7.3,8,8.8,300.2
2018-12-13 17:00:00,5580.14,4.1,6.9,8,8.4,300.5
2018-12-13 18:00:00,7383.91,3.4,6.6,7.2,8,300.6
2018-12-13 19:00:00,6244.76,2.5,6.2,6.1,7.6,294.5
2018-12-13 20:00:00,2162.79,2,5.8,5.6,7.2,292.3
2018-12-13 21:00:00,2340.16,1.8,5.5,5.4,6.8,292
2018-12-13 22:00:00,2269.12,1.8,5.1,5.2,6.4,289.3
2018-12-13 23:00:00,2735.8,1.9,4.8,5.1,6.1,288.7
2018-12-14 00:00:00,2210.29,2,4.6,5.1,5.9,280.7
2018-12-14 01:00:00,1508.18,2.1,4.5,5,5.7,272.4
2018-12-14 02:00:00,1295.36,1.6,4.4,4.2,5.6,276.3
2018-12-14 03:00:00,1206.74,1.2,4.2,3.7,5.4,275.3
2018-12-14 04:00:00,230.93,1.2,4,3.6,5.2,262.6
2018-12-14 05:00:00,1030.9,1.3,3.9,3.3,4.9,243.5
2018-12-14 06:00:00,1097.95,2,3.9,4.5,4.9,235.4
2018-12-14 07:00:00,1783.98,2.3,4,5.4,5.1,239.3
2018-12-14 08:00:00,1822.28,2.2,4.2,5.2,5.3,232.6
2018-12-14 09:00:00,3526.38,2.7,4.4,5.7,5.6,226.6
2018-12-14 10:00:00,3372.31,3,4.7,5.9,5.9,221.4
2018-12-14 11:00:00,3019.97,3.3,5,6.2,6.2,214.3
2018-12-14 12:00:00,3286.39,3.6,5.6,6.7,6.9,218.1
2018-12-14 13:00:00,2704.45,3.8,6.5,6.8,8,213.4
2018-12-14 14:00:00,2690.46,4.1,7.4,7.3,9,198.6
2018-12-14 15:00:00,2787.57,4.4,8.2,7.9,9.9,191.9
2018-12-14 16:00:00,3926.05,4.4,8.8,7.8,10.7,190.2
2018-12-14 17:00:00,3239.33,4.5,9.4,7.8,11.5,192.3
2018-12-14 18:00:00,5475.72,4.9,9.8,8.6,12,197.8
2018-12-14 19:00:00,6624.07,5.5,9.9,9.8,12.2,204.6
2018-12-14 20:00:00,8384.91,5.6,10.1,10.1,12.4,206.9
2018-12-14 21:00:00,7785.73,5.5,10.2,9.9,12.5,205.3
2018-12-14 22:00:00,7713.44,5.5,10.3,10.1,12.7,205.3
2018-12-14 23:00:00,7533.89,5.6,10.5,10.3,12.9,205.5
2018-12-15 00:00:00,8904.55,5.8,10.5,10.7,12.9,205.5
2018-12-15 01:00:00,8725.92,6.2,10.5,11.5,12.9,204.4
2018-12-15 02:00:00,7501.3,6.3,10.5,11.7,12.9,201.4
2018-12-15 03:00:00,6361.16,6.3,10.6,11.7,13.1,200.4
2018-12-15 04:00:00,6208.92,6.6,10.9,12.1,13.4,203.1
2018-12-15 05:00:00,8190.02,6.9,11.2,12.7,13.7,208
2018-12-15 06:00:00,12282.55,7.4,11.5,13.4,14,209.8
2018-12-15 07:00:00,12940.59,7.7,11.8,13.9,14.4,209.2
2018-12-15 08:00:00,12478.01,7.8,12.1,14.2,14.8,209.1
2018-12-15 09:00:00,13568.99,7.9,12.5,14.4,15.3,209.7
2018-12-15 10:00:00,14317.02,8.2,13,14.8,15.8,210.1
2018-12-15 11:00:00,15082,8.9,13.5,16.1,16.4,211.1
2018-12-15 12:00:00,15041.82,9.1,13.4,16.6,16.2,214
2018-12-15 13:00:00,13888.61,8.2,12.6,15,15.3,212.9
2018-12-15 14:00:00,12664.59,7.3,11.8,13.7,14.3,212.5
2018-12-15 15:00:00,13137.64,6.5,10.8,12.4,13.1,217.5
2018-12-15 16:00:00,9109.96,5.1,9.6,9.6,11.6,234.5
2018-12-15 17:00:00,9100.2,4.4,8.4,8.1,10.1,274.3
2018-12-15 18:00:00,7224.38,4.2,7.4,7.8,8.9,284.4
2018-12-15 19:00:00,5260.35,3.6,6.6,6.9,8,270.7
2018-12-15 20:00:00,3855.99,3.6,5.8,6.7,7.1,268.3
2018-12-15 21:00:00,3811.67,3.7,5.4,6.9,6.7,270.7
2018-12-15 22:00:00,2383.11,3.5,5.3,6.6,6.6,266.8
2018-12-15 23:00:00,1150.3,3,5.3,5.9,6.5,260.3
2018-12-16 00:00:00,890.7,2.6,5.4,5.3,6.7,247.8
2018-12-16 01:00:00,1114.06,2.4,5.7,5.2,7.1,235.7
2018-12-16 02:00:00,657.9,3,6,6.1,7.5,236.8
2018-12-16 03:00:00,1240.46,3.7,6.4,7.1,7.9,240.7
2018-12-16 04:00:00,3629.54,4.1,6.9,7.6,8.5,244.2
2018-12-16 05:00:00,5202.12,4.4,7.5,8.3,9,244.5
2018-12-16 06:00:00,7852.41,4.7,8,8.9,9.7,232.7
2018-12-16 07:00:00,11162.34,5,8.7,9.6,10.5,221.8
2018-12-16 08:00:00,12812.56,5.5,9.4,10.5,11.3,219.6
2018-12-16 09:00:00,14005.67,6.3,9.5,11.5,11.5,234.5
2018-12-16 10:00:00,13620.68,6.6,9.1,12.1,11,257.6
2018-12-16 11:00:00,13124.41,6.2,8.7,11.6,10.6,265.3
2018-12-16 12:00:00,13365.06,5.5,8.2,10.4,10,264.8
2018-12-16 13:00:00,11666.96,4.9,7.7,8.8,9.4,261.7
2018-12-16 14:00:00,9703.16,4.7,7.2,8.4,8.8,253.5
2018-12-16 15:00:00,5910.4,4.7,7,8.4,8.5,249.1
2018-12-16 16:00:00,4118.13,4.2,7,7.9,8.5,246.1
2018-12-16 17:00:00,5621.21,3.8,6.9,7.5,8.4,242.2
2018-12-16 18:00:00,4821.09,3.5,7,7.1,8.5,237.6
2018-12-16 19:00:00,4118.65,3.4,7,7.2,8.5,232.5
2018-12-16 20:00:00,4603.81,3.7,7,7.7,8.6,229.5
2018-12-16 21:00:00,4766.43,3.6,7,7.7,8.6,228.4
2018-12-16 22:00:00,6240.24,3.5,6.9,7.4,8.6,224.8
2018-12-16 23:00:00,7634.76,3.5,6.9,7.4,8.5,222
2018-12-17 00:00:00,6916.33,3.3,6.9,7.3,8.6,215.3
2018-12-17 01:00:00,6808.56,3.3,7.1,7.5,8.7,210.7
2018-12-17 02:00:00,5905.57,3.5,7.2,7.6,8.9,212
2018-12-17 03:00:00,5871.41,3.5,7.3,7.5,9,207.4
2018-12-17 04:00:00,7298.83,3.4,7.4,7.3,9.1,200.8
2018-12-17 05:00:00,7248.92,3.4,7.4,7.3,9.2,201.2
2018-12-17 06:00:00,4841.4,3.6,7.6,7.5,9.4,197.6
2018-12-17 07:00:00,3481.38,3.7,7.8,7.5,9.7,188.5
2018-12-17 08:00:00,3045.16,3.9,8.1,7.7,10,182.4
2018-12-17 09:00:00,2764.31,4.1,8.3,7.7,10.1,182.9
2018-12-17 10:00:00,1885.86,4.2,8.3,7.5,10.1,188.4
2018-12-17 11:00:00,3435.5,4.4,8.4,7.7,10.1,192.4
2018-12-17 12:00:00,4389.82,4.7,8.3,8.1,9.9,195.4
2018-12-17 13:00:00,4888.6,4.8,8.2,8.5,9.7,197.3
2018-12-17 14:00:00,5372.2,4.7,8,8.6,9.5,191.2
2018-12-17 15:00:00,9715.19,4.8,8.2,8.8,9.7,184.8
2018-12-17 16:00:00,9486.66,4.9,8.8,9,10.5,183.8
2018-12-17 17:00:00,9212.69,4.4,9.3,8.2,11.2,182.4
2018-12-17 18:00:00,7503.72,4.1,9.9,8.1,12,173.4
2018-12-17 19:00:00,7265.8,4.7,10.5,9.4,12.6,164.7
2018-12-17 20:00:00,6507.01,5.6,11,10.7,13.3,167.2
2018-12-17 21:00:00,7949.69,5.6,11.4,10.8,13.8,169.8
2018-12-17 22:00:00,8998.1,5.7,11.8,10.9,14.2,173.3
2018-12-17 23:00:00,11408.87,6.4,12.1,11.7,14.5,177
2018-12-18 00:00:00,10246.49,6.8,12.3,12.3,14.8,174.9
2018-12-18 01:00:00,11623.86,7.8,12.6,14.4,15.2,175.2
2018-12-18 02:00:00,12482.06,8.6,12.9,16.1,15.5,177.3
2018-12-18 03:00:00,13920.52,8.1,13.2,15.1,15.9,175.9
2018-12-18 04:00:00,13569.36,8.2,13.5,14.6,16.2,175.5
2018-12-18 05:00:00,13189.25,8.5,13.8,15.1,16.6,178.9
2018-12-18 06:00:00,13984.65,8.4,14.3,15.3,17.2,180.2
2018-12-18 07:00:00,13602.4,8,15.1,14.9,18.1,178
2018-12-18 08:00:00,14104.2,7.7,15.8,14.3,18.9,177.4
2018-12-18 09:00:00,8038.89,5.8,15,10.9,17.9,198.4
2018-12-18 10:00:00,5248.64,4.8,12.7,9.1,15.1,233.4
2018-12-18 11:00:00,11566.32,5.3,10.3,10.1,12.2,232.7
2018-12-18 12:00:00,13206.35,5.5,9,10.5,10.7,238.5
2018-12-18 13:00:00,12089.43,5.9,8.8,10.9,10.5,243.3
2018-12-18 14:00:00,12525.66,5.5,8.5,9.9,10.3,242.2
2018-12-18 15:00:00,11593.61,5.6,8.5,9.9,10.3,235.1
2018-12-18 16:00:00,9019.35,5.4,8.7,9.9,10.4,233
2018-12-18 17:00:00,8107.18,5,8.8,9.4,10.6,230
2018-12-18 18:00:00,9455.78,5.2,9,9.8,10.8,223.3
2018-12-18 19:00:00,10499.65,5.3,9.1,10.2,10.9,222.3
2018-12-18 20:00:00,11486.29,5.3,9.3,10.1,11.1,223.3
2018-12-18 21:00:00,9965.07,5.6,9.3,10.4,11.2,224
2018-12-18 22:00:00,8841.24,5.6,9.2,10.5,11.1,225.4
2018-12-18 23:00:00,12268.55,5.4,9.1,10.3,10.9,227.6
2018-12-19 00:00:00,12535.29,5.3,9.2,10.1,11,227.1
2018-12-19 01:00:00,12177.77,5.3,9.4,10.2,11.4,226.2
2018-12-19 02:00:00,12470.9,5.5,9.7,10.7,11.7,227.7
2018-12-19 03:00:00,12283.95,5.7,9.7,10.7,11.7,229.2
2018-12-19 04:00:00,13635.4,6,9.4,11.2,11.4,226.3
2018-12-19 05:00:00,14021.64,6.7,9.1,13.1,11.1,243
2018-12-19 06:00:00,13132.45,6.1,8.7,12.1,10.6,254.9
2018-12-19 07:00:00,11637,4.9,8.1,9.4,9.9,247.6
2018-12-19 08:00:00,10119.96,4.5,7.6,8.9,9.3,246.7
2018-12-19 09:00:00,7868.12,4.4,7.2,8.6,8.8,245.1
2018-12-19 10:00:00,5980.41,4.3,7,8.3,8.6,248.2
2018-12-19 11:00:00,6601.45,4.1,6.8,7.5,8.3,252.4
2018-12-19 12:00:00,8972.73,4.2,6.8,7.4,8.2,249.4
2018-12-19 13:00:00,9220.61,4.3,6.9,7.7,8.3,245.8
2018-12-19 14:00:00,6868.97,4,7.1,7.1,8.4,242.5
2018-12-19 15:00:00,6094.5,3.8,7.3,6.7,8.6,239.8
2018-12-19 16:00:00,4999.87,3.8,7.4,7,8.8,238.8
2018-12-19 17:00:00,6711.5,3.9,7.4,7.3,9,237.7
2018-12-19 18:00:00,5110.62,3.9,7.5,7.6,9.2,233.1
2018-12-19 19:00:00,4924.73,3.9,7.6,7.9,9.3,227.5
2018-12-19 20:00:00,8221.28,4,7.7,7.9,9.5,224.1
2018-12-19 21:00:00,6814.49,4.5,7.7,8.4,9.5,224.2
2018-12-19 22:00:00,7373.12,5,7.5,9,9.3,229.1
2018-12-19 23:00:00,9924.92,4.8,7.3,9.1,9,233
2018-12-20 00:00:00,9175.29,4.6,7.1,8.8,8.9,234.4
2018-12-20 01:00:00,10387.8,4.5,7.1,8.7,8.9,234.7
2018-12-20 02:00:00,7071.66,4.6,7.1,8.6,8.9,235
2018-12-20 03:00:00,6939.39,4.5,7.2,8.2,9,242.7
2018-12-20 04:00:00,6418.7,3.8,7.4,7.1,9.2,251.6
2018-12-20 05:00:00,5559.7,3.5,7.6,7,9.5,254.9
2018-12-20 06:00:00,6168.43,3.5,7.5,7.3,9.3,246.3
2018-12-20 07:00:00,5335.4,3.6,7.1,7.1,8.8,234.5
2018-12-20 08:00:00,4265.62,3.9,6.7,7.6,8.3,235.1
2018-12-20 09:00:00,3779.06,4,6.6,7.7,8.2,233.6
2018-12-20 10:00:00,5510.85,4.3,6.9,8,8.6,230.6
2018-12-20 11:00:00,5449.81,4.7,7.2,8.6,9,228.4
2018-12-20 12:00:00,5846.06,4.8,7.6,8.8,9.4,226
2018-12-20 13:00:00,6244.99,5.1,8.1,9.3,9.9,225.6
2018-12-20 14:00:00,8302.63,5.5,8.6,10,10.4,224.6
2018-12-20 15:00:00,9817.66,5.5,9,10,10.9,222.6
2018-12-20 16:00:00,8690.95,5.7,9.4,10.4,11.3,219.3
2018-12-20 17:00:00,10282.52,6.1,9.7,11.2,11.7,215
2018-12-20 18:00:00,10194.66,6.3,10,11.6,12.1,210.9
2018-12-20 19:00:00,10920.13,6.4,10.3,11.8,12.4,207.1
2018-12-20 20:00:00,11689.15,6.4,10.5,11.9,12.8,205.8
2018-12-20 21:00:00,10811.95,6.7,10.7,12.2,13,206
2018-12-20 22:00:00,10115.07,7,10.8,12.6,13,206.9
2018-12-20 23:00:00,12339.33,7,10.8,12.7,13.1,208.3
2018-12-21 00:00:00,11237.99,7.1,11.1,12.8,13.4,207.3
2018-12-21 01:00:00,10770.51,7,11.5,12.8,14,205.7
2018-12-21 02:00:00,10816.33,7,12,12.8,14.5,207.2
2018-12-21 03:00:00,9641.85,6.9,12.1,12.6,14.6,209.1
2018-12-21 04:00:00,9326.35,6.8,11.9,12.4,14.4,212.3
2018-12-21 05:00:00,9249,6.7,11.7,12.2,14.3,216.2
2018-12-21 06:00:00,10479.17,6.4,11.5,11.8,14,216.7
2018-12-21 07:00:00,11945.91,6.3,11.2,11.7,13.7,215.7
2018-12-21 08:00:00,11209.6,6.3,10.9,11.8,13.4,215.3
2018-12-21 09:00:00,11550.9,6.4,10.7,11.9,13.2,215.8
2018-12-21 10:00:00,11838.82,6.4,10.7,11.8,13.1,220.7
2018-12-21 11:00:00,11938.83,6.1,10.6,11.3,13,224.7
2018-12-21 12:00:00,11406.91,6.2,10.5,11.3,12.9,227.7
2018-12-21 13:00:00,13074.38,6.1,10.5,11.1,12.8,229.7
2018-12-21 14:00:00,12424.28,6.1,10.4,11.1,12.7,225.1
2018-12-21 15:00:00,9948.08,6.4,10.3,11.6,12.6,222.2
2018-12-21 16:00:00,10209.31,6.2,10.3,11.4,12.5,221.9
2018-12-21 17:00:00,9634.4,6,10.2,11.1,12.4,220.3
2018-12-21 18:00:00,10393.79,5.9,10.1,10.9,12.4,219.5
2018-12-21 19:00:00,10488.38,5.8,10.2,10.8,12.5,220.5
2018-12-21 20:00:00,10167.87,5.9,10.2,11,12.5,220.3
2018-12-21 21:00:00,10454.94,6.3,10.2,11.7,12.5,217.8
2018-12-21 22:00:00,10272.43,6.4,10,11.9,12.3,219.5
2018-12-21 23:00:00,9349.62,6.2,9.9,11.5,12.1,224.5
2018-12-22 00:00:00,9042.31,5.7,9.7,10.5,11.8,223.2
2018-12-22 01:00:00,9187.99,5.3,9.3,9.7,11.4,218.3
2018-12-22 02:00:00,8069.71,5.2,8.9,9.5,11,217.8
2018-12-22 03:00:00,7810.33,5.1,8.6,9.3,10.6,219.2
2018-12-22 04:00:00,7001.51,5.1,8.3,9.4,10.3,219.3
2018-12-22 05:00:00,7091.63,5.2,8,9.5,9.9,217.8
2018-12-22 06:00:00,6116.73,4.9,7.8,9.1,9.7,218.1
2018-12-22 07:00:00,6027.63,4.7,7.7,8.6,9.5,219.1
2018-12-22 08:00:00,6243.6,4.8,7.6,8.7,9.3,220.6
2018-12-22 09:00:00,5176.51,4.7,7.4,8.4,9.1,220.5
2018-12-22 10:00:00,3486.68,4.2,7.3,7.7,8.9,216.9
2018-12-22 11:00:00,2850.08,4,7.1,7.1,8.7,213.3
2018-12-22 12:00:00,3709.38,4,6.8,7.1,8.3,212.1
2018-12-22 13:00:00,1802.07,4.1,6.4,7.1,7.7,213.6
2018-12-22 14:00:00,1661.33,3.8,6,6.6,7.1,212.3
2018-12-22 15:00:00,1044.87,3.3,5.7,6.1,6.7,206.5
2018-12-22 16:00:00,303.68,3.1,5.5,6,6.6,201.5
2018-12-22 17:00:00,814.52,2.5,5.3,5.6,6.5,199
2018-12-22 18:00:00,337.54,1.9,5.2,4.9,6.4,198.1
2018-12-22 19:00:00,707.47,1.6,5.2,4.6,6.4,200.2
2018-12-22 20:00:00,1121.64,1.6,5.2,4.5,6.4,199.5
2018-12-22 21:00:00,1825.17,1.7,5.2,4.8,6.5,187.6
2018-12-22 22:00:00,2437.35,1.9,5.3,5.7,6.6,178.3
2018-12-22 23:00:00,2049.06,2.1,5.4,6.3,6.8,175.4
2018-12-23 00:00:00,2484.99,2.1,5.1,6,6.5,173.7
2018-12-23 01:00:00,3023.32,1.9,4.5,5.6,5.7,173.7
2018-12-23 02:00:00,2470.98,1.8,3.8,5.6,4.9,171.9
2018-12-23 03:00:00,2308.37,1.8,3.5,5.4,4.5,168.4
2018-12-23 04:00:00,1864.16,1.8,3.4,5,4.3,163.7
2018-12-23 05:00:00,1955.28,1.7,3.3,4.9,4.1,156.4
2018-12-23 06:00:00,3007.11,1.8,3.2,5.1,3.8,154.5
2018-12-23 07:00:00,3646.41,1.8,3,5.2,3.6,156
2018-12-23 08:00:00,3433.96,1.7,2.9,4.9,3.3,152.9
2018-12-23 09:00:00,3732.71,1.8,2.6,4.8,3,146.7
2018-12-23 10:00:00,3657.91,2,2.2,4.6,2.8,146.6
2018-12-23 11:00:00,2093.76,2.5,1.8,4.7,2.5,149.4
2018-12-23 12:00:00,857.82,2.8,1.6,4.7,2.4,153.6
2018-12-23 13:00:00,95.14,2.5,1.7,4.3,2.4,156
2018-12-23 14:00:00,234.52,2.2,1.7,4.4,2.3,147.4
2018-12-23 15:00:00,167.26,1.9,1.8,4.5,2.3,143.4
2018-12-23 16:00:00,564.8,1.8,1.9,4.8,2.3,145.3
2018-12-23 17:00:00,622.42,1.8,1.9,4.7,2.2,154.3
2018-12-23 18:00:00,1057.98,1.7,2,4.3,2.2,162.3
2018-12-23 19:00:00,1690.51,1.8,2,4,2.1,168.1
2018-12-23 20:00:00,1631.31,1.9,2,3.8,2.1,173.9
2018-12-23 21:00:00,1732.21,1.9,2,3.9,2,174.4
2018-12-23 22:00:00,721.52,1.9,1.9,3.7,2,173.9
2018-12-23 23:00:00,221.76,1.9,1.9,3.4,2,173.2
2018-12-24 00:00:00,48.34,1.8,1.8,3.6,2,175.4
2018-12-24 01:00:00,158.4,1.8,1.8,4,2,169.4
2018-12-24 02:00:00,442.11,1.9,1.8,3.9,1.9,156.8
2018-12-24 03:00:00,381.38,2,1.8,4.5,1.9,139.4
2018-12-24 04:00:00,557.71,1.9,1.9,4.8,1.7,135
2018-12-24 05:00:00,16.2,1.8,2.1,4.3,1.6,144.9
2018-12-24 06:00:00,0,1.7,2.1,3.6,1.6,155.3
2018-12-24 07:00:00,29.88,1.8,2.1,3.1,1.6,152.4
2018-12-24 08:00:00,592.24,1.8,2.1,3.8,1.7,136
2018-12-24 09:00:00,2914.19,1.8,2,4.9,1.7,134.6
2018-12-24 10:00:00,2673.53,1.7,1.7,4.5,1.8,138.3
2018-12-24 11:00:00,3125.93,1.7,1.5,3.7,1.8,138.1
2018-12-24 12:00:00,2018.21,2.3,1.4,3.8,1.8,140.3
2018-12-24 13:00:00,226.54,2.3,1.4,3.7,1.9,144
2018-12-24 14:00:00,0,2,1.4,3.2,1.9,138.9
2018-12-24 15:00:00,0,2,1.5,3.5,1.9,134.6
2018-12-24 16:00:00,0,1.7,1.8,3.5,1.9,136.4
2018-12-24 17:00:00,0,1.4,2.1,2.6,1.9,141.8
2018-12-24 18:00:00,0,1.7,2.1,2.5,1.8,149.7
2018-12-24 19:00:00,0,1.9,2,2.9,1.6,149.9
2018-12-24 20:00:00,0.1,2,1.9,3.1,1.4,145.4
2018-12-24 21:00:00,163.72,2,1.7,3.5,1.3,139.4
2018-12-24 22:00:00,196.13,2,1.5,3.8,1.3,132.5
2018-12-24 23:00:00,40.53,1.9,1.4,3.9,1.3,126.4
2018-12-25 00:00:00,347.45,1.7,1.3,4.1,1.3,130.5
2018-12-25 01:00:00,1791.25,1.7,1.3,4.3,1.3,135.3
2018-12-25 02:00:00,2580.43,1.9,1.3,4.2,1.3,136.9
2018-12-25 03:00:00,2108.43,1.9,1.3,4.2,1.3,134.3
2018-12-25 04:00:00,1780.24,1.8,1.2,4.3,1.3,139.1
2018-12-25 05:00:00,2145.33,1.8,1.2,4.2,1.3,148.3
2018-12-25 06:00:00,1913.62,1.8,1.2,4,1.3,145.9
2018-12-25 07:00:00,2283.3,1.9,1.3,4.4,1.3,141.3
2018-12-25 08:00:00,1728.51,1.9,1.4,4.9,1.3,141.8
2018-12-25 09:00:00,534.83,1.8,1.4,4.8,1.3,144.3
2018-12-25 10:00:00,234.85,1.7,1.3,4.7,1.4,145.1
2018-12-25 11:00:00,686.19,1.9,1.3,4.3,1.4,141.8
2018-12-25 12:00:00,144.91,2.1,1.2,3.7,1.4,137.9
2018-12-25 13:00:00,0,1.9,1.2,3.2,1.4,142.9
2018-12-25 14:00:00,0,1.6,1.1,2.7,1.4,148.4
2018-12-25 15:00:00,0,1.6,1.2,3,1.5,145.4
2018-12-25 16:00:00,0,1.7,1.5,3.3,1.5,145.9
2018-12-25 17:00:00,0,1.8,1.7,3.5,1.5,153.1
2018-12-25 18:00:00,0,1.9,1.8,3.7,1.5,157.1
2018-12-25 19:00:00,0,2.1,1.8,3.3,1.5,157.4
2018-12-25 20:00:00,0,2.1,1.7,3,1.6,156.1
2018-12-25 21:00:00,0,2.2,1.7,3.4,1.6,150.3
2018-12-25 22:00:00,1.04,2.1,1.7,3.6,1.5,143.2
2018-12-25 23:00:00,69.51,1.9,1.7,3.2,1.4,140.4
2018-12-26 00:00:00,650.73,2,1.7,3.1,1.4,146.6
2018-12-26 01:00:00,1225.97,2,1.6,3.2,1.4,150
2018-12-26 02:00:00,962.04,2,1.4,3,1.3,152.5
2018-12-26 03:00:00,425.32,2.1,1.4,2.3,1.3,158.3
2018-12-26 04:00:00,596.34,2.2,1.4,2.2,1.4,157.3
2018-12-26 05:00:00,64.93,2.1,1.4,2.6,1.4,154.5
2018-12-26 06:00:00,43.59,2,1.5,3.3,1.5,158
2018-12-26 07:00:00,541.18,2,1.6,3.3,1.6,163.6
2018-12-26 08:00:00,951.13,1.9,1.8,3.2,1.8,154.2
2018-12-26 09:00:00,1607.22,1.8,1.9,3.4,2,143
2018-12-26 10:00:00,1753.95,1.7,1.9,3.3,2.2,141.3
2018-12-26 11:00:00,318.1,1.7,2,3,2.5,138.9
2018-12-26 12:00:00,71.4,2,1.8,3.2,2.4,144.6
2018-12-26 13:00:00,3.51,2.3,1.5,3.6,2,150.1
2018-12-26 14:00:00,2.02,2.3,1.2,3.7,1.7,149.5
2018-12-26 15:00:00,248.28,2.1,1.1,4.1,1.5,143.7
2018-12-26 16:00:00,707.08,1.8,1.3,4.4,1.6,148.8
2018-12-26 17:00:00,1516.87,1.7,1.5,4,1.8,162.6
2018-12-26 18:00:00,1305.23,1.7,1.7,3.6,2,160.4
2018-12-26 19:00:00,1390.55,1.8,2,3.4,2.5,154.9
2018-12-26 20:00:00,1819.67,1.9,2.3,3.3,2.9,159.6
2018-12-26 21:00:00,2249.4,1.9,2.8,3.7,3.5,162.3
2018-12-26 22:00:00,1790.67,1.7,3.4,3.4,4.3,165.2
2018-12-26 23:00:00,1302.93,1.6,4,3.1,5.1,165.4
2018-12-27 00:00:00,411.64,1.7,4.1,3.3,5.2,160.6
2018-12-27 01:00:00,1182.56,1.7,3.6,3.4,4.6,156.9
2018-12-27 02:00:00,1923.93,1.6,3.1,3.4,4,155.7
2018-12-27 03:00:00,1140.74,1.6,2.7,3.5,3.6,155.8
2018-12-27 04:00:00,474.28,1.7,2.5,4,3.3,149.1
2018-12-27 05:00:00,850.69,1.8,2.3,4.7,3.1,149.5
2018-12-27 06:00:00,859.84,1.8,2.3,4.8,3.1,149
2018-12-27 07:00:00,822.43,1.8,2.6,4.8,3.4,146.5
2018-12-27 08:00:00,1248.18,1.7,2.9,4.5,3.7,151.8
2018-12-27 09:00:00,958.2,1.6,3,4,3.9,162.9
2018-12-27 10:00:00,624.12,1.5,2.8,4,4,187
2018-12-27 11:00:00,239.04,1.7,2.7,4.3,4,198.4
2018-12-27 12:00:00,1.86,2,2.4,4.1,3.6,178.5
2018-12-27 13:00:00,100.43,2.1,1.9,3.4,2.8,150.5
2018-12-27 14:00:00,34.43,1.9,1.4,3.1,1.9,145.9
2018-12-27 15:00:00,0,1.6,1.2,2.9,1.5,142.8
2018-12-27 16:00:00,0,1.7,1.4,3.2,1.5,131.9
2018-12-27 17:00:00,0,1.8,1.6,3.5,1.6,132.9
2018-12-27 18:00:00,0,1.5,1.7,3.5,1.6,141.2
2018-12-27 19:00:00,0,1.3,1.9,3.2,1.8,144.4
2018-12-27 20:00:00,0,1.1,2,2.7,1.9,151.4
2018-12-27 21:00:00,0,1,2.1,2.2,1.9,162.7
2018-12-27 22:00:00,0,1,2.2,1.7,1.9,171.3
2018-12-27 23:00:00,0,0.8,2.2,1.1,1.9,184.5
2018-12-28 00:00:00,0,0.9,1.9,1,1.7,215.2
2018-12-28 01:00:00,0,1.1,1.3,1,1.5,226.2
2018-12-28 02:00:00,0,1,0.7,0.4,1.2,221.1
2018-12-28 03:00:00,0,1,0.6,0.2,1.2,8.6
2018-12-28 04:00:00,0,0.9,1,0.2,1.4,17.7
2018-12-28 05:00:00,0,0.9,1.4,0.7,1.6,1.3
2018-12-28 06:00:00,0,0.9,1.5,1,1.6,4.5
2018-12-28 07:00:00,0,0.8,1.3,1.3,1.4,10.1
2018-12-28 08:00:00,0,0.5,1,2.3,1.2,10.6
2018-12-28 09:00:00,0,0.5,0.9,2.5,1.1,15.6
2018-12-28 10:00:00,0,0.7,0.9,2.3,1.2,20.1
2018-12-28 11:00:00,0,0.8,0.9,2.1,1.3,22.5
2018-12-28 12:00:00,55.11,1.1,1.3,2,1.7,46.2
2018-12-28 13:00:00,345.89,1.4,2,2,2.5,58.8
2018-12-28 14:00:00,422.02,1.6,2.7,2.5,3.3,49.3
2018-12-28 15:00:00,48.75,1.9,3.3,3.3,3.9,54.3
2018-12-28 16:00:00,1257.47,2.1,3.6,3.7,4.3,65.5
2018-12-28 17:00:00,906.65,2.1,4,3.8,4.7,64.9
2018-12-28 18:00:00,1147.99,1.7,4.3,3.9,5,56.2
2018-12-28 19:00:00,1308.04,1.5,4.4,4.1,5.2,53.7
2018-12-28 20:00:00,2106.62,1.8,4.5,4.5,5.4,55.9
2018-12-28 21:00:00,1491.99,1.8,4.7,4.7,5.8,57.5
2018-12-28 22:00:00,3351.49,1.8,5.2,5,6.3,62.1
2018-12-28 23:00:00,5635.5,2.3,5.6,5.6,6.8,71.5
2018-12-29 00:00:00,6747.18,2.2,6,5.4,7.2,88.8
2018-12-29 01:00:00,5840.23,1.7,6.2,4,7.5,97.9
2018-12-29 02:00:00,4212.82,1.8,6.5,3.8,7.8,88.4
2018-12-29 03:00:00,2608.46,2.2,6.2,4.9,7.4,101.6
2018-12-29 04:00:00,2924.63,2.7,5.4,5.5,6.4,120.6
2018-12-29 05:00:00,6049.69,2.1,4.5,4.6,5.3,124.9
2018-12-29 06:00:00,2161.99,1.7,3.9,4.4,4.6,128.4
2018-12-29 07:00:00,5476.15,1.6,3.6,4.7,4.2,137.2
2018-12-29 08:00:00,4133.33,1.4,3.3,3.6,3.9,133.5
2018-12-29 09:00:00,252.86,1.7,3.1,3.4,3.7,104.2
2018-12-29 10:00:00,455.33,2.1,3,3.9,3.7,94.5
2018-12-29 11:00:00,523.1,2.6,2.9,4.4,3.6,87.2
2018-12-29 12:00:00,1857.31,3.4,3.3,5.7,4.1,74
2018-12-29 13:00:00,3539.57,3.9,4.2,6.6,5,69.5
2018-12-29 14:00:00,2599.84,4,5.1,6.7,5.9,71.4
2018-12-29 15:00:00,1744.13,3.7,5.5,6.2,6.2,74.4
2018-12-29 16:00:00,2888.9,3.2,5.2,6.2,6,69.5
2018-12-29 17:00:00,3981.89,3.1,5,6.5,5.8,71.6
2018-12-29 18:00:00,5454.83,2.8,4.6,5.9,5.4,93.8
2018-12-29 19:00:00,5699.52,2.7,4.2,5.3,4.9,115.8
2018-12-29 20:00:00,5036.21,2.6,3.8,5.4,4.3,124.2
2018-12-29 21:00:00,2958.57,2.9,3.3,6.6,3.8,132.2
2018-12-29 22:00:00,2770.73,3.3,2.9,7.5,3.2,138.3
2018-12-29 23:00:00,5938.17,3.1,2.4,6.6,2.6,138.3
2018-12-30 00:00:00,6576.08,2.9,2.2,6.4,2.4,133.9
2018-12-30 01:00:00,4419.33,2.8,2.2,6.4,2.3,135.8
2018-12-30 02:00:00,2478.91,3,2.2,5.8,2.3,139.2
2018-12-30 03:00:00,3542.65,3.1,2.1,5.7,2.2,138.1
2018-12-30 04:00:00,5198.91,3.2,1.9,5.6,2,135.8
2018-12-30 05:00:00,6102,3.1,1.7,5.5,1.8,136.8
2018-12-30 06:00:00,5743.2,3.1,1.5,5.6,1.7,136.4
2018-12-30 07:00:00,3623.61,3,1.5,5.3,1.7,136.5
2018-12-30 08:00:00,2040.15,2.6,1.4,4.5,1.6,139.8
2018-12-30 09:00:00,1091.88,2.3,1.4,4,1.6,142.2
2018-12-30 10:00:00,589.95,2.1,1.3,3.6,1.6,142.1
2018-12-30 11:00:00,439.18,2,1.2,3.3,1.6,141.8
2018-12-30 12:00:00,37.36,2.3,1.1,3.7,1.6,139.4
2018-12-30 13:00:00,0,2.5,1.1,3.8,1.6,137.7
2018-12-30 14:00:00,0,2.3,1.1,3.6,1.6,141.6
2018-12-30 15:00:00,0,1.9,1.2,3.7,1.6,140.4
2018-12-30 16:00:00,0,1.6,1.4,4,1.7,136.8
2018-12-30 17:00:00,4.33,1.7,1.6,4,1.8,136.7
2018-12-30 18:00:00,224.89,1.8,1.6,4.4,1.8,136.3
2018-12-30 19:00:00,1555.54,1.8,1.6,4.6,1.8,134.9
2018-12-30 20:00:00,4945.66,2.1,1.6,4.5,1.8,137.7
2018-12-30 21:00:00,5161.31,2.3,1.5,5.3,1.7,143.3
2018-12-30 22:00:00,5142.69,2.3,1.4,6.2,1.6,144
2018-12-30 23:00:00,4994.22,2.3,1.4,6.6,1.6,143.7
2018-12-31 00:00:00,3586.5,2.2,1.3,6.1,1.5,137.2
2018-12-31 01:00:00,2546.9,2.2,1.3,5.5,1.5,126.2
2018-12-31 02:00:00,2984.66,2.3,1.4,5.8,1.5,125.1
2018-12-31 03:00:00,3570.23,2.3,1.4,6.1,1.5,129.6
2018-12-31 04:00:00,2899.69,2.3,1.6,6.2,1.6,134.8
2018-12-31 05:00:00,2117.27,2.3,1.7,6.2,1.6,137.1
2018-12-31 06:00:00,2527.99,2.2,1.8,6,1.7,132.6
2018-12-31 07:00:00,2543.44,2.2,2,5.4,1.7,128.7
2018-12-31 08:00:00,1878.63,2.3,2.1,4.9,1.8,138.4
2018-12-31 09:00:00,2115.88,2.1,2.2,5,1.8,145.7
2018-12-31 10:00:00,1852.42,1.7,2.2,4.8,1.8,143.6
2018-12-31 11:00:00,1937.4,1.6,2.2,3.9,1.8,139.6
2018-12-31 12:00:00,796.03,1.8,2,3.4,1.8,139.6
2018-12-31 13:00:00,19.92,1.9,1.8,3.1,1.7,137.5
2018-12-31 14:00:00,0,1.9,1.5,2.8,1.6,133.7
2018-12-31 15:00:00,0,1.9,1.4,3.4,1.5,131.7
2018-12-31 16:00:00,0,1.8,1.6,3.8,1.6,128.1
2018-12-31 17:00:00,0,1.9,1.8,3.7,1.6,131.6
2018-12-31 18:00:00,0,2,1.9,3.6,1.6,141.8
2018-12-31 19:00:00,0,2.1,1.8,3.2,1.7,144.7
2018-12-31 20:00:00,0,2.4,1.8,3,1.7,141.5
2018-12-31 21:00:00,120.49,2.5,1.8,3.1,1.7,143.7
2018-12-31 22:00:00,83.22,2.6,2,3.3,1.7,145.4
2018-12-31 23:00:00,79.61,2.6,2.1,3.6,1.7,142.3
2019-01-01 00:00:00,348.63,2.5,2.2,3.8,1.6,142.1
2019-01-01 01:00:00,57.89,2.4,2.3,3.8,1.6,140.1
2019-01-01 02:00:00,0,2.5,2.4,3.9,1.6,132.2
2019-01-01 03:00:00,0,2.4,2.4,4.1,1.6,134.5
2019-01-01 04:00:00,0,2.3,2.3,4.1,1.6,141.3
2019-01-01 05:00:00,0,2.4,2.3,4.1,1.6,142.9
2019-01-01 06:00:00,0,2.3,2.3,3.6,1.6,139.6
2019-01-01 07:00:00,0,2.2,2.5,3.4,1.5,135.3
2019-01-01 08:00:00,0,2.3,2.7,3.6,1.4,139
2019-01-01 09:00:00,0,2,2.5,3.8,1.2,146.8
2019-01-01 10:00:00,0,1.6,2,3.8,0.8,147.1
2019-01-01 11:00:00,0,1.4,1.4,3.3,0.4,142.7
2019-01-01 12:00:00,66.33,1.2,1.1,2.3,0.4,140
2019-01-01 13:00:00,58.12,1,1,1.5,0.7,138.2
2019-01-01 14:00:00,7.15,1,1,1.3,1,134.6
2019-01-01 15:00:00,0.58,1.1,1.1,1.4,1.2,130
2019-01-01 16:00:00,0,1.3,1.4,1.7,1.4,133.9
2019-01-01 17:00:00,0,1.5,1.7,2.3,1.5,141.7
2019-01-01 18:00:00,228.25,1.6,1.8,2.6,1.6,136.3
2019-01-01 19:00:00,516.23,1.5,1.6,2.1,1.6,120.4
2019-01-01 20:00:00,514.03,1.7,1.5,1.8,1.6,109.9
2019-01-01 21:00:00,2206.39,2.2,1.4,2.1,1.6,127.4
2019-01-01 22:00:00,2248.82,2.2,1.5,3,1.7,147.2
2019-01-01 23:00:00,1472.59,1.9,1.6,3.3,1.7,150.6
2019-01-02 00:00:00,1262.7,1.6,1.8,2.6,2,146.9
2019-01-02 01:00:00,1589.63,1.5,2.2,2.1,2.5,142.5
2019-01-02 02:00:00,1522.17,1.5,2.7,1.9,3,129.9
2019-01-02 03:00:00,1656.5,1.4,3.2,1.8,3.6,94.3
2019-01-02 04:00:00,2951.6,1.5,3.9,2.5,4.3,98.5
2019-01-02 05:00:00,3020.01,1.7,4.5,3.3,5,104.9
2019-01-02 06:00:00,4104.08,1.8,5.1,4.1,5.6,105.2
2019-01-02 07:00:00,6045.82,1.8,5.5,4,6.2,110.2
2019-01-02 08:00:00,4254.55,2,5.9,3.9,6.9,112
2019-01-02 09:00:00,4669.34,2.5,5.8,4.4,6.9,103.6
2019-01-02 10:00:00,5556.78,2.8,5.3,4.7,6.2,90.1
2019-01-02 11:00:00,3922.28,3,4.9,4.4,5.6,82.9
2019-01-02 12:00:00,3184.99,2.7,4.7,3.6,5.4,81.6
2019-01-02 13:00:00,1323.96,2.4,4.8,3.6,5.5,78.5
2019-01-02 14:00:00,1108.17,2.6,5,4.1,5.6,85.4
2019-01-02 15:00:00,1569.86,2.8,5.3,3.9,6,98.2
2019-01-02 16:00:00,4757.67,2.7,5.7,3.6,6.6,103.1
2019-01-02 17:00:00,7674.29,2.6,6.2,3.7,7.2,107.9
2019-01-02 18:00:00,4595.42,2.8,6.2,4.6,7.3,111.3
2019-01-02 19:00:00,5262.61,2.7,5.8,5,6.8,116.6
2019-01-02 20:00:00,3442.91,2.2,5.4,3.9,6.3,116.4
2019-01-02 21:00:00,5813.26,2.2,4.9,4.3,5.7,113.6
2019-01-02 22:00:00,8164.14,3.2,4.2,6.4,5,124.1
2019-01-02 23:00:00,8795.83,3.5,3.6,6.5,4.2,128.1
2019-01-03 00:00:00,10835.53,3.5,3.3,6.9,3.9,130.1
2019-01-03 01:00:00,8117.63,3.4,3.3,7.2,3.8,134.6
2019-01-03 02:00:00,4950.93,2.6,3.2,6.1,3.8,134.2
2019-01-03 03:00:00,4346.28,2.1,3.2,4.9,3.7,133.7
2019-01-03 04:00:00,2466.63,1.8,3.1,4.3,3.7,136.4
2019-01-03 05:00:00,1448.48,1.7,3,4.2,3.6,133.4
2019-01-03 06:00:00,3434.01,2.1,2.9,5,3.4,131.5
2019-01-03 07:00:00,4977.87,2.2,2.6,5.7,3,133
2019-01-03 08:00:00,6232.21,2.3,2.3,5.1,2.7,135
2019-01-03 09:00:00,4776.61,2.8,2.1,4.8,2.5,136.7
2019-01-03 10:00:00,4938.01,3,1.8,4.7,2.3,133.4
2019-01-03 11:00:00,4409.8,2.8,1.6,4.3,2.2,129
2019-01-03 12:00:00,2378.62,3,1.5,4.5,2.1,125.8
2019-01-03 13:00:00,363.54,3.1,1.5,4.8,2,123.8
2019-01-03 14:00:00,1.46,2.8,1.4,4.4,1.9,123.8
2019-01-03 15:00:00,0.11,2.3,1.5,4,1.9,125.3
2019-01-03 16:00:00,38.84,1.9,1.6,4.4,1.9,127.7
2019-01-03 17:00:00,800.07,1.7,1.7,4.4,1.9,131.5
2019-01-03 18:00:00,1230.67,1.7,1.7,4.1,1.9,132.3
2019-01-03 19:00:00,1042.89,1.8,1.7,3.8,1.9,131.1
2019-01-03 20:00:00,1308.93,2.1,1.7,3.4,1.8,131.3
2019-01-03 21:00:00,1914.18,2.3,1.7,3.2,1.8,140.6
2019-01-03 22:00:00,1995.13,2.3,1.6,3.5,1.8,152.4
2019-01-03 23:00:00,2541.4,2.3,1.6,3.9,1.7,148.6
2019-01-04 00:00:00,2598.2,2,1.6,4,1.7,136.5
2019-01-04 01:00:00,2145.9,1.9,1.6,3.9,1.7,126.3
2019-01-04 02:00:00,2394.35,2.1,1.6,4,1.7,125.2
2019-01-04 03:00:00,1708.47,2.1,1.6,3.9,1.7,129.2
2019-01-04 04:00:00,2702.64,2.2,1.5,4,1.7,139.2
2019-01-04 05:00:00,2043.41,2.1,1.5,4.7,1.6,145.6
2019-01-04 06:00:00,2150.86,1.9,1.5,5.1,1.6,143.3
2019-01-04 07:00:00,958.82,1.8,1.5,4.8,1.6,139
2019-01-04 08:00:00,497.94,1.9,1.5,4.4,1.6,135.9
2019-01-04 09:00:00,224.79,1.7,1.4,4.5,1.6,138.6
2019-01-04 10:00:00,624.77,1.4,1.3,3.9,1.6,146.3
2019-01-04 11:00:00,539.76,1.4,1.2,3.1,1.6,146.9
2019-01-04 12:00:00,253.03,1.9,1.1,3.1,1.6,140.3
2019-01-04 13:00:00,246.11,2.1,1.1,3.2,1.5,137.2
2019-01-04 14:00:00,64.52,2.3,1.1,3.5,1.5,134.4
2019-01-04 15:00:00,50.87,2.2,1.3,3.7,1.5,137
2019-01-04 16:00:00,296.23,1.7,1.5,3.6,1.6,138.4
2019-01-04 17:00:00,142.9,1.7,1.8,3.8,1.7,140
2019-01-04 18:00:00,148.61,1.9,1.9,3.8,1.8,146.9
2019-01-04 19:00:00,444.1,1.8,1.9,3,1.8,154.1
2019-01-04 20:00:00,24.54,2.1,1.9,2,1.8,150.4
2019-01-04 21:00:00,164.83,2.5,2,2.2,1.8,136
2019-01-04 22:00:00,823.19,2.5,2.1,3.4,1.8,142
2019-01-04 23:00:00,2008.31,2.3,2.1,4.2,1.8,145.6
2019-01-05 00:00:00,903.94,2.1,2.2,4.3,1.8,146.9
2019-01-05 01:00:00,119.3,2.2,2.2,4,1.7,151.7
2019-01-05 02:00:00,0,2.3,2.3,3.4,1.6,153.5
2019-01-05 03:00:00,0,2.5,2.2,2.9,1.6,151.4
2019-01-05 04:00:00,0,2.6,2.1,2.9,1.5,141.5
2019-01-05 05:00:00,0,2.5,2,3.4,1.5,136.7
2019-01-05 06:00:00,0,2.3,1.9,3.8,1.5,139.5
2019-01-05 07:00:00,0,2.2,1.9,3.7,1.6,143.6
2019-01-05 08:00:00,0,2.3,1.9,3.2,1.6,152.1
2019-01-05 09:00:00,0,2.1,1.9,2.3,1.6,156
2019-01-05 10:00:00,0,1.6,1.9,1.6,1.6,147.6
2019-01-05 11:00:00,0,1.4,1.8,1.6,1.7,134.3
2019-01-05 12:00:00,0,1.4,1.7,1.9,1.7,133
2019-01-05 13:00:00,0,1.4,1.5,2.1,1.6,141.5
2019-01-05 14:00:00,0,1.7,1.3,2.4,1.5,140.1
2019-01-05 15:00:00,0,1.6,1.3,2.7,1.5,134.7
2019-01-05 16:00:00,0,1.5,1.5,2.5,1.6,144.5
2019-01-05 17:00:00,0,1.7,1.7,2,1.6,150.1
2019-01-05 18:00:00,45.34,2,1.8,1.9,1.6,133.4
2019-01-05 19:00:00,23.07,1.9,1.7,1.7,1.6,112.3
2019-01-05 20:00:00,1963.07,2.2,1.6,1.8,1.5,111.3
2019-01-05 21:00:00,4204.18,2.7,1.5,3,1.5,134.7
2019-01-05 22:00:00,2124.87,2.4,1.4,3.8,1.5,143.3
2019-01-05 23:00:00,3171.99,2.3,1.4,3.9,1.5,141.3
2019-01-06 00:00:00,3249.85,2.3,1.4,4.4,1.5,137.7
2019-01-06 01:00:00,4388.08,2.2,1.5,4.8,1.6,137.8
2019-01-06 02:00:00,4033.11,2.2,1.6,4.6,1.7,140
2019-01-06 03:00:00,5405.05,2.1,1.6,4.1,1.7,141.8
2019-01-06 04:00:00,5579.87,2.2,1.6,3.8,1.7,140.3
2019-01-06 05:00:00,5434.11,2.4,1.6,4.3,1.7,139.4
2019-01-06 06:00:00,5856.28,2.3,1.6,4.7,1.7,135.9
2019-01-06 07:00:00,6563.21,2.1,1.7,4.8,1.8,132.5
2019-01-06 08:00:00,8893.54,2.2,1.7,5,2,135.5
2019-01-06 09:00:00,7289.5,2,1.7,4.9,2,135
2019-01-06 10:00:00,5414.85,1.7,1.7,5.4,2,134.3
2019-01-06 11:00:00,5875.41,1.9,1.7,5,2,134.1
2019-01-06 12:00:00,3999.88,2.4,1.6,4.3,1.9,135
2019-01-06 13:00:00,1386.28,2.8,1.5,4.2,1.9,139.4
2019-01-06 14:00:00,1120.55,2.5,1.4,4,1.9,136.5
2019-01-06 15:00:00,1058.57,2,1.4,4,1.9,133.7
2019-01-06 16:00:00,2296.81,1.6,1.7,4.2,2.1,135.4
2019-01-06 17:00:00,4036.62,1.8,2,4.9,2.2,137.8
2019-01-06 18:00:00,4502.25,2.1,2,5.3,2.3,139.9
2019-01-06 19:00:00,5602.2,2.2,2,5.1,2.2,137.2
2019-01-06 20:00:00,7304.61,2.1,1.9,4.5,2.1,127.7
2019-01-06 21:00:00,4580.84,2.2,1.8,4,2,117.1
2019-01-06 22:00:00,3127.33,2.4,1.7,4,1.9,113.2
2019-01-06 23:00:00,4439.3,2.4,1.7,3.8,1.9,116
2019-01-07 00:00:00,3795.09,2.2,1.8,3.8,2.1,122.8
2019-01-07 01:00:00,3063.5,2,2.2,3.7,2.5,124.2
2019-01-07 02:00:00,4021.65,2,2.6,3.3,3,117.8
2019-01-07 03:00:00,6397.08,2.1,2.9,3.2,3.3,108.6
2019-01-07 04:00:00,6332.15,2.1,3,3.5,3.4,103.4
2019-01-07 05:00:00,4892.6,2,3.1,3.7,3.5,106.7
2019-01-07 06:00:00,4402.95,2,3,4.5,3.4,122.8
2019-01-07 07:00:00,4127.97,2.1,2.9,5.2,3.2,130
2019-01-07 08:00:00,5533.64,1.8,2.7,4.8,3,125.8
2019-01-07 09:00:00,5163.26,1.7,2.4,4,2.8,120.3
2019-01-07 10:00:00,5028.86,1.9,2,3.8,2.6,116.8
2019-01-07 11:00:00,2776.95,2,1.7,3.5,2.4,116.2
2019-01-07 12:00:00,1782.73,2.5,1.5,3.4,2.3,115
2019-01-07 13:00:00,437.39,2.6,1.5,3.3,2.2,111.9
2019-01-07 14:00:00,229.89,2.1,1.6,2.9,2.2,87.6
2019-01-07 15:00:00,818.23,2.2,1.8,3.7,2.3,68.4
2019-01-07 16:00:00,2714.54,2.2,2.1,4.1,2.7,74.8
2019-01-07 17:00:00,1800.26,1.8,2.5,3.9,3.1,81
2019-01-07 18:00:00,840.88,1.6,3,3.8,3.7,89.8
2019-01-07 19:00:00,4638.99,1.6,3.7,3.5,4.5,86.2
2019-01-07 20:00:00,5414.16,1.7,4.4,4.2,5.3,73.3
2019-01-07 21:00:00,1218.14,1.8,4.6,4.7,5.5,78.9
2019-01-07 22:00:00,1127.99,1.9,4.3,3.8,5.1,83.7
2019-01-07 23:00:00,2516.92,2,4,3.3,4.8,87.6
2019-01-08 00:00:00,2935.77,2,4.1,4.1,4.8,111.2
2019-01-08 01:00:00,3726.7,2.1,4.5,4.7,5.4,121.1
2019-01-08 02:00:00,8232.47,2,4.9,4.5,5.9,117.6
2019-01-08 03:00:00,5865.49,2,5,4.5,6,113.7
2019-01-08 04:00:00,6028.42,1.8,4.8,3.9,5.7,105.7
2019-01-08 05:00:00,5077.04,1.8,4.5,3.4,5.4,106.8
2019-01-08 06:00:00,5427.75,1.9,4.5,4.5,5.4,121.1
2019-01-08 07:00:00,3537.68,1.7,4.7,4.9,5.6,123.5
2019-01-08 08:00:00,4492.18,1.7,4.9,4.3,5.8,112.5
2019-01-08 09:00:00,6037.92,1.9,4.8,4.8,5.8,95.6
2019-01-08 10:00:00,3619.56,2.1,4.6,4.9,5.7,91.6
2019-01-08 11:00:00,1521.72,2.4,4.3,3.8,5.6,97.3
2019-01-08 12:00:00,786.87,2.8,4.2,3.7,5.4,94.5
2019-01-08 13:00:00,847.67,2.9,4.3,4.2,5.3,80.2
2019-01-08 14:00:00,165.87,2.8,4.4,4.1,5.2,70.4
2019-01-08 15:00:00,679.07,2.8,4.6,4.2,5.3,72.4
2019-01-08 16:00:00,1734.11,2.6,4.8,4.4,5.6,78.7
2019-01-08 17:00:00,1248.47,2.3,5,4,5.9,91.2
2019-01-08 18:00:00,1814.18,1.9,4.8,3.8,5.7,105.8
2019-01-08 19:00:00,1802.51,1.7,4.1,3.1,4.9,102.6
2019-01-08 20:00:00,1482.76,1.6,3.4,2.9,4,84.3
2019-01-08 21:00:00,955.54,1.6,3.2,3.4,3.9,78.4
2019-01-08 22:00:00,1287.6,1.5,3.6,3.7,4.4,67.9
2019-01-08 23:00:00,2407.6,1.7,4.1,4.4,4.9,68.9
2019-01-09 00:00:00,3138.59,1.8,4.7,4.4,5.7,84
2019-01-09 01:00:00,3695.67,1.8,5.6,3.8,6.9,89
2019-01-09 02:00:00,4827.26,1.7,6.4,4,8,77.1
2019-01-09 03:00:00,5216.89,1.6,6.7,4.5,8.4,68.3
2019-01-09 04:00:00,3908.08,1.8,6.5,4.9,8.1,61.5
2019-01-09 05:00:00,2168.58,1.9,6.3,4.8,7.9,56.1
2019-01-09 06:00:00,2325.2,1.8,6,4.4,7.6,49.4
2019-01-09 07:00:00,2770.27,1.6,5.8,4.7,7.2,42.6
2019-01-09 08:00:00,2955.07,2.1,5.5,5.3,6.9,37.1
2019-01-09 09:00:00,2337.45,2.4,5.1,5.3,6.6,37.8
2019-01-09 10:00:00,1725.97,2.2,4.6,4.5,6.2,41.6
2019-01-09 11:00:00,1423.2,2.5,4.1,4.6,5.8,40.3
2019-01-09 12:00:00,1548.03,3,4.3,5.1,5.9,42.5
2019-01-09 13:00:00,3504.83,3.7,5.1,6,6.5,48.7
2019-01-09 14:00:00,4689.09,4.2,5.9,6.9,7,54.1
2019-01-09 15:00:00,5541.57,4.1,6.5,6.7,7.5,58.7
2019-01-09 16:00:00,5114.88,4,6.8,6.6,7.9,60.7
2019-01-09 17:00:00,4453.54,3.9,7.2,6.5,8.3,63.7
2019-01-09 18:00:00,4475.23,3.3,7.4,5.9,8.7,68.6
2019-01-09 19:00:00,6088.7,2.9,7.7,6,9.1,69
2019-01-09 20:00:00,7412.54,3.4,8,7,9.5,64.9
2019-01-09 21:00:00,10584.96,3.8,8.1,7.6,9.7,64.4
2019-01-09 22:00:00,7909.79,4.2,8,7.8,9.6,66
2019-01-09 23:00:00,6143.67,4.5,8,8,9.6,67.6
2019-01-10 00:00:00,7516.18,3.8,8.1,7.5,9.6,74.5
2019-01-10 01:00:00,9044.19,3.4,8.2,6.9,9.9,79.7
2019-01-10 02:00:00,6087.71,3.7,8.3,6.9,10.1,79.4
2019-01-10 03:00:00,9781.87,4.4,8.5,7.8,10.3,79.6
2019-01-10 04:00:00,11158.63,5,8.7,8.6,10.5,77.6
2019-01-10 05:00:00,10476.83,5,8.8,8.6,10.7,76
2019-01-10 06:00:00,11697.92,4.8,8.9,8.6,10.8,76.7
2019-01-10 07:00:00,13689.43,4.6,8.9,8.5,10.7,79.3
2019-01-10 08:00:00,12145.88,4.8,8.8,8.5,10.7,80.6
2019-01-10 09:00:00,11857.57,5.3,8.6,8.8,10.3,81.6
2019-01-10 10:00:00,13138.2,5.7,8.2,9.1,9.7,83.7
2019-01-10 11:00:00,12184.16,5.8,7.8,9.4,9.1,82.3
2019-01-10 12:00:00,11797.19,5.8,7.7,9.3,8.9,79.5
2019-01-10 13:00:00,11206.72,5.6,7.9,9,9.2,78.6
2019-01-10 14:00:00,10682.48,5.6,8.2,9.3,9.4,81.1
2019-01-10 15:00:00,9148.76,5.4,8.4,8.9,9.7,82.3
2019-01-10 16:00:00,7219.3,5.1,8.7,8.6,10.1,77.1
2019-01-10 17:00:00,6447.51,5.1,9,9.5,10.5,72.6
2019-01-10 18:00:00,8229.38,5.2,9.2,9.7,10.7,74.5
2019-01-10 19:00:00,12859.8,5.1,9.2,9.7,10.8,78.9
2019-01-10 20:00:00,10827.81,5.4,9.2,10,10.9,79.5
2019-01-10 21:00:00,11710.66,5.7,9.1,10.5,10.9,78.1
2019-01-10 22:00:00,12215.62,5.9,9.1,10.8,10.8,79.4
2019-01-10 23:00:00,12355.52,5.9,9,10.6,10.7,84.3
2019-01-11 00:00:00,13508.16,6,8.9,11.2,10.6,82.6
2019-01-11 01:00:00,14681.12,5.9,8.7,11.3,10.4,80.6
2019-01-11 02:00:00,14406.11,5.5,8.6,10.3,10.3,85.2
2019-01-11 03:00:00,14508.09,5.4,8.5,9.8,10.1,86.3
2019-01-11 04:00:00,12969.12,5.6,8.3,10.1,9.8,85.4
2019-01-11 05:00:00,13198.71,5.5,8.1,9.8,9.6,87.3
2019-01-11 06:00:00,12705.62,4.8,7.9,9,9.4,87.6
2019-01-11 07:00:00,11475.37,4.4,7.8,8.7,9.3,84.6
2019-01-11 08:00:00,11825.56,4.8,7.8,9.3,9.3,82.5
2019-01-11 09:00:00,12718.09,5.3,7.5,9.5,8.9,80.3
2019-01-11 10:00:00,13137.26,5.7,7.1,9.6,8.4,78.6
2019-01-11 11:00:00,11915.17,5.8,6.7,9.7,7.9,78.8
2019-01-11 12:00:00,8181,5.5,6.5,9.1,7.5,77
2019-01-11 13:00:00,8686.77,5,6.4,8,7.4,75.1
2019-01-11 14:00:00,8241.18,4.4,6.4,7,7.3,75.1
2019-01-11 15:00:00,6545.51,4.1,6.5,6.6,7.4,74.7
2019-01-11 16:00:00,6923.9,4,6.8,6.7,7.7,76.7
2019-01-11 17:00:00,6843.95,3.9,7,7,8,77.4
2019-01-11 18:00:00,6129.28,3.5,7.1,7.2,8.1,76.1
2019-01-11 19:00:00,6619.26,3.1,6.9,6.8,8.1,78.5
2019-01-11 20:00:00,6612.21,2.8,6.8,6.1,8,80.9
2019-01-11 21:00:00,6829.45,2.5,6.6,5.9,8,83.6
2019-01-11 22:00:00,5495.11,2.3,6.5,5.6,7.9,81.5
2019-01-11 23:00:00,6500.78,2,6.4,5.2,7.8,77.2
2019-01-12 00:00:00,4501.7,1.9,6.6,5.2,8,74.8
2019-01-12 01:00:00,5446.99,1.9,6.9,4.9,8.5,74.7
2019-01-12 02:00:00,8110.85,2,7.3,4.2,9,74.5
2019-01-12 03:00:00,5308.29,1.9,7.4,4.1,9.1,71.3
2019-01-12 04:00:00,4323.88,1.8,7,4.5,8.6,81
2019-01-12 05:00:00,4702.55,1.9,6.7,4.6,8.2,84.6
2019-01-12 06:00:00,3901.66,1.7,6.4,4.8,7.8,78
2019-01-12 07:00:00,2855.14,1.6,6,4.4,7.5,72.8
2019-01-12 08:00:00,1988.27,1.6,5.7,3.6,7.2,72.9
2019-01-12 09:00:00,1446.18,1.5,5.5,3.1,7,68.8
2019-01-12 10:00:00,3368.92,1.7,5.4,3.2,6.7,63.8
2019-01-12 11:00:00,4383.33,2.6,5.3,4.4,6.4,69
2019-01-12 12:00:00,4816.93,3.5,5.4,5.6,6.4,64.3
2019-01-12 13:00:00,2689.75,3.9,5.6,6.4,6.6,60.5
2019-01-12 14:00:00,2094.51,3.9,5.9,6.5,6.8,63.8
2019-01-12 15:00:00,5662.05,3.7,6.2,6.2,7.1,68
2019-01-12 16:00:00,4754.3,3.7,6.5,6,7.4,72.5
2019-01-12 17:00:00,4699.07,3.5,6.7,5.8,7.7,68
2019-01-12 18:00:00,3217.09,2.8,6.8,5.3,7.9,62.1
2019-01-12 19:00:00,2880.11,2.4,6.8,5.1,7.9,62.2
2019-01-12 20:00:00,2799.19,2.5,6.7,5.4,7.9,58.5
2019-01-12 21:00:00,3583.36,2.7,6.6,5.8,7.9,59.6
2019-01-12 22:00:00,2880.45,2.8,6.5,5.7,7.8,61.9
2019-01-12 23:00:00,2772.08,2.9,6.4,5.8,7.7,58
2019-01-13 00:00:00,2601.25,2.4,6.1,5.4,7.4,60.5
2019-01-13 01:00:00,3452.21,1.9,5.7,4.5,6.9,66.7
2019-01-13 02:00:00,1043.22,2,5.4,4.4,6.4,56.4
2019-01-13 03:00:00,1855.96,2,5,4.4,6,43.2
2019-01-13 04:00:00,740.75,1.8,4.7,4.4,5.7,42.5
2019-01-13 05:00:00,304.25,1.8,4.4,4.8,5.4,44.1
2019-01-13 06:00:00,1741.59,1.8,4,4,4.9,46.2
2019-01-13 07:00:00,1156.06,1.6,3.6,3,4.4,57.7
2019-01-13 08:00:00,758.66,1.3,3.2,3.2,3.9,59.1
2019-01-13 09:00:00,1227.96,1.1,2.7,2.9,3.4,61.4
2019-01-13 10:00:00,1284.97,0.9,2.3,2.4,2.9,62.7
2019-01-13 11:00:00,774.44,0.7,1.8,1.8,2.5,58.7
2019-01-13 12:00:00,421.02,1.4,1.8,2.2,2.3,40
2019-01-13 13:00:00,323.49,2.2,2.1,3.5,2.6,27.4
2019-01-13 14:00:00,429.5,2.4,2.5,4,2.9,25.5
2019-01-13 15:00:00,118.58,2.2,2.8,3.6,3.1,26.1
2019-01-13 16:00:00,18.8,1.9,2.9,3.1,3.3,27.3
2019-01-13 17:00:00,0.06,1.6,3.1,2.6,3.5,28.9
2019-01-13 18:00:00,429.14,1.4,3,2.6,3.5,16.9
2019-01-13 19:00:00,448.52,1.5,2.8,3.2,3.3,8.2
2019-01-13 20:00:00,43.48,1.4,2.5,3.3,3.1,11.4
2019-01-13 21:00:00,0.01,1.3,2.3,3.3,2.9,21.8
2019-01-13 22:00:00,314.04,1.5,2.1,3.8,2.7,25.1
2019-01-13 23:00:00,838.21,1.6,1.9,3.8,2.6,23.1
2019-01-14 00:00:00,670.95,0.9,1.9,2.9,2.6,30.3
2019-01-14 01:00:00,318.15,0.6,2.2,2.6,2.9,42.8
2019-01-14 02:00:00,149.13,0.9,2.4,2.8,3.2,46.2
2019-01-14 03:00:00,396.23,1.1,2.5,3.2,3.3,48.7
2019-01-14 04:00:00,45.06,1.4,2.5,3.9,3.2,49.4
2019-01-14 05:00:00,976.05,1.4,2.5,3.8,3.1,47.5
2019-01-14 06:00:00,968.73,1.4,2.6,3.5,3.3,41.3
2019-01-14 07:00:00,353.81,1.5,2.9,3.6,3.6,41.6
2019-01-14 08:00:00,223.27,1.5,3.2,4.2,4,47.3
2019-01-14 09:00:00,218,1.9,3.3,4.1,4.1,49.2
2019-01-14 10:00:00,778.13,2.5,3.2,4.1,4.1,48.4
2019-01-14 11:00:00,599.96,2.8,3.1,4.7,4.1,51.4
2019-01-14 12:00:00,124.37,2.8,3.2,4.5,4.1,67
2019-01-14 13:00:00,46.05,2.7,3.5,4.2,4.3,76.4
2019-01-14 14:00:00,57.1,2.6,3.8,4.1,4.5,74.5
2019-01-14 15:00:00,517.2,2.7,4.1,4.2,4.7,76.2
2019-01-14 16:00:00,876.69,2.6,4.5,4.2,5.1,81.8
2019-01-14 17:00:00,2680.38,2.2,4.8,3.6,5.5,94.5
2019-01-14 18:00:00,2092.82,1.9,4.8,3.6,5.5,101.8
2019-01-14 19:00:00,3201.54,2,4.4,3.9,5.1,111.2
2019-01-14 20:00:00,3779.37,2.2,4,4,4.7,123.2
2019-01-14 21:00:00,5081.27,2.3,3.8,4.3,4.4,123.8
2019-01-14 22:00:00,5505.51,2.5,3.6,5,4.2,130.4
2019-01-14 23:00:00,6214.46,2.7,3.5,5.8,4,133.3
2019-01-15 00:00:00,3235.34,2.7,3.3,6.1,3.8,129.4
2019-01-15 01:00:00,3663.76,2.5,3,6,3.5,131.6
2019-01-15 02:00:00,3957.6,2.4,2.8,5.7,3.1,135.2
2019-01-15 03:00:00,3175.94,2.5,2.5,5.5,2.8,138
2019-01-15 04:00:00,2836.18,2.8,2.2,5.4,2.4,139
2019-01-15 05:00:00,2797.55,2.8,1.9,5,2.1,136.6
2019-01-15 06:00:00,3346.52,2.7,1.7,4.8,1.8,135.9
2019-01-15 07:00:00,2208.57,2.6,1.5,4.7,1.6,136.7
2019-01-15 08:00:00,1025.91,2.5,1.4,4.4,1.4,138.6
2019-01-15 09:00:00,601.57,2.3,1.3,4.1,1.4,141.4
2019-01-15 10:00:00,842.54,2.1,1.2,3.7,1.4,141.5
2019-01-15 11:00:00,442.94,2,1.2,3.2,1.5,139.2
2019-01-15 12:00:00,56.06,2,1.1,3.1,1.6,142.4
2019-01-15 13:00:00,0,1.8,1.1,2.7,1.6,145.5
2019-01-15 14:00:00,0,1.4,1.1,2,1.6,146.2
2019-01-15 15:00:00,38.21,1.1,1.1,1.8,1.6,148.3
2019-01-15 16:00:00,76.42,1.5,1.2,2.4,1.6,147.7
2019-01-15 17:00:00,114.63,1.7,1.3,3.2,1.6,147.9
2019-01-15 18:00:00,152.84,1.6,1.5,2.8,1.7,163.1
2019-01-15 19:00:00,191.05,1.7,1.7,2.4,2,207.9
2019-01-15 20:00:00,229.26,1.9,2,3.1,2.3,236.8
2019-01-15 21:00:00,267.47,2.1,2.7,3.8,3.3,240.1
2019-01-15 22:00:00,305.68,2.1,3.9,4.5,4.8,231
2019-01-15 23:00:00,343.89,2.1,5.1,5.6,6.4,218.7
2019-01-16 00:00:00,382.1,2,5.9,5.6,7.4,213.1
2019-01-16 01:00:00,420.31,2.2,6.4,5.9,8,214.8
2019-01-16 02:00:00,458.52,2.5,6.9,6.6,8.5,215.5
2019-01-16 03:00:00,496.73,3.1,6.8,6.7,8.3,221
2019-01-16 04:00:00,534.94,3.7,6,7.2,7.4,231
2019-01-16 05:00:00,573.15,3.5,5.2,7,6.6,238.1
2019-01-16 06:00:00,611.36,3.1,4.6,6.2,5.9,245.8
2019-01-16 07:00:00,3434.55,2.8,4.3,5.5,5.4,251.7
2019-01-16 08:00:00,1732.18,2.6,4,5.1,5,251
2019-01-16 09:00:00,1215.73,2.9,3.6,5.6,4.6,241.9
2019-01-16 10:00:00,1120.33,3.2,3.3,6.3,4.3,243.4
2019-01-16 11:00:00,2030.87,3.4,3,6.5,4,259.9
2019-01-16 12:00:00,3725.27,3.2,3.1,5.9,4.1,267.3
2019-01-16 13:00:00,1913.46,3.1,3.6,5.5,4.6,261.9
2019-01-16 14:00:00,1503.54,3.2,4.1,5.8,5,267.1
2019-01-16 15:00:00,1322.39,3.2,4.2,6.1,5.1,269.9
2019-01-16 16:00:00,397.44,2.9,4,5.7,4.7,265.1
2019-01-16 17:00:00,184.51,2.6,3.9,5.1,4.4,256.9
2019-01-16 18:00:00,2291.95,3,3.9,5.8,4.5,300.8
2019-01-16 19:00:00,1895.17,3.1,4.1,5.9,4.8,337.1
2019-01-16 20:00:00,2199.87,3,4.4,5.7,5.2,334.6
2019-01-16 21:00:00,1705.63,2.5,4.4,5.3,5.3,333.5
2019-01-16 22:00:00,279.38,1.9,4.2,4.9,5.2,332.1
2019-01-16 23:00:00,865.1,1.7,4,4.6,5.1,330.5
2019-01-17 00:00:00,857.93,1.2,3.9,3.9,5,332.8
2019-01-17 01:00:00,529.53,1.4,3.9,3.5,5,330.8
2019-01-17 02:00:00,426.04,1.4,3.9,2.9,5,322.9
2019-01-17 03:00:00,83.48,1.4,3.8,2.8,4.7,324.9
2019-01-17 04:00:00,354.33,1.4,3.5,2.8,4.3,318.4
2019-01-17 05:00:00,865.22,1.3,3.2,2.6,3.9,308.1
2019-01-17 06:00:00,136.31,1.5,2.7,2.4,3.3,306.8
2019-01-17 07:00:00,80.29,1.6,1.8,1.8,2.4,304
2019-01-17 08:00:00,369.33,1.5,1,1.4,1.5,317.3
2019-01-17 09:00:00,20.27,1.2,0.7,1.8,1.1,325.5
2019-01-17 10:00:00,0,0.9,0.8,1.6,1.3,313.8
2019-01-17 11:00:00,0,1.4,1,2.3,1.5,356.5
2019-01-17 12:00:00,5.84,2.1,1.3,3.7,1.8,344
2019-01-17 13:00:00,218.87,2.3,1.7,3.9,2.2,317.1
2019-01-17 14:00:00,8.43,2.8,2.1,4.4,2.5,325.3
2019-01-17 15:00:00,304.02,2.9,2.3,4.8,2.7,338.8
2019-01-17 16:00:00,49.91,2.1,2.4,4.1,2.8,339.6
2019-01-17 17:00:00,3.21,1.5,2.5,3.4,2.9,327.8
2019-01-17 18:00:00,0,1.5,2.2,2.8,2.6,324.2
2019-01-17 19:00:00,0,1.7,1.5,1.7,1.9,318.2
2019-01-17 20:00:00,0,1.8,0.9,1.3,1.1,300.4
2019-01-17 21:00:00,0,1.9,0.8,1.2,1,294.6
2019-01-17 22:00:00,0,2,1.3,0.9,1.5,257.4
2019-01-17 23:00:00,0,2.1,1.8,1,1.9,214
2019-01-18 00:00:00,0,1.9,2.2,2.2,2.3,201.5
2019-01-18 01:00:00,1.38,1.6,2.5,3.1,2.8,202.5
2019-01-18 02:00:00,359.06,1.3,2.8,3.3,3.2,211.6
2019-01-18 03:00:00,501.53,1.3,3.3,3.8,4,216.4
2019-01-18 04:00:00,741.63,1.5,4,4.4,5.1,225.3
2019-01-18 05:00:00,624.15,1.6,4.7,4.6,6.1,228.7
2019-01-18 06:00:00,1089.86,1.8,5.4,4.8,7,219.5
2019-01-18 07:00:00,1288.79,2.1,6,4.9,7.8,213
2019-01-18 08:00:00,1054.23,2.6,6.6,5.2,8.5,196.1
2019-01-18 09:00:00,523.78,2.9,7.1,5.7,8.9,180.8
2019-01-18 10:00:00,833.08,3,7.2,5.5,9,182.3
2019-01-18 11:00:00,1191.66,3.1,7.4,5.4,9,191.9
2019-01-18 12:00:00,948.18,3.3,7.2,5.8,8.7,200.8
2019-01-18 13:00:00,1060.63,3.4,6.6,6.1,8,208.5
2019-01-18 14:00:00,2509.29,3.5,6.1,6.2,7.3,218.9
2019-01-18 15:00:00,2311.15,3.6,5.6,6.4,6.7,223.7
2019-01-18 16:00:00,2652.43,3.5,5.3,6.4,6.4,224.6
2019-01-18 17:00:00,3767.24,3.4,4.9,6.4,6,225.4
2019-01-18 18:00:00,4289.99,3.2,5,6.2,6.2,234.6
2019-01-18 19:00:00,2532.14,2.9,5.6,5.8,6.9,245
2019-01-18 20:00:00,1359.52,2.9,6.1,5.5,7.6,245.4
2019-01-18 21:00:00,644.28,2.7,6.4,5.1,7.9,244.5
2019-01-18 22:00:00,450.45,2.3,6.4,4.2,7.8,239.9
2019-01-18 23:00:00,479.4,1.9,6.5,3.8,7.8,238.5
2019-01-19 00:00:00,297.2,1.9,6.5,4.3,7.8,230
2019-01-19 01:00:00,1407.78,2.2,6.6,5.1,7.9,220.5
2019-01-19 02:00:00,2009.02,2.5,6.6,5.4,8,217.4
2019-01-19 03:00:00,4038.53,3,6.6,6,8.1,215.9
2019-01-19 04:00:00,3649,3.4,6.5,6.6,8.1,217.6
2019-01-19 05:00:00,2671.39,3.5,6.5,6.9,8.1,215.8
2019-01-19 06:00:00,4686.87,3.6,6.9,7,8.6,196.5
2019-01-19 07:00:00,3938.39,3.9,7.7,7.1,9.5,180.6
2019-01-19 08:00:00,3995.41,4.8,8.5,8.5,10.4,190.8
2019-01-19 09:00:00,7415.88,5.3,8.9,9.4,10.9,200
2019-01-19 10:00:00,9638.09,4.7,9.1,8.7,11.1,205.3
2019-01-19 11:00:00,6394.58,3.8,9.3,7.3,11.2,198.7
2019-01-19 12:00:00,4032.41,2.9,8.8,5.9,10.7,198
2019-01-19 13:00:00,3286.99,1.7,7.7,4.5,9.5,205.1
2019-01-19 14:00:00,1784.48,1.3,6.6,4,8.3,160
2019-01-19 15:00:00,1521.56,1.7,5.6,3.9,7.1,124.4
2019-01-19 16:00:00,1640.13,1.2,4.8,2.2,6,118.3
2019-01-19 17:00:00,3811.76,2.3,3.9,4.4,4.8,19.5
2019-01-19 18:00:00,5539.03,4.2,4.1,8.3,5.1,11.1
2019-01-19 19:00:00,3918.38,4.5,5.5,8.3,6.7,6.8
2019-01-19 20:00:00,4846.93,4.7,6.8,8.8,8.3,1.8
2019-01-19 21:00:00,2547.59,4.5,7.4,8.7,9,359.2
2019-01-19 22:00:00,2585.22,4,7.3,7.7,8.8,353.7
2019-01-19 23:00:00,4728.91,4.2,7.2,8,8.6,347.9
2019-01-20 00:00:00,2529.13,3.2,6.9,6.9,8.2,341.6
2019-01-20 01:00:00,3854.88,2.3,6.3,6,7.6,334.6
2019-01-20 02:00:00,2724.88,2.3,5.8,6.1,7,328.9
2019-01-20 03:00:00,2784.16,2.6,5.5,6.3,6.7,325.7
2019-01-20 04:00:00,2701.82,3.1,5.4,6.6,6.7,328.4
2019-01-20 05:00:00,3091.31,3.5,5.4,6.8,6.7,335.8
2019-01-20 06:00:00,2042.08,3.4,5.4,6.8,6.8,335.1
2019-01-20 07:00:00,1496.73,3.2,5.6,6.5,7,329.5
2019-01-20 08:00:00,2791.98,3.4,5.8,6.6,7.1,330.7
2019-01-20 09:00:00,2995.19,3.5,6,6.7,7.3,332.9
2019-01-20 10:00:00,3056.07,3.6,6.1,7.1,7.5,338.6
2019-01-20 11:00:00,2533.9,4.1,6.2,7.8,7.6,340.3
2019-01-20 12:00:00,3604,4,6,7.2,7.3,339.6
2019-01-20 13:00:00,4299.3,3.4,5.4,6.3,6.5,342.6
2019-01-20 14:00:00,2705.06,3.4,4.8,6.2,5.8,342.2
2019-01-20 15:00:00,2833.61,3.2,4.5,6,5.4,343.2
2019-01-20 16:00:00,1962.13,3.1,4.5,6,5.5,343.5
2019-01-20 17:00:00,1515.36,3,4.5,6.2,5.6,345.4
2019-01-20 18:00:00,1813.26,2.9,4.7,6.2,5.7,347.7
2019-01-20 19:00:00,1022.49,2.7,4.9,5.9,6,344.3
2019-01-20 20:00:00,847.93,2.4,5.1,5.5,6.2,343.5
2019-01-20 21:00:00,1192.91,2.1,5.2,5.4,6.4,348.1
2019-01-20 22:00:00,566.51,2.1,5.3,5.3,6.5,349.7
2019-01-20 23:00:00,658.74,2.4,5.3,5.7,6.6,351.7
2019-01-21 00:00:00,813.43,2.2,5.2,5.4,6.4,352.1
2019-01-21 01:00:00,821.02,1.8,4.7,4.6,5.8,348.3
2019-01-21 02:00:00,781.38,1.4,4.2,4.3,5.3,349.6
2019-01-21 03:00:00,997.6,1.4,3.9,4.4,4.9,353.1
2019-01-21 04:00:00,519.71,1.5,3.8,4.6,4.8,353.4
2019-01-21 05:00:00,379.65,1.5,3.7,4.8,4.6,352.7
2019-01-21 06:00:00,303.62,1.2,3.5,4.2,4.5,357.3
2019-01-21 07:00:00,533.01,1,3.4,3.5,4.3,359.8
2019-01-21 08:00:00,519.06,1,3.2,3.4,4.1,355.4
2019-01-21 09:00:00,31.33,1.2,3,3.3,3.8,0.8
2019-01-21 10:00:00,249.56,1.6,2.6,3.1,3.3,1.9
2019-01-21 11:00:00,196.41,1.7,2.3,2.8,2.8,353.7
2019-01-21 12:00:00,27.26,2,2,3.2,2.4,346
2019-01-21 13:00:00,0,2.1,1.9,3.3,2.1,341.8
2019-01-21 14:00:00,87.1,1.6,1.7,2.7,1.9,344.3
2019-01-21 15:00:00,263.26,1.4,2,2.8,2.1,344.5
2019-01-21 16:00:00,18.61,2.1,2.7,4,2.9,338.4
2019-01-21 17:00:00,249.55,2.1,3.4,4.4,3.7,336.2
2019-01-21 18:00:00,69.83,1.5,3.5,3.6,3.9,322.8
2019-01-21 19:00:00,0,1.6,3,2.5,3.5,292.9
2019-01-21 20:00:00,0,1.6,2.6,1.9,3.1,264.9
2019-01-21 21:00:00,0.07,1.4,2.6,2.4,3.2,268
2019-01-21 22:00:00,401.63,1.5,3,3.6,3.8,274.5
2019-01-21 23:00:00,1596.37,1.6,3.4,4.2,4.4,277.2
2019-01-22 00:00:00,3042.35,2.3,3.9,5,5,284.9
2019-01-22 01:00:00,3564.36,2.9,4.3,5.6,5.6,282.9
2019-01-22 02:00:00,5710.55,3,4.7,5.9,6.2,279.7
2019-01-22 03:00:00,4748.76,3.4,5.2,6.5,6.9,275.7
2019-01-22 04:00:00,4177.52,3.5,5.9,6.4,7.6,261.4
2019-01-22 05:00:00,5041.75,3.5,6.5,6.4,8.3,259.6
2019-01-22 06:00:00,6408.92,3.6,6.7,6.7,8.5,264.3
2019-01-22 07:00:00,6690.21,3.7,6.5,7,8.1,266.1
2019-01-22 08:00:00,6032.8,4.6,6.3,8.8,7.8,288.7
2019-01-22 09:00:00,3618.21,5.6,6.2,10.6,7.6,312.9
2019-01-22 10:00:00,5245.97,5,6.2,9.5,7.5,326.2
2019-01-22 11:00:00,4783.78,4.2,6.3,8.3,7.5,318
2019-01-22 12:00:00,6183.28,4.2,6.2,8.1,7.4,305.4
2019-01-22 13:00:00,5781.26,4.5,6,8.6,7.2,300.5
2019-01-22 14:00:00,8610.85,4.6,5.9,8.8,7,299.4
2019-01-22 15:00:00,7550.5,4.7,6.2,8.8,7.4,299.9
2019-01-22 16:00:00,0,5.2,6.9,9.7,8.4,299.2
2019-01-22 17:00:00,0,5.7,7.7,10.7,9.4,300.5
2019-01-22 18:00:00,0,5.6,8.1,10.6,10,299.4
2019-01-22 19:00:00,0,5.5,8.3,10.4,10.2,298.1
2019-01-22 20:00:00,0,5.6,8.4,10.6,10.4,298.5
2019-01-22 21:00:00,0,5.6,8.7,10.6,10.7,296.9
2019-01-22 22:00:00,0,5.9,9,11,11.1,296.3
2019-01-22 23:00:00,0,6.3,9.4,11.7,11.6,299.1
2019-01-23 00:00:00,0,6.4,9.7,11.9,12,299.2
2019-01-23 01:00:00,0,6.4,10,12.1,12.3,298.9
2019-01-23 02:00:00,0,7,10.3,13.2,12.5,302.4
2019-01-23 03:00:00,0,7.4,10.5,13.8,12.8,306.3
2019-01-23 04:00:00,0,7.5,10.6,14,12.9,311
2019-01-23 05:00:00,0,7.7,10.8,14.3,13,314.6
2019-01-23 06:00:00,0,7.7,10.7,14.1,13,315.1
2019-01-23 07:00:00,2873.91,7.1,10.5,13.1,12.7,313.5
2019-01-23 08:00:00,12820.74,6.5,10.4,12.2,12.5,311.3
2019-01-23 09:00:00,3425.05,6.5,10.1,12,12.2,308.8
2019-01-23 10:00:00,8414.68,6.5,9.8,12.1,11.7,312.9
2019-01-23 11:00:00,7201.41,5.9,9.4,11.3,11.3,318.5
2019-01-23 12:00:00,9372.54,4.9,9,9.6,10.7,318.8
2019-01-23 13:00:00,4035.61,5.2,8.3,8.7,10,314.9
2019-01-23 14:00:00,6439.06,5.4,7.7,9.1,9.3,317.3
2019-01-23 15:00:00,7496.59,5.2,7.4,9.8,9,323.3
2019-01-23 16:00:00,7858.36,5.7,7.4,11,9,324.6
2019-01-23 17:00:00,7934.88,5.3,7.5,10.4,9.1,327.8
2019-01-23 18:00:00,5783.34,4.6,7.4,9.1,9.1,326.5
2019-01-23 19:00:00,6082.19,4.4,7.3,8.5,9,320.6
2019-01-23 20:00:00,8728.67,4.3,7.1,8.2,8.8,319.5
2019-01-23 21:00:00,8122.73,4.6,7,8.6,8.7,321.4
2019-01-23 22:00:00,5319.76,4.5,7,8.6,8.7,323.3
2019-01-23 23:00:00,6267.76,4.6,7,8.9,8.7,324
2019-01-24 00:00:00,8032.76,4.7,7,9,8.7,324.1
2019-01-24 01:00:00,8530.74,4.4,7,8.6,8.7,324
2019-01-24 02:00:00,7510.83,4.4,7.1,8.5,8.8,327.4
2019-01-24 03:00:00,5221.57,4.7,7.1,8.8,8.8,333.7
2019-01-24 04:00:00,5938.95,4.9,7.2,9.1,8.9,338.3
2019-01-24 05:00:00,4699.7,4.8,7.3,9.1,9,340.3
2019-01-24 06:00:00,6268.82,4.7,7.3,8.9,9,341.9
2019-01-24 07:00:00,3866.01,4.5,7.4,8.4,9.1,343
2019-01-24 08:00:00,4788.2,4.4,7.4,8.3,9.1,344.2
2019-01-24 09:00:00,3854.87,4.4,7.4,8.2,9,344.3
2019-01-24 10:00:00,4078.27,4.3,7.2,8.1,8.8,343.6
2019-01-24 11:00:00,5699.18,4.2,7,7.9,8.6,343.9
2019-01-24 12:00:00,5204.57,4,6.8,7.4,8.2,346.6
2019-01-24 13:00:00,3850.76,4.2,6.4,7.6,7.7,350.1
2019-01-24 14:00:00,3008.99,4.2,6,7.7,7.2,351.6
2019-01-24 15:00:00,2447.83,4.1,5.7,7.4,6.8,353.7
2019-01-24 16:00:00,2238.55,3.9,5.5,7.2,6.7,354.9
2019-01-24 17:00:00,1869.47,3.6,5.3,6.8,6.5,354.6
2019-01-24 18:00:00,749.71,3.3,5,6.2,6.2,357.9
2019-01-24 19:00:00,757.81,2.8,4.6,5.4,5.8,3.5
2019-01-24 20:00:00,207.34,2.1,4.2,4.4,5.4,2.9
2019-01-24 21:00:00,0.4,1.9,4,4.2,5.2,355.7
2019-01-24 22:00:00,265.46,2.2,4,4.7,5.1,351.9
2019-01-24 23:00:00,432.97,2.6,3.9,5.2,5.1,357.1
2019-01-25 00:00:00,0.01,2.6,3.6,5.1,4.7,3.8
2019-01-25 01:00:00,0,1.9,3.1,4,3.9,7
2019-01-25 02:00:00,66.85,1.2,2.5,3,3.2,5.6
2019-01-25 03:00:00,45.79,1,2.2,2.6,2.8,355.5
2019-01-25 04:00:00,56.45,1.1,2.1,2.7,2.7,353.5
2019-01-25 05:00:00,338.11,1.4,1.9,3.2,2.7,9.5
2019-01-25 06:00:00,684.34,1.5,1.9,3.3,2.6,24.3
2019-01-25 07:00:00,798.85,1.6,1.8,3.5,2.5,27.6
2019-01-25 08:00:00,1092.69,1.9,1.8,4,2.4,20.9
2019-01-25 09:00:00,265.14,2,1.8,4,2.4,18.8
2019-01-25 10:00:00,349.97,2.2,1.8,3.8,2.4,31.3
2019-01-25 11:00:00,661.49,2.4,1.9,3.9,2.4,38.5
2019-01-25 12:00:00,646.28,2.2,2.3,3.6,2.7,37.9
2019-01-25 13:00:00,622.38,2.5,2.8,4,3.3,38.4
2019-01-25 14:00:00,360.4,2.8,3.4,4.7,3.8,41
2019-01-25 15:00:00,894.39,2.7,3.9,4.5,4.3,44.2
2019-01-25 16:00:00,1301.57,2.7,4.2,4.5,4.6,40.5
2019-01-25 17:00:00,1606.08,2.7,4.5,4.5,5,38.3
2019-01-25 18:00:00,1755.12,2.2,4.5,4.3,5,55.8
2019-01-25 19:00:00,2560.11,1.8,4.1,4,4.7,74.4
2019-01-25 20:00:00,2903.01,2,3.8,4.1,4.4,77.8
2019-01-25 21:00:00,2656.27,2.1,3.4,4.1,4,84.5
2019-01-25 22:00:00,2211.39,2.1,3,3.8,3.5,91.5
2019-01-25 23:00:00,2456.12,2,2.7,3.1,3,101.6
2019-01-26 00:00:00,1333.9,1.7,2.3,2.8,2.6,117
2019-01-26 01:00:00,824.02,1.8,2.1,3.1,2.3,124.1
2019-01-26 02:00:00,550.65,2.2,1.8,3.4,2,127.6
2019-01-26 03:00:00,1545.64,2.5,1.7,4.1,1.8,129.5
2019-01-26 04:00:00,3499.35,2.4,1.6,4.1,1.8,129.4
2019-01-26 05:00:00,2537.72,2.3,1.6,3.9,1.7,128.9
2019-01-26 06:00:00,655.84,2.1,1.6,3.7,1.7,134
2019-01-26 07:00:00,0,1.9,1.8,3.4,1.7,139.6
2019-01-26 08:00:00,0.13,2,2,3.3,1.6,139.8
2019-01-26 09:00:00,642.74,2,1.9,3.2,1.6,142.7
2019-01-26 10:00:00,436.67,1.8,1.6,3,1.7,152.2
2019-01-26 11:00:00,0,1,1.2,2.1,1.7,162.7
2019-01-26 12:00:00,0.06,1.1,1.4,1.8,2.1,222.3
2019-01-26 13:00:00,23.31,2.2,2.2,3.2,2.8,264.8
2019-01-26 14:00:00,556.07,2.8,3,4.5,3.5,262.8
2019-01-26 15:00:00,1008.41,3.1,3.8,5,4.4,261.2
2019-01-26 16:00:00,1256.19,3.5,4.7,5.7,5.4,273
2019-01-26 17:00:00,3682.61,4,5.6,7,6.5,279.4
2019-01-26 18:00:00,3331.69,4.1,6.2,7.3,7.3,272.7
2019-01-26 19:00:00,5456.85,3.8,6.6,7,8,261.3
2019-01-26 20:00:00,6693.8,3.9,7,7.1,8.6,252
2019-01-26 21:00:00,6206.94,3.9,7.2,7.4,8.9,243.1
2019-01-26 22:00:00,8741.49,4.4,7.2,8.2,8.9,256.6
2019-01-26 23:00:00,10888.03,5.2,7.2,9.5,8.9,283.2
2019-01-27 00:00:00,9736.12,5.2,7.3,9.8,9,296.5
2019-01-27 01:00:00,9766.1,4.6,7.6,9,9.3,295.6
2019-01-27 02:00:00,10074.92,4.1,7.9,8.3,9.6,293.5
2019-01-27 03:00:00,6200.41,4.4,8,8.8,9.6,296.2
2019-01-27 04:00:00,8682.13,4.7,7.9,9.1,9.5,298.7
2019-01-27 05:00:00,9512.55,4.7,7.8,9.1,9.4,301.4
2019-01-27 06:00:00,6550.92,4.8,7.7,9.3,9.4,303.7
2019-01-27 07:00:00,8060.77,4.3,7.7,8.7,9.3,305.4
2019-01-27 08:00:00,4241.74,4.1,7.6,8.2,9.3,311.3
2019-01-27 09:00:00,5826.27,4.3,7.4,8.3,9,319.6
2019-01-27 10:00:00,7687.21,4.5,6.9,8.6,8.4,324.7
2019-01-27 11:00:00,7701.53,4.8,6.4,8.9,7.8,324.4
2019-01-27 12:00:00,5879.82,5,6.1,9,7.3,323.9
2019-01-27 13:00:00,6619.77,4.8,5.8,8.5,6.9,322.2
2019-01-27 14:00:00,5312.22,4.5,5.6,7.9,6.5,315.2
2019-01-27 15:00:00,5698.04,4.5,5.7,7.9,6.6,310
2019-01-27 16:00:00,6379.89,4.3,6.1,7.7,7.2,309.1
2019-01-27 17:00:00,3894.54,3.5,6.6,6.7,7.7,304.6
2019-01-27 18:00:00,4316.76,3,6.8,6.3,8.1,297.4
2019-01-27 19:00:00,5757.34,2.9,6.9,6.3,8.3,291.6
2019-01-27 20:00:00,5990.42,3.1,7,6.5,8.5,286
2019-01-27 21:00:00,8206.59,3.9,7.2,7.5,8.8,285.9
2019-01-27 22:00:00,11914.14,4.7,7.4,8.9,9.1,289.2
2019-01-27 23:00:00,11629.81,5.2,7.7,9.8,9.5,292.2
2019-01-28 00:00:00,12169.49,5.5,7.8,10.3,9.7,290.5
2019-01-28 01:00:00,11417.39,5.7,7.9,10.5,9.7,286.9
2019-01-28 02:00:00,10999.21,5.8,7.9,10.5,9.8,286.5
2019-01-28 03:00:00,10781.2,5.8,7.9,10.5,9.8,289
2019-01-28 04:00:00,11764.89,5.7,7.9,10.8,9.8,296.2
2019-01-28 05:00:00,11677.88,5.5,7.9,10.2,9.7,294
2019-01-28 06:00:00,10726.04,5.3,7.7,9.7,9.4,289.9
2019-01-28 07:00:00,9514.39,5.3,7.4,9.6,9,296.3
2019-01-28 08:00:00,6858.44,4.8,7,8.8,8.5,303.8
2019-01-28 09:00:00,6520.92,4.4,6.7,8.2,8,309.8
2019-01-28 10:00:00,7038.56,4.2,6.3,7.7,7.6,313.7
2019-01-28 11:00:00,5042.62,4.1,6,7.4,7.2,315.5
2019-01-28 12:00:00,5037.47,4.3,5.6,7.6,6.7,314.1
2019-01-28 13:00:00,4915.76,4.1,5.3,7.4,6.2,315
2019-01-28 14:00:00,4282.83,3.8,4.9,6.8,5.7,318.1
2019-01-28 15:00:00,2659.76,3.5,4.6,6.4,5.4,316.9
2019-01-28 16:00:00,2354.89,2.9,4.4,5.4,5.1,314.8
2019-01-28 17:00:00,1013.24,2.2,4.2,4.2,4.9,313.3
2019-01-28 18:00:00,575.49,1.8,3.9,3.7,4.6,302.6
2019-01-28 19:00:00,295.81,1.6,3.5,3.6,4.1,285
2019-01-28 20:00:00,664.11,1.7,3,3.8,3.7,272.3
2019-01-28 21:00:00,1890.53,2,3.2,4.1,4,264.1
2019-01-28 22:00:00,1951.56,2.4,3.9,4.4,5,254.8
2019-01-28 23:00:00,4627.59,2.8,4.7,5.1,6,245.2
2019-01-29 00:00:00,6649.41,3.2,5.5,5.9,7,236.9
2019-01-29 01:00:00,6914.18,3.6,6.5,6.7,8.1,233.6
2019-01-29 02:00:00,6087.27,4.2,7.4,7.9,9.1,229.4
2019-01-29 03:00:00,6569.48,5.1,8.2,9.4,10.1,231.6
2019-01-29 04:00:00,11727.08,6.2,8.9,11.3,11,240.9
2019-01-29 05:00:00,14383.83,6.7,9.6,12.5,11.9,253.6
2019-01-29 06:00:00,14507.09,6.6,10.6,12.4,13,256.8
2019-01-29 07:00:00,13824.17,6.6,11.7,12,14.2,247.1
2019-01-29 08:00:00,13882.39,7.2,12.8,12.8,15.5,243.5
2019-01-29 09:00:00,13799.17,8.2,12.8,14.7,15.5,255.6
2019-01-29 10:00:00,14148.1,9.1,11.7,16,14.1,281.2
2019-01-29 11:00:00,13176.66,8.2,10.6,14.4,12.7,300.9
2019-01-29 12:00:00,12617.57,6.5,9.8,11.9,11.7,305.6
2019-01-29 13:00:00,11736.6,6,9.2,11,10.9,305.6
2019-01-29 14:00:00,10034.97,5.8,8.7,10.6,10.2,308.5
2019-01-29 15:00:00,8854.63,5.5,8.1,10.2,9.5,308.6
2019-01-29 16:00:00,7688.73,5.2,7.4,9.6,8.8,308.5
2019-01-29 17:00:00,7759.05,4.8,6.8,9,8.1,309.9
2019-01-29 18:00:00,6568.82,3.9,6.5,7.8,7.7,306.1
2019-01-29 19:00:00,4754.57,3,6.4,6.6,7.7,300
2019-01-29 20:00:00,3777.73,2.5,6.3,5.8,7.6,297.9
2019-01-29 21:00:00,4915.06,2.2,6.2,5.6,7.6,295.9
2019-01-29 22:00:00,2912.52,1.9,6.3,5.6,7.6,290.5
2019-01-29 23:00:00,2096.62,1.7,6.3,4.9,7.7,282
2019-01-30 00:00:00,2796.75,1.7,6.1,4.7,7.5,271.1
2019-01-30 01:00:00,2321.67,1.7,5.8,4.8,7.1,262.6
2019-01-30 02:00:00,2377.4,1.6,5.4,4.5,6.7,248.1
2019-01-30 03:00:00,2449.05,1.7,5.4,4.2,6.6,235.7
2019-01-30 04:00:00,1999.95,2,5.6,3.9,6.9,230.8
2019-01-30 05:00:00,3791.56,2.7,5.8,5.2,7.2,238.3
2019-01-30 06:00:00,5894.75,3.2,6.1,6.5,7.7,237.8
2019-01-30 07:00:00,7934.27,3.4,6.6,6.7,8.2,228.3
2019-01-30 08:00:00,8240.48,3.5,7.1,6.9,8.8,216.9
2019-01-30 09:00:00,6021.6,3.9,7.5,7.4,9.2,208
2019-01-30 10:00:00,5760.37,4.5,7.9,8.5,9.7,206.6
2019-01-30 11:00:00,6140.71,4.9,8.3,9,10.1,202.4
2019-01-30 12:00:00,7285.16,5.5,8.7,9.9,10.6,201.7
2019-01-30 13:00:00,9355.65,5.9,9.2,11,11.2,204.9
2019-01-30 14:00:00,8429.2,5.8,9.8,10.9,11.8,205.8
2019-01-30 15:00:00,10566.51,5.5,9.9,10.5,12,208.2
2019-01-30 16:00:00,12303.22,5,9.7,9.9,11.8,216.4
2019-01-30 17:00:00,12087.42,5.3,9.5,10.3,11.7,238.9
2019-01-30 18:00:00,11748.86,5.5,9.3,10.5,11.4,256.7
2019-01-30 19:00:00,9561.52,4.7,9,9.2,11.1,258.2
2019-01-30 20:00:00,12609.06,5,8.8,9.7,10.7,258.9
2019-01-30 21:00:00,13654.93,6,9,11.3,11,264.5
2019-01-30 22:00:00,13531.28,6.4,9.6,12.1,11.8,267.9
2019-01-30 23:00:00,13572.75,6.6,10.3,12.4,12.6,268.9
2019-01-31 00:00:00,13521.74,6.1,10.4,11.5,12.8,266.4
2019-01-31 01:00:00,13216.6,5.6,10.1,10.7,12.4,260.6
2019-01-31 02:00:00,12688.23,5.9,9.8,11.3,12.1,257.5
2019-01-31 03:00:00,12442.47,6.2,9.8,11.8,12,257.5
2019-01-31 04:00:00,13503.46,6.7,9.9,12.5,12.1,262.1
2019-01-31 05:00:00,13636.7,7.2,10.1,13.2,12.3,263.9
2019-01-31 06:00:00,13832.21,7,10.2,12.9,12.4,260.6
2019-01-31 07:00:00,12897.65,6.8,10.3,12.4,12.4,257
2019-01-31 08:00:00,13220.81,5.9,10.3,11,12.5,252
2019-01-31 09:00:00,13063.36,4.9,10.2,9.7,12.4,254.5
2019-01-31 10:00:00,13624.6,4.5,9.9,9.5,12,266.5
2019-01-31 11:00:00,11994.52,5,9.5,10.4,11.6,273.7
2019-01-31 12:00:00,14136.85,6,9.5,11.4,11.6,271
2019-01-31 13:00:00,14129.8,6.5,9.7,11.7,11.8,262.2
2019-01-31 14:00:00,14142.41,6.4,10,11.7,12,256.1
2019-01-31 15:00:00,14619.87,6.5,10,12.1,12,254.3
2019-01-31 16:00:00,14215.45,7,9.9,13,11.8,261.9
2019-01-31 17:00:00,13979.96,6.9,9.8,12.6,11.7,265
2019-01-31 18:00:00,13546.9,6.5,9.8,11.8,11.7,255.8
2019-01-31 19:00:00,13196.77,6.6,9.9,12.1,11.8,248.8
2019-01-31 20:00:00,14626.5,6.5,10,12,12,242.8
2019-01-31 21:00:00,13313.13,6.5,10.3,11.8,12.3,240.3
2019-01-31 22:00:00,12896.41,6.2,10.6,11.1,12.8,242.9
2019-01-31 23:00:00,12488.26,6.2,11,11.4,13.3,249.1
2019-02-01 00:00:00,11962.21,6.4,11.2,12,13.5,242
2019-02-01 01:00:00,14811.81,6.4,11.1,12.1,13.4,228.2
2019-02-01 02:00:00,14721.71,6.8,11.1,12.8,13.3,225.7
2019-02-01 03:00:00,12896.21,8,10.1,14.8,12.2,244.2
2019-02-01 04:00:00,13327.85,7.4,8.2,13.1,10,255.9
2019-02-01 05:00:00,12056.78,5.6,6.3,9.7,7.8,234.9
2019-02-01 06:00:00,9115.74,5,6,8.8,7.5,217.8
2019-02-01 07:00:00,12672.61,5.9,7.3,10.8,9,227.4
2019-02-01 08:00:00,14242.21,7.6,8.6,13.7,10.5,247.5
2019-02-01 09:00:00,9024.98,7.2,9.1,13,11,269.6
2019-02-01 10:00:00,7417.49,7.1,8.7,13.1,10.6,278.4
2019-02-01 11:00:00,5620.3,7.8,8.4,13.9,10.2,283.3
2019-02-01 12:00:00,9979.51,6.5,8.7,11.5,10.6,285
2019-02-01 13:00:00,9086.28,5.7,9.7,10.4,11.8,292.2
2019-02-01 14:00:00,13227.19,7.1,10.8,12.9,13,306.2
2019-02-01 15:00:00,14039.01,7.5,11.5,14.2,13.8,311
2019-02-01 16:00:00,13953.66,7,11.9,14.1,14.4,327.5
2019-02-01 17:00:00,12198.32,7.2,12.3,14,14.9,332.6
2019-02-01 18:00:00,13146.19,7.1,12.3,13,15,322.9
2019-02-01 19:00:00,12790.11,7,12.1,12.9,14.6,324.6
2019-02-01 20:00:00,11338.57,7.3,11.8,13.6,14.2,325.6
2019-02-01 21:00:00,10357.62,6.7,11.4,12.5,13.7,325.5
2019-02-01 22:00:00,9445.84,6.4,11,12.6,13.1,329.9
2019-02-01 23:00:00,7807.98,6.7,10.5,13.6,12.6,333.5
2019-02-02 00:00:00,6840.53,6.3,9.9,12.4,11.9,332.4
2019-02-02 01:00:00,5354.24,5.8,9.1,11,11,331.9
2019-02-02 02:00:00,5677.95,5.5,8.4,10.3,10.2,335.4
2019-02-02 03:00:00,5452.15,5,8.1,9.3,9.9,334.2
2019-02-02 04:00:00,4317.61,5.1,8.4,9.4,10.2,332.8
2019-02-02 05:00:00,4918.2,5.7,8.6,10.2,10.5,333.8
2019-02-02 06:00:00,3515.22,4.1,8.5,8.6,10.4,333.2
2019-02-02 07:00:00,2599.93,2.3,8,7.1,9.8,334.5
2019-02-02 08:00:00,1677.5,2.2,7.6,6.7,9.2,335.7
2019-02-02 09:00:00,4088.24,2.1,7.1,5.5,8.6,333.1
2019-02-02 10:00:00,4463.17,2.5,6.5,4.8,7.9,329
2019-02-02 11:00:00,928.62,3.8,6,6.9,7.3,328.6
2019-02-02 12:00:00,2798.74,4.4,5.8,8.2,7,325.7
2019-02-02 13:00:00,4601.49,4.2,6,7.6,7.2,323.1
2019-02-02 14:00:00,5807.58,4.2,6.1,7.6,7.4,319.7
2019-02-02 15:00:00,5329.17,4.1,6.2,7.5,7.5,316.1
2019-02-02 16:00:00,6773.44,4.1,6.3,7.6,7.5,316
2019-02-02 17:00:00,3993.59,3.8,6.3,7.6,7.6,316.3
2019-02-02 18:00:00,4324.39,3.1,6.1,6.8,7.3,325.3
2019-02-02 19:00:00,1697.67,1.8,5.5,5,6.7,341.1
2019-02-02 20:00:00,917.54,1.1,4.9,3.7,6.1,356.6
2019-02-02 21:00:00,317.79,1.4,4.4,3.5,5.5,2.2
2019-02-02 22:00:00,198.31,1.5,4,3.3,5,359.9
2019-02-02 23:00:00,79.58,1.7,3.6,2.7,4.5,350.3
2019-02-03 00:00:00,0,1.8,3.1,2.2,3.8,345.7
2019-02-03 01:00:00,0,1.6,2.4,2.1,3,7.6
2019-02-03 02:00:00,0.06,1.9,1.6,1.7,2.2,9.1
2019-02-03 03:00:00,0,2.2,1.3,1.3,1.7,337.9
2019-02-03 04:00:00,0,2.2,1.4,1.4,1.4,334.6
2019-02-03 05:00:00,0,2.2,1.5,1.2,1.2,356.7
2019-02-03 06:00:00,0,2.1,1.6,0.8,1.2,38.3
2019-02-03 07:00:00,0,2,1.9,1.3,1.5,153.4
2019-02-03 08:00:00,0,1.7,2.1,2.1,1.8,169.1
2019-02-03 09:00:00,0,1.3,2.1,2,1.9,170.7
2019-02-03 10:00:00,0,1.3,1.9,2.1,2,159.3
2019-02-03 11:00:00,0,1.8,1.6,2.7,2.1,149.5
2019-02-03 12:00:00,0.01,2.4,1.5,3.8,2.1,149.3
2019-02-03 13:00:00,0,2.5,1.6,4.2,2,152.6
2019-02-03 14:00:00,0.31,2.2,1.6,3.7,2,163.5
2019-02-03 15:00:00,0,2.1,1.9,3.5,2.3,175.8
2019-02-03 16:00:00,0,1.8,2.5,3.6,2.9,176.1
2019-02-03 17:00:00,30.05,1.5,3,3.7,3.5,172.3
2019-02-03 18:00:00,325.78,1.4,3.5,3.5,4.1,178.4
2019-02-03 19:00:00,1115.35,1.5,4,3.7,4.7,180.1
2019-02-03 20:00:00,1489.77,1.5,4.5,4.4,5.3,172.8
2019-02-03 21:00:00,1295.42,1.5,5,4.5,6.1,178.5
2019-02-03 22:00:00,1129.37,1.6,5.7,4.4,7.1,188.6
2019-02-03 23:00:00,2002.23,1.9,6.4,4.8,8.1,189.6
2019-02-04 00:00:00,3838.09,2.2,6.9,5.6,8.7,196.6
2019-02-04 01:00:00,4854.48,2.4,7.1,5.8,9,200
2019-02-04 02:00:00,4471.71,2.7,7.4,5.9,9.3,196.9
2019-02-04 03:00:00,4583.16,3,7.6,6.1,9.5,191.5
2019-02-04 04:00:00,1791.09,2.9,7.7,5.7,9.6,186.1
2019-02-04 05:00:00,3151.69,3,7.8,5.4,9.6,189.2
2019-02-04 06:00:00,4388.6,3.1,7.8,5.8,9.6,188.6
2019-02-04 07:00:00,2416.1,3.1,7.7,5.9,9.5,186.4
2019-02-04 08:00:00,2758.17,3,7.6,5.5,9.4,192.6
2019-02-04 09:00:00,2426.96,3.4,7.3,6,9.1,199.6
2019-02-04 10:00:00,1676.03,4,7,6.6,8.6,202.9
2019-02-04 11:00:00,2327.48,4.2,6.6,6.9,8.1,207.8
2019-02-04 12:00:00,3356.72,4.1,6.4,7,7.8,212.7
2019-02-04 13:00:00,4656.75,4.2,6.4,7.2,7.7,214.4
2019-02-04 14:00:00,5662.42,4.2,6.4,7.3,7.5,215.8
2019-02-04 15:00:00,5086.84,3.9,6.5,7,7.6,220.9
2019-02-04 16:00:00,4150.04,3.9,6.6,7.1,7.8,225.8
2019-02-04 17:00:00,3479.02,4.1,6.7,7.4,8.1,225.8
2019-02-04 18:00:00,3293.42,4,6.7,7.3,8.1,225.9
2019-02-04 19:00:00,4084.9,3.8,6.5,7,7.9,227
2019-02-04 20:00:00,3810.8,3.7,6.3,6.9,7.8,227.2
2019-02-04 21:00:00,2680.01,3.4,6.2,6.4,7.7,224.9
2019-02-04 22:00:00,1633.17,3.1,6.1,6,7.6,219.7
2019-02-04 23:00:00,186.7,3,6,5.9,7.4,216.8
2019-02-05 00:00:00,1138.11,2.9,5.9,5.8,7.4,213.2
2019-02-05 01:00:00,1175.32,2.8,5.8,5.6,7.3,210
2019-02-05 02:00:00,1423.89,2.6,5.7,5.3,7.2,209.9
2019-02-05 03:00:00,898.17,2.3,5.7,4.9,7.2,208.1
2019-02-05 04:00:00,1375.74,2.1,5.7,4.7,7.2,206.9
2019-02-05 05:00:00,1464.6,2.1,5.7,4.8,7.3,206.1
2019-02-05 06:00:00,574.32,2.3,5.7,5,7.3,202.8
2019-02-05 07:00:00,647.09,2.4,5.6,5.2,7.2,201.9
2019-02-05 08:00:00,465.18,2.3,5.5,5.2,7.1,201.3
2019-02-05 09:00:00,777.96,2.5,5.3,4.8,6.8,205.1
2019-02-05 10:00:00,1047.3,3,5.1,5,6.4,219.1
2019-02-05 11:00:00,1599.51,3.2,4.9,5.5,5.9,227.8
2019-02-05 12:00:00,1529.72,3.3,4.7,5.7,5.6,229.8
2019-02-05 13:00:00,1120.99,3.4,4.5,5.9,5.3,228.5
2019-02-05 14:00:00,1120.62,3.4,4.3,6,5,225.3
2019-02-05 15:00:00,956.91,3.2,4.2,5.6,4.9,220.6
2019-02-05 16:00:00,852.47,2.6,4.3,4.9,4.9,218.4
2019-02-05 17:00:00,1266.45,2,4.3,4.4,5,215.8
2019-02-05 18:00:00,1430.1,1.7,4.3,4.5,5.1,217.8
2019-02-05 19:00:00,576.26,1.6,4.3,4.6,5.1,228.4
2019-02-05 20:00:00,476.66,1.7,4.2,4.7,5.1,234.6
2019-02-05 21:00:00,665.69,1.7,4.1,4.7,5,233.5
2019-02-05 22:00:00,1134.23,1.6,3.8,4.5,4.7,236.1
2019-02-05 23:00:00,679.7,1.6,3.6,4.4,4.4,241
2019-02-06 00:00:00,210.15,1.7,3.4,4.3,4.3,232.1
2019-02-06 01:00:00,823.26,1.6,3.4,4.2,4.2,222.6
2019-02-06 02:00:00,257.22,1.6,3.4,4,4.2,220.2
2019-02-06 03:00:00,139.95,1.6,3.5,3.7,4.2,210.7
2019-02-06 04:00:00,407.14,1.7,3.6,4,4.3,190.5
2019-02-06 05:00:00,26.92,1.8,3.7,4.8,4.4,172.3
2019-02-06 06:00:00,519.61,1.8,3.9,4.8,4.7,175.2
2019-02-06 07:00:00,1548.51,1.6,4.2,4.5,5.1,191.4
2019-02-06 08:00:00,1716.49,1.5,4.4,4.7,5.5,200.3
2019-02-06 09:00:00,2763.81,2,4.7,4.8,5.8,204.4
2019-02-06 10:00:00,3203.5,3.2,5,5.2,6.2,209.9
2019-02-06 11:00:00,4478.16,4.3,5.2,6.9,6.5,217.6
2019-02-06 12:00:00,7000.06,4.8,5.7,8.3,7,223.8
2019-02-06 13:00:00,8538.31,5.1,6.3,8.7,7.6,225.5
2019-02-06 14:00:00,6833.49,5,7,8.8,8.2,222.1
2019-02-06 15:00:00,6392.19,4.7,7.5,8.4,8.7,219
2019-02-06 16:00:00,6163.46,4.4,7.7,8,9.1,217.5
2019-02-06 17:00:00,4973.01,4,8,7.6,9.4,217.7
2019-02-06 18:00:00,5575.66,4.2,7.9,8,9.5,218.8
2019-02-06 19:00:00,4357.54,4.6,7.6,8.5,9.2,221.1
2019-02-06 20:00:00,4777.35,4.7,7.3,8.6,8.9,223.6
2019-02-06 21:00:00,3881.25,4.6,6.9,8.5,8.5,223.3
2019-02-06 22:00:00,2351.51,4.4,6.4,8,7.9,240.5
2019-02-06 23:00:00,1558.7,3.6,6,6.9,7.4,260.8
2019-02-07 00:00:00,3584.23,3,5.7,6.1,7.1,257.1
2019-02-07 01:00:00,3052.91,2.7,5.7,5.9,7.1,242.5
2019-02-07 02:00:00,3094.2,2.9,5.7,6.1,7,234.5
2019-02-07 03:00:00,4190.4,3.3,5.2,6.5,6.5,233.1
2019-02-07 04:00:00,3118.2,3.5,4.5,6.9,5.6,238.2
2019-02-07 05:00:00,2485.15,3.3,3.7,6.2,4.6,257.5
2019-02-07 06:00:00,2656.23,2.1,3.1,4.4,3.9,278.6
2019-02-07 07:00:00,898.67,1.3,2.7,3.3,3.4,284
2019-02-07 08:00:00,104.01,1.1,2.2,2.9,2.9,276.7
2019-02-07 09:00:00,15.18,1.5,2.1,3.2,2.7,272.4
2019-02-07 10:00:00,635.89,2.2,2.2,3.6,2.7,274.2
2019-02-07 11:00:00,943.04,2.7,2.3,4.3,2.8,274.2
2019-02-07 12:00:00,313.11,2.7,2.4,4.5,2.9,272
2019-02-07 13:00:00,18.75,2.5,2.5,4,3,263.2
2019-02-07 14:00:00,17.45,2.4,2.7,4.1,3.2,248.8
2019-02-07 15:00:00,55.43,2.4,3,4.3,3.5,243.4
2019-02-07 16:00:00,147.89,2.4,3.4,4,3.9,252
2019-02-07 17:00:00,65.94,2.1,3.8,3.6,4.4,271.9
2019-02-07 18:00:00,4.08,1.3,4.1,2.8,4.8,284.6
2019-02-07 19:00:00,618.43,1.1,4.3,2.2,5.1,263.4
2019-02-07 20:00:00,272.04,1.7,4.5,2.9,5.5,226.9
2019-02-07 21:00:00,1462.16,2,5,4.5,6.1,216.4
2019-02-07 22:00:00,1979.32,2.3,5.6,5.9,7.1,214.6
2019-02-07 23:00:00,2895.16,2.9,6.3,6.3,8,215.7
2019-02-08 00:00:00,4394.26,2.9,6.8,6.2,8.6,211.3
2019-02-08 01:00:00,3293.51,3,7.1,6.5,9,209.2
2019-02-08 02:00:00,3168.73,3.7,7.4,7.2,9.4,218.7
2019-02-08 03:00:00,5284.93,4.1,7.7,7.9,9.8,226.3
2019-02-08 04:00:00,7212.32,4.6,8.1,8.6,10.2,227.9
2019-02-08 05:00:00,9249.06,5,8.5,9.4,10.7,224.3
2019-02-08 06:00:00,7622.78,4.9,8.9,9.1,11,218.5
2019-02-08 07:00:00,7183.02,4.6,9.1,8.6,11.2,212.9
2019-02-08 08:00:00,9795.74,5.1,9.4,9.5,11.4,208.5
2019-02-08 09:00:00,8149.32,5.3,9.6,9.8,11.6,206.5
2019-02-08 10:00:00,7738.05,5.9,9.7,10.6,11.7,205.7
2019-02-08 11:00:00,8995.75,6.3,9.9,11.4,11.7,207.7
2019-02-08 12:00:00,9360.37,6.2,10,11.1,11.9,212.7
2019-02-08 13:00:00,11623.55,6.3,10.2,11.2,12.1,216.8
2019-02-08 14:00:00,12531.71,6.8,10.3,11.8,12.4,220.2
2019-02-08 15:00:00,11445.12,6.9,10.3,12.1,12.5,223.3
2019-02-08 16:00:00,10886.09,6.7,10.3,11.9,12.5,226.9
2019-02-08 17:00:00,12154.49,6.5,10.2,11.7,12.4,230.1
2019-02-08 18:00:00,12569.91,6.1,10.1,11.1,12.3,233
2019-02-08 19:00:00,12183.82,5.7,9.8,10.4,12.1,231.2
2019-02-08 20:00:00,11316.39,5.5,9.6,10,11.8,228.7
2019-02-08 21:00:00,10075.51,5.3,9.3,9.9,11.4,229.7
2019-02-08 22:00:00,9604.53,5.3,8.9,9.9,10.9,228
2019-02-08 23:00:00,8083.27,5.4,8.5,10,10.4,224
2019-02-09 00:00:00,9323.22,5.4,8.4,10,10.3,222.1
2019-02-09 01:00:00,7958.41,5.3,8.6,9.8,10.5,220.9
2019-02-09 02:00:00,7847.43,5.1,8.7,9.2,10.7,218.8
2019-02-09 03:00:00,7650.45,5,8.7,9,10.8,215.8
2019-02-09 04:00:00,7090.14,5.2,8.6,9.4,10.7,211.9
2019-02-09 05:00:00,8140.47,5.3,8.5,9.9,10.5,209.3
2019-02-09 06:00:00,7587.96,5.2,8.5,9.7,10.6,205.6
2019-02-09 07:00:00,6897.39,5,8.7,9.4,10.8,201.2
2019-02-09 08:00:00,4870.86,5.2,8.8,9.5,10.9,199.9
2019-02-09 09:00:00,5583.75,5.5,9.1,10,11.2,202
2019-02-09 10:00:00,5736.45,6,9.4,10.9,11.4,206.1
2019-02-09 11:00:00,10500.27,6.3,9.8,11.4,11.7,208.1
2019-02-09 12:00:00,10088.05,6.5,10.2,11.6,12.2,208.2
2019-02-09 13:00:00,12524.3,6.4,10.8,11.4,12.8,208.2
2019-02-09 14:00:00,11054.93,6.8,11.4,11.8,13.5,209.8
2019-02-09 15:00:00,11837.18,7.1,11.7,12.4,13.9,211.9
2019-02-09 16:00:00,12439.73,7.1,11.9,12.5,14.1,213.8
2019-02-09 17:00:00,11653.22,7.3,12,12.9,14.3,212
2019-02-09 18:00:00,13686.93,7.2,12,13,14.4,211.4
2019-02-09 19:00:00,14922.83,7.5,11.9,13.5,14.4,217.2
2019-02-09 20:00:00,14931.81,7.9,11.8,14.2,14.3,219.2
2019-02-09 21:00:00,14554.17,7.9,11.9,14.4,14.5,217.7
2019-02-09 22:00:00,14583.04,8.1,12.2,14.8,14.8,219.8
2019-02-09 23:00:00,14611.24,8.6,12.5,15.7,15.2,220.7
2019-02-10 00:00:00,14697.51,8.6,13.1,15.6,15.8,221.1
2019-02-10 01:00:00,13104.8,8.4,13.8,15.2,16.6,223.5
2019-02-10 02:00:00,12517.51,8.7,14.5,15.8,17.5,221.4
2019-02-10 03:00:00,13313.1,9.1,14.4,16.5,17.3,220.4
2019-02-10 04:00:00,13232.87,8.8,13.6,16.3,16.2,224.3
2019-02-10 05:00:00,11283.58,7.7,12.8,13.2,15.2,248.4
2019-02-10 06:00:00,10840.56,6.2,11.4,10.3,13.4,285.5
2019-02-10 07:00:00,8223.81,4.9,9.3,9.3,11,290.9
2019-02-10 08:00:00,4988.78,3.8,7.2,7.7,8.6,290.6
2019-02-10 09:00:00,3242.48,3.4,5.9,6.6,7.1,288.7
2019-02-10 10:00:00,3046.89,3.7,5.5,6.7,6.5,284.9
2019-02-10 11:00:00,3994.76,4.1,5.1,7.2,5.9,286
2019-02-10 12:00:00,4505.72,4.1,4.8,7.1,5.6,291.1
2019-02-10 13:00:00,3811.51,3.9,4.7,6.7,5.4,293.2
2019-02-10 14:00:00,3631.8,3.9,4.7,6.5,5.3,295.5
2019-02-10 15:00:00,1905.36,3.5,4.6,6.1,5.1,293.9
2019-02-10 16:00:00,1889.66,3.3,4.4,5.7,4.9,294.1
2019-02-10 17:00:00,1697.92,2.4,4.3,4.8,4.7,296.4
2019-02-10 18:00:00,2460.71,1.4,3.9,3.7,4.3,292.1
2019-02-10 19:00:00,605.66,1.3,3.3,3.3,3.7,290.9
2019-02-10 20:00:00,967.91,1.3,2.6,3.2,3.2,296.4
2019-02-10 21:00:00,469.9,1.2,2,2.9,2.6,294.4
2019-02-10 22:00:00,0,1.2,1.5,2.7,2,284.3
2019-02-10 23:00:00,0,1.3,1,2.5,1.3,269.1
2019-02-11 00:00:00,0,1.4,0.7,1.7,1,242.3
2019-02-11 01:00:00,0,1.4,0.8,1.3,1.1,203.3
2019-02-11 02:00:00,0,1.2,0.8,1.7,1.1,194.5
2019-02-11 03:00:00,0,1.1,1,1.7,1.1,179.5
2019-02-11 04:00:00,0,1.2,1.3,1.6,1,146
2019-02-11 05:00:00,0,1.1,1.5,1.5,0.9,136.8
2019-02-11 06:00:00,0,1.2,1.8,1.8,0.9,150.5
2019-02-11 07:00:00,0,1.5,1.9,2.5,1.3,152.4
2019-02-11 08:00:00,0,1.3,2.1,2.6,1.6,153.5
2019-02-11 09:00:00,0,0.9,2.1,1.8,1.7,151
2019-02-11 10:00:00,0,0.7,1.9,0.9,1.7,109.6
2019-02-11 11:00:00,0,1.2,1.6,1.8,1.7,31.3
2019-02-11 12:00:00,0,1.5,1.9,2.3,2.1,40.8
2019-02-11 13:00:00,0,1.4,2.5,1.9,2.8,57.4
2019-02-11 14:00:00,0,1.8,3.2,2.8,3.5,54.6
2019-02-11 15:00:00,41.66,2.4,3.8,3.9,4.2,64.3
2019-02-11 16:00:00,1286.83,2.8,4.3,4.6,4.7,76.3
2019-02-11 17:00:00,1750.84,2.5,4.7,4.4,5.2,76.1
2019-02-11 18:00:00,1626.21,2.1,4.7,4.4,5.2,79.1
2019-02-11 19:00:00,2778.29,2.3,4,5.3,4.5,90.8
2019-02-11 20:00:00,4442.54,2.6,3.4,5.7,3.9,99.7
2019-02-11 21:00:00,3523.71,2.5,2.9,5.6,3.3,104.6
2019-02-11 22:00:00,4652.93,2.4,2.5,5.4,2.8,108.2
2019-02-11 23:00:00,5138.68,2.4,2,5.5,2.3,115.6
2019-02-12 00:00:00,5136.25,2.4,1.7,6.2,1.9,128.6
2019-02-12 01:00:00,3805.86,2.2,1.6,6.2,1.7,133.6
2019-02-12 02:00:00,1761.78,2,1.4,5.6,1.6,131.1
2019-02-12 03:00:00,603.76,1.9,1.4,5,1.5,131.1
2019-02-12 04:00:00,875.1,1.9,1.5,4.7,1.6,132.3
2019-02-12 05:00:00,1271.19,2.1,1.7,4.8,1.7,133.8
2019-02-12 06:00:00,2365.47,2,1.8,5,1.8,134.6
2019-02-12 07:00:00,2910.83,1.9,1.8,5,1.7,133.8
2019-02-12 08:00:00,3057.07,1.7,1.9,4.8,1.6,132.7
2019-02-12 09:00:00,2364.03,1.6,1.7,5,1.6,133.5
2019-02-12 10:00:00,1160.07,1.9,1.4,4.4,1.6,134.1
2019-02-12 11:00:00,695.94,2.1,1.1,3.5,1.5,133.1
2019-02-12 12:00:00,166.84,1.7,1,2.6,1.4,131.2
2019-02-12 13:00:00,0.05,1.2,1,1.8,1.3,130.3
2019-02-12 14:00:00,0,1.1,1.1,1.6,1.2,132.1
2019-02-12 15:00:00,0,1.2,1.1,1.7,1.2,135.4
2019-02-12 16:00:00,0,1.3,1.3,2.1,1.4,139.9
2019-02-12 17:00:00,0,1.4,1.5,2.4,1.6,147.3
2019-02-12 18:00:00,0,1.6,1.6,2.7,1.7,155.4
2019-02-12 19:00:00,70.73,1.6,1.6,2.6,1.7,155.5
2019-02-12 20:00:00,826.38,1.5,1.7,2.1,1.7,152.9
2019-02-12 21:00:00,1039.19,1.9,1.7,2.5,1.7,152.9
2019-02-12 22:00:00,154.88,2.3,1.6,3.1,1.7,151.8
2019-02-12 23:00:00,0.78,2.4,1.6,3.5,1.8,149.2
2019-02-13 00:00:00,3.46,2.3,1.6,3.2,1.8,157.5
2019-02-13 01:00:00,0,2.2,1.7,2.8,1.8,168.3
2019-02-13 02:00:00,98.3,2.3,1.8,2.7,1.8,167.8
2019-02-13 03:00:00,635.96,2.3,1.8,2.6,1.8,167.9
2019-02-13 04:00:00,0.19,2.3,1.7,2.8,1.7,158.9
2019-02-13 05:00:00,132.88,2.2,1.6,2.9,1.7,150.5
2019-02-13 06:00:00,225.5,2.3,1.6,2.9,1.7,158.2
2019-02-13 07:00:00,182.93,2.4,1.8,3.1,1.8,162.3
2019-02-13 08:00:00,362.99,2.1,1.9,3.6,2,147.9
2019-02-13 09:00:00,128.84,1.7,1.9,3.5,2.1,138.4
2019-02-13 10:00:00,0,1.7,1.7,3,2.1,137.6
2019-02-13 11:00:00,0,1.7,1.5,2.8,2.2,143.5
2019-02-13 12:00:00,0,1.8,1.3,2.9,2,175.4
2019-02-13 13:00:00,0,1.7,1.1,3,1.6,200.1
2019-02-13 14:00:00,0,1.5,0.9,2.7,1.1,206.5
2019-02-13 15:00:00,0,1.3,0.9,2.3,1.1,211.4
2019-02-13 16:00:00,0,1,1.3,1.9,1.3,211.6
2019-02-13 17:00:00,0,1,1.6,1.6,1.6,197.8
2019-02-13 18:00:00,0,1.1,1.8,1.2,1.8,174.4
2019-02-13 19:00:00,0,1.6,1.8,1.3,1.9,154.2
2019-02-13 20:00:00,0,2,1.8,2.2,1.9,148.7
2019-02-13 21:00:00,478.31,2.2,1.8,2.9,1.9,143.6
2019-02-13 22:00:00,2346.45,2.2,1.8,3.1,1.9,137
2019-02-13 23:00:00,2107.08,2.4,1.8,3.4,1.9,134
2019-02-14 00:00:00,689.21,2.3,1.7,3.7,1.9,140.6
2019-02-14 01:00:00,1319.4,2.3,1.7,4,1.9,148
2019-02-14 02:00:00,1564.91,2.4,1.7,4.2,1.9,150.3
2019-02-14 03:00:00,2320.12,2.5,1.9,4.2,2.2,148.1
2019-02-14 04:00:00,2948.22,2.5,2.4,4.5,3,146.2
2019-02-14 05:00:00,3461.91,2.2,2.9,4.8,3.7,146.1
2019-02-14 06:00:00,5200.59,2.2,3.8,4.6,4.7,149.5
2019-02-14 07:00:00,5318.57,2.4,5,4.6,6.1,158.6
2019-02-14 08:00:00,4207.65,2.3,6.2,5.1,7.5,150.5
2019-02-14 09:00:00,3954.21,2.1,6.7,5.1,8,140.6
2019-02-14 10:00:00,2189.78,2.3,6.4,4.9,7.7,141.2
2019-02-14 11:00:00,3266.8,2.9,6.2,5.2,7.4,139.5
2019-02-14 12:00:00,5970.74,3.8,5.9,6.1,7,145.5
2019-02-14 13:00:00,5658.92,4.5,5.6,7,6.3,151.5
2019-02-14 14:00:00,5925.5,4.5,5.2,7.5,5.7,152.5
2019-02-14 15:00:00,7264.42,4.2,5.3,7.3,5.7,151.4
2019-02-14 16:00:00,3445.16,3.4,5.8,6.8,6.3,153.3
2019-02-14 17:00:00,846.28,2.5,6.2,6.8,6.9,158.6
2019-02-14 18:00:00,1996.85,2.1,6.7,5.9,7.6,166.8
2019-02-14 19:00:00,2704.15,2.3,7.1,5.4,8.4,174.9
2019-02-14 20:00:00,3911.82,2.5,7.5,5.7,9.1,176.2
2019-02-14 21:00:00,6085.91,2.5,7.8,5.2,9.6,171.2
2019-02-14 22:00:00,5772.59,2.4,8,5.2,9.9,161
2019-02-14 23:00:00,5597.42,2.4,8.2,5.5,10.2,155.9
2019-02-15 00:00:00,5786.35,2.4,7.9,5.9,9.8,155.3
2019-02-15 01:00:00,5378.12,2.3,7,5.9,8.7,154.8
2019-02-15 02:00:00,5171.3,2.3,6.2,5.3,7.6,150.3
2019-02-15 03:00:00,4022.04,2.3,5.6,4.9,6.8,146.9
2019-02-15 04:00:00,3915.02,2.4,5.2,4.8,6.2,145.3
2019-02-15 05:00:00,4301.18,2.4,4.8,4.9,5.7,148.6
2019-02-15 06:00:00,3209.62,2.4,4.1,5.3,4.8,151.9
2019-02-15 07:00:00,4303.79,2.4,3.1,5.7,3.4,152.1
2019-02-15 08:00:00,4984.9,2.4,2.1,6.3,2.1,145.4
2019-02-15 09:00:00,4073.55,2.4,1.6,6.2,1.5,141.3
2019-02-15 10:00:00,2692.24,2.3,1.4,4.5,1.6,140.6
2019-02-15 11:00:00,337.29,1.8,1.2,2.9,1.8,136.7
2019-02-15 12:00:00,0,1.9,1.2,3.2,1.8,185.4
2019-02-15 13:00:00,166.81,2.5,1.4,4.2,1.9,223.6
2019-02-15 14:00:00,0.05,2.5,1.6,4.2,1.9,224.7
2019-02-15 15:00:00,0,2.1,1.5,3.8,1.7,209.1
2019-02-15 16:00:00,0,1.7,1.1,3.4,1.3,191.9
2019-02-15 17:00:00,0,1.5,0.8,3,0.9,181.3
2019-02-15 18:00:00,0,1.3,0.8,2,0.9,164.1
2019-02-15 19:00:00,0.01,1.3,1.1,0.9,1.2,113.7
2019-02-15 20:00:00,58.76,1.3,1.5,0.8,1.5,46.2
2019-02-15 21:00:00,36.61,1.2,1.6,1.4,1.6,24.7
2019-02-15 22:00:00,0,1.1,1.6,1.9,1.6,10.9
2019-02-15 23:00:00,430.28,1.9,1.6,2,1.7,52
2019-02-16 00:00:00,688.99,2.5,1.7,2,1.7,123.1
2019-02-16 01:00:00,1746.39,1.8,1.8,2.3,1.7,138.5
2019-02-16 02:00:00,3066.4,1.6,1.9,2.5,1.7,139
2019-02-16 03:00:00,1886,2.3,1.8,2.9,1.7,130.2
2019-02-16 04:00:00,1494.9,2.8,1.7,3.8,1.6,134.3
2019-02-16 05:00:00,2625.65,2.7,1.6,5.1,1.5,142.4
2019-02-16 06:00:00,3109.03,2.5,1.5,5.7,1.5,140.9
2019-02-16 07:00:00,4157.3,2.2,1.4,5.7,1.5,136.8
2019-02-16 08:00:00,5364.98,2.1,1.4,5.7,1.5,137.8
2019-02-16 09:00:00,4571.74,2,1.4,5.2,1.7,140.3
2019-02-16 10:00:00,2650.79,2,1.5,4.3,2,144.6
2019-02-16 11:00:00,640.37,2.2,1.5,3.9,2.4,149.5
2019-02-16 12:00:00,6.43,2.5,2,4.2,2.9,169.2
2019-02-16 13:00:00,0.06,2.7,2.8,4.6,3.5,185
2019-02-16 14:00:00,30.15,2.7,3.6,4.7,4.2,190.3
2019-02-16 15:00:00,361.6,2.3,4.1,4.3,4.7,192.7
2019-02-16 16:00:00,278.14,1.5,4.4,3.6,5,186.1
2019-02-16 17:00:00,850.9,1.4,4.6,3.2,5.3,196.8
2019-02-16 18:00:00,1955.74,2,4.8,3.6,5.7,224
2019-02-16 19:00:00,5123.86,2.5,5.1,5.3,6.1,225
2019-02-16 20:00:00,6307.67,2.8,5.4,7.4,6.6,219.7
2019-02-16 21:00:00,7144.76,2.9,5.9,8.2,7.3,219.7
2019-02-16 22:00:00,4149.44,2.8,6.6,8,8.2,219.4
2019-02-16 23:00:00,3200.75,2.7,7.3,7.7,9.2,211.6
2019-02-17 00:00:00,3151.04,3.2,7.7,8.5,9.9,197.8
2019-02-17 01:00:00,5022.49,4,8,9.6,10.3,194.6
2019-02-17 02:00:00,2757.41,4.2,8.2,9.5,10.7,196.2
2019-02-17 03:00:00,3515.15,3.4,8.3,8.2,10.7,193.2
2019-02-17 04:00:00,2755.93,2.2,8.2,6.3,10.5,191.5
2019-02-17 05:00:00,2676.43,1.9,8.1,5.5,10.2,196.1
2019-02-17 06:00:00,2689.28,2.1,7.9,6,9.9,198.2
2019-02-17 07:00:00,1996.8,2,7.6,6.1,9.5,202.3
2019-02-17 08:00:00,517.07,1.4,7.2,5,9.1,215.7
2019-02-17 09:00:00,1509.84,1.7,7.1,4.6,8.8,228.1
2019-02-17 10:00:00,2035.48,3,7.1,5.7,8.6,231.2
2019-02-17 11:00:00,1977.89,3.5,7.1,6.2,8.4,223.5
2019-02-17 12:00:00,2683.62,3.5,6.8,6.5,7.9,211.9
2019-02-17 13:00:00,1965.28,3.6,6.2,6.6,7,213.9
2019-02-17 14:00:00,1625.61,3.3,5.5,5.8,6.1,228.9
2019-02-17 15:00:00,567.22,3.1,4.9,5.5,5.4,244.1
2019-02-17 16:00:00,21.22,3.2,4.2,5.8,4.8,252.5
2019-02-17 17:00:00,1294.92,2.1,3.6,4,4.3,250.5
2019-02-17 18:00:00,1549.03,1.7,3,3.4,3.7,252.7
2019-02-17 19:00:00,563.83,2,2.6,3.9,3,266.1
2019-02-17 20:00:00,0,1.2,2.2,2.3,2.4,255
2019-02-17 21:00:00,0,1,1.9,1.8,2,234.7
2019-02-17 22:00:00,0,1.3,1.7,2.6,1.9,260.6
2019-02-17 23:00:00,0,1.2,1.6,2.5,1.8,255.3
2019-02-18 00:00:00,0,0.7,1.5,1.2,1.7,227.2
2019-02-18 01:00:00,0,0.9,1.5,1.5,1.7,288.7
2019-02-18 02:00:00,0,1.7,1.4,3.1,1.7,312.6
2019-02-18 03:00:00,0,1.9,1.3,4.1,1.6,342.8
2019-02-18 04:00:00,0,1.5,1.2,3.8,1.5,11.5
2019-02-18 05:00:00,0,1,1.1,2.6,1.4,17.9
2019-02-18 06:00:00,6.06,0.8,0.9,1.9,1.2,35.4
2019-02-18 07:00:00,0.04,0.4,0.6,1.4,1,69.5
2019-02-18 08:00:00,0,0.3,0.4,1,0.7,29.9
2019-02-18 09:00:00,0,0.6,0.3,1.1,0.6,339.5
2019-02-18 10:00:00,0.01,1.1,0.5,1.8,0.8,315.2
2019-02-18 11:00:00,331.67,1.6,0.6,2.5,0.9,322.4
2019-02-18 12:00:00,39.78,2,0.8,3.1,1.1,328.7
2019-02-18 13:00:00,7.27,2.2,1.2,3.7,1.5,334.2
2019-02-18 14:00:00,251.35,2.1,1.5,3.6,1.9,343.7
2019-02-18 15:00:00,1.84,1.8,1.8,2.8,2.2,342.7
2019-02-18 16:00:00,31.22,1.6,1.9,2.3,2.3,334.8
2019-02-18 17:00:00,0.75,1.7,2,3.2,2.3,328
2019-02-18 18:00:00,9.66,1.2,2.1,3.5,2.4,331
2019-02-18 19:00:00,1.23,1,2.1,2.8,2.6,340
2019-02-18 20:00:00,0.02,1.1,2.2,2.7,2.7,341.8
2019-02-18 21:00:00,27.74,0.7,2.1,2.7,2.7,348.9
2019-02-18 22:00:00,0,0.5,2,2.2,2.5,358.6
2019-02-18 23:00:00,0,0.6,1.8,1.7,2.3,1.7
2019-02-19 00:00:00,0,1.1,1.6,0.9,2.2,21.9
2019-02-19 01:00:00,0,1.3,1.4,0.4,1.9,90
2019-02-19 02:00:00,0,1.2,1.2,0.6,1.7,83.9
2019-02-19 03:00:00,0,1,1.1,0.8,1.6,82
2019-02-19 04:00:00,0,0.7,1.2,0.8,1.7,75.3
2019-02-19 05:00:00,0,1.3,1.3,0.7,1.7,105.6
2019-02-19 06:00:00,0.02,1.8,1.4,0.8,1.7,138.1
2019-02-19 07:00:00,140.21,1.5,1.7,1.4,1.6,121.9
2019-02-19 08:00:00,0,1.2,1.9,1.5,1.5,120.3
2019-02-19 09:00:00,0,1.1,1.9,1.4,1.4,135.9
2019-02-19 10:00:00,0,1.3,1.6,1.8,1.5,135.1
2019-02-19 11:00:00,0,1.7,1.4,2.5,1.5,131
2019-02-19 12:00:00,46.76,2,1.3,3,1.5,134.8
2019-02-19 13:00:00,99,1.7,1.3,2.8,1.4,139.1
2019-02-19 14:00:00,7.02,1.3,1.2,2.3,1.2,145.2
2019-02-19 15:00:00,0,1.1,1.3,1.9,1.3,154.4
2019-02-19 16:00:00,0,1.3,1.5,2.1,1.5,138.7
2019-02-19 17:00:00,0,1.2,1.6,2.5,1.7,128.6
2019-02-19 18:00:00,0,0.8,1.8,2.1,1.9,141.8
2019-02-19 19:00:00,0,0.8,2,0.9,2.2,155
2019-02-19 20:00:00,0,1.1,2.1,0.6,2.4,188.7
2019-02-19 21:00:00,0,1.7,2.3,1.3,2.7,193.5
2019-02-19 22:00:00,0,2,2.5,1.9,3,195.8
2019-02-19 23:00:00,0,2.1,2.6,2.8,3.3,194.1
2019-02-20 00:00:00,195.54,1.9,2.9,3.5,3.7,187.1
2019-02-20 01:00:00,1423.59,1.9,3.3,3.8,4.3,183.8
2019-02-20 02:00:00,2143.81,1.8,3.8,3.8,5,184
2019-02-20 03:00:00,1253.25,1.7,4.3,3.7,5.6,185.8
2019-02-20 04:00:00,1681.68,1.8,5,3.9,6.3,197.8
2019-02-20 05:00:00,3124,1.9,5.6,4.5,7,203.5
2019-02-20 06:00:00,2891.62,2.1,5.9,5.3,7.3,190.1
2019-02-20 07:00:00,1065.58,2.5,5.8,6.1,7.3,169.7
2019-02-20 08:00:00,370.07,2.7,5.7,6.2,7.2,152.4
2019-02-20 09:00:00,74.03,2.7,5.4,5.3,6.8,141.1
2019-02-20 10:00:00,11.11,2.9,4.9,5.2,6.3,141.1
2019-02-20 11:00:00,668.15,2.7,4.5,4.7,5.7,143.1
2019-02-20 12:00:00,1544.82,2.9,4.2,5,5.3,153.9
2019-02-20 13:00:00,316.89,3.3,4.1,5.7,5,163.8
2019-02-20 14:00:00,178.55,3.1,3.9,5.4,4.7,170.4
2019-02-20 15:00:00,41.72,3.1,4.2,5.5,5,173.6
2019-02-20 16:00:00,378.08,2.5,5,4.9,5.8,173.2
2019-02-20 17:00:00,99.53,1.8,5.7,3.8,6.6,169.9
2019-02-20 18:00:00,0,1.7,6.1,3.2,7.2,168.8
2019-02-20 19:00:00,0,1.9,6.1,3.1,7.4,166.8
2019-02-20 20:00:00,807.76,2.1,6.2,3.9,7.6,163.3
2019-02-20 21:00:00,942.73,2.1,6.4,4.6,8,159.8
2019-02-20 22:00:00,2223.41,2,6.9,4.9,8.6,158.4
2019-02-20 23:00:00,3159.91,2,7.3,5.1,9.2,155.1
2019-02-21 00:00:00,3354.74,1.9,7.5,5,9.5,156.3
2019-02-21 01:00:00,3486.82,1.9,7.5,4.6,9.4,160.1
2019-02-21 02:00:00,2788.7,2,7.5,4.6,9.4,153.6
2019-02-21 03:00:00,3006.84,2.1,7.5,5.2,9.4,147
2019-02-21 04:00:00,3851.8,2.1,7.6,5.7,9.5,146.7
2019-02-21 05:00:00,5282.94,2,7.6,6.3,9.5,148.1
2019-02-21 06:00:00,7694.39,2,7.7,6.2,9.7,151.5
2019-02-21 07:00:00,9174.22,2.1,7.9,5.5,10,153.4
2019-02-21 08:00:00,8461.73,2.3,8.1,6.1,10.3,149.3
2019-02-21 09:00:00,5346.31,3,8.2,6.9,10.3,144.2
2019-02-21 10:00:00,3604.3,4,8.1,7.4,10.1,143.2
2019-02-21 11:00:00,8182.71,4.7,8.1,7.8,9.8,150
2019-02-21 12:00:00,10123.25,4.9,7.9,8.3,9.4,157.3
2019-02-21 13:00:00,7060.16,5.2,7.5,9.2,8.9,159.4
2019-02-21 14:00:00,7042.47,5.4,7.2,9.4,8.5,160.9
2019-02-21 15:00:00,9026.04,5,7.1,8.8,8.4,158.4
2019-02-21 16:00:00,5936.11,4.4,7.4,8.1,8.7,152.7
2019-02-21 17:00:00,2944.12,3.7,7.6,7.6,9,155.1
2019-02-21 18:00:00,1956.37,3,7.8,7.4,9.3,166.4
2019-02-21 19:00:00,3245.25,2.6,8,7.3,9.6,175.8
2019-02-21 20:00:00,1763.85,2.3,8.1,6.8,9.9,175.3
2019-02-21 21:00:00,2696.15,2.1,8.2,6.5,10.2,168.1
2019-02-21 22:00:00,2686.15,2.2,8.3,6.3,10.3,163.8
2019-02-21 23:00:00,4052.4,2.3,8.3,6,10.4,164.2
2019-02-22 00:00:00,5258.48,2.1,8.3,5.9,10.4,162.4
2019-02-22 01:00:00,4348.45,2,8,5.9,10.1,159.7
2019-02-22 02:00:00,4446.12,2,7.8,6,9.8,154.5
2019-02-22 03:00:00,6034.91,2.1,7.7,6.5,9.7,147.4
2019-02-22 04:00:00,5666.58,2.2,7.9,7.1,9.8,144.6
2019-02-22 05:00:00,6655.75,2.3,8,7.3,9.9,143.3
2019-02-22 06:00:00,6041.85,2.3,8.1,6.9,9.9,145.3
2019-02-22 07:00:00,3553.47,2.1,8,6.4,9.8,145.5
2019-02-22 08:00:00,3092.99,2,7.9,6.5,9.8,137.1
2019-02-22 09:00:00,3556.7,2.3,7.8,6.7,9.5,134.4
2019-02-22 10:00:00,3558.48,3,7.5,6.1,9.1,135.2
2019-02-22 11:00:00,3452.56,3.6,7.2,6,8.6,137.8
2019-02-22 12:00:00,4506.74,4.4,7,7.3,8.3,148.9
2019-02-22 13:00:00,6580.68,5,6.9,8.3,8,155.2
2019-02-22 14:00:00,5723.54,4.9,6.7,8.4,7.8,152.7
2019-02-22 15:00:00,2594.14,4.3,6.6,7.7,7.7,150.1
2019-02-22 16:00:00,1713.42,3.2,6.6,6.7,7.7,154.5
2019-02-22 17:00:00,787.05,2.3,6.6,6,7.8,163.7
2019-02-22 18:00:00,1120.83,2.3,6.8,6,8.1,178.2
2019-02-22 19:00:00,1049.06,2.5,7.2,6,8.7,186.6
2019-02-22 20:00:00,2765.9,2.6,7.6,6,9.4,178.8
2019-02-22 21:00:00,5404.06,2.5,7.8,5.9,9.7,169.7
2019-02-22 22:00:00,6743.18,2.3,7.7,5.9,9.7,169.1
2019-02-22 23:00:00,5875.73,2.4,7.7,6.1,9.7,174.2
2019-02-23 00:00:00,1371.45,2.1,7.4,5.4,9.4,193.5
2019-02-23 01:00:00,607.76,2.1,6.9,5,8.7,219.3
2019-02-23 02:00:00,1378.89,2.4,6.3,6.3,8,219
2019-02-23 03:00:00,2350.17,2.4,6.1,7.1,7.8,211
2019-02-23 04:00:00,1487.64,2.2,6.3,6.2,8.2,194.4
2019-02-23 05:00:00,2204.01,1.9,6.5,5,8.5,178.9
2019-02-23 06:00:00,1178.46,1.8,6.5,4.3,8.4,181.6
2019-02-23 07:00:00,2324.78,1.9,6.2,4.3,8,189.8
2019-02-23 08:00:00,2436.37,1.8,5.8,4.5,7.6,184.6
2019-02-23 09:00:00,1673.54,1.7,5.4,4.9,7,157.2
2019-02-23 10:00:00,2125.06,1.9,4.8,4.7,6.1,143.6
2019-02-23 11:00:00,280.8,2,4.2,3.7,5.2,148.9
2019-02-23 12:00:00,314.52,2.3,3.4,3.5,4.1,158
2019-02-23 13:00:00,0,2,2.4,3.2,2.8,178.7
2019-02-23 14:00:00,0,1.4,1.3,2.4,1.4,212.1
2019-02-23 15:00:00,0,1.4,1,2.2,1,268.9
2019-02-23 16:00:00,0,1.2,1.6,1.9,1.6,311.5
2019-02-23 17:00:00,16.57,1,2.1,1.3,2.2,346.2
2019-02-23 18:00:00,67.56,1.5,2.4,1.9,2.5,34.5
2019-02-23 19:00:00,21.53,1.4,2.5,2.4,2.7,57.8
2019-02-23 20:00:00,0,0.7,2.6,1.9,2.8,89.6
2019-02-23 21:00:00,966.65,0.8,2.6,1.8,2.8,111.8
2019-02-23 22:00:00,5961.96,1,2.5,2.5,2.7,115.2
2019-02-23 23:00:00,6731.73,1.2,2.4,3,2.6,120.2
2019-02-24 00:00:00,9628.07,1.8,2.2,3.7,2.4,120.1
2019-02-24 01:00:00,8550.45,2.2,2,4.8,2.1,121.8
2019-02-24 02:00:00,5520.73,2.2,1.8,5,1.7,128.8
2019-02-24 03:00:00,1826.08,2.3,1.7,4.6,1.6,137
2019-02-24 04:00:00,650.21,2.2,1.7,4.4,1.6,146.3
2019-02-24 05:00:00,334.18,2.2,1.7,4,1.7,153.5
2019-02-24 06:00:00,672.6,2.3,1.7,3.2,1.7,168.1
2019-02-24 07:00:00,350.52,2.3,1.7,3,1.6,165.1
2019-02-24 08:00:00,40.39,2.1,1.6,3.9,1.6,141.1
2019-02-24 09:00:00,0.15,1.9,1.5,4,1.6,129.7
2019-02-24 10:00:00,0,2,1.4,3.4,1.6,126.3
2019-02-24 11:00:00,0,1.8,1.3,2.9,1.6,132.2
2019-02-24 12:00:00,0,1.2,1.2,2.2,1.6,142
2019-02-24 13:00:00,0,1.4,1.2,2.3,1.5,130.6
2019-02-24 14:00:00,0,1.9,1.3,2.9,1.3,115.3
2019-02-24 15:00:00,0,1.9,1.4,2.9,1.4,117.8
2019-02-24 16:00:00,0,1.6,1.7,2.9,1.8,125
2019-02-24 17:00:00,0,0.9,2,2.3,2.1,129.2
2019-02-24 18:00:00,0,1,2.1,1.2,2.2,109.8
2019-02-24 19:00:00,0.05,1.8,2,1.8,2,335.2
2019-02-24 20:00:00,0,1.7,1.9,3.1,1.8,336.5
2019-02-24 21:00:00,0.05,0.8,1.9,3.1,1.7,359.9
2019-02-24 22:00:00,0,0.6,1.9,2.3,1.8,31.2
2019-02-24 23:00:00,0,1.7,1.9,1.6,1.8,87.3
2019-02-25 00:00:00,47.57,2.4,1.9,2,1.8,137.3
2019-02-25 01:00:00,968.08,2.4,1.8,3,1.7,145.4
2019-02-25 02:00:00,1634.35,2.3,1.7,4,1.6,144.1
2019-02-25 03:00:00,2713.82,2.4,1.6,4.2,1.6,141.7
2019-02-25 04:00:00,1981.49,2.5,1.6,4.5,1.6,141
2019-02-25 05:00:00,2803.72,2.4,1.5,5.2,1.7,141.6
2019-02-25 06:00:00,5648.69,2.4,1.6,5.1,1.7,152
2019-02-25 07:00:00,4320.71,2.3,1.7,4.3,1.9,167.9
2019-02-25 08:00:00,1795.01,2.2,1.9,3.9,2,169
2019-02-25 09:00:00,2.29,2.1,1.8,3.8,2.1,149.7
2019-02-25 10:00:00,0,2.2,1.5,3.7,2.1,135.1
2019-02-25 11:00:00,0,1.9,1.3,3.1,2.1,140.2
2019-02-25 12:00:00,0,1.2,1.1,2.4,1.9,157.7
2019-02-25 13:00:00,0,0.6,1,1.8,1.6,170.1
2019-02-25 14:00:00,0,0.3,1,0.9,1.3,167.5
2019-02-25 15:00:00,34.79,0.3,1.1,0.2,1.3,192.7
2019-02-25 16:00:00,165.52,0.5,1.5,0.4,1.6,129.8
2019-02-25 17:00:00,740.66,0.9,1.9,0.5,2,117.7
2019-02-25 18:00:00,878.29,1.4,2,1.4,2.1,9.9
2019-02-25 19:00:00,234.69,1.1,1.9,2.1,2,6.2
2019-02-25 20:00:00,40.14,0.6,1.8,1.5,1.9,17.8
2019-02-25 21:00:00,0,0.7,1.7,1.2,1.8,37.1
2019-02-25 22:00:00,0.11,1,1.6,1,1.8,65.8
2019-02-25 23:00:00,893.71,1.3,1.6,0.7,1.7,92.9
2019-02-26 00:00:00,2100.04,1.9,1.6,1.3,1.6,143.2
2019-02-26 01:00:00,2296.59,2.2,1.5,2.4,1.5,149.8
2019-02-26 02:00:00,2557.37,2.1,1.4,2.7,1.5,147.6
2019-02-26 03:00:00,2019.77,2.4,1.5,3.4,1.5,138.9
2019-02-26 04:00:00,1658.86,2.6,1.7,4.7,1.7,136.5
2019-02-26 05:00:00,3418.62,2.4,1.8,5.2,1.9,142.1
2019-02-26 06:00:00,3740.86,2.3,2.4,5.2,2.7,152.5
2019-02-26 07:00:00,4574.49,2.3,3.3,5,4,162.4
2019-02-26 08:00:00,2650.99,2.1,4.2,4.8,5.3,163.8
2019-02-26 09:00:00,2606.84,1.8,4.4,4.3,5.8,159.3
2019-02-26 10:00:00,995.61,2,4.1,3.8,5.3,153.6
2019-02-26 11:00:00,735.81,2.6,3.7,4,4.8,142.9
2019-02-26 12:00:00,1957.3,3.1,3.6,5,4.5,156.7
2019-02-26 13:00:00,2433.53,3.3,3.7,5.6,4.3,173
2019-02-26 14:00:00,1676.87,3.2,3.8,5.6,4.1,170.8
2019-02-26 15:00:00,1463.84,2.8,4.2,5,4.4,167.5
2019-02-26 16:00:00,1286.02,2,5,4,5.1,158.6
2019-02-26 17:00:00,250.92,1.4,5.8,3.7,5.7,138.1
2019-02-26 18:00:00,364.52,1.7,6.3,3.7,6.5,145.4
2019-02-26 19:00:00,662.12,2.3,6.6,4.6,7.4,160.9
2019-02-26 20:00:00,928.28,2.4,7,5.9,8.2,155.5
2019-02-26 21:00:00,2017.38,2.2,7.4,5.5,9.1,152.9
2019-02-26 22:00:00,2865.22,2.4,7.9,5.4,10,149.9
2019-02-26 23:00:00,2666.85,2.6,8.5,6.1,10.9,152.3
2019-02-27 00:00:00,4187.78,2.5,8.6,6.7,11.1,161.3
2019-02-27 01:00:00,5120.68,2.5,8.4,6.9,10.8,160.8
2019-02-27 02:00:00,5851.42,2.4,8.1,6.7,10.4,160.9
2019-02-27 03:00:00,4618.13,2.2,7.6,6,9.8,181
2019-02-27 04:00:00,3681.28,2.1,7,5.1,9.1,200.1
2019-02-27 05:00:00,2815.66,2.2,6.4,4.5,8.3,200.7
2019-02-27 06:00:00,2517.1,2.3,6.4,4.2,8.2,206.9
2019-02-27 07:00:00,1023.87,2.6,6.8,5.6,8.8,212.9
2019-02-27 08:00:00,1505.26,3.3,7.2,7.5,9.4,210.6
2019-02-27 09:00:00,4213.37,4.6,7.4,8.8,9.4,209
2019-02-27 10:00:00,5964.58,5.5,7.2,9.8,9,206.8
2019-02-27 11:00:00,4814.58,5.4,7,9.7,8.5,199.8
2019-02-27 12:00:00,5319.34,5.7,7,10.1,8.3,204.3
2019-02-27 13:00:00,9501.18,6,7,10.3,8.3,221.9
2019-02-27 14:00:00,8492.7,5.6,7.1,9.5,8.2,226.2
2019-02-27 15:00:00,4865.8,5.3,7.1,9.1,8.2,222.6
2019-02-27 16:00:00,6383.91,5.1,7.1,8.9,8.1,225.3
2019-02-27 17:00:00,5469.93,4.5,7,8.1,8.1,227.3
2019-02-27 18:00:00,3659.57,3.7,6.9,7.1,8,231.3
2019-02-27 19:00:00,3395.59,3.3,6.7,6.8,7.9,235.1
2019-02-27 20:00:00,2977.5,3.1,6.5,6.5,7.8,237.3
2019-02-27 21:00:00,1107.07,2.9,6.2,6.1,7.6,232.9
2019-02-27 22:00:00,1656.32,2.8,5.9,6,7.3,230
2019-02-27 23:00:00,3128.64,2.7,5.6,5.9,7,229.7
2019-02-28 00:00:00,2742.01,2.2,5.4,5.6,6.8,222
2019-02-28 01:00:00,1724.11,1.9,5.3,5.1,6.7,214.3
2019-02-28 02:00:00,365.15,1.9,5.3,5.1,6.5,213.8
2019-02-28 03:00:00,796.08,1.9,5.2,5,6.5,214
2019-02-28 04:00:00,1788.54,1.8,5.2,4.8,6.5,212.4
2019-02-28 05:00:00,1607.92,1.7,5.3,4.7,6.6,210.5
2019-02-28 06:00:00,1638.32,1.8,5,4.5,6.3,213.2
2019-02-28 07:00:00,2117.33,1.7,4.5,4.5,5.8,216.3
2019-02-28 08:00:00,1729.97,1.3,4,4.1,5.2,218
2019-02-28 09:00:00,227.81,1.4,3.4,3.1,4.5,223.6
2019-02-28 10:00:00,483.09,1.9,2.9,2.8,3.7,239.5
2019-02-28 11:00:00,301.55,1.7,2.3,2.7,2.9,258.4
2019-02-28 12:00:00,116.03,1.6,2.1,2.7,2.4,276.6
2019-02-28 13:00:00,0.28,1.7,2.2,2.9,2.4,284.9
2019-02-28 14:00:00,2.91,1.7,2.2,2.8,2.4,295.5
2019-02-28 15:00:00,0,1.5,2.2,2.3,2.4,302.3
2019-02-28 16:00:00,0,1.3,2.1,2,2.2,292.6
2019-02-28 17:00:00,0.49,1.6,2,2.6,2.1,294.1
2019-02-28 18:00:00,0,1.4,1.8,3.1,1.9,306.5
2019-02-28 19:00:00,0,0.7,1.7,2.4,1.8,316.6
2019-02-28 20:00:00,0,0.6,1.5,1.2,1.6,320.5
2019-02-28 21:00:00,343.87,0.7,1.4,0.9,1.5,301.6
2019-02-28 22:00:00,77.96,0.6,1.3,1.4,1.4,308.1
2019-02-28 23:00:00,0,0.7,1.2,1.1,1.4,310.1
2019-03-01 00:00:00,0,1,1,0.8,1.3,246.2
2019-03-01 01:00:00,0,1.2,1,1.1,1.2,223.4
2019-03-01 02:00:00,0,1.2,0.9,1.2,1.1,222
2019-03-01 03:00:00,0,0.7,0.9,1.1,1.2,239.3
2019-03-01 04:00:00,0.19,0.7,1.1,1,1.4,264.2
2019-03-01 05:00:00,0,1,1.3,1,1.5,250.4
2019-03-01 06:00:00,0,1.1,1.5,1.6,1.8,202
2019-03-01 07:00:00,0,1.2,1.8,2.5,2.1,175.7
2019-03-01 08:00:00,0,1.2,2,2.9,2.4,168.8
2019-03-01 09:00:00,0,1.1,2.1,2.7,2.6,178.7
2019-03-01 10:00:00,0,1.8,2.1,2.9,2.7,213
2019-03-01 11:00:00,0,3,2.1,4.5,2.8,234.9
2019-03-01 12:00:00,0.01,3,2.6,4.9,3.2,242
2019-03-01 13:00:00,409.28,3,3.4,4.9,4.1,252.4
2019-03-01 14:00:00,2402.69,3.5,4.3,5.7,5,256.2
2019-03-01 15:00:00,854.15,3.2,4.8,5.3,5.5,268.8
2019-03-01 16:00:00,954.5,2.2,4.8,3.7,5.6,276.6
2019-03-01 17:00:00,1872.58,1.9,4.9,3.4,5.7,244.4
2019-03-01 18:00:00,1859.07,2.3,5,4.5,5.9,235
2019-03-01 19:00:00,2038.87,2.7,5.1,5.2,6.3,240.6
2019-03-01 20:00:00,4964.71,3,5.3,5.7,6.6,247.8
2019-03-01 21:00:00,4976.74,3.1,5.3,5.8,6.7,254.9
2019-03-01 22:00:00,3235.79,3,5.3,5.6,6.6,253.3
2019-03-01 23:00:00,4070.88,3,5.2,5.8,6.6,248.6
2019-03-02 00:00:00,3952.55,3.1,5.2,5.9,6.4,248
2019-03-02 01:00:00,3378.58,2.9,5.1,5.5,6.2,245.6
2019-03-02 02:00:00,2824.62,2.5,5,5.3,6,235.3
2019-03-02 03:00:00,487.33,2.3,4.9,5.1,5.9,215.9
2019-03-02 04:00:00,652.55,2.5,4.8,5.4,5.9,200.5
2019-03-02 05:00:00,959.3,2.7,4.8,5.9,5.9,197.7
2019-03-02 06:00:00,2122.54,2.8,4.8,6.2,6,201.2
2019-03-02 07:00:00,2804.01,2.9,4.9,6.4,6.3,204.8
2019-03-02 08:00:00,3447.81,3.1,4.9,6.2,6.6,208.7
2019-03-02 09:00:00,3316.89,3.6,5.1,6.5,6.8,212.9
2019-03-02 10:00:00,1546.28,4.4,5.3,7.5,6.8,213.5
2019-03-02 11:00:00,3354.25,4.9,5.6,8.4,6.8,215.9
2019-03-02 12:00:00,3568.25,5,5.9,8.6,7,222.6
2019-03-02 13:00:00,6401.33,5.2,6.4,8.8,7.5,228.3
2019-03-02 14:00:00,5228.4,5.5,6.9,9.3,7.9,227.5
2019-03-02 15:00:00,5478.55,5.5,7.2,9.4,8.2,222.5
2019-03-02 16:00:00,5036.26,5.1,7.4,8.8,8.4,220.5
2019-03-02 17:00:00,5944.64,4.6,7.5,8.1,8.7,219.4
2019-03-02 18:00:00,4898.82,4.1,7.7,7.7,9,216.8
2019-03-02 19:00:00,4105.79,4,7.9,7.7,9.4,215
2019-03-02 20:00:00,4109.14,4.2,8,7.6,9.8,215.3
2019-03-02 21:00:00,5819.23,4.5,8.2,7.6,10.1,220.4
2019-03-02 22:00:00,5228.26,4.9,8.4,8.2,10.3,221.6
2019-03-02 23:00:00,5881.54,5.3,8.5,9.1,10.5,220.6
2019-03-03 00:00:00,9418.07,5,8.8,8.9,10.8,217
2019-03-03 01:00:00,10329.39,4.7,9.1,8.7,11.1,215.8
2019-03-03 02:00:00,10401.59,5.4,9.5,9.8,11.5,219.2
2019-03-03 03:00:00,10696.16,6,9.9,10.8,12,219.6
2019-03-03 04:00:00,8052.65,6.3,10.4,11.3,12.5,217.5
2019-03-03 05:00:00,8966.7,6.5,10.9,11.8,13,214.8
2019-03-03 06:00:00,13130.86,6.5,11.4,12,13.6,211
2019-03-03 07:00:00,12820.96,6.9,11.9,12.5,14.2,204.2
2019-03-03 08:00:00,13374.93,7.8,12.4,13.8,14.8,203.7
2019-03-03 09:00:00,11907.45,8.7,12.8,15.5,15.3,209.3
2019-03-03 10:00:00,13170.43,9.2,13,16.7,15.5,211.6
2019-03-03 11:00:00,12313.29,9.2,13.3,16.7,15.7,211.7
2019-03-03 12:00:00,11871.14,9.1,13.6,16.4,16,213.1
2019-03-03 13:00:00,12683.47,9,14.2,16.3,16.6,212.1
2019-03-03 14:00:00,12881.03,8.2,14.7,15,17.1,209.2
2019-03-03 15:00:00,12254.4,8.4,15,15.2,17.6,209.4
2019-03-03 16:00:00,12674.27,9.2,15.2,16.7,17.9,212.7
2019-03-03 17:00:00,12469.88,9.5,15.3,17.1,18.2,217.9
2019-03-03 18:00:00,11661.81,9,15.1,16.2,18,224.2
2019-03-03 19:00:00,12421.6,8.4,14.6,16.1,17.5,245.9
2019-03-03 20:00:00,14303.05,8.3,14.1,16,16.9,259
2019-03-03 21:00:00,14223.56,7.7,13.5,14.3,16.3,250.5
2019-03-03 22:00:00,12641.63,7.3,13,13.5,15.7,253
2019-03-03 23:00:00,12737.62,7.2,12.5,13.4,15,260.2
2019-03-04 00:00:00,13348.66,6.9,11.9,12.8,14.3,255.5
2019-03-04 01:00:00,12324.55,6.6,11.2,12.2,13.4,252.1
2019-03-04 02:00:00,10296.47,6.4,10.5,11.7,12.5,251.7
2019-03-04 03:00:00,9176.45,6,10,11.1,11.9,249.4
2019-03-04 04:00:00,8050.05,5.6,9.6,10.4,11.5,248.6
2019-03-04 05:00:00,8276.95,5.5,9.2,10.2,11.1,249.6
2019-03-04 06:00:00,10172.32,5.1,9,9.8,10.9,246.3
2019-03-04 07:00:00,9244.6,4.8,8.9,9.5,10.8,244.5
2019-03-04 08:00:00,8951.84,5.1,8.8,9.5,10.7,246.4
2019-03-04 09:00:00,10588.28,5.6,8.7,9.7,10.5,244.9
2019-03-04 10:00:00,10869.4,5.6,8.6,9.6,10.3,245.8
2019-03-04 11:00:00,10513.77,5.2,8.5,9,10.1,250
2019-03-04 12:00:00,9424.15,5.2,8.2,9.1,9.8,254.4
2019-03-04 13:00:00,8504.22,5.2,7.9,9,9.4,260.7
2019-03-04 14:00:00,6252.94,4.6,7.6,8.1,8.9,261.7
2019-03-04 15:00:00,7395.04,4.7,7.4,8.2,8.7,248.1
2019-03-04 16:00:00,4747.16,5.3,7.3,9,8.6,235.1
2019-03-04 17:00:00,3888.21,5,7.2,8.7,8.4,229.1
2019-03-04 18:00:00,3422.9,3.9,7.1,7.4,8.4,226.7
2019-03-04 19:00:00,3541.07,3.1,7,6.2,8.4,220.7
2019-03-04 20:00:00,4976.61,3.3,6.9,6.4,8.4,215
2019-03-04 21:00:00,2680.47,3.5,6.8,6.8,8.4,213.2
2019-03-04 22:00:00,1391.28,3.3,6.7,6.5,8.3,213.3
2019-03-04 23:00:00,3659.18,3.2,6.6,6.3,8.2,212.6
2019-03-05 00:00:00,7400.35,3.3,6.7,6.7,8.2,206.7
2019-03-05 01:00:00,6795.15,3.6,6.8,7.2,8.4,203.5
2019-03-05 02:00:00,2778.44,3.9,7,7.4,8.6,204.9
2019-03-05 03:00:00,1791.91,3.8,7.4,7.1,9.1,198.2
2019-03-05 04:00:00,3079.11,4.1,8,7.6,9.8,192.1
2019-03-05 05:00:00,3741.37,4.5,8.5,8.2,10.5,189.4
2019-03-05 06:00:00,3824.35,4.3,9,8,11.1,183.8
2019-03-05 07:00:00,4347.89,4.3,9.4,7.9,11.5,178.6
2019-03-05 08:00:00,6075,4.8,9.8,8.6,12,173.9
2019-03-05 09:00:00,7413.18,5.1,10.2,9.4,12.4,174.8
2019-03-05 10:00:00,6887.9,4.9,10.7,9,12.8,178.3
2019-03-05 11:00:00,8400.06,4.9,11.2,8.8,13.2,179.9
2019-03-05 12:00:00,5838.05,5.9,11.5,10.4,13.5,186.4
2019-03-05 13:00:00,9278.59,7.1,11.7,12.3,13.6,190.3
2019-03-05 14:00:00,11973.2,7.1,11.9,12.7,13.8,182.8
2019-03-05 15:00:00,10259.03,6.7,12.2,12.6,14.1,173.6
2019-03-05 16:00:00,10408.37,7,12.6,12.9,14.7,172.8
2019-03-05 17:00:00,10292.42,7.4,13.1,13.7,15.4,175.8
2019-03-05 18:00:00,9340.49,6.8,13.1,13,15.5,181.9
2019-03-05 19:00:00,10010.86,6.5,12.8,12.5,15.2,189.6
2019-03-05 20:00:00,12876.56,6.3,12.4,12.4,14.9,192.6
2019-03-05 21:00:00,13629.53,5.4,12.3,11.2,14.9,195.6
2019-03-05 22:00:00,7943.42,5,12.5,10,15,200.8
2019-03-05 23:00:00,11819.86,5.6,12.6,10.3,15.1,215.4
2019-03-06 00:00:00,10001.71,6.6,12.7,12.3,15.2,216.8
2019-03-06 01:00:00,9058.23,7.5,12.7,13.9,15.2,212.6
2019-03-06 02:00:00,12557.68,7.6,12.8,14.3,15.2,218.4
2019-03-06 03:00:00,10746.37,7.2,12.5,13.6,14.9,216.7
2019-03-06 04:00:00,11883.8,6.7,11.8,12.6,14.1,212.9
2019-03-06 05:00:00,9698.67,7,11.2,12.9,13.4,217.4
2019-03-06 06:00:00,11217.39,6,10.4,11.2,12.5,223.1
2019-03-06 07:00:00,9941.51,4.7,9.4,8.9,11.3,228
2019-03-06 08:00:00,4801.23,4.7,8.4,8.8,10.2,235
2019-03-06 09:00:00,7236.22,5.1,8.2,9.4,9.9,241.8
2019-03-06 10:00:00,9860.77,5.9,8.7,10.6,10.5,234.5
2019-03-06 11:00:00,12282.81,6.5,9.3,11.6,11.1,226.2
2019-03-06 12:00:00,13053.28,7.3,10.2,13.3,12.1,223.2
2019-03-06 13:00:00,14789.1,7.6,11.3,14,13.4,222.4
2019-03-06 14:00:00,13819.9,8,12.5,14.7,14.7,260.6
2019-03-06 15:00:00,12154.4,7.8,12.8,15.2,15,300.8
2019-03-06 16:00:00,11073.06,7.4,12.1,14.7,14.3,304.6
2019-03-06 17:00:00,12678.98,7.6,11.5,14.4,13.6,297
2019-03-06 18:00:00,11841.7,6,10.8,11.7,12.8,292.9
2019-03-06 19:00:00,9897.9,4.5,9.9,9.1,11.8,287.6
2019-03-06 20:00:00,7569.65,4,9,8.2,10.9,283.5
2019-03-06 21:00:00,5263.23,3.7,8.3,7.7,10,281.5
2019-03-06 22:00:00,5075.76,3.6,7.7,7.4,9.3,277.7
2019-03-06 23:00:00,3829.9,3.4,7.1,6.7,8.6,265.5
2019-03-07 00:00:00,3574.92,3,6.8,6.3,8.4,240
2019-03-07 01:00:00,4594.63,3.1,7,6.8,8.7,221.1
2019-03-07 02:00:00,5972.63,3.5,7.1,7.4,8.9,218.5
2019-03-07 03:00:00,4835.54,3.7,7.2,7.7,9,220.2
2019-03-07 04:00:00,6948.1,3.8,7.3,7.7,9.1,223.9
2019-03-07 05:00:00,6889.82,4.2,7.3,8.1,9.2,225.2
2019-03-07 06:00:00,8440.55,4.5,7.5,8.7,9.4,224.2
2019-03-07 07:00:00,9253.37,4.6,7.9,8.7,9.8,221.2
2019-03-07 08:00:00,8071.6,4.5,8.3,8.4,10.2,213.8
2019-03-07 09:00:00,7221.48,4.6,8.7,8.6,10.5,203.7
2019-03-07 10:00:00,5546.31,5.2,9,9.7,10.8,197.3
2019-03-07 11:00:00,3304.06,5.8,9.4,10.8,11.2,195.7
2019-03-07 12:00:00,3146.72381,5.5,9.3,10.2,11,194.7
2019-03-07 13:00:00,2989.387619,5,8.7,9,10.4,194.3
2019-03-07 14:00:00,2832.051429,4.9,8.2,8.8,9.7,193.6
2019-03-07 15:00:00,2674.715238,4.7,7.3,8.7,8.6,201.4
2019-03-07 16:00:00,2517.379048,4.2,5.9,7.8,7.1,220.8
2019-03-07 17:00:00,2360.042857,3.6,4.6,6.7,5.5,242.5
2019-03-07 18:00:00,2202.706667,2.8,4.2,5.7,5,257
2019-03-07 19:00:00,2045.370476,2.5,4.7,5.5,5.6,253.8
2019-03-07 20:00:00,1888.034286,3.3,5.2,6.1,6.2,285.7
2019-03-07 21:00:00,1730.698095,3.8,5.2,6.8,6.2,335.2
2019-03-07 22:00:00,1573.361905,3.1,4.8,6.2,5.7,349.1
2019-03-07 23:00:00,1416.025714,2,4.3,4.5,5.2,343.5
2019-03-08 00:00:00,1258.689524,1.5,3.7,3.9,4.5,341.8
2019-03-08 01:00:00,1101.353333,1.1,3,3.3,3.7,346.9
2019-03-08 02:00:00,944.017143,0.8,2.2,2.3,2.8,333.6
2019-03-08 03:00:00,786.680952,1,1.8,2.2,2.4,307.7
2019-03-08 04:00:00,629.344762,1.2,1.8,2.7,2.4,292.7
2019-03-08 05:00:00,472.008571,1.4,1.8,3.5,2.5,292.3
2019-03-08 06:00:00,314.672381,1.5,1.8,3,2.4,288
2019-03-08 07:00:00,157.33619,1.3,1.7,2.3,2.4,259.9
2019-03-08 08:00:00,0,1.2,1.7,2.7,2.4,227.1
2019-03-08 09:00:00,0,1.5,2,3,2.7,218.1
2019-03-08 10:00:00,0,2.2,2.7,3.8,3.4,221.4
2019-03-08 11:00:00,543.6,2.9,3.5,5,4.1,217.6
2019-03-08 12:00:00,1011.46,3.3,4.1,5.7,4.7,220.9
2019-03-08 13:00:00,2570.6,3.6,4.4,6.3,5.1,231.7
2019-03-08 14:00:00,3252.4,3.5,4.8,6.1,5.6,234.5
2019-03-08 15:00:00,3375.38,3.3,5.1,6,6,229.4
2019-03-08 16:00:00,3275.95,3.7,5.4,6.5,6.3,223.9
2019-03-08 17:00:00,3657.42,3.7,5.6,6.4,6.6,227.4
2019-03-08 18:00:00,2737.03,3.6,5.7,6.5,6.8,235.4
2019-03-08 19:00:00,941.74,3.5,5.9,6.4,7.1,232.5
2019-03-08 20:00:00,1314.78,3.3,6,6.2,7.4,226
2019-03-08 21:00:00,1332.17,3.2,6,5.9,7.5,225.9
2019-03-08 22:00:00,1527.56,3.2,6,5.8,7.5,225.7
2019-03-08 23:00:00,1797.27,3.3,5.9,5.8,7.5,220.9
2019-03-09 00:00:00,919.8,3.2,5.7,5.8,7.2,212.8
2019-03-09 01:00:00,743.81,3.1,5.3,5.5,6.7,211.8
2019-03-09 02:00:00,1492.33,3.1,4.9,5.5,6.3,223.5
2019-03-09 03:00:00,2518,3.2,4.8,5.8,6.1,234.4
2019-03-09 04:00:00,2066.94,3,5,5.8,6.4,237
2019-03-09 05:00:00,1989.99,2.9,5.2,5.7,6.6,230.4
2019-03-09 06:00:00,1011.27,2.9,5.2,5.5,6.7,226.4
2019-03-09 07:00:00,32.55,2.7,5.1,5.2,6.7,223.2
2019-03-09 08:00:00,277.07,2.8,5,5.1,6.6,214.3
2019-03-09 09:00:00,890.66,3,4.9,5.4,6.5,209.8
2019-03-09 10:00:00,1237.92,3.2,5,5.7,6.3,214
2019-03-09 11:00:00,1697.34,3.3,5,5.7,6.1,217.1
2019-03-09 12:00:00,2235.97,3.7,5.1,6.3,6.1,221.4
2019-03-09 13:00:00,3249.38,4.2,5.4,7.2,6.3,225.6
2019-03-09 14:00:00,3838.2,4.5,5.6,7.7,6.5,229.2
2019-03-09 15:00:00,4187.88,4.5,5.9,7.7,6.8,232.6
2019-03-09 16:00:00,3473.77,4.2,6.3,7.2,7.3,230.3
2019-03-09 17:00:00,2935.77,3.9,6.8,6.8,7.8,224.3
2019-03-09 18:00:00,4870.73,3.9,7.2,6.9,8.3,223.4
2019-03-09 19:00:00,5464.13,4.1,7.5,7.2,8.9,223.7
2019-03-09 20:00:00,7199.77,4.3,7.8,7.5,9.5,221.9
2019-03-09 21:00:00,9635.49,4.6,8,8,9.8,227.8
2019-03-09 22:00:00,11105.87,4.9,7.9,8.3,9.8,234.3
2019-03-09 23:00:00,9140.25,5,7.9,8.5,9.8,238.6
2019-03-10 00:00:00,9863.45,5,7.8,8.6,9.7,243.2
2019-03-10 01:00:00,10794.62,5,7.6,8.7,9.4,245
2019-03-10 02:00:00,9855.4,5,7.4,8.7,9.2,250
2019-03-10 03:00:00,9486.75,4.7,7,8.3,8.8,251.2
2019-03-10 04:00:00,8723.49,4.5,6.6,7.8,8.2,247.6
2019-03-10 05:00:00,6859.56,4.2,6.1,7.5,7.7,247.9
2019-03-10 06:00:00,6514.07,3.9,5.6,7.1,7.2,239.6
2019-03-10 07:00:00,4871.45,3.4,5.1,6.6,6.6,233.6
2019-03-10 08:00:00,4300.57,3.4,4.6,6.4,6,240.1
2019-03-10 09:00:00,4469.54,3.5,4,6.3,5.2,239.3
2019-03-10 10:00:00,3751.26,3.4,3.3,6.1,4.3,235.2
2019-03-10 11:00:00,1809.6,3.3,2.6,5.8,3.3,240.6
2019-03-10 12:00:00,918.7,3.1,2.3,5.3,2.9,270.5
2019-03-10 13:00:00,801.89,2.7,2.4,4.6,2.9,296.5
2019-03-10 14:00:00,1381.29,2.4,2.5,4,2.9,294.6
2019-03-10 15:00:00,1368.72,2.4,2.5,4.1,2.9,303.3
2019-03-10 16:00:00,298.47,2.5,2.5,4.2,2.9,331
2019-03-10 17:00:00,6.42,2.7,2.5,4.1,2.9,358.3
2019-03-10 18:00:00,13.27,2.6,2.7,4.1,3.2,6.6
2019-03-10 19:00:00,0.03,2.4,3.2,4.4,3.8,6.7
2019-03-10 20:00:00,2.34,2.4,3.7,4.6,4.3,8.8
2019-03-10 21:00:00,195,2.5,3.9,4.9,4.6,9
2019-03-10 22:00:00,0,2.1,3.8,4.7,4.6,10
2019-03-10 23:00:00,3.63,1.5,3.8,4.1,4.5,16.5
2019-03-11 00:00:00,246.01,1.2,3.9,3.9,4.7,24.4
2019-03-11 01:00:00,1011.27,1.4,4.3,4.5,5.2,31
2019-03-11 02:00:00,1510.25,1.6,4.7,4.8,5.7,40.9
2019-03-11 03:00:00,2299.71,1.6,5,4.5,6.1,46.3
2019-03-11 04:00:00,2566.01,1.7,5.2,4.5,6.4,44.7
2019-03-11 05:00:00,3765.12,1.8,5.4,4.4,6.7,48.6
2019-03-11 06:00:00,3779.12,1.6,5.5,4.2,6.7,62.1
2019-03-11 07:00:00,3189.45,1.4,5.3,4.1,6.4,78.3
2019-03-11 08:00:00,4792.07,1.7,5.1,3.7,6.2,80.6
2019-03-11 09:00:00,5189.9,2.9,4.7,4.7,5.7,89.9
2019-03-11 10:00:00,5761.32,3.7,4.3,5.9,5.1,96.2
2019-03-11 11:00:00,2365.52,3.5,3.8,5.6,4.4,104.9
2019-03-11 12:00:00,850.03,2.8,3.2,4.5,3.6,111.8
2019-03-11 13:00:00,211.48,2,2.4,3.3,2.6,117.4
2019-03-11 14:00:00,0.19,1.8,1.6,3.1,1.7,137
2019-03-11 15:00:00,0,1.6,1.2,3,1.3,159
2019-03-11 16:00:00,54.54,1.4,1.4,2.5,1.4,181.5
2019-03-11 17:00:00,55.42,1.8,1.5,2.9,1.6,244.2
2019-03-11 18:00:00,0,1.9,1.8,3.7,2,267.7
2019-03-11 19:00:00,417.81,1.5,2.3,2.9,2.6,261.4
2019-03-11 20:00:00,605.6,1.5,2.8,1.9,3.2,249.2
2019-03-11 21:00:00,489.97,1.5,3.1,1.8,3.6,250
2019-03-11 22:00:00,3129.5,1.7,3.2,2,3.9,228.2
2019-03-11 23:00:00,4071.7,2,3.4,2.9,4.3,218.9
2019-03-12 00:00:00,2586.52,2.1,3.6,3.9,4.7,225.7
2019-03-12 01:00:00,3610.11,2.1,4,4.4,5.1,222.6
2019-03-12 02:00:00,2670.52,2.1,4.3,5.3,5.6,210.6
2019-03-12 03:00:00,4821.18,2.1,4.8,5.8,6.3,209.4
2019-03-12 04:00:00,6271.64,2.1,5.5,5.8,7.2,226.1
2019-03-12 05:00:00,6608.71,2.5,6.1,6.9,8,236
2019-03-12 06:00:00,6914.02,2.8,6.7,7.8,8.8,230
2019-03-12 07:00:00,7102.24,3.4,7.2,7.8,9.4,225.9
2019-03-12 08:00:00,7541.91,4.5,7.8,8.3,10.1,228.4
2019-03-12 09:00:00,4443.54,5.2,8.2,9,10.5,228.9
2019-03-12 10:00:00,7929.11,6,8.6,10.4,10.7,236.4
2019-03-12 11:00:00,13703.18,6.6,9,11.5,10.8,240.6
2019-03-12 12:00:00,11322.38,6.1,8.8,11,10.4,238.4
2019-03-12 13:00:00,12222.65,5.8,8,10.3,9.4,241.6
2019-03-12 14:00:00,9900.2,5.7,7.2,9.9,8.4,281.1
2019-03-12 15:00:00,6376.56,5.1,6.5,9.3,7.5,318.5
2019-03-12 16:00:00,6425.93,4.2,5.8,8.1,6.8,314.2
2019-03-12 17:00:00,3984.22,3.5,5.2,6.7,6.1,309.9
2019-03-12 18:00:00,2966.91,2.6,4.8,5.6,5.7,310.1
2019-03-12 19:00:00,1444.47,1.9,4.7,4.9,5.6,313.9
2019-03-12 20:00:00,1762.78,1.6,4.5,4.3,5.5,310.4
2019-03-12 21:00:00,712.5,1.7,4.5,4.3,5.5,308.9
2019-03-12 22:00:00,974.61,1.9,4.4,4.8,5.4,305.6
2019-03-12 23:00:00,2332.1,1.9,4.3,5,5.4,299.2
2019-03-13 00:00:00,2084.89,1.7,4.4,4.7,5.6,296
2019-03-13 01:00:00,3159.03,1.5,4.7,4.6,5.8,292.3
2019-03-13 02:00:00,3003.59,1.6,4.9,5.2,6.1,291.5
2019-03-13 03:00:00,2432.89,1.6,5,5.3,6.3,289.7
2019-03-13 04:00:00,2751.42,1.6,5.1,4.9,6.3,296.4
2019-03-13 05:00:00,2146.07,1.6,5.1,4.8,6.4,313.4
2019-03-13 06:00:00,1897.85,1.6,5.1,4.9,6.4,313.5
2019-03-13 07:00:00,990.85,1.8,5.1,5,6.4,304.8
2019-03-13 08:00:00,1422.49,2.2,5,5.1,6.3,311.3
2019-03-13 09:00:00,1890.08,3,4.9,5.8,6.1,324.2
2019-03-13 10:00:00,2933.5,3.9,4.6,6.8,5.7,329.5
2019-03-13 11:00:00,1899.58,4.1,4.3,7.2,5.2,330.1
2019-03-13 12:00:00,3094.87,4.2,4.2,7.3,5,326.4
2019-03-13 13:00:00,2661.66,4.2,4.2,7.3,4.9,323.6
2019-03-13 14:00:00,2502.44,4.2,4.2,7.2,4.8,325.7
2019-03-13 15:00:00,2978.74,3.9,4.1,6.7,4.6,327
2019-03-13 16:00:00,284.89,3.5,3.8,6,4.3,328
2019-03-13 17:00:00,266.97,2.9,3.6,5.2,4,331.5
2019-03-13 18:00:00,391.19,1.9,3.3,4,3.7,336.2
2019-03-13 19:00:00,38.3,1.1,3,3.2,3.4,333.5
2019-03-13 20:00:00,0,1.1,2.6,2.3,3.1,321.5
2019-03-13 21:00:00,0,1.1,2.2,2.3,2.8,325.1
2019-03-13 22:00:00,0.02,1.1,1.8,3.2,2.4,331.6
2019-03-13 23:00:00,0,1,1.4,3,2,328.8
2019-03-14 00:00:00,4.09,1.3,1.3,1.9,1.9,313.2
2019-03-14 01:00:00,7.7,1.5,1.6,1.2,2.2,297.1
2019-03-14 02:00:00,20.95,1.2,1.8,1.4,2.4,308.9
2019-03-14 03:00:00,3.8,1.1,1.8,1.6,2.3,305.4
2019-03-14 04:00:00,135.22,1.2,1.7,1.9,2,296.4
2019-03-14 05:00:00,31.86,1.4,1.6,2.1,1.7,281.9
2019-03-14 06:00:00,36.36,1.3,1.7,2.6,1.7,262.3
2019-03-14 07:00:00,125.52,1.1,2,2.8,2,256.2
2019-03-14 08:00:00,640.99,1.1,2.3,2.6,2.3,264.6
2019-03-14 09:00:00,1345.03,1.7,2.5,3.1,2.7,278.4
2019-03-14 10:00:00,1440.44,2.6,2.6,4.3,3,284.8
2019-03-14 11:00:00,1343.17,3,2.8,5.2,3.3,290.2
2019-03-14 12:00:00,1265.79,2.9,2.9,4.9,3.4,289.4
2019-03-14 13:00:00,470.47,2.7,2.9,4.6,3.4,288.9
2019-03-14 14:00:00,533.2,3,3,4.9,3.3,295.9
2019-03-14 15:00:00,487.15,2.8,3,4.7,3.2,294.2
2019-03-14 16:00:00,60.76,2.5,3,4.2,3.2,289.8
2019-03-14 17:00:00,15.68,2.4,2.9,4.1,3.2,287.5
2019-03-14 18:00:00,2.26,1.9,2.6,3.8,2.9,291.1
2019-03-14 19:00:00,0,1.4,2,3.2,2.3,296.6
2019-03-14 20:00:00,0.01,1,1.4,2.6,1.8,298.8
2019-03-14 21:00:00,0,0.9,1.1,2,1.5,290.6
2019-03-14 22:00:00,0,1,1.1,2.1,1.5,280
2019-03-14 23:00:00,0.77,1,1.1,2.5,1.4,285.7
2019-03-15 00:00:00,0.31,1,1.1,2.2,1.4,273.8
2019-03-15 01:00:00,0,1.1,1.1,2,1.4,267.9
2019-03-15 02:00:00,0.04,1.2,1.1,2.1,1.4,286.2
2019-03-15 03:00:00,0,1.1,1,1.9,1.3,295.2
2019-03-15 04:00:00,0,0.9,0.7,1.5,1.1,298.7
2019-03-15 05:00:00,0,0.6,0.5,1.3,0.9,300.2
2019-03-15 06:00:00,0,0.8,0.6,0.7,0.8,292.5
2019-03-15 07:00:00,0,1.2,1.1,0.2,0.8,165.5
2019-03-15 08:00:00,0,0.7,1.5,0.2,0.8,85
2019-03-15 09:00:00,0,0.5,1.5,0.3,0.7,47.9
2019-03-15 10:00:00,0,0.6,1,0.4,0.5,51
2019-03-15 11:00:00,0,0.6,0.4,0.5,0.2,81.3
2019-03-15 12:00:00,0,1,0.4,1,0.4,349.3
2019-03-15 13:00:00,0,1.3,0.8,1.7,0.9,337.2
2019-03-15 14:00:00,0,1.2,1.2,1.8,1.5,343.4
2019-03-15 15:00:00,0,1,1.5,1.4,1.8,337.3
2019-03-15 16:00:00,0,0.9,1.7,1.2,2,326.6
2019-03-15 17:00:00,0,1.1,1.9,1.2,2.1,329.4
2019-03-15 18:00:00,0,1.3,2,0.9,2.2,329.8
2019-03-15 19:00:00,129.98,1.2,1.9,0.7,2.1,235.2
2019-03-15 20:00:00,138.69,1.2,1.9,1.5,2,155.7
2019-03-15 21:00:00,0,1.7,1.8,2.9,1.9,142.1
2019-03-15 22:00:00,5.37,2,1.6,3.9,1.7,141.3
2019-03-15 23:00:00,365.98,2,1.4,4.5,1.5,141
2019-03-16 00:00:00,2540.46,2,1.4,4.3,1.4,144.8
2019-03-16 01:00:00,3112.23,2.2,1.5,4.4,1.5,148.5
2019-03-16 02:00:00,3809.34,2.2,1.6,4.6,1.5,146.8
2019-03-16 03:00:00,4086.49,2.1,1.5,4,1.5,151.1
2019-03-16 04:00:00,2760.61,2.2,1.4,3.8,1.4,159.3
2019-03-16 05:00:00,2038.34,2.3,1.2,3.5,1.3,167.3
2019-03-16 06:00:00,3013.02,2.4,1.2,3,1.4,181.5
2019-03-16 07:00:00,1398.44,2.4,1.3,3,1.5,182.7
2019-03-16 08:00:00,630.58,2,1.4,3.5,1.7,179.2
2019-03-16 09:00:00,326.7,2,1.9,3.6,2.3,185.1
2019-03-16 10:00:00,802.45,2.5,2.7,3.8,3.4,202.3
2019-03-16 11:00:00,1389.81,3.2,3.6,5,4.5,228.7
2019-03-16 12:00:00,3783.64,4.2,4.5,7,5.5,232.9
2019-03-16 13:00:00,7800.67,4.9,5.5,8.2,6.5,232.5
2019-03-16 14:00:00,5712.01,4.5,6.4,7.2,7.4,242.4
2019-03-16 15:00:00,4609.33,4.1,7.1,6.2,8.2,250.9
2019-03-16 16:00:00,4541.38,3.9,7.5,6,8.7,257.5
2019-03-16 17:00:00,2854.26,3.4,7.8,5.3,9.2,266.3
2019-03-16 18:00:00,6606.01,3.7,8,6.1,9.5,260.9
2019-03-16 19:00:00,13681.17,4.5,7.9,7.9,9.5,253
2019-03-16 20:00:00,14197.59,5.1,7.9,8.9,9.5,245.8
2019-03-16 21:00:00,12658.91,5.5,7.9,9.5,9.7,244.1
2019-03-16 22:00:00,9559.04,5.7,8.1,9.8,9.9,243.8
2019-03-16 23:00:00,7084.34,5.3,8.3,9.5,10.1,233.9
2019-03-17 00:00:00,5099.11,4.9,8.2,9,10.1,224.4
2019-03-17 01:00:00,5473.95,4.8,8,8.7,9.9,224.4
2019-03-17 02:00:00,6190.59,4.8,7.8,8.8,9.6,225.8
2019-03-17 03:00:00,3845.13,4.4,7.3,8.3,8.9,227.3
2019-03-17 04:00:00,1895.78,4.1,6.4,7.3,7.7,274.6
2019-03-17 05:00:00,1956.36,2.8,5.4,5,6.5,329.5
2019-03-17 06:00:00,2278.63,1.8,4.7,3.9,5.7,328
2019-03-17 07:00:00,733.14,2.1,4.3,4.4,5.3,334.8
2019-03-17 08:00:00,628.89,2.8,3.9,5.1,4.9,344.3
2019-03-17 09:00:00,1521.6,3.5,3.8,6,4.7,349
2019-03-17 10:00:00,2064.33,3.6,3.9,5.9,4.7,350.2
2019-03-17 11:00:00,1200.87,3.5,4.1,5.8,4.7,354.8
2019-03-17 12:00:00,1005.07,3.4,4.2,5.6,4.8,359.8
2019-03-17 13:00:00,1143.79,3.7,4.5,5.8,5,0.8
2019-03-17 14:00:00,1303.87,3.9,4.7,6.1,5.2,360
2019-03-17 15:00:00,1962.81,3.9,4.9,6.2,5.5,1.4
2019-03-17 16:00:00,1434.31,4,5.2,6.5,5.7,6.5
2019-03-17 17:00:00,903.88,3.9,5.4,6.5,6,11.5
2019-03-17 18:00:00,450.52,3.1,5.5,5.9,6.2,14.2
2019-03-17 19:00:00,642.61,2.3,5.3,5.5,6.1,17.4
2019-03-17 20:00:00,777.3,1.9,5.2,5.1,6.1,20.4
2019-03-17 21:00:00,1354.54,1.7,5,4.9,6,21.9
2019-03-17 22:00:00,1371.25,1.8,4.8,4.7,5.9,24.3
2019-03-17 23:00:00,1369.66,1.8,4.6,4.5,5.7,24.7
2019-03-18 00:00:00,1185.65,1.4,4.4,4,5.5,29.5
2019-03-18 01:00:00,956.5,1,4.2,3.4,5.3,27.7
2019-03-18 02:00:00,665.55,0.7,4.1,3.5,5.1,20.7
2019-03-18 03:00:00,619.6,0.4,3.9,3,4.9,25.2
2019-03-18 04:00:00,1224.3,0.8,3.7,3.2,4.7,26.7
2019-03-18 05:00:00,859.18,1.3,3.6,4,4.5,28.6
2019-03-18 06:00:00,702.18,1.1,3.2,3.8,4.1,24.2
2019-03-18 07:00:00,1143.78,0.8,2.7,3.7,3.6,16.4
2019-03-18 08:00:00,288.91,1.3,2.2,3.6,3.1,22
2019-03-18 09:00:00,117.32,2,2.1,3.9,2.8,27
2019-03-18 10:00:00,324.79,2.6,2.3,4.8,3,35.9
2019-03-18 11:00:00,519.5,2.7,2.6,5,3.1,40.5
2019-03-18 12:00:00,497.47,2.6,3,4.1,3.4,36.4
2019-03-18 13:00:00,511.48,2.9,3.5,4.1,3.9,31.3
2019-03-18 14:00:00,753.08,3.7,4,5.8,4.4,29.4
2019-03-18 15:00:00,1027.48,4.2,4.4,6.6,4.9,31.5
2019-03-18 16:00:00,894.37,4.1,4.7,6.7,5.2,32.4
2019-03-18 17:00:00,746.25,3.7,4.9,6.2,5.5,34.2
2019-03-18 18:00:00,1806.47,2.9,5.1,5.6,5.7,36.4
2019-03-18 19:00:00,1158.8,2.2,5.2,5,5.9,34
2019-03-18 20:00:00,1323.83,2.1,5.3,5,6.1,30.6
2019-03-18 21:00:00,1166.88,1.9,5.3,4.9,6.2,28.3
2019-03-18 22:00:00,767.66,1.6,5,4.3,6,31.7
2019-03-18 23:00:00,693.5,1.5,4.8,4,5.8,35.4
2019-03-19 00:00:00,1177.21,1.3,4.6,4,5.7,33.3
2019-03-19 01:00:00,1174.59,1.3,4.5,4.3,5.6,29.2
2019-03-19 02:00:00,1989.15,1.6,4.5,4.9,5.5,27.5
2019-03-19 03:00:00,1605.59,1.7,4.4,5,5.5,29.5
2019-03-19 04:00:00,1009.26,1.7,4.5,4.6,5.6,29.7
2019-03-19 05:00:00,674.85,1.5,4.5,4.5,5.7,27.3
2019-03-19 06:00:00,441.64,1.1,4.3,4,5.5,25.1
2019-03-19 07:00:00,141.38,1,3.9,3.6,5.1,24.7
2019-03-19 08:00:00,510.75,1.3,3.4,3.7,4.6,21.1
2019-03-19 09:00:00,789.99,2.1,3.3,4.3,4.5,22.3
2019-03-19 10:00:00,1308.31,2.9,3.7,4.9,4.6,24.7
2019-03-19 11:00:00,1089.22,3.3,4,5.4,4.7,27.5
2019-03-19 12:00:00,540.32,3.5,4.3,5.5,4.9,36.9
2019-03-19 13:00:00,1321.27,3.5,4.7,5.5,5.3,43.2
2019-03-19 14:00:00,2125.07,3.6,5.1,5.8,5.6,46.2
2019-03-19 15:00:00,1538.33,3.7,5.3,5.8,5.9,55.1
2019-03-19 16:00:00,1620.85,3.8,5.5,6,6.1,60.6
2019-03-19 17:00:00,2258.63,3.6,5.7,5.9,6.3,58.8
2019-03-19 18:00:00,2442.63,3.4,5.9,5.8,6.6,52.3
2019-03-19 19:00:00,3192.83,3.6,6.1,6.2,7,54.6
2019-03-19 20:00:00,3756.17,3.6,6.4,6.2,7.4,62.8
2019-03-19 21:00:00,5873.83,3.5,6.6,6.1,7.7,69.4
2019-03-19 22:00:00,5615.37,3.5,6.7,6.1,7.9,75.5
2019-03-19 23:00:00,4273.18,3.4,6.7,5.9,8,77
2019-03-20 00:00:00,3592.81,3.1,6.9,5.9,8.3,77.2
2019-03-20 01:00:00,6864.94,2.9,7.1,5.9,8.6,77.8
2019-03-20 02:00:00,6807.25,3.2,7.3,6,8.9,76.4
2019-03-20 03:00:00,6780.61,3.4,7.3,6.3,8.9,76
2019-03-20 04:00:00,6673.12,3.6,7,6.6,8.5,79
2019-03-20 05:00:00,4851.86,3.7,6.8,7,8.1,75.7
2019-03-20 06:00:00,7166.61,3.3,6.5,7.1,7.8,75.7
2019-03-20 07:00:00,6962.06,3.5,6.3,7.3,7.6,77.9
2019-03-20 08:00:00,9423.13,4.5,6.1,8,7.4,77.8
2019-03-20 09:00:00,12629.68,5.5,6,8.9,7.2,81.5
2019-03-20 10:00:00,10811.47,5.8,5.9,9.2,7,82.6
2019-03-20 11:00:00,8656.79,5.7,5.9,9,6.7,81.3
2019-03-20 12:00:00,8131,5.2,6,8.2,6.7,78.2
2019-03-20 13:00:00,5176.2,4.8,6.2,7.5,6.9,74.3
2019-03-20 14:00:00,5636.38,4.8,6.4,7.6,7.1,69.4
2019-03-20 15:00:00,6464.32,4.9,6.6,7.8,7.4,66.1
2019-03-20 16:00:00,6519.62,4.8,7,7.9,7.9,63.1
2019-03-20 17:00:00,6692.59,4.6,7.4,7.5,8.3,63.3
2019-03-20 18:00:00,5012.13,3.5,7.7,6.2,8.7,71.8
2019-03-20 19:00:00,2789.11,2.6,7.9,5.2,9,79.7
2019-03-20 20:00:00,2931.8,2.3,8,5.5,9.4,76.7
2019-03-20 21:00:00,4309.47,2.4,8,6.4,9.4,71
2019-03-20 22:00:00,7923.27,2.8,7.7,7.7,9,66.5
2019-03-20 23:00:00,8809.8,3.3,7.3,8.4,8.6,68.2
2019-03-21 00:00:00,11141.45,2.9,7,8,8.3,73.5
2019-03-21 01:00:00,11873.95,2.5,6.6,7.4,7.9,77.5
2019-03-21 02:00:00,13452.56,2.7,6.3,7.6,7.6,79.3
2019-03-21 03:00:00,12850.11,2.9,6,7.8,7.2,79.6
2019-03-21 04:00:00,11189.31,2.8,5.7,7.6,6.8,81
2019-03-21 05:00:00,8862.89,2.8,5.5,7.4,6.5,82.8
2019-03-21 06:00:00,9423.31,2.6,5,6.9,5.9,90.8
2019-03-21 07:00:00,9586.67,2.3,4.2,6.5,5.2,99.6
2019-03-21 08:00:00,5954.95,2.9,3.5,6.3,4.5,97.4
2019-03-21 09:00:00,2613.08,3.8,3.2,6.7,4.2,93.9
2019-03-21 10:00:00,1890.94,4.4,3.5,7.6,4.4,92.2
2019-03-21 11:00:00,1768.65,4.5,3.8,7.7,4.5,90.3
2019-03-21 12:00:00,1795.57,4.3,4,7,4.6,93
2019-03-21 13:00:00,1366.45,4,4.1,6.4,4.6,96.7
2019-03-21 14:00:00,927.61,4,4.1,6.3,4.6,92.6
2019-03-21 15:00:00,1171.57,3.8,4.3,5.8,4.7,88.1
2019-03-21 16:00:00,519.24,3.5,4.5,5.2,4.9,85.7
2019-03-21 17:00:00,309.81,3,4.7,4.7,5.1,85.6
2019-03-21 18:00:00,982.42,2.6,4.5,4.4,5,94.8
2019-03-21 19:00:00,727.64,2,4.1,3.6,4.6,97.7
2019-03-21 20:00:00,611.31,1.7,3.6,2.5,4.2,92.1
2019-03-21 21:00:00,5.81,1.7,3.1,1.8,3.6,108.2
2019-03-21 22:00:00,135.74,1.9,2.6,2.1,2.9,136.7
2019-03-21 23:00:00,1199.87,1.9,2,2.7,2.2,141.1
2019-03-22 00:00:00,1587.42,1.9,1.8,3.3,1.9,143.1
2019-03-22 01:00:00,1796.16,2,1.7,4.1,1.8,149.2
2019-03-22 02:00:00,1658.07,1.9,1.7,3.9,1.8,156.1
2019-03-22 03:00:00,837.53,1.9,1.7,3.4,1.8,164.6
2019-03-22 04:00:00,926.67,2.1,1.6,3.3,1.7,165.8
2019-03-22 05:00:00,789.93,2.1,1.5,3.5,1.6,159.7
2019-03-22 06:00:00,625.57,2.1,1.5,3.3,1.7,170.3
2019-03-22 07:00:00,31.4,1.9,1.6,2.9,1.8,191
2019-03-22 08:00:00,0.63,1.6,1.6,2.8,1.9,184
2019-03-22 09:00:00,0,1.5,1.7,2.5,2,164.2
2019-03-22 10:00:00,92.52,1.8,1.9,2.8,2.1,199.4
2019-03-22 11:00:00,9.41,2.4,2,3.7,2.2,240.5
2019-03-22 12:00:00,154.03,2.5,2,4.1,2.2,246
2019-03-22 13:00:00,555.82,2.4,1.9,3.8,2,245.2
2019-03-22 14:00:00,145.18,2.2,1.8,3.4,1.8,259.1
2019-03-22 15:00:00,137.9,2.2,1.9,3.2,1.9,283.3
2019-03-22 16:00:00,819.03,2.4,2.3,3.5,2.3,305.9
2019-03-22 17:00:00,1027.65,2.8,2.7,4.9,2.6,322.3
2019-03-22 18:00:00,766.88,2.4,2.7,5.2,2.6,341.2
2019-03-22 19:00:00,389.73,1.3,2.3,3.9,2.3,13.4
2019-03-22 20:00:00,0.03,1.2,1.9,3,1.9,24.8
2019-03-22 21:00:00,0,1.5,1.8,2.2,1.8,38.6
2019-03-22 22:00:00,0,1.6,1.8,1.6,1.8,111.6
2019-03-22 23:00:00,0,1.5,1.9,1.1,1.8,116.1
2019-03-23 00:00:00,0,1.6,1.9,0.9,1.8,86.1
2019-03-23 01:00:00,0,1.8,1.8,1.2,1.7,100.9
2019-03-23 02:00:00,43.18,1.7,1.8,1.1,1.7,123.2
2019-03-23 03:00:00,232.22,2.1,1.7,1.5,1.6,133.8
2019-03-23 04:00:00,1236.05,2.3,1.5,2.1,1.5,131.6
2019-03-23 05:00:00,2189.29,2.3,1.4,2.7,1.5,135.9
2019-03-23 06:00:00,2845.68,2.1,1.3,3.4,1.4,138.3
2019-03-23 07:00:00,1789.31,1.5,1.3,3.7,1.4,130.3
2019-03-23 08:00:00,655.06,1.5,1.2,3.9,1.4,126.8
2019-03-23 09:00:00,209.45,1.9,1.1,3.7,1.3,130.2
2019-03-23 10:00:00,397.99,2.3,1.1,3.6,1.2,133
2019-03-23 11:00:00,243.04,2.2,1,3.5,1.1,135.7
2019-03-23 12:00:00,8.8,1.3,1,2.5,1,152.3
2019-03-23 13:00:00,0,0.7,1,1.2,1.1,187.4
2019-03-23 14:00:00,0,1.1,1.1,0.6,1.2,314.9
2019-03-23 15:00:00,411.52,1.9,1.6,1.4,1.8,0.8
2019-03-23 16:00:00,2616.24,3.1,2.7,4.2,2.8,10.5
2019-03-23 17:00:00,1811.14,3.5,3.8,6.2,3.9,19.3
2019-03-23 18:00:00,1479.85,2.5,4.5,5.4,4.7,32.9
2019-03-23 19:00:00,1077.64,1.8,4.7,4.7,5.1,50
2019-03-23 20:00:00,1594.24,1.7,4.9,4.2,5.5,64.5
2019-03-23 21:00:00,1329.86,1.4,5,3.6,5.8,77.4
2019-03-23 22:00:00,886.64,1.3,5,3.4,5.7,84.6
2019-03-23 23:00:00,2318.52,1.2,4.9,3.4,5.7,85.3
2019-03-24 00:00:00,3369.82,1.5,4.8,3.5,5.6,81.4
2019-03-24 01:00:00,2259.91,1.9,4.6,3.5,5.5,74
2019-03-24 02:00:00,1535.17,1.9,4.5,3.5,5.3,68.9
2019-03-24 03:00:00,3382.05,1.6,4.1,3.6,4.8,78.4
2019-03-24 04:00:00,4654.83,1.2,3.5,3.1,4,92.7
2019-03-24 05:00:00,5157.76,1.3,2.8,2.4,3.3,94.2
2019-03-24 06:00:00,4530.43,1.5,2.5,2.6,2.9,101.3
2019-03-24 07:00:00,4630.07,1.2,2.5,2.8,3,105.7
2019-03-24 08:00:00,1441.57,0.9,2.4,2.5,3.1,92.8
2019-03-24 09:00:00,676.42,1.2,2.8,2.2,3.5,84.5
2019-03-24 10:00:00,2126.76,1.9,3.6,3.2,4.3,79.4
2019-03-24 11:00:00,2680.54,3,4.4,5.2,5,68.2
2019-03-24 12:00:00,4231.07,3.4,4.9,5.5,5.5,66.5
2019-03-24 13:00:00,2321.59,3.3,5.1,5.3,5.7,71.3
2019-03-24 14:00:00,1772.68,3.4,5.4,5.4,6,74.1
2019-03-24 15:00:00,2564.13,3.8,6,6.4,6.6,67.5
2019-03-24 16:00:00,6570.96,4.1,6.9,7.6,7.7,60.2
2019-03-24 17:00:00,6603.63,3.7,7.8,7.9,8.7,59.8
2019-03-24 18:00:00,4251.53,3.5,8.3,8.5,9.4,60.5
2019-03-24 19:00:00,6627.55,3.5,8.4,8.9,9.6,65.7
2019-03-24 20:00:00,4062.61,3,8.5,7.9,9.9,73.7
2019-03-24 21:00:00,5440.14,2.5,8.5,6.6,10,78.5
2019-03-24 22:00:00,3297.83,2.3,8.4,6.1,9.9,81.8
2019-03-24 23:00:00,6197.12,2.2,8.2,5.5,9.9,83.1
2019-03-25 00:00:00,5793.35,2.2,8.2,5.7,9.8,76.1
2019-03-25 01:00:00,4005.12,2.4,8.1,6,9.7,74.8
2019-03-25 02:00:00,4345.59,2.5,8.1,5.9,9.6,78.2
2019-03-25 03:00:00,2963.3,2.6,8,6,9.6,80.7
2019-03-25 04:00:00,3535.35,2.7,7.9,5.8,9.5,84
2019-03-25 05:00:00,5690.71,2.4,7.8,5.3,9.4,83.2
2019-03-25 06:00:00,4991.27,2.6,7.8,5.5,9.3,84.8
2019-03-25 07:00:00,6390.76,3.1,7.7,6,9.2,86.6
2019-03-25 08:00:00,9360.8,3.8,7.6,6.4,9,85.2
2019-03-25 09:00:00,10122.8,4.6,7.6,7.2,8.9,84.2
2019-03-25 10:00:00,10610.7,5,7.6,8,8.9,82
2019-03-25 11:00:00,11600.63,5.2,7.7,8.4,8.8,80.9
2019-03-25 12:00:00,12541.33,5.6,8,8.8,9.1,78
2019-03-25 13:00:00,9845.48,5.6,8.5,9.2,9.7,73.2
2019-03-25 14:00:00,13189.54,5.8,9.1,10.4,10.2,69.2
2019-03-25 15:00:00,11914.55,6.3,9.5,12.1,10.8,66.3
2019-03-25 16:00:00,14007.32,6.5,10,12.6,11.3,65.8
2019-03-25 17:00:00,13115.63,6.1,10.5,12.2,11.9,66.2
2019-03-25 18:00:00,14660.09,5.6,10.8,11.7,12.4,66.4
2019-03-25 19:00:00,15454.44,5.6,11.1,12.2,12.8,66.2
2019-03-25 20:00:00,15328.89,6.1,11.4,13,13.3,67.4
2019-03-25 21:00:00,14742.61,6,11.4,12.6,13.4,70
2019-03-25 22:00:00,14823.34,5.7,11.2,11.6,13.2,72.4
2019-03-25 23:00:00,11275.23,5.7,10.9,11.1,13,74.7
2019-03-26 00:00:00,9883.87,5.5,10.7,10.8,12.7,75.2
2019-03-26 01:00:00,14131.08,5.2,10.5,9.9,12.5,77.8
2019-03-26 02:00:00,13650.53,5.1,10.3,9.4,12.2,81.7
2019-03-26 03:00:00,15556.89,5.3,10.2,9.6,12.1,82.9
2019-03-26 04:00:00,14925,5.3,10.3,9.9,12.2,84.4
2019-03-26 05:00:00,15335.02,5.2,10.4,9.9,12.3,83.3
2019-03-26 06:00:00,13016.39,5.2,10.3,10.1,12.2,81.6
2019-03-26 07:00:00,10512.46,5.3,10.1,10.5,11.9,82.4
2019-03-26 08:00:00,8800.86,6.1,9.8,11.6,11.6,83
2019-03-26 09:00:00,7827,6.7,9.5,12.2,11.1,82.1
2019-03-26 10:00:00,10021.57,6.4,9,11.4,10.4,80.3
2019-03-26 11:00:00,9391.91,6.3,8.4,11.2,9.8,77.3
2019-03-26 12:00:00,7959.76,6.2,8.4,10.7,9.6,77.5
2019-03-26 13:00:00,8193.06,5.9,8.7,9.8,10,78.1
2019-03-26 14:00:00,8438.31,5.6,9.1,9.4,10.4,74.8
2019-03-26 15:00:00,7172.36,5.4,9.4,10,10.7,70.5
2019-03-26 16:00:00,9216.15,5.3,9.5,10.5,10.8,67
2019-03-26 17:00:00,8554.72,4.8,9.6,10,11,66.7
2019-03-26 18:00:00,5915.1,4.2,9.5,8.6,11,69.9
2019-03-26 19:00:00,5036.83,3.5,9.3,7.6,10.8,70.9
2019-03-26 20:00:00,3631.67,2.7,9,7.7,10.6,68.9
2019-03-26 21:00:00,3603.47,2.5,8.4,7.8,10,71.6
2019-03-26 22:00:00,3806.19,2.9,7.6,8,9.1,76.8
2019-03-26 23:00:00,5841.41,3.2,6.7,8.4,8.1,82
2019-03-27 00:00:00,5351.73,3.3,6.3,8.9,7.6,83.9
2019-03-27 01:00:00,7030.55,3,6.3,9.3,7.6,81.6
2019-03-27 02:00:00,11204.4,3,6.4,9.5,7.6,81.7
2019-03-27 03:00:00,11690.37,3.1,6.3,9.1,7.5,88
2019-03-27 04:00:00,14009.99,2.8,6.2,8.5,7.3,89.7
2019-03-27 05:00:00,11010.35,2.7,6.1,8.5,7.2,85.7
2019-03-27 06:00:00,8278.27,2.8,5.6,7.9,6.7,90.7
2019-03-27 07:00:00,7624.27,2.6,4.8,6.9,6,98.1
2019-03-27 08:00:00,2955.55,2.6,4,6.1,5.3,98.8
2019-03-27 09:00:00,1257.8,3.5,3.8,6.5,5,94.6
2019-03-27 10:00:00,2537.8,4.4,4.1,7.2,5.1,93.9
2019-03-27 11:00:00,928.91,4.4,4.5,7,5.3,91.2
2019-03-27 12:00:00,1779.946667,4.3,5.2,6.9,5.9,83.1
2019-03-27 13:00:00,2630.983333,4.5,6.2,7.2,7,76.8
2019-03-27 14:00:00,3482.02,4.5,7.3,7.1,8.2,75.6
2019-03-27 15:00:00,4480.48,4.3,8.1,7.1,9.1,75.3
2019-03-27 16:00:00,5265.78,4.3,8.8,8.2,9.8,69.7
2019-03-27 17:00:00,7169.44,4.3,9.4,9,10.5,67.9
2019-03-27 18:00:00,4984.07,3.6,9.9,8.1,11.1,73.1
2019-03-27 19:00:00,8631.88,2.8,10.1,7.5,11.6,75.3
2019-03-27 20:00:00,7282.95,3.3,10.4,8.9,12.1,69.9
2019-03-27 21:00:00,4643.76,4.6,10.1,10.8,11.9,69.7
2019-03-27 22:00:00,4206.55,5.1,9.3,10.7,11.2,74.9
2019-03-27 23:00:00,4041.95,4.6,8.5,9.4,10.4,79.6
2019-03-28 00:00:00,8772.08,3.8,7.7,8.3,9.4,85.5
2019-03-28 01:00:00,13727.81,3.1,6.8,8.1,8.3,92.6
2019-03-28 02:00:00,8757.93,2.7,5.9,7.4,7.2,90.6
2019-03-28 03:00:00,6792.79,2.4,5.4,6.5,6.5,86.1
2019-03-28 04:00:00,6904.44,2.4,5.2,6.9,6.3,82.5
2019-03-28 05:00:00,7370.04,2.4,5.1,7.8,6,78.5
2019-03-28 06:00:00,9562.84,2.3,4.7,7.9,5.7,78.7
2019-03-28 07:00:00,6667.5,2.6,4.2,8.2,5.4,77.9
2019-03-28 08:00:00,8745.46,3.5,3.7,8.5,5,74.4
2019-03-28 09:00:00,7316.39,4.2,3.8,8,5,74.1
2019-03-28 10:00:00,5969.59,4.5,4.4,7.9,5.5,75.7
2019-03-28 11:00:00,8022.98,4.6,5.1,7.9,5.9,78.4
2019-03-28 12:00:00,10266.3,4.8,5.7,7.8,6.4,77.2
2019-03-28 13:00:00,9293.38,5.1,6.2,8.6,7,67.7
2019-03-28 14:00:00,8985.1,5.1,6.8,9,7.6,65
2019-03-28 15:00:00,8283.58,4.9,7.2,8.5,8,71.3
2019-03-28 16:00:00,10350.09,4.8,7.4,7.8,8.3,76.6
2019-03-28 17:00:00,11906.92,4.4,7.6,7.1,8.6,81.5
2019-03-28 18:00:00,11620.26,3.6,7.6,6.1,8.7,86.5
2019-03-28 19:00:00,6578.27,2.7,7.3,5.7,8.4,83.2
2019-03-28 20:00:00,5418.69,2.2,7,6.1,8.2,76.6
2019-03-28 21:00:00,7891.05,1.9,6.5,5.8,7.7,77.4
2019-03-28 22:00:00,9158.47,1.9,5.7,5.2,6.8,83.5
2019-03-28 23:00:00,5044.7,2.2,5,4.7,5.9,104.4
2019-03-29 00:00:00,5654.53,2.8,4.3,5.4,5,122.2
2019-03-29 01:00:00,4938.68,2.5,3.7,5.2,4.2,120.9
2019-03-29 02:00:00,3769.93,2.1,3,4.5,3.5,130.3
2019-03-29 03:00:00,3292.63,2.1,2.6,4.8,2.9,133.8
2019-03-29 04:00:00,3130.75,2.1,2.4,4.9,2.6,130.8
2019-03-29 05:00:00,2116.21,2.2,2.1,5.4,2.3,133.2
2019-03-29 06:00:00,1399.34,2.2,1.9,5.9,2.1,134.1
2019-03-29 07:00:00,2483.71,2.2,1.7,5.6,2.1,135.5
2019-03-29 08:00:00,1482.63,2.2,1.5,4.4,2,138
2019-03-29 09:00:00,1022.27,2.5,1.3,3.9,1.8,138.3
2019-03-29 10:00:00,291.4,2.7,1.2,4.3,1.6,137.3
2019-03-29 11:00:00,0.42,2.2,1.1,3.8,1.4,139.8
2019-03-29 12:00:00,0,1.2,1.1,2.6,1.3,143.5
2019-03-29 13:00:00,12.39,1.2,1.3,1.7,1.4,179.7
2019-03-29 14:00:00,604.13,2.2,1.5,2.8,1.6,274.5
2019-03-29 15:00:00,830.55,2.6,1.7,4.2,1.7,288
2019-03-29 16:00:00,1345.17,2.6,1.8,4.2,1.8,293.7
2019-03-29 17:00:00,1605.5,2.7,2,4.7,1.9,284.1
2019-03-29 18:00:00,948.08,2.3,1.9,4.6,1.7,271.7
2019-03-29 19:00:00,1413.43,1.9,1.5,4,1,262.9
2019-03-29 20:00:00,951.37,2,1.2,3.4,0.4,259.5
2019-03-29 21:00:00,0.01,2.1,1.1,2.4,0.4,250.3
2019-03-29 22:00:00,20.43,2.1,1.3,1.6,0.9,230.6
2019-03-29 23:00:00,0,2.2,1.4,1.7,1.5,204.4
2019-03-30 00:00:00,0,2.4,1.5,1.8,1.7,201.1
2019-03-30 01:00:00,0.02,2.5,1.5,1.9,1.8,200.1
2019-03-30 02:00:00,0.88,2.4,1.5,2.3,1.8,178.7
2019-03-30 03:00:00,0.63,2.2,1.5,2.5,1.8,174.8
2019-03-30 04:00:00,0,2.2,1.5,2.4,1.7,178.6
2019-03-30 05:00:00,0,2.2,1.4,2.3,1.7,183.3
2019-03-30 06:00:00,138.23,2.4,1.4,2.2,1.7,190.1
2019-03-30 07:00:00,187.05,2.2,1.4,2.1,1.7,191.8
2019-03-30 08:00:00,65.7,1.5,1.4,2,1.8,178.9
2019-03-30 09:00:00,0.37,1,1.6,1.9,2,172.6
2019-03-30 10:00:00,5.84,1.1,2,1.7,2.3,214.7
2019-03-30 11:00:00,80.56,1.5,2.4,2.2,2.6,257.7
2019-03-30 12:00:00,347.71,1.6,2.6,2.5,2.7,263.6
2019-03-30 13:00:00,597.51,1.6,2.6,2.5,2.7,269.3
2019-03-30 14:00:00,963.53,1.9,2.6,2.8,2.6,274.2
2019-03-30 15:00:00,1178.31,2.3,2.7,3.4,2.7,290.6
2019-03-30 16:00:00,1428.67,2.8,2.9,4.4,2.8,312.5
2019-03-30 17:00:00,763.99,3,3.1,5.1,2.9,322.3
2019-03-30 18:00:00,0,2.5,3,5,2.9,322.3
2019-03-30 19:00:00,0,1.5,2.5,4.3,2.6,338.1
2019-03-30 20:00:00,0,1,2.1,3.3,2.3,11.5
2019-03-30 21:00:00,2.18,1,1.9,2.3,2.1,37.5
2019-03-30 22:00:00,78.49,1.3,1.8,1.9,2.1,28.8
2019-03-30 23:00:00,0,1.2,1.8,1.5,2.1,26.1
2019-03-31 00:00:00,0,0.7,1.8,1.5,2.1,25.6
2019-03-31 01:00:00,0,0.7,1.7,1.9,2.1,358.2
2019-03-31 02:00:00,0,1,1.7,2,2.1,349.1
2019-03-31 03:00:00,0,1.3,1.6,1.7,2,16.6
2019-03-31 04:00:00,0,1.2,1.5,1.7,1.8,96.2
2019-03-31 05:00:00,0,1.1,1.4,2.1,1.6,126.3
2019-03-31 06:00:00,0,1.4,1.3,1.9,1.5,125.7
2019-03-31 07:00:00,26.76,1.4,1.2,1.8,1.5,115.5
2019-03-31 08:00:00,46.09,0.9,1.1,2.1,1.5,104.7
2019-03-31 09:00:00,1.21,0.8,1.3,1.7,1.7,99.6
2019-03-31 10:00:00,0.01,1.2,1.7,1.8,2.1,105.4
2019-03-31 11:00:00,0,1.5,2.2,2.4,2.5,115.6
2019-03-31 12:00:00,0.02,1.6,2.4,2.7,2.7,118.1
2019-03-31 13:00:00,1440.9,1.7,2.3,2.9,2.7,105.5
2019-03-31 14:00:00,2041.04,2.3,2.3,4,2.7,75.2
2019-03-31 15:00:00,1209.63,3.6,2.6,6.1,3.1,58
2019-03-31 16:00:00,1573.31,4.2,3.5,7.2,3.9,66
2019-03-31 17:00:00,3499.96,3.6,4.3,6.3,4.6,80.5
2019-03-31 18:00:00,1114.84,2.4,4.5,4.1,4.9,91
2019-03-31 19:00:00,64.79,1.6,4.1,2.5,4.6,104.7
2019-03-31 20:00:00,1310.39,1.6,3.8,1.9,4.3,104.1
2019-03-31 21:00:00,3395.14,1.8,4.1,2.5,4.9,93.9
2019-03-31 22:00:00,3989.84,1.9,5.2,3.9,6.3,92.5
2019-03-31 23:00:00,4494.17,2.1,6.3,4.7,7.8,109.5
2019-04-01 00:00:00,6716.42,2.3,6.9,6.8,8.7,100.6
2019-04-01 01:00:00,8359.91,2.6,7.2,8.8,9,87.5
2019-04-01 02:00:00,9889.02,2.6,7.4,8.4,9.3,85.8
2019-04-01 03:00:00,8770.13,2.4,7.2,7.6,8.9,84.3
2019-04-01 04:00:00,5423.56,2.2,6.5,6.6,8,82.4
2019-04-01 05:00:00,3005.67,2.2,5.9,5.7,7.1,79.2
2019-04-01 06:00:00,4752.98,2,5.2,5.6,6.2,81.1
2019-04-01 07:00:00,4441,1.5,4.4,4.8,5.5,88.6
2019-04-01 08:00:00,3038.49,1.7,3.6,3.7,4.8,93.8
2019-04-01 09:00:00,2287.77,2.8,3.3,5.1,4.4,88.5
2019-04-01 10:00:00,4271.68,3.9,3.4,7,4.2,85.4
2019-04-01 11:00:00,6361.02,4.1,3.5,7.2,4,81.8
2019-04-01 12:00:00,6381.46,3.7,3.7,6.2,4.1,71.1
2019-04-01 13:00:00,5340.29,3.3,4,5.4,4.5,53.7
2019-04-01 14:00:00,3526.36,3.6,4.4,5.7,4.8,45
2019-04-01 15:00:00,3982.14,3.7,4.6,5.9,5,42.5
2019-04-01 16:00:00,3203.09,3.7,4.7,6,5.1,40.7
2019-04-01 17:00:00,1712.32,3.3,4.8,5.4,5.2,38.5
2019-04-01 18:00:00,2388.39,2.3,4.6,4.2,5,34.3
2019-04-01 19:00:00,1922.86,1.8,4,3.9,4.5,26
2019-04-01 20:00:00,1630.5,1.7,3.5,4,4,23
2019-04-01 21:00:00,1721.37,1.6,3,3.7,3.5,22.2
2019-04-01 22:00:00,1132.22,1.7,2.5,3,3,18.1
2019-04-01 23:00:00,114.43,2.1,2,3.8,2.5,358.4
2019-04-02 00:00:00,350.72,2.1,1.6,5.4,2,353.6
2019-04-02 01:00:00,17.74,1.7,1.3,4.7,1.7,0.5
2019-04-02 02:00:00,738.61,1.9,1,4.2,1.4,355.8
2019-04-02 03:00:00,1428.23,2,0.8,4.5,1.2,348.8
2019-04-02 04:00:00,2472.21,2.3,0.7,4.8,1.2,345.6
2019-04-02 05:00:00,1258.91,2.5,0.6,5,1.1,342.3
2019-04-02 06:00:00,209.3,2.1,0.5,4.2,1.1,340
2019-04-02 07:00:00,0,2,0.5,3.7,1,336.7
2019-04-02 08:00:00,0,2,0.4,3.6,0.9,333.4
2019-04-02 09:00:00,0,2.1,0.8,3.6,1.2,325.5
2019-04-02 10:00:00,0.27,2.3,1.5,3.8,2,319.6
2019-04-02 11:00:00,23.55,2.8,2.3,4.7,2.7,320.4
2019-04-02 12:00:00,111.76,3.1,2.9,5.1,3.3,322.5
2019-04-02 13:00:00,19.13,3.5,3.4,5.9,3.8,319.1
2019-04-02 14:00:00,1438.93,4.3,3.9,7.2,4.3,316.9
2019-04-02 15:00:00,2530.47,4.4,4.3,7.4,4.7,317.4
2019-04-02 16:00:00,2650.15,4.4,4.5,7.6,4.9,320.1
2019-04-02 17:00:00,2435.92,4.3,4.7,7.4,5.2,324.2
2019-04-02 18:00:00,1309.47,4,4.7,6.8,5.2,329.1
2019-04-02 19:00:00,1849.54,3.7,4.5,6.5,5.1,334.2
2019-04-02 20:00:00,1548.79,3,4.4,5.4,5,331
2019-04-02 21:00:00,983.36,2.6,4.3,4.7,5,321.3
2019-04-02 22:00:00,1096.17,2.8,4.3,5.2,5,319.7
2019-04-02 23:00:00,1296.63,2.8,4.3,5.2,5.1,321
2019-04-03 00:00:00,1462.65,2.4,4.5,5.2,5.4,315.7
2019-04-03 01:00:00,1422.42,2.4,4.8,5.5,5.9,308.6
2019-04-03 02:00:00,2339.53,3.1,5.2,6.1,6.4,311.1
2019-04-03 03:00:00,1585.96,3.4,5.6,6.5,6.8,314.7
2019-04-03 04:00:00,3181.32,3.2,5.8,6.3,7.1,314.2
2019-04-03 05:00:00,3493.17,3.4,6.1,6.5,7.4,313.4
2019-04-03 06:00:00,3844.91,3.8,6.3,7.2,7.6,318.9
2019-04-03 07:00:00,3869.04,3.6,6.3,6.9,7.7,313.7
2019-04-03 08:00:00,5437.9,3.5,6.4,6.8,7.8,311.4
2019-04-03 09:00:00,3141.88,4.4,6.4,8.3,7.8,319.4
2019-04-03 10:00:00,4660.21,5.3,6.4,9.7,7.7,319.7
2019-04-03 11:00:00,4589.51,5.7,6.3,10.1,7.6,323.7
2019-04-03 12:00:00,3236.81,5.9,6.4,10,7.7,326.5
2019-04-03 13:00:00,5766.3,5.9,6.7,10,7.9,325.1
2019-04-03 14:00:00,6220.15,5.8,6.9,9.9,8.1,323.2
2019-04-03 15:00:00,5241.67,5.6,6.9,9.7,8.1,322.1
2019-04-03 16:00:00,4766.58,5.2,6.7,9.1,7.9,321.1
2019-04-03 17:00:00,4800.63,4.7,6.5,8.4,7.7,320.1
2019-04-03 18:00:00,2801.16,3.7,6.2,7.2,7.4,317.5
2019-04-03 19:00:00,2664.77,2.7,5.8,5.8,7,310.7
2019-04-03 20:00:00,1203.78,2.7,5.5,5.8,6.6,308.2
2019-04-03 21:00:00,2249.61,3,5.3,6.1,6.4,309.3
2019-04-03 22:00:00,1874.09,2.9,5.2,5.7,6.4,310.6
2019-04-03 23:00:00,2322.08,3.3,5.2,6.4,6.3,300.9
2019-04-04 00:00:00,1308.53,2.8,5,6.1,6.2,291.7
2019-04-04 01:00:00,1709.16,1.7,4.8,4.7,5.9,284.4
2019-04-04 02:00:00,1642.7,1.7,4.6,4.7,5.6,278.3
2019-04-04 03:00:00,1560.01,1.5,4.6,4.5,5.6,272.9
2019-04-04 04:00:00,1364.14,1.5,4.9,4.3,6,255.5
2019-04-04 05:00:00,841.97,2.5,5.2,5.3,6.4,246
2019-04-04 06:00:00,1169.7,3.6,5.7,6.7,7,240.5
2019-04-04 07:00:00,2377.38,4.1,6.5,7.3,7.9,228.7
2019-04-04 08:00:00,5077.55,4.5,7.2,7.7,8.8,220.5
2019-04-04 09:00:00,8440.23,5.3,8.1,9.1,9.7,216.9
2019-04-04 10:00:00,10399.36,6,9,10.5,10.7,213.6
2019-04-04 11:00:00,12227.75,6,10,10.9,11.8,210.9
2019-04-04 12:00:00,12198.77,6,10.5,11,12.4,210.4
2019-04-04 13:00:00,11892.49,6.2,10.7,11.2,12.6,214.7
2019-04-04 14:00:00,12249.63,6.4,10.8,11.5,12.8,214.6
2019-04-04 15:00:00,10094.96,6.2,10.2,11.6,12.2,209.8
2019-04-04 16:00:00,9941.87,5.8,8.8,11,10.5,210.2
2019-04-04 17:00:00,7525.83,4.8,7.3,9.4,8.9,212.3
2019-04-04 18:00:00,1490.24,4,6.4,8.1,7.8,209.6
2019-04-04 19:00:00,1559.05,3.5,5.8,7.2,7.2,221.1
2019-04-04 20:00:00,2945.18,3.1,5.3,6.2,6.6,240.9
2019-04-04 21:00:00,1089.39,3.3,5.2,6.4,6.4,250.7
2019-04-04 22:00:00,477.67,3.5,5.6,6.8,6.8,261.6
2019-04-04 23:00:00,867.21,3.2,5.9,6.2,7.1,240.5
2019-04-05 00:00:00,1761.2,3,6.2,6.1,7.5,225.1
2019-04-05 01:00:00,2933.65,3.1,6.6,6.6,8,235
2019-04-05 02:00:00,5603.36,3.2,7,6.8,8.4,230.2
2019-04-05 03:00:00,3715.92,3.2,7.3,6.6,8.8,225
2019-04-05 04:00:00,1264.81,3.2,7.5,6.6,9.1,220.2
2019-04-05 05:00:00,1982.24,3.4,7.7,6.8,9.3,207.7
2019-04-05 06:00:00,3976.68,3.6,7.7,7.2,9.4,195.5
2019-04-05 07:00:00,3417.98,4.2,7.6,7.8,9.3,196.2
2019-04-05 08:00:00,4663.3,5,7.5,8.8,9.1,199.6
2019-04-05 09:00:00,5133.87,5.5,7.2,10,8.7,202.7
2019-04-05 10:00:00,9511.43,5.6,6.7,9.9,8.1,207.8
2019-04-05 11:00:00,8060.34,5.3,6.2,9.4,7.4,213.4
2019-04-05 12:00:00,7789.16,5.4,5.9,9.8,7,220.9
2019-04-05 13:00:00,6838.69,5.1,5.7,9.2,6.8,228.9
2019-04-05 14:00:00,5094.45,4.4,5.6,7.6,6.6,240.5
2019-04-05 15:00:00,2499.89,3.8,5.4,6.4,6.5,250.8
2019-04-05 16:00:00,2358.3,3.3,5.3,5.4,6.4,258.8
2019-04-05 17:00:00,4213.08,3.1,5.3,5.3,6.3,272.6
2019-04-05 18:00:00,2559.54,3,5.6,5.7,6.8,248.1
2019-04-05 19:00:00,3619.34,3.3,6.3,6.3,7.8,218.2
2019-04-05 20:00:00,4046.67,3.8,7.1,7.2,8.7,215.7
2019-04-05 21:00:00,7450.93,4,7.6,7.6,9.4,220.7
2019-04-05 22:00:00,4023.66,3.8,7.9,7.7,9.6,220.7
2019-04-05 23:00:00,5122.03,4.2,8.2,8.4,9.9,211
2019-04-06 00:00:00,5251.65,4.6,8.4,8.8,10.1,213.3
2019-04-06 01:00:00,4529.15,4.6,8.5,8.9,10.2,217.2
2019-04-06 02:00:00,3691.36,4.7,8.6,8.6,10.3,208.7
2019-04-06 03:00:00,3217.17,4.4,8.3,8,10,192.4
2019-04-06 04:00:00,5265.71,4.2,7.7,7.9,9.2,198
2019-04-06 05:00:00,4581.98,3.5,7.1,7.2,8.4,195.5
2019-04-06 06:00:00,2426.72,3,6.5,6.4,7.7,193.9
2019-04-06 07:00:00,697.47,3.5,5.9,6.5,7.1,233.1
2019-04-06 08:00:00,479.69,3.9,5.4,6.9,6.5,257.1
2019-04-06 09:00:00,2174.51,4.4,5.4,7.8,6.5,273.6
2019-04-06 10:00:00,6339.92,5.2,5.8,9.3,7.2,290.9
2019-04-06 11:00:00,9095.33,5.2,6.3,9.3,7.8,300.2
2019-04-06 12:00:00,6328.08,4.8,6.7,8.4,8.2,296.7
2019-04-06 13:00:00,8358.79,5.5,6.9,9.4,8.5,291.1
2019-04-06 14:00:00,8164.96,5.8,7.2,10.2,8.7,290.6
2019-04-06 15:00:00,10660.95,5.1,6.9,9.1,8.4,287.9
2019-04-06 16:00:00,8542.39,4.6,6.2,8.1,7.7,284.8
2019-04-06 17:00:00,6228.68,4.2,5.5,7.7,6.9,287.8
2019-04-06 18:00:00,2938.6,3.4,5,7,6.3,281.1
2019-04-06 19:00:00,1854.82,2.8,4.7,6.1,5.9,264.1
2019-04-06 20:00:00,1267.49,2.6,4.4,5.4,5.5,258.9
2019-04-06 21:00:00,1014.35,2.6,4.3,5.3,5.3,258.1
2019-04-06 22:00:00,907.12,2.6,4.4,5.2,5.4,260.8
2019-04-06 23:00:00,2652.65,2.7,4.5,5.2,5.5,265.9
2019-04-07 00:00:00,3938.38,2.6,4.4,5.6,5.4,253.9
2019-04-07 01:00:00,2667.94,2.2,4.2,5.6,5.1,234.7
2019-04-07 02:00:00,2496.79,2.1,3.9,5.1,4.8,223.6
2019-04-07 03:00:00,277.51,2.5,3.8,5.4,4.6,219.6
2019-04-07 04:00:00,1345.28,2.6,3.8,5.7,4.7,219.1
2019-04-07 05:00:00,1837.09,2.2,3.9,5.5,4.7,213.5
2019-04-07 06:00:00,805.42,2.1,3.7,5.4,4.6,202.3
2019-04-07 07:00:00,2.39,2.4,3.3,5,4.5,195.4
2019-04-07 08:00:00,0.11,2.9,3,4.9,4.3,190.1
2019-04-07 09:00:00,457.27,3.5,3.1,5.8,4.4,186.8
2019-04-07 10:00:00,1080.05,3.9,3.7,6.7,4.7,190.8
2019-04-07 11:00:00,2040.36,4.2,4.2,7.5,5.1,189.2
2019-04-07 12:00:00,2029.48,4.5,4.9,8,5.7,186.6
2019-04-07 13:00:00,4629.3,4.3,5.7,7.8,6.6,182.8
2019-04-07 14:00:00,7467.12,4.4,6.5,8.3,7.6,162.8
2019-04-07 15:00:00,10293.26,4.9,7.2,9,8.4,150.2
2019-04-07 16:00:00,9109.95,4.8,7.7,8.5,9.1,146.5
2019-04-07 17:00:00,7560.75,4.3,8.2,7.4,9.8,147.1
2019-04-07 18:00:00,4427.19,3.7,8.1,6.9,9.9,162.2
2019-04-07 19:00:00,2660.97,3.3,7.5,6.7,9.3,178.7
2019-04-07 20:00:00,3437.09,3.1,6.9,6.5,8.7,192.5
2019-04-07 21:00:00,2796.01,3.5,7,6.9,8.9,206.4
2019-04-07 22:00:00,3248.24,4.3,7.9,8.1,9.8,233.4
2019-04-07 23:00:00,3932.79,4.6,8.7,8.8,10.8,251.5
2019-04-08 00:00:00,4120.39,4.2,8.7,8.1,10.8,255.5
2019-04-08 01:00:00,5302.14,4.1,8,7.7,9.8,256.1
2019-04-08 02:00:00,4471.92,3.9,7.2,7.6,8.8,249.1
2019-04-08 03:00:00,3319.94,3.8,6.7,7.4,8.3,240.9
2019-04-08 04:00:00,2760.74,3.8,6.6,7.3,8.1,234.6
2019-04-08 05:00:00,3560.51,3.5,6.5,6.9,8,231.3
2019-04-08 06:00:00,2915.82,3,6.5,6.4,7.9,222.3
2019-04-08 07:00:00,1599.12,2.9,6.4,5.9,7.7,210.9
2019-04-08 08:00:00,2767.7,3.6,6.3,6.4,7.6,212.1
2019-04-08 09:00:00,6677.09,4.5,6.4,7.7,7.7,217.1
2019-04-08 10:00:00,7890.29,5.1,6.8,8.9,8.1,219.6
2019-04-08 11:00:00,7946.4,5.5,7.2,9.6,8.4,218.2
2019-04-08 12:00:00,10151.62,5.9,7.7,10.2,8.8,215.9
2019-04-08 13:00:00,10074.52,6.1,8.1,10.4,9.4,216.2
2019-04-08 14:00:00,5731.98,6.3,8.6,10.7,9.9,216.7
2019-04-08 15:00:00,8101.38,6.5,8.9,11.3,10.3,214.6
2019-04-08 16:00:00,7767.24,6.7,9.2,11.7,10.7,211.2
2019-04-08 17:00:00,6375.26,6.6,9.4,11.6,11,208.4
2019-04-08 18:00:00,6523.58,5.6,9.5,10.1,11.2,202.9
2019-04-08 19:00:00,5154.5,4.8,9.4,8.9,11.2,197.8
2019-04-08 20:00:00,9016.3,5,9.3,9.2,11.3,198.2
2019-04-08 21:00:00,6790.5,5.3,9.2,9.9,11.1,194.6
2019-04-08 22:00:00,2847.46,5.4,8.8,9.9,10.8,212.7
2019-04-08 23:00:00,2090.8,4.8,8.5,8.8,10.4,231.2
2019-04-09 00:00:00,1689.52,4.2,8,8,9.9,216.3
2019-04-09 01:00:00,3839.36,3.7,7.4,7.2,9.1,209.1
2019-04-09 02:00:00,1897.77,2.8,6.7,5.8,8.3,223.1
2019-04-09 03:00:00,3669.55,2.9,6.5,6.1,8,257
2019-04-09 04:00:00,3208.31,3.7,6.6,7.3,8.2,263.9
2019-04-09 05:00:00,3522.95,3.8,6.7,7.6,8.3,253.1
2019-04-09 06:00:00,4073.17,3.9,7,7.7,8.6,244.7
2019-04-09 07:00:00,6832.6,4,7.3,7.8,9,238.9
2019-04-09 08:00:00,7599.22,4.2,7.7,7.9,9.3,233.9
2019-04-09 09:00:00,8229.53,4.5,8,8.3,9.7,234.1
2019-04-09 10:00:00,5676.09,5,8.3,8.8,10,236.9
2019-04-09 11:00:00,8046.28,5.5,8.6,10.2,10.3,238
2019-04-09 12:00:00,9479.52,5.4,8.6,10.2,10.3,237.3
2019-04-09 13:00:00,9522.04,5,8.1,9,9.8,235.4
2019-04-09 14:00:00,10534.96,4.8,7.7,8.8,9.4,238
2019-04-09 15:00:00,11646.23,5,7.5,9.2,9.1,253.3
2019-04-09 16:00:00,12034.99,5.5,7.4,10.1,9.1,260.5
2019-04-09 17:00:00,12480.81,6,7.4,11,9,261.7
2019-04-09 18:00:00,10307.92,5.6,7.3,10.4,9,268.6
2019-04-09 19:00:00,8831.91,4.7,7.1,8.7,8.8,275.6
2019-04-09 20:00:00,7070.62,4.4,7,8.3,8.7,279.5
2019-04-09 21:00:00,6191.94,4.3,7.1,8.2,8.9,279.6
2019-04-09 22:00:00,7915.74,4.6,7.5,8.6,9.3,279.6
2019-04-09 23:00:00,9582.93,4.8,7.9,9,9.7,281.2
2019-04-10 00:00:00,11837.38,4.9,8.1,9.2,9.8,285.3
2019-04-10 01:00:00,11885.9,4.9,8,9.4,9.6,291.6
2019-04-10 02:00:00,10912.87,4.8,7.9,9.2,9.5,294.6
2019-04-10 03:00:00,11362.11,4.6,7.6,8.9,9.2,297
2019-04-10 04:00:00,11330.84,4.5,7.2,8.7,8.7,295.4
2019-04-10 05:00:00,9780.66,4.6,6.9,8.6,8.3,295
2019-04-10 06:00:00,7280.46,4.5,6.5,8.5,7.8,307.2
2019-04-10 07:00:00,6657.11,3.9,6.1,7.7,7.3,319.5
2019-04-10 08:00:00,4069.58,3.2,5.7,6.3,6.7,326.3
2019-04-10 09:00:00,1960.09,2.9,5.2,5.3,6.2,329.1
2019-04-10 10:00:00,1592.67,2.9,4.8,5.1,5.8,330.7
2019-04-10 11:00:00,1233.24,2.9,4.4,5.1,5.4,336.3
2019-04-10 12:00:00,802.08,3.1,4.2,5.2,5.1,351.8
2019-04-10 13:00:00,904.17,3,4.1,4.7,4.8,359.1
2019-04-10 14:00:00,887.39,3,4,4.3,4.6,355.9
2019-04-10 15:00:00,1068.68,3.5,3.8,5.3,4.3,2.4
2019-04-10 16:00:00,239.93,3.6,3.5,5.8,3.9,6.7
2019-04-10 17:00:00,180.89,3.2,3.1,5.3,3.5,8.7
2019-04-10 18:00:00,0.08,2.3,2.9,4.3,3.2,16.3
2019-04-10 19:00:00,0,1.7,2.6,3.7,3,29.9
2019-04-10 20:00:00,0,1.5,2.4,3.3,2.8,38.3
2019-04-10 21:00:00,0,1,2.1,2.2,2.5,45.4
2019-04-10 22:00:00,0.54,0.9,1.7,1.7,2.2,68.2
2019-04-10 23:00:00,0,0.9,1.3,1.5,1.8,93.4
2019-04-11 00:00:00,0,1,1.2,1.1,1.7,109
2019-04-11 01:00:00,0,1.1,1.3,0.9,1.8,114.5
2019-04-11 02:00:00,0,1,1.4,1,1.9,103.6
2019-04-11 03:00:00,0,1,1.5,1.1,1.9,83.3
2019-04-11 04:00:00,0,0.8,1.6,0.9,2,58.2
2019-04-11 05:00:00,0,0.6,1.7,0.8,2,48.8
2019-04-11 06:00:00,0,1,1.7,0.4,1.9,62.8
2019-04-11 07:00:00,0,1,1.4,0.2,1.6,72
2019-04-11 08:00:00,0,0.9,1.1,0.8,1.3,67.3
2019-04-11 09:00:00,0,1.1,1.1,1.4,1.2,60
2019-04-11 10:00:00,0,1.3,1.3,1.6,1.4,39.7
2019-04-11 11:00:00,0,1.4,1.5,2.1,1.6,15.6
2019-04-11 12:00:00,0,1.8,2,2.6,2.1,11.7
2019-04-11 13:00:00,0.08,2,2.7,3,2.9,15.2
2019-04-11 14:00:00,0.02,2.6,3.4,4.3,3.7,24.3
2019-04-11 15:00:00,0,3.3,3.9,5.4,4.2,36.6
2019-04-11 16:00:00,1.64,3.4,4.1,5.5,4.4,42
2019-04-11 17:00:00,22.79,3.3,4.3,5,4.6,44.6
2019-04-11 18:00:00,765.39,2.5,4.2,4.2,4.6,61.3
2019-04-11 19:00:00,1113.92,1.9,4,3.6,4.5,83.3
2019-04-11 20:00:00,235.9,1.7,3.8,2.6,4.4,97.6
2019-04-11 21:00:00,0,1.7,3.4,1.7,4,113.4
2019-04-11 22:00:00,610.91,1.9,2.8,1.7,3.3,136
2019-04-11 23:00:00,1016.53,2,2.2,2.5,2.6,151
2019-04-12 00:00:00,1242.64,1.9,1.9,2.9,2.1,149.2
2019-04-12 01:00:00,381.16,1.7,1.7,2.7,1.9,147.3
2019-04-12 02:00:00,1084.95,1.8,1.5,2.8,1.6,145.1
2019-04-12 03:00:00,1194.64,1.9,1.5,3.2,1.5,144.3
2019-04-12 04:00:00,1218.54,2.2,1.5,3.5,1.6,146.8
2019-04-12 05:00:00,1085.65,2.5,1.6,3.9,1.7,143.2
2019-04-12 06:00:00,1583.87,2.4,1.6,4.1,1.7,141.8
2019-04-12 07:00:00,1195.37,2.4,1.4,4,1.7,142.3
2019-04-12 08:00:00,1329.8,2.5,1.2,3.9,1.8,138.5
2019-04-12 09:00:00,731.57,2.3,1.1,3.5,1.7,138.5
2019-04-12 10:00:00,61.04,1.7,1.3,2.7,1.6,140.2
2019-04-12 11:00:00,0,1.2,1.4,2,1.5,138.3
2019-04-12 12:00:00,0,0.8,1.4,1.7,1.5,159.6
2019-04-12 13:00:00,0.07,1,1.4,1.7,1.4,222.4
2019-04-12 14:00:00,97.98,1.6,1.4,2.1,1.3,262.4
2019-04-12 15:00:00,563.91,1.8,1.8,2.6,1.6,269.7
2019-04-12 16:00:00,872.36,2.1,2.4,2.9,2.2,282.5
2019-04-12 17:00:00,293.38,2.4,3.1,3.7,2.8,304.2
2019-04-12 18:00:00,28.54,1.8,3.2,3.9,2.9,323.7
2019-04-12 19:00:00,0.28,1.6,2.6,2.6,2.4,339.2
2019-04-12 20:00:00,0.02,1.8,2,2,1.9,308.9
2019-04-12 21:00:00,0,1.7,1.8,1.6,1.7,271.7
2019-04-12 22:00:00,0,1.8,1.9,1.5,1.6,168.3
2019-04-12 23:00:00,0,1.9,1.9,2.6,1.5,151.2
2019-04-13 00:00:00,0,1.6,1.9,3.2,1.6,166.9
2019-04-13 01:00:00,0.59,1.4,1.8,3.1,1.6,182.9
2019-04-13 02:00:00,142.13,1.5,1.8,3.3,1.7,190.8
2019-04-13 03:00:00,841.83,1.6,1.8,3.6,1.9,183.7
2019-04-13 04:00:00,1297.99,1.5,1.9,3.8,2.1,174.2
2019-04-13 05:00:00,1154.61,1.4,2,3.7,2.3,173.1
2019-04-13 06:00:00,973.46,1.4,2.2,3.4,2.8,165.5
2019-04-13 07:00:00,966.62,1.4,2.5,3.7,3.5,153.7
2019-04-13 08:00:00,257.59,1.6,2.8,3.6,4.3,151.6
2019-04-13 09:00:00,0.1,2,3.3,3.6,4.8,160.7
2019-04-13 10:00:00,203.17,2.7,3.9,4.7,5.2,184.1
2019-04-13 11:00:00,839.02,3.2,4.5,5.5,5.6,203.3
2019-04-13 12:00:00,637.71,3.1,4.8,5.3,5.6,212.6
2019-04-13 13:00:00,839.29,3,4.6,5,5.2,219
2019-04-13 14:00:00,1105.78,3,4.5,5,4.8,227.3
2019-04-13 15:00:00,1312.67,3,4.5,5.1,4.7,236.1
2019-04-13 16:00:00,728.69,3,4.6,5,4.9,231.9
2019-04-13 17:00:00,906.56,2.8,4.8,4.8,5.2,212.3
2019-04-13 18:00:00,1621.12,2.7,5,4.9,5.5,208.7
2019-04-13 19:00:00,870.42,2.7,5.2,5,6.1,216.5
2019-04-13 20:00:00,1167.26,3,5.5,5.5,6.6,221.5
2019-04-13 21:00:00,1111.91,3.3,5.7,5.9,7.1,221.3
2019-04-13 22:00:00,1536.68,3.3,5.9,6,7.5,212.2
2019-04-13 23:00:00,973.13,3.3,6.1,6.1,7.8,205.3
2019-04-14 00:00:00,2102.25,3.2,6.2,5.9,8,204
2019-04-14 01:00:00,1973.55,3.3,6.1,6.1,7.9,208.8
2019-04-14 02:00:00,2100.87,3.6,6.1,6.5,7.8,212.8
2019-04-14 03:00:00,1583.9,3.5,6,6.4,7.7,211.7
2019-04-14 04:00:00,1702.93,3.3,5.8,6.1,7.5,210.2
2019-04-14 05:00:00,1414.92,3.1,5.7,5.8,7.3,209.5
2019-04-14 06:00:00,652.42,3,5.4,5.7,7,204.1
2019-04-14 07:00:00,540.74,3,5,5.4,6.4,199.9
2019-04-14 08:00:00,1518.06,3.2,4.6,5.3,5.9,203.9
2019-04-14 09:00:00,397.92,3.4,4.4,5.8,5.5,209
2019-04-14 10:00:00,915.05,3.6,4.4,6.2,5.4,214.6
2019-04-14 11:00:00,1562.05,3.5,4.5,6.2,5.3,221.6
2019-04-14 12:00:00,753.1,3.7,4.3,6.3,5,223
2019-04-14 13:00:00,514.45,3.5,3.9,5.9,4.5,220.2
2019-04-14 14:00:00,272.36,3.1,3.5,5.2,4,221.4
2019-04-14 15:00:00,93.88,3.1,3.5,5.1,3.9,225.5
2019-04-14 16:00:00,141.76,3,3.8,5,4.1,231.6
2019-04-14 17:00:00,664.48,2.7,4.2,4.6,4.4,238.8
2019-04-14 18:00:00,351.82,2,4.5,3.7,4.8,236.4
2019-04-14 19:00:00,65.38,1.5,4.7,3.2,5.2,222
2019-04-14 20:00:00,300.08,1.3,4.9,2.9,5.7,213.1
2019-04-14 21:00:00,6.7,1.2,5,2.7,6,196.4
2019-04-14 22:00:00,0.31,1.3,5,2.4,6.1,176.9
2019-04-14 23:00:00,303.14,1,5,2.1,6.2,174.8
